{
	"credit": "by w11shes",
	"texture_size": [32, 32],
	"textures": {
		"0": "item/necromancer_assortment/halloween_bow",
		"1": "item/necromancer_assortment/halloween_particle"
	},
	"elements": [
		{
			"from": [8, 10, 17.1],
			"to": [8.05, 25, 18.1],
			"rotation": {"angle": -22.5, "axis": "x", "origin": [0, 10, 18.1]},
			"faces": {
				"east": {"uv": [6, 2, 6.5, 9.5], "texture": "#0"},
				"west": {"uv": [6, 2, 6.5, 9.5], "texture": "#0"}
			}
		},
		{
			"from": [8, -5, 17.1],
			"to": [8.05, 10, 18.1],
			"rotation": {"angle": 22.5, "axis": "x", "origin": [0, 10, 18.1]},
			"faces": {
				"east": {"uv": [6, 9.5, 6.5, 2], "texture": "#0"},
				"west": {"uv": [6, 9.5, 6.5, 2], "texture": "#0"}
			}
		},
		{
			"from": [7, 19, 6],
			"to": [9, 23, 8],
			"rotation": {"angle": -22.5, "axis": "x", "origin": [0, 19, 8]},
			"faces": {
				"north": {"uv": [10, 6.5, 11, 8.5], "texture": "#0"},
				"east": {"uv": [0, 10.5, 1, 12.5], "texture": "#0"},
				"south": {"uv": [10.5, 0, 11.5, 2], "texture": "#0"},
				"west": {"uv": [1, 10.5, 0, 12.5], "texture": "#0"}
			}
		},
		{
			"from": [6.98, 21, 8],
			"to": [9.02, 23, 14],
			"rotation": {"angle": -22.5, "axis": "x", "origin": [0, 19, 8]},
			"faces": {
				"east": {"uv": [8.5, 8.5, 11.5, 9.5], "texture": "#0"},
				"west": {"uv": [11.5, 8.5, 8.5, 9.5], "texture": "#0"},
				"up": {"uv": [3, 11.5, 2, 8.5], "texture": "#0"},
				"down": {"uv": [9.5, 9.5, 8.5, 12.5], "texture": "#0"}
			}
		},
		{
			"from": [6.5, 21.5, 5],
			"to": [9.5, 24.5, 10],
			"rotation": {"angle": -22.5, "axis": "x", "origin": [0, 19, 8]},
			"faces": {
				"north": {"uv": [10, 5, 11.5, 6.5], "texture": "#0"},
				"east": {"uv": [8.5, 2, 11, 3.5], "texture": "#0"},
				"west": {"uv": [11, 2, 8.5, 3.5], "texture": "#0"},
				"up": {"uv": [10, 6, 8.5, 3.5], "texture": "#0"},
				"down": {"uv": [10, 6, 8.5, 8.5], "texture": "#0"}
			}
		},
		{
			"from": [8, 20.5, -2],
			"to": [8.05, 25.5, 7],
			"rotation": {"angle": -22.5, "axis": "x", "origin": [0, 19, 8]},
			"faces": {
				"east": {"uv": [0, 12.5, 4.5, 15], "texture": "#0"},
				"west": {"uv": [4.5, 12.5, 0, 15], "texture": "#0"}
			}
		},
		{
			"from": [7, 23.14385, 10.77791],
			"to": [9, 26.14385, 12.77791],
			"rotation": {"angle": 0, "axis": "x", "origin": [0, 19, 8]},
			"faces": {
				"north": {"uv": [5, 11, 6, 12.5], "texture": "#0"},
				"east": {"uv": [11, 10.5, 12, 12], "texture": "#0"},
				"south": {"uv": [11.5, 0, 12.5, 1.5], "texture": "#0"},
				"west": {"uv": [12, 10.5, 11, 12], "texture": "#0"}
			}
		},
		{
			"from": [6.48, 22.07385, 6.88791],
			"to": [9.52, 26.07385, 8.88791],
			"rotation": {"angle": 0, "axis": "x", "origin": [0, 19, 8]},
			"faces": {
				"north": {"uv": [9, 0, 10.5, 2], "texture": "#0"},
				"east": {"uv": [1, 10.5, 2, 12.5], "texture": "#0"},
				"south": {"uv": [9.5, 9.5, 11, 11.5], "texture": "#0"},
				"west": {"uv": [2, 10.5, 1, 12.5], "texture": "#0"},
				"up": {"uv": [13, 9.5, 11.5, 8.5], "texture": "#0"}
			}
		},
		{
			"from": [6.98, 20.64785, 14.99062],
			"to": [9.02, 23.64785, 17.99062],
			"rotation": {"angle": -45, "axis": "x", "origin": [0, 19, 8]},
			"faces": {
				"north": {"uv": [2, 11.5, 3, 13], "texture": "#0"},
				"east": {"uv": [10, 3.5, 11.5, 5], "texture": "#0"},
				"south": {"uv": [11.5, 3, 12.5, 4.5], "texture": "#0"},
				"west": {"uv": [11.5, 3.5, 10, 5], "texture": "#0"},
				"up": {"uv": [12.5, 6, 11.5, 4.5], "texture": "#0"},
				"down": {"uv": [7.5, 11.5, 6.5, 13], "texture": "#0"}
			}
		},
		{
			"from": [8, -5.5, -2],
			"to": [8.05, -0.5, 7],
			"rotation": {"angle": 22.5, "axis": "x", "origin": [0, 1, 8]},
			"faces": {
				"east": {"uv": [0, 15, 4.5, 12.5], "texture": "#0"},
				"west": {"uv": [4.5, 15, 0, 12.5], "texture": "#0"}
			}
		},
		{
			"from": [6.48, -6.07385, 6.88791],
			"to": [9.52, -2.07385, 8.88791],
			"faces": {
				"north": {"uv": [9, 2, 10.5, 0], "texture": "#0"},
				"east": {"uv": [1, 12.5, 2, 10.5], "texture": "#0"},
				"south": {"uv": [9.5, 11.5, 11, 9.5], "texture": "#0"},
				"west": {"uv": [2, 12.5, 1, 10.5], "texture": "#0"},
				"down": {"uv": [13, 8.5, 11.5, 9.5], "texture": "#0"}
			}
		},
		{
			"from": [6.5, -4.5, 5],
			"to": [9.5, -1.5, 10],
			"rotation": {"angle": 22.5, "axis": "x", "origin": [0, 1, 8]},
			"faces": {
				"north": {"uv": [10, 6.5, 11.5, 5], "texture": "#0"},
				"east": {"uv": [8.5, 3.5, 11, 2], "texture": "#0"},
				"west": {"uv": [11, 3.5, 8.5, 2], "texture": "#0"},
				"up": {"uv": [10, 8.5, 8.5, 6], "texture": "#0"},
				"down": {"uv": [10, 3.5, 8.5, 6], "texture": "#0"}
			}
		},
		{
			"from": [7, -3, 6],
			"to": [9, 1, 8],
			"rotation": {"angle": 22.5, "axis": "x", "origin": [0, 1, 8]},
			"faces": {
				"north": {"uv": [10, 8.5, 11, 6.5], "texture": "#0"},
				"east": {"uv": [0, 12.5, 1, 10.5], "texture": "#0"},
				"south": {"uv": [10.5, 2, 11.5, 0], "texture": "#0"},
				"west": {"uv": [1, 12.5, 0, 10.5], "texture": "#0"}
			}
		},
		{
			"from": [6.98, -3, 8],
			"to": [9.02, -1, 14],
			"rotation": {"angle": 22.5, "axis": "x", "origin": [0, 1, 8]},
			"faces": {
				"east": {"uv": [8.5, 9.5, 11.5, 8.5], "texture": "#0"},
				"west": {"uv": [11.5, 9.5, 8.5, 8.5], "texture": "#0"},
				"up": {"uv": [9.5, 12.5, 8.5, 9.5], "texture": "#0"},
				"down": {"uv": [3, 8.5, 2, 11.5], "texture": "#0"}
			}
		},
		{
			"from": [7, -6.14385, 10.77791],
			"to": [9, -3.14385, 12.77791],
			"faces": {
				"north": {"uv": [5, 12.5, 6, 11], "texture": "#0"},
				"east": {"uv": [11, 12, 12, 10.5], "texture": "#0"},
				"south": {"uv": [11.5, 1.5, 12.5, 0], "texture": "#0"},
				"west": {"uv": [12, 12, 11, 10.5], "texture": "#0"}
			}
		},
		{
			"from": [6.98, -3.64785, 14.99062],
			"to": [9.02, -0.64785, 17.99062],
			"rotation": {"angle": 45, "axis": "x", "origin": [0, 1, 8]},
			"faces": {
				"north": {"uv": [2, 13, 3, 11.5], "texture": "#0"},
				"east": {"uv": [10, 5, 11.5, 3.5], "texture": "#0"},
				"south": {"uv": [11.5, 4.5, 12.5, 3], "texture": "#0"},
				"west": {"uv": [11.5, 5, 10, 3.5], "texture": "#0"},
				"up": {"uv": [7.5, 13, 6.5, 11.5], "texture": "#0"},
				"down": {"uv": [12.5, 4.5, 11.5, 6], "texture": "#0"}
			}
		},
		{
			"from": [5, 12, 4],
			"to": [11, 17, 10],
			"faces": {
				"north": {"uv": [3, 2, 6, 4.5], "texture": "#0"},
				"east": {"uv": [3, 4.5, 6, 7], "texture": "#0"},
				"south": {"uv": [0, 6, 3, 8.5], "texture": "#0"},
				"west": {"uv": [6, 4.5, 3, 7], "texture": "#0"},
				"up": {"uv": [3, 3, 0, 0], "texture": "#0"},
				"down": {"uv": [3, 3, 0, 6], "texture": "#0"}
			}
		},
		{
			"from": [6, 11, 4],
			"to": [10, 12, 8],
			"rotation": {"angle": 0, "axis": "y", "origin": [8, 18, 5]},
			"faces": {
				"north": {"uv": [11.5, 1.5, 13.5, 2], "texture": "#0"},
				"east": {"uv": [11.5, 6, 13.5, 6.5], "texture": "#0"},
				"south": {"uv": [3, 12, 5, 12.5], "texture": "#0"},
				"west": {"uv": [13.5, 6, 11.5, 6.5], "texture": "#0"},
				"down": {"uv": [8.5, 2, 6.5, 4], "texture": "#0"}
			}
		},
		{
			"from": [6, 6, 3.5],
			"to": [10, 8, 7.5],
			"rotation": {"angle": -45, "axis": "x", "origin": [0, 8, 7.5]},
			"faces": {
				"north": {"uv": [11, 2, 13, 3], "texture": "#0"},
				"east": {"uv": [3, 11, 5, 12], "texture": "#0"},
				"south": {"uv": [11, 6.5, 13, 7.5], "texture": "#0"},
				"west": {"uv": [5, 11, 3, 12], "texture": "#0"},
				"up": {"uv": [8.5, 6, 6.5, 4], "texture": "#0"},
				"down": {"uv": [8.5, 6, 6.5, 8], "texture": "#0"}
			}
		},
		{
			"from": [7, 3, 6],
			"to": [9, 11, 8],
			"faces": {
				"north": {"uv": [3, 7, 4, 11], "texture": "#0"},
				"east": {"uv": [4, 7, 5, 11], "texture": "#0"},
				"south": {"uv": [5, 7, 6, 11], "texture": "#0"},
				"west": {"uv": [5, 7, 4, 11], "texture": "#0"}
			}
		},
		{
			"from": [6, 1, 5],
			"to": [10, 3, 9],
			"rotation": {"angle": -45, "axis": "y", "origin": [8, 0, 7]},
			"faces": {
				"north": {"uv": [11, 7.5, 13, 8.5], "texture": "#0"},
				"east": {"uv": [11, 7.5, 13, 8.5], "texture": "#0"},
				"south": {"uv": [11, 7.5, 13, 8.5], "texture": "#0"},
				"west": {"uv": [11, 7.5, 13, 8.5], "texture": "#0"},
				"up": {"uv": [9, 2, 7, 0], "texture": "#0"},
				"down": {"uv": [8.5, 8, 6.5, 10], "texture": "#0"}
			}
		},
		{
			"from": [6, 17, 5],
			"to": [10, 19, 9],
			"rotation": {"angle": -45, "axis": "y", "origin": [8, 0, 7]},
			"faces": {
				"north": {"uv": [11, 9.5, 13, 10.5], "texture": "#0"},
				"east": {"uv": [11, 9.5, 13, 10.5], "texture": "#0"},
				"south": {"uv": [11, 9.5, 13, 10.5], "texture": "#0"},
				"west": {"uv": [11, 9.5, 13, 10.5], "texture": "#0"},
				"up": {"uv": [2, 10.5, 0, 8.5], "texture": "#0"}
			}
		},
		{
			"from": [11.5, 17.5, 10.5],
			"to": [4.5, 11.5, 3.5],
			"shade": false,
			"faces": {
				"north": {"uv": [14.5, 0, 16, 1.5], "texture": "#0"},
				"east": {"uv": [14.5, 0, 16, 1.5], "texture": "#0"},
				"south": {"uv": [14.5, 0, 16, 1.5], "texture": "#0"},
				"west": {"uv": [14.5, 0, 16, 1.5], "texture": "#0"},
				"up": {"uv": [15.5, 3, 12.5, 6], "texture": "#0"},
				"down": {"uv": [14.5, 0, 16, 1.5], "texture": "#0"}
			}
		},
		{
			"from": [10.5, 11.5, 8.5],
			"to": [5.5, 10.5, 3.5],
			"shade": false,
			"faces": {
				"north": {"uv": [14.5, 0, 16, 1.5], "texture": "#0"},
				"east": {"uv": [14.5, 0, 16, 1.5], "texture": "#0"},
				"south": {"uv": [14.5, 0, 16, 1.5], "texture": "#0"},
				"west": {"uv": [14.5, 0, 16, 1.5], "texture": "#0"},
				"up": {"uv": [14.5, 0, 16, 1.5], "texture": "#0"}
			}
		},
		{
			"from": [10.5, 8.5, 8],
			"to": [5.5, 5.5, 3],
			"shade": false,
			"rotation": {"angle": -45, "axis": "x", "origin": [0, 8, 7.5]},
			"faces": {
				"north": {"uv": [14.5, 0, 16, 1.5], "texture": "#0"},
				"east": {"uv": [14.5, 0, 16, 1.5], "texture": "#0"},
				"south": {"uv": [14.5, 0, 16, 1.5], "texture": "#0"},
				"west": {"uv": [14.5, 0, 16, 1.5], "texture": "#0"},
				"up": {"uv": [14.5, 0, 16, 1.5], "texture": "#0"},
				"down": {"uv": [14.5, 0, 16, 1.5], "texture": "#0"}
			}
		},
		{
			"from": [4, 13.85, 2.6],
			"to": [4.8, 14.65, 3.4],
			"shade": false,
			"faces": {
				"north": {"uv": [0, 14, 2, 16], "texture": "#1"},
				"east": {"uv": [0, 14, 2, 16], "texture": "#1"},
				"south": {"uv": [0, 14, 2, 16], "texture": "#1"},
				"west": {"uv": [0, 14, 2, 16], "texture": "#1"},
				"up": {"uv": [0, 14, 2, 16], "texture": "#1"},
				"down": {"uv": [0, 14, 2, 16], "texture": "#1"}
			}
		},
		{
			"from": [5.15, 15, 3.75],
			"to": [3.65, 13.5, 2.25],
			"shade": false,
			"faces": {
				"north": {"uv": [2, 14, 4, 16], "texture": "#1"},
				"east": {"uv": [2, 14, 4, 16], "texture": "#1"},
				"south": {"uv": [2, 14, 4, 16], "texture": "#1"},
				"west": {"uv": [2, 14, 4, 16], "texture": "#1"},
				"up": {"uv": [2, 14, 4, 16], "texture": "#1"},
				"down": {"uv": [2, 14, 4, 16], "texture": "#1"}
			}
		},
		{
			"from": [3.95, 14.3, 2.55],
			"to": [4.85, 15.2, 3.45],
			"shade": false,
			"faces": {
				"north": {"uv": [0, 12, 2, 14], "texture": "#1"},
				"east": {"uv": [0, 12, 2, 14], "texture": "#1"},
				"south": {"uv": [0, 12, 2, 14], "texture": "#1"},
				"west": {"uv": [0, 12, 2, 14], "texture": "#1"},
				"up": {"uv": [0, 12, 2, 14], "texture": "#1"},
				"down": {"uv": [0, 12, 2, 14], "texture": "#1"}
			}
		},
		{
			"from": [5.15, 15.5, 3.75],
			"to": [3.65, 14, 2.25],
			"shade": false,
			"faces": {
				"north": {"uv": [2, 12, 4, 14], "texture": "#1"},
				"east": {"uv": [2, 12, 4, 14], "texture": "#1"},
				"south": {"uv": [2, 12, 4, 14], "texture": "#1"},
				"west": {"uv": [2, 12, 4, 14], "texture": "#1"},
				"up": {"uv": [2, 12, 4, 14], "texture": "#1"},
				"down": {"uv": [2, 12, 4, 14], "texture": "#1"}
			}
		},
		{
			"from": [3.9, 14.75, 2.5],
			"to": [4.9, 15.75, 3.5],
			"shade": false,
			"faces": {
				"north": {"uv": [0, 10, 2, 12], "texture": "#1"},
				"east": {"uv": [0, 10, 2, 12], "texture": "#1"},
				"south": {"uv": [0, 10, 2, 12], "texture": "#1"},
				"west": {"uv": [0, 10, 2, 12], "texture": "#1"},
				"up": {"uv": [0, 10, 2, 12], "texture": "#1"},
				"down": {"uv": [0, 10, 2, 12], "texture": "#1"}
			}
		},
		{
			"from": [5.15, 16, 3.75],
			"to": [3.65, 14.5, 2.25],
			"shade": false,
			"faces": {
				"north": {"uv": [2, 10, 4, 12], "texture": "#1"},
				"east": {"uv": [2, 10, 4, 12], "texture": "#1"},
				"south": {"uv": [2, 10, 4, 12], "texture": "#1"},
				"west": {"uv": [2, 10, 4, 12], "texture": "#1"},
				"up": {"uv": [2, 10, 4, 12], "texture": "#1"},
				"down": {"uv": [2, 10, 4, 12], "texture": "#1"}
			}
		},
		{
			"from": [3.9, 15.25, 2.5],
			"to": [4.9, 16.25, 3.5],
			"shade": false,
			"faces": {
				"north": {"uv": [0, 8, 2, 10], "texture": "#1"},
				"east": {"uv": [0, 8, 2, 10], "texture": "#1"},
				"south": {"uv": [0, 8, 2, 10], "texture": "#1"},
				"west": {"uv": [0, 8, 2, 10], "texture": "#1"},
				"up": {"uv": [0, 8, 2, 10], "texture": "#1"},
				"down": {"uv": [0, 8, 2, 10], "texture": "#1"}
			}
		},
		{
			"from": [5.15, 16.5, 3.75],
			"to": [3.65, 15, 2.25],
			"shade": false,
			"faces": {
				"north": {"uv": [2, 8, 4, 10], "texture": "#1"},
				"east": {"uv": [2, 8, 4, 10], "texture": "#1"},
				"south": {"uv": [2, 8, 4, 10], "texture": "#1"},
				"west": {"uv": [2, 8, 4, 10], "texture": "#1"},
				"up": {"uv": [2, 8, 4, 10], "texture": "#1"},
				"down": {"uv": [2, 8, 4, 10], "texture": "#1"}
			}
		},
		{
			"from": [3.9, 15.75, 2.5],
			"to": [4.9, 16.75, 3.5],
			"shade": false,
			"faces": {
				"north": {"uv": [0, 6, 2, 8], "texture": "#1"},
				"east": {"uv": [0, 6, 2, 8], "texture": "#1"},
				"south": {"uv": [0, 6, 2, 8], "texture": "#1"},
				"west": {"uv": [0, 6, 2, 8], "texture": "#1"},
				"up": {"uv": [0, 6, 2, 8], "texture": "#1"},
				"down": {"uv": [0, 6, 2, 8], "texture": "#1"}
			}
		},
		{
			"from": [5.15, 17, 3.75],
			"to": [3.65, 15.5, 2.25],
			"shade": false,
			"faces": {
				"north": {"uv": [2, 6, 4, 8], "texture": "#1"},
				"east": {"uv": [2, 6, 4, 8], "texture": "#1"},
				"south": {"uv": [2, 6, 4, 8], "texture": "#1"},
				"west": {"uv": [2, 6, 4, 8], "texture": "#1"},
				"up": {"uv": [2, 6, 4, 8], "texture": "#1"},
				"down": {"uv": [2, 6, 4, 8], "texture": "#1"}
			}
		},
		{
			"from": [3.95, 16.3, 2.55],
			"to": [4.85, 17.2, 3.45],
			"shade": false,
			"faces": {
				"north": {"uv": [0, 4, 2, 6], "texture": "#1"},
				"east": {"uv": [0, 4, 2, 6], "texture": "#1"},
				"south": {"uv": [0, 4, 2, 6], "texture": "#1"},
				"west": {"uv": [0, 4, 2, 6], "texture": "#1"},
				"up": {"uv": [0, 4, 2, 6], "texture": "#1"},
				"down": {"uv": [0, 4, 2, 6], "texture": "#1"}
			}
		},
		{
			"from": [5.15, 17.5, 3.75],
			"to": [3.65, 16, 2.25],
			"shade": false,
			"faces": {
				"north": {"uv": [2, 4, 4, 6], "texture": "#1"},
				"east": {"uv": [2, 4, 4, 6], "texture": "#1"},
				"south": {"uv": [2, 4, 4, 6], "texture": "#1"},
				"west": {"uv": [2, 4, 4, 6], "texture": "#1"},
				"up": {"uv": [2, 4, 4, 6], "texture": "#1"},
				"down": {"uv": [2, 4, 4, 6], "texture": "#1"}
			}
		},
		{
			"from": [4, 17.35, 2.6],
			"to": [4.8, 18.15, 3.4],
			"shade": false,
			"faces": {
				"north": {"uv": [0, 2, 2, 4], "texture": "#1"},
				"east": {"uv": [0, 2, 2, 4], "texture": "#1"},
				"south": {"uv": [0, 2, 2, 4], "texture": "#1"},
				"west": {"uv": [0, 2, 2, 4], "texture": "#1"},
				"up": {"uv": [0, 2, 2, 4], "texture": "#1"},
				"down": {"uv": [0, 2, 2, 4], "texture": "#1"}
			}
		},
		{
			"from": [5.15, 18.5, 3.75],
			"to": [3.65, 17, 2.25],
			"shade": false,
			"faces": {
				"north": {"uv": [2, 2, 4, 4], "texture": "#1"},
				"east": {"uv": [2, 2, 4, 4], "texture": "#1"},
				"south": {"uv": [2, 2, 4, 4], "texture": "#1"},
				"west": {"uv": [2, 2, 4, 4], "texture": "#1"},
				"up": {"uv": [2, 2, 4, 4], "texture": "#1"},
				"down": {"uv": [2, 2, 4, 4], "texture": "#1"}
			}
		},
		{
			"from": [11.2, 13.85, 2.6],
			"to": [12, 14.65, 3.4],
			"shade": false,
			"faces": {
				"north": {"uv": [4, 14, 6, 16], "texture": "#1"},
				"east": {"uv": [4, 14, 6, 16], "texture": "#1"},
				"south": {"uv": [4, 14, 6, 16], "texture": "#1"},
				"west": {"uv": [4, 14, 6, 16], "texture": "#1"},
				"up": {"uv": [4, 14, 6, 16], "texture": "#1"},
				"down": {"uv": [4, 14, 6, 16], "texture": "#1"}
			}
		},
		{
			"from": [12.35, 15, 3.75],
			"to": [10.85, 13.5, 2.25],
			"shade": false,
			"faces": {
				"north": {"uv": [6, 14, 8, 16], "texture": "#1"},
				"east": {"uv": [6, 14, 8, 16], "texture": "#1"},
				"south": {"uv": [6, 14, 8, 16], "texture": "#1"},
				"west": {"uv": [6, 14, 8, 16], "texture": "#1"},
				"up": {"uv": [6, 14, 8, 16], "texture": "#1"},
				"down": {"uv": [6, 14, 8, 16], "texture": "#1"}
			}
		},
		{
			"from": [11.15, 14.3, 2.55],
			"to": [12.05, 15.2, 3.45],
			"shade": false,
			"faces": {
				"north": {"uv": [4, 12, 6, 14], "texture": "#1"},
				"east": {"uv": [4, 12, 6, 14], "texture": "#1"},
				"south": {"uv": [4, 12, 6, 14], "texture": "#1"},
				"west": {"uv": [4, 12, 6, 14], "texture": "#1"},
				"up": {"uv": [4, 12, 6, 14], "texture": "#1"},
				"down": {"uv": [4, 12, 6, 14], "texture": "#1"}
			}
		},
		{
			"from": [12.35, 15.5, 3.75],
			"to": [10.85, 14, 2.25],
			"shade": false,
			"faces": {
				"north": {"uv": [6, 12, 8, 14], "texture": "#1"},
				"east": {"uv": [6, 12, 8, 14], "texture": "#1"},
				"south": {"uv": [6, 12, 8, 14], "texture": "#1"},
				"west": {"uv": [6, 12, 8, 14], "texture": "#1"},
				"up": {"uv": [6, 12, 8, 14], "texture": "#1"},
				"down": {"uv": [6, 12, 8, 14], "texture": "#1"}
			}
		},
		{
			"from": [11.1, 15.25, 2.5],
			"to": [12.1, 16.25, 3.5],
			"shade": false,
			"faces": {
				"north": {"uv": [4, 10, 6, 12], "texture": "#1"},
				"east": {"uv": [4, 10, 6, 12], "texture": "#1"},
				"south": {"uv": [4, 10, 6, 12], "texture": "#1"},
				"west": {"uv": [4, 10, 6, 12], "texture": "#1"},
				"up": {"uv": [4, 10, 6, 12], "texture": "#1"},
				"down": {"uv": [4, 10, 6, 12], "texture": "#1"}
			}
		},
		{
			"from": [12.35, 16.5, 3.75],
			"to": [10.85, 15, 2.25],
			"shade": false,
			"faces": {
				"north": {"uv": [6, 10, 8, 12], "texture": "#1"},
				"east": {"uv": [6, 10, 8, 12], "texture": "#1"},
				"south": {"uv": [6, 10, 8, 12], "texture": "#1"},
				"west": {"uv": [6, 10, 8, 12], "texture": "#1"},
				"up": {"uv": [6, 10, 8, 12], "texture": "#1"},
				"down": {"uv": [6, 10, 8, 12], "texture": "#1"}
			}
		},
		{
			"from": [11.1, 15.75, 2.5],
			"to": [12.1, 16.75, 3.5],
			"shade": false,
			"faces": {
				"north": {"uv": [4, 8, 6, 10], "texture": "#1"},
				"east": {"uv": [4, 8, 6, 10], "texture": "#1"},
				"south": {"uv": [4, 8, 6, 10], "texture": "#1"},
				"west": {"uv": [4, 8, 6, 10], "texture": "#1"},
				"up": {"uv": [4, 8, 6, 10], "texture": "#1"},
				"down": {"uv": [4, 8, 6, 10], "texture": "#1"}
			}
		},
		{
			"from": [12.35, 17, 3.75],
			"to": [10.85, 15.5, 2.25],
			"shade": false,
			"faces": {
				"north": {"uv": [6, 8, 8, 10], "texture": "#1"},
				"east": {"uv": [6, 8, 8, 10], "texture": "#1"},
				"south": {"uv": [6, 8, 8, 10], "texture": "#1"},
				"west": {"uv": [6, 8, 8, 10], "texture": "#1"},
				"up": {"uv": [6, 8, 8, 10], "texture": "#1"},
				"down": {"uv": [6, 8, 8, 10], "texture": "#1"}
			}
		},
		{
			"from": [11.1, 16.25, 2.5],
			"to": [12.1, 17.25, 3.5],
			"shade": false,
			"faces": {
				"north": {"uv": [4, 6, 6, 8], "texture": "#1"},
				"east": {"uv": [4, 6, 6, 8], "texture": "#1"},
				"south": {"uv": [4, 6, 6, 8], "texture": "#1"},
				"west": {"uv": [4, 6, 6, 8], "texture": "#1"},
				"up": {"uv": [4, 6, 6, 8], "texture": "#1"},
				"down": {"uv": [4, 6, 6, 8], "texture": "#1"}
			}
		},
		{
			"from": [12.35, 17.5, 3.75],
			"to": [10.85, 16, 2.25],
			"shade": false,
			"faces": {
				"north": {"uv": [6, 6, 8, 8], "texture": "#1"},
				"east": {"uv": [6, 6, 8, 8], "texture": "#1"},
				"south": {"uv": [6, 6, 8, 8], "texture": "#1"},
				"west": {"uv": [6, 6, 8, 8], "texture": "#1"},
				"up": {"uv": [6, 6, 8, 8], "texture": "#1"},
				"down": {"uv": [6, 6, 8, 8], "texture": "#1"}
			}
		},
		{
			"from": [11.15, 16.8, 2.55],
			"to": [12.05, 17.7, 3.45],
			"shade": false,
			"faces": {
				"north": {"uv": [4, 4, 6, 6], "texture": "#1"},
				"east": {"uv": [4, 4, 6, 6], "texture": "#1"},
				"south": {"uv": [4, 4, 6, 6], "texture": "#1"},
				"west": {"uv": [4, 4, 6, 6], "texture": "#1"},
				"up": {"uv": [4, 4, 6, 6], "texture": "#1"},
				"down": {"uv": [4, 4, 6, 6], "texture": "#1"}
			}
		},
		{
			"from": [12.35, 18, 3.75],
			"to": [10.85, 16.5, 2.25],
			"shade": false,
			"faces": {
				"north": {"uv": [6, 4, 8, 6], "texture": "#1"},
				"east": {"uv": [6, 4, 8, 6], "texture": "#1"},
				"south": {"uv": [6, 4, 8, 6], "texture": "#1"},
				"west": {"uv": [6, 4, 8, 6], "texture": "#1"},
				"up": {"uv": [6, 4, 8, 6], "texture": "#1"},
				"down": {"uv": [6, 4, 8, 6], "texture": "#1"}
			}
		},
		{
			"from": [11.2, 17.35, 2.6],
			"to": [12, 18.15, 3.4],
			"shade": false,
			"faces": {
				"north": {"uv": [4, 2, 6, 4], "texture": "#1"},
				"east": {"uv": [4, 2, 6, 4], "texture": "#1"},
				"south": {"uv": [4, 2, 6, 4], "texture": "#1"},
				"west": {"uv": [4, 2, 6, 4], "texture": "#1"},
				"up": {"uv": [4, 2, 6, 4], "texture": "#1"},
				"down": {"uv": [4, 2, 6, 4], "texture": "#1"}
			}
		},
		{
			"from": [12.35, 18.5, 3.75],
			"to": [10.85, 17, 2.25],
			"shade": false,
			"faces": {
				"north": {"uv": [6, 2, 8, 4], "texture": "#1"},
				"east": {"uv": [6, 2, 8, 4], "texture": "#1"},
				"south": {"uv": [6, 2, 8, 4], "texture": "#1"},
				"west": {"uv": [6, 2, 8, 4], "texture": "#1"},
				"up": {"uv": [6, 2, 8, 4], "texture": "#1"},
				"down": {"uv": [6, 2, 8, 4], "texture": "#1"}
			}
		},
		{
			"from": [6.95, 9.85, 4.85],
			"to": [7.75, 10.65, 5.65],
			"shade": false,
			"rotation": {"angle": -22.5, "axis": "z", "origin": [0, 0, 0]},
			"faces": {
				"north": {"uv": [12, 14, 14, 16], "texture": "#1"},
				"east": {"uv": [12, 14, 14, 16], "texture": "#1"},
				"south": {"uv": [12, 14, 14, 16], "texture": "#1"},
				"west": {"uv": [12, 14, 14, 16], "texture": "#1"},
				"up": {"uv": [12, 14, 14, 16], "texture": "#1"},
				"down": {"uv": [12, 14, 14, 16], "texture": "#1"}
			}
		},
		{
			"from": [8.1, 11, 6],
			"to": [6.6, 9.5, 4.5],
			"shade": false,
			"rotation": {"angle": -22.5, "axis": "z", "origin": [0, 0, 0]},
			"faces": {
				"north": {"uv": [14, 14, 16, 16], "texture": "#1"},
				"east": {"uv": [14, 14, 16, 16], "texture": "#1"},
				"south": {"uv": [14, 14, 16, 16], "texture": "#1"},
				"west": {"uv": [14, 14, 16, 16], "texture": "#1"},
				"up": {"uv": [14, 14, 16, 16], "texture": "#1"},
				"down": {"uv": [14, 14, 16, 16], "texture": "#1"}
			}
		},
		{
			"from": [6.9, 10.3, 4.8],
			"to": [7.8, 11.2, 5.7],
			"shade": false,
			"rotation": {"angle": -22.5, "axis": "z", "origin": [0, 0, 0]},
			"faces": {
				"north": {"uv": [12, 12, 14, 14], "texture": "#1"},
				"east": {"uv": [12, 12, 14, 14], "texture": "#1"},
				"south": {"uv": [12, 12, 14, 14], "texture": "#1"},
				"west": {"uv": [12, 12, 14, 14], "texture": "#1"},
				"up": {"uv": [12, 12, 14, 14], "texture": "#1"},
				"down": {"uv": [12, 12, 14, 14], "texture": "#1"}
			}
		},
		{
			"from": [8.1, 11.5, 6],
			"to": [6.6, 10, 4.5],
			"shade": false,
			"rotation": {"angle": -22.5, "axis": "z", "origin": [0, 0, 0]},
			"faces": {
				"north": {"uv": [14, 12, 16, 14], "texture": "#1"},
				"east": {"uv": [14, 12, 16, 14], "texture": "#1"},
				"south": {"uv": [14, 12, 16, 14], "texture": "#1"},
				"west": {"uv": [14, 12, 16, 14], "texture": "#1"},
				"up": {"uv": [14, 12, 16, 14], "texture": "#1"},
				"down": {"uv": [14, 12, 16, 14], "texture": "#1"}
			}
		},
		{
			"from": [6.85, 10.75, 4.75],
			"to": [7.85, 11.75, 5.75],
			"shade": false,
			"rotation": {"angle": -22.5, "axis": "z", "origin": [0, 0, 0]},
			"faces": {
				"north": {"uv": [12, 10, 14, 12], "texture": "#1"},
				"east": {"uv": [12, 10, 14, 12], "texture": "#1"},
				"south": {"uv": [12, 10, 14, 12], "texture": "#1"},
				"west": {"uv": [12, 10, 14, 12], "texture": "#1"},
				"up": {"uv": [12, 10, 14, 12], "texture": "#1"},
				"down": {"uv": [12, 10, 14, 12], "texture": "#1"}
			}
		},
		{
			"from": [8.1, 12, 6],
			"to": [6.6, 10.5, 4.5],
			"shade": false,
			"rotation": {"angle": -22.5, "axis": "z", "origin": [0, 0, 0]},
			"faces": {
				"north": {"uv": [14, 10, 16, 12], "texture": "#1"},
				"east": {"uv": [14, 10, 16, 12], "texture": "#1"},
				"south": {"uv": [14, 10, 16, 12], "texture": "#1"},
				"west": {"uv": [14, 10, 16, 12], "texture": "#1"},
				"up": {"uv": [14, 10, 16, 12], "texture": "#1"},
				"down": {"uv": [14, 10, 16, 12], "texture": "#1"}
			}
		},
		{
			"from": [6.85, 11.25, 4.75],
			"to": [7.85, 12.25, 5.75],
			"shade": false,
			"rotation": {"angle": -22.5, "axis": "z", "origin": [0, 0, 0]},
			"faces": {
				"north": {"uv": [12, 8, 14, 10], "texture": "#1"},
				"east": {"uv": [12, 8, 14, 10], "texture": "#1"},
				"south": {"uv": [12, 8, 14, 10], "texture": "#1"},
				"west": {"uv": [12, 8, 14, 10], "texture": "#1"},
				"up": {"uv": [12, 8, 14, 10], "texture": "#1"},
				"down": {"uv": [12, 8, 14, 10], "texture": "#1"}
			}
		},
		{
			"from": [8.1, 12.5, 6],
			"to": [6.6, 11, 4.5],
			"shade": false,
			"rotation": {"angle": -22.5, "axis": "z", "origin": [0, 0, 0]},
			"faces": {
				"north": {"uv": [14, 8, 16, 10], "texture": "#1"},
				"east": {"uv": [14, 8, 16, 10], "texture": "#1"},
				"south": {"uv": [14, 8, 16, 10], "texture": "#1"},
				"west": {"uv": [14, 8, 16, 10], "texture": "#1"},
				"up": {"uv": [14, 8, 16, 10], "texture": "#1"},
				"down": {"uv": [14, 8, 16, 10], "texture": "#1"}
			}
		},
		{
			"from": [6.85, 11.75, 4.75],
			"to": [7.85, 12.75, 5.75],
			"shade": false,
			"rotation": {"angle": -22.5, "axis": "z", "origin": [0, 0, 0]},
			"faces": {
				"north": {"uv": [12, 6, 14, 8], "texture": "#1"},
				"east": {"uv": [12, 6, 14, 8], "texture": "#1"},
				"south": {"uv": [12, 6, 14, 8], "texture": "#1"},
				"west": {"uv": [12, 6, 14, 8], "texture": "#1"},
				"up": {"uv": [12, 6, 14, 8], "texture": "#1"},
				"down": {"uv": [12, 6, 14, 8], "texture": "#1"}
			}
		},
		{
			"from": [8.1, 13, 6],
			"to": [6.6, 11.5, 4.5],
			"shade": false,
			"rotation": {"angle": -22.5, "axis": "z", "origin": [0, 0, 0]},
			"faces": {
				"north": {"uv": [14, 6, 16, 8], "texture": "#1"},
				"east": {"uv": [14, 6, 16, 8], "texture": "#1"},
				"south": {"uv": [14, 6, 16, 8], "texture": "#1"},
				"west": {"uv": [14, 6, 16, 8], "texture": "#1"},
				"up": {"uv": [14, 6, 16, 8], "texture": "#1"},
				"down": {"uv": [14, 6, 16, 8], "texture": "#1"}
			}
		},
		{
			"from": [6.9, 12.3, 4.8],
			"to": [7.8, 13.2, 5.7],
			"shade": false,
			"rotation": {"angle": -22.5, "axis": "z", "origin": [0, 0, 0]},
			"faces": {
				"north": {"uv": [12, 4, 14, 6], "texture": "#1"},
				"east": {"uv": [12, 4, 14, 6], "texture": "#1"},
				"south": {"uv": [12, 4, 14, 6], "texture": "#1"},
				"west": {"uv": [12, 4, 14, 6], "texture": "#1"},
				"up": {"uv": [12, 4, 14, 6], "texture": "#1"},
				"down": {"uv": [12, 4, 14, 6], "texture": "#1"}
			}
		},
		{
			"from": [8.1, 13.5, 6],
			"to": [6.6, 12, 4.5],
			"shade": false,
			"rotation": {"angle": -22.5, "axis": "z", "origin": [0, 0, 0]},
			"faces": {
				"north": {"uv": [14, 4, 16, 6], "texture": "#1"},
				"east": {"uv": [14, 4, 16, 6], "texture": "#1"},
				"south": {"uv": [14, 4, 16, 6], "texture": "#1"},
				"west": {"uv": [14, 4, 16, 6], "texture": "#1"},
				"up": {"uv": [14, 4, 16, 6], "texture": "#1"},
				"down": {"uv": [14, 4, 16, 6], "texture": "#1"}
			}
		},
		{
			"from": [6.95, 12.85, 4.85],
			"to": [7.75, 13.65, 5.65],
			"shade": false,
			"rotation": {"angle": -22.5, "axis": "z", "origin": [0, 0, 0]},
			"faces": {
				"north": {"uv": [12, 2, 14, 4], "texture": "#1"},
				"east": {"uv": [12, 2, 14, 4], "texture": "#1"},
				"south": {"uv": [12, 2, 14, 4], "texture": "#1"},
				"west": {"uv": [12, 2, 14, 4], "texture": "#1"},
				"up": {"uv": [12, 2, 14, 4], "texture": "#1"},
				"down": {"uv": [12, 2, 14, 4], "texture": "#1"}
			}
		},
		{
			"from": [8.1, 14, 6],
			"to": [6.6, 12.5, 4.5],
			"shade": false,
			"rotation": {"angle": -22.5, "axis": "z", "origin": [0, 0, 0]},
			"faces": {
				"north": {"uv": [14, 2, 16, 4], "texture": "#1"},
				"east": {"uv": [14, 2, 16, 4], "texture": "#1"},
				"south": {"uv": [14, 2, 16, 4], "texture": "#1"},
				"west": {"uv": [14, 2, 16, 4], "texture": "#1"},
				"up": {"uv": [14, 2, 16, 4], "texture": "#1"},
				"down": {"uv": [14, 2, 16, 4], "texture": "#1"}
			}
		},
		{
			"from": [7.25, 3.85, 4.85],
			"to": [8.05, 4.65, 5.65],
			"shade": false,
			"rotation": {"angle": 22.5, "axis": "z", "origin": [0, 0, 0]},
			"faces": {
				"north": {"uv": [8, 14, 10, 16], "texture": "#1"},
				"east": {"uv": [8, 14, 10, 16], "texture": "#1"},
				"south": {"uv": [8, 14, 10, 16], "texture": "#1"},
				"west": {"uv": [8, 14, 10, 16], "texture": "#1"},
				"up": {"uv": [8, 14, 10, 16], "texture": "#1"},
				"down": {"uv": [8, 14, 10, 16], "texture": "#1"}
			}
		},
		{
			"from": [8.4, 5, 6],
			"to": [6.9, 3.5, 4.5],
			"shade": false,
			"rotation": {"angle": 22.5, "axis": "z", "origin": [0, 0, 0]},
			"faces": {
				"north": {"uv": [10, 14, 12, 16], "texture": "#1"},
				"east": {"uv": [10, 14, 12, 16], "texture": "#1"},
				"south": {"uv": [10, 14, 12, 16], "texture": "#1"},
				"west": {"uv": [10, 14, 12, 16], "texture": "#1"},
				"up": {"uv": [10, 14, 12, 16], "texture": "#1"},
				"down": {"uv": [10, 14, 12, 16], "texture": "#1"}
			}
		},
		{
			"from": [7.2, 4.3, 4.8],
			"to": [8.1, 5.2, 5.7],
			"shade": false,
			"rotation": {"angle": 22.5, "axis": "z", "origin": [0, 0, 0]},
			"faces": {
				"north": {"uv": [8, 12, 10, 14], "texture": "#1"},
				"east": {"uv": [8, 12, 10, 14], "texture": "#1"},
				"south": {"uv": [8, 12, 10, 14], "texture": "#1"},
				"west": {"uv": [8, 12, 10, 14], "texture": "#1"},
				"up": {"uv": [8, 12, 10, 14], "texture": "#1"},
				"down": {"uv": [8, 12, 10, 14], "texture": "#1"}
			}
		},
		{
			"from": [8.4, 5.5, 6],
			"to": [6.9, 4, 4.5],
			"shade": false,
			"rotation": {"angle": 22.5, "axis": "z", "origin": [0, 0, 0]},
			"faces": {
				"north": {"uv": [10, 12, 12, 14], "texture": "#1"},
				"east": {"uv": [10, 12, 12, 14], "texture": "#1"},
				"south": {"uv": [10, 12, 12, 14], "texture": "#1"},
				"west": {"uv": [10, 12, 12, 14], "texture": "#1"},
				"up": {"uv": [10, 12, 12, 14], "texture": "#1"},
				"down": {"uv": [10, 12, 12, 14], "texture": "#1"}
			}
		},
		{
			"from": [7.15, 4.75, 4.75],
			"to": [8.15, 5.75, 5.75],
			"shade": false,
			"rotation": {"angle": 22.5, "axis": "z", "origin": [0, 0, 0]},
			"faces": {
				"north": {"uv": [8, 10, 10, 12], "texture": "#1"},
				"east": {"uv": [8, 10, 10, 12], "texture": "#1"},
				"south": {"uv": [8, 10, 10, 12], "texture": "#1"},
				"west": {"uv": [8, 10, 10, 12], "texture": "#1"},
				"up": {"uv": [8, 10, 10, 12], "texture": "#1"},
				"down": {"uv": [8, 10, 10, 12], "texture": "#1"}
			}
		},
		{
			"from": [8.4, 6, 6],
			"to": [6.9, 4.5, 4.5],
			"shade": false,
			"rotation": {"angle": 22.5, "axis": "z", "origin": [0, 0, 0]},
			"faces": {
				"north": {"uv": [10, 10, 12, 12], "texture": "#1"},
				"east": {"uv": [10, 10, 12, 12], "texture": "#1"},
				"south": {"uv": [10, 10, 12, 12], "texture": "#1"},
				"west": {"uv": [10, 10, 12, 12], "texture": "#1"},
				"up": {"uv": [10, 10, 12, 12], "texture": "#1"},
				"down": {"uv": [10, 10, 12, 12], "texture": "#1"}
			}
		},
		{
			"from": [7.15, 5.25, 4.75],
			"to": [8.15, 6.25, 5.75],
			"shade": false,
			"rotation": {"angle": 22.5, "axis": "z", "origin": [0, 0, 0]},
			"faces": {
				"north": {"uv": [8, 8, 10, 10], "texture": "#1"},
				"east": {"uv": [8, 8, 10, 10], "texture": "#1"},
				"south": {"uv": [8, 8, 10, 10], "texture": "#1"},
				"west": {"uv": [8, 8, 10, 10], "texture": "#1"},
				"up": {"uv": [8, 8, 10, 10], "texture": "#1"},
				"down": {"uv": [8, 8, 10, 10], "texture": "#1"}
			}
		},
		{
			"from": [8.4, 6.5, 6],
			"to": [6.9, 5, 4.5],
			"shade": false,
			"rotation": {"angle": 22.5, "axis": "z", "origin": [0, 0, 0]},
			"faces": {
				"north": {"uv": [10, 8, 12, 10], "texture": "#1"},
				"east": {"uv": [10, 8, 12, 10], "texture": "#1"},
				"south": {"uv": [10, 8, 12, 10], "texture": "#1"},
				"west": {"uv": [10, 8, 12, 10], "texture": "#1"},
				"up": {"uv": [10, 8, 12, 10], "texture": "#1"},
				"down": {"uv": [10, 8, 12, 10], "texture": "#1"}
			}
		},
		{
			"from": [7.15, 5.75, 4.75],
			"to": [8.15, 6.75, 5.75],
			"shade": false,
			"rotation": {"angle": 22.5, "axis": "z", "origin": [0, 0, 0]},
			"faces": {
				"north": {"uv": [8, 6, 10, 8], "texture": "#1"},
				"east": {"uv": [8, 6, 10, 8], "texture": "#1"},
				"south": {"uv": [8, 6, 10, 8], "texture": "#1"},
				"west": {"uv": [8, 6, 10, 8], "texture": "#1"},
				"up": {"uv": [8, 6, 10, 8], "texture": "#1"},
				"down": {"uv": [8, 6, 10, 8], "texture": "#1"}
			}
		},
		{
			"from": [8.4, 7, 6],
			"to": [6.9, 5.5, 4.5],
			"shade": false,
			"rotation": {"angle": 22.5, "axis": "z", "origin": [0, 0, 0]},
			"faces": {
				"north": {"uv": [10, 6, 12, 8], "texture": "#1"},
				"east": {"uv": [10, 6, 12, 8], "texture": "#1"},
				"south": {"uv": [10, 6, 12, 8], "texture": "#1"},
				"west": {"uv": [10, 6, 12, 8], "texture": "#1"},
				"up": {"uv": [10, 6, 12, 8], "texture": "#1"},
				"down": {"uv": [10, 6, 12, 8], "texture": "#1"}
			}
		},
		{
			"from": [7.2, 6.3, 4.8],
			"to": [8.1, 7.2, 5.7],
			"shade": false,
			"rotation": {"angle": 22.5, "axis": "z", "origin": [0, 0, 0]},
			"faces": {
				"north": {"uv": [8, 4, 10, 6], "texture": "#1"},
				"east": {"uv": [8, 4, 10, 6], "texture": "#1"},
				"south": {"uv": [8, 4, 10, 6], "texture": "#1"},
				"west": {"uv": [8, 4, 10, 6], "texture": "#1"},
				"up": {"uv": [8, 4, 10, 6], "texture": "#1"},
				"down": {"uv": [8, 4, 10, 6], "texture": "#1"}
			}
		},
		{
			"from": [8.4, 7.5, 6],
			"to": [6.9, 6, 4.5],
			"shade": false,
			"rotation": {"angle": 22.5, "axis": "z", "origin": [0, 0, 0]},
			"faces": {
				"north": {"uv": [10, 4, 12, 6], "texture": "#1"},
				"east": {"uv": [10, 4, 12, 6], "texture": "#1"},
				"south": {"uv": [10, 4, 12, 6], "texture": "#1"},
				"west": {"uv": [10, 4, 12, 6], "texture": "#1"},
				"up": {"uv": [10, 4, 12, 6], "texture": "#1"},
				"down": {"uv": [10, 4, 12, 6], "texture": "#1"}
			}
		},
		{
			"from": [7.25, 6.85, 4.85],
			"to": [8.05, 7.65, 5.65],
			"shade": false,
			"rotation": {"angle": 22.5, "axis": "z", "origin": [0, 0, 0]},
			"faces": {
				"north": {"uv": [8, 2, 10, 4], "texture": "#1"},
				"east": {"uv": [8, 2, 10, 4], "texture": "#1"},
				"south": {"uv": [8, 2, 10, 4], "texture": "#1"},
				"west": {"uv": [8, 2, 10, 4], "texture": "#1"},
				"up": {"uv": [8, 2, 10, 4], "texture": "#1"},
				"down": {"uv": [8, 2, 10, 4], "texture": "#1"}
			}
		},
		{
			"from": [8.4, 8, 6],
			"to": [6.9, 6.5, 4.5],
			"shade": false,
			"rotation": {"angle": 22.5, "axis": "z", "origin": [0, 0, 0]},
			"faces": {
				"north": {"uv": [10, 2, 12, 4], "texture": "#1"},
				"east": {"uv": [10, 2, 12, 4], "texture": "#1"},
				"south": {"uv": [10, 2, 12, 4], "texture": "#1"},
				"west": {"uv": [10, 2, 12, 4], "texture": "#1"},
				"up": {"uv": [10, 2, 12, 4], "texture": "#1"},
				"down": {"uv": [10, 2, 12, 4], "texture": "#1"}
			}
		},
		{
			"from": [5.1, 8.5, -2.9],
			"to": [6.9, 11.3, -0.1],
			"rotation": {"angle": -45, "axis": "x", "origin": [0, 9.9, -1.5]},
			"faces": {
				"north": {"uv": [13, 0, 14.5, 1.5], "texture": "#0"},
				"east": {"uv": [13, 0, 14.5, 1.5], "texture": "#0"},
				"south": {"uv": [13, 0, 14.5, 1.5], "texture": "#0"},
				"west": {"uv": [13, 0, 14.5, 1.5], "texture": "#0"},
				"up": {"uv": [13, 0, 14.5, 1.5], "texture": "#0"},
				"down": {"uv": [13, 0, 14.5, 1.5], "texture": "#0"}
			}
		},
		{
			"from": [7.45, 11.85, 0.45],
			"to": [4.55, 7.95, -3.45],
			"rotation": {"angle": -45, "axis": "x", "origin": [0, 9.9, -1.5]},
			"faces": {
				"north": {"uv": [14.5, 0, 16, 1.5], "texture": "#0"},
				"east": {"uv": [14.5, 0, 16, 1.5], "texture": "#0"},
				"south": {"uv": [14.5, 0, 16, 1.5], "texture": "#0"},
				"west": {"uv": [14.5, 0, 16, 1.5], "texture": "#0"},
				"up": {"uv": [14.5, 0, 16, 1.5], "texture": "#0"},
				"down": {"uv": [14.5, 0, 16, 1.5], "texture": "#0"}
			}
		},
		{
			"from": [6, 7.4, 10],
			"to": [6.05, 12.4, 17],
			"faces": {
				"east": {"uv": [16, 13.5, 12.5, 16], "texture": "#0"},
				"west": {"uv": [12.5, 13.5, 16, 16], "texture": "#0"}
			}
		},
		{
			"from": [3.525, 9.875, 10],
			"to": [8.525, 9.925, 17],
			"faces": {
				"up": {"uv": [12.5, 13.5, 16, 16], "rotation": 90, "texture": "#0"},
				"down": {"uv": [16, 13.5, 12.5, 16], "rotation": 90, "texture": "#0"}
			}
		},
		{
			"from": [5.5, 9.4, 0],
			"to": [6.5, 10.4, 16],
			"faces": {
				"east": {"uv": [15.5, 14.5, 8, 15], "texture": "#0"},
				"south": {"uv": [12.25, 0, 12.5, 0.25], "texture": "#0"},
				"west": {"uv": [8, 14.5, 15.5, 15], "texture": "#0"},
				"up": {"uv": [8, 14.5, 15.5, 15], "rotation": 90, "texture": "#0"},
				"down": {"uv": [15.5, 14.5, 8, 15], "rotation": 90, "texture": "#0"}
			}
		}
	],
	"gui_light": "front",
	"display": {
		"thirdperson_righthand": {
			"translation": [-1, -2, 1.75],
			"scale": [0.6, 0.6, 0.6]
		},
		"thirdperson_lefthand": {
			"translation": [-1, -2, 1.75],
			"scale": [0.6, 0.6, 0.6]
		},
		"firstperson_righthand": {
			"rotation": [19, 31, 0.27],
			"translation": [4.25, 6.25, -8.25],
			"scale": [0.68594, 0.68594, 0.68594]
		},
		"firstperson_lefthand": {
			"rotation": [19, 31, 0.27],
			"translation": [4.25, 6.25, -8.25],
			"scale": [0.68594, 0.68594, 0.68594]
		},
		"ground": {
			"rotation": [11.56, -44.14, 62.03],
			"translation": [0, 3, 0],
			"scale": [0.41836, 0.41836, 0.41836]
		},
		"gui": {
			"rotation": [90, 45, -90],
			"translation": [-0.5, -0.25, -1.5],
			"scale": [0.41836, 0.41836, 0.41836]
		},
		"head": {
			"rotation": [90, 27.25, 90],
			"translation": [0, 15.5, 0],
			"scale": [0.6, 0.6, 0.6]
		},
		"fixed": {
			"rotation": [-90, -45, -90],
			"translation": [0.5, -3, -1.25],
			"scale": [1.01797, 1.01797, 1.01797]
		}
	},
	"groups": [
		0,
		1,
		2,
		3,
		4,
		5,
		6,
		7,
		8,
		9,
		10,
		11,
		12,
		13,
		14,
		15,
		16,
		17,
		18,
		19,
		20,
		21,
		22,
		23,
		24,
		{
			"name": "particles",
			"origin": [8, 8, 8],
			"color": 0,
			"boneType": "",
			"children": [
				{
					"name": "particles1",
					"origin": [0, 0, 0],
					"color": 0,
					"boneType": "",
					"children": [
						{
							"name": "particle1",
							"origin": [0, 0, 0],
							"color": 0,
							"boneType": "",
							"children": [25, 26]
						},
						{
							"name": "particle2",
							"origin": [0, 0, 0],
							"color": 0,
							"boneType": "",
							"children": [27, 28]
						},
						{
							"name": "particle3",
							"origin": [0, 0, 0],
							"color": 0,
							"boneType": "",
							"children": [29, 30]
						},
						{
							"name": "particle4",
							"origin": [0, 0, 0],
							"color": 0,
							"boneType": "",
							"children": [31, 32]
						},
						{
							"name": "particle5",
							"origin": [0, 0, 0],
							"color": 0,
							"boneType": "",
							"children": [33, 34]
						},
						{
							"name": "particle6",
							"origin": [0, 0, 0],
							"color": 0,
							"boneType": "",
							"children": [35, 36]
						},
						{
							"name": "particle7",
							"origin": [0, 0, 0],
							"color": 0,
							"boneType": "",
							"children": [37, 38]
						}
					]
				},
				{
					"name": "particles2",
					"origin": [0, 0, 0],
					"color": 0,
					"boneType": "",
					"children": [
						{
							"name": "particle1",
							"origin": [0, 0, 0],
							"color": 0,
							"boneType": "",
							"children": [39, 40]
						},
						{
							"name": "particle2",
							"origin": [0, 0, 0],
							"color": 0,
							"boneType": "",
							"children": [41, 42]
						},
						{
							"name": "particle3",
							"origin": [0, 0, 0],
							"color": 0,
							"boneType": "",
							"children": [43, 44]
						},
						{
							"name": "particle4",
							"origin": [0, 0, 0],
							"color": 0,
							"boneType": "",
							"children": [45, 46]
						},
						{
							"name": "particle5",
							"origin": [0, 0, 0],
							"color": 0,
							"boneType": "",
							"children": [47, 48]
						},
						{
							"name": "particle6",
							"origin": [0, 0, 0],
							"color": 0,
							"boneType": "",
							"children": [49, 50]
						},
						{
							"name": "particle7",
							"origin": [0, 0, 0],
							"color": 0,
							"boneType": "",
							"children": [51, 52]
						}
					]
				},
				{
					"name": "particles3",
					"origin": [0, 0, 0],
					"color": 0,
					"boneType": "",
					"children": [
						{
							"name": "particle1",
							"origin": [0, 0, 0],
							"color": 0,
							"boneType": "",
							"children": [53, 54]
						},
						{
							"name": "particle2",
							"origin": [0, 0, 0],
							"color": 0,
							"boneType": "",
							"children": [55, 56]
						},
						{
							"name": "particle3",
							"origin": [0, 0, 0],
							"color": 0,
							"boneType": "",
							"children": [57, 58]
						},
						{
							"name": "particle4",
							"origin": [0, 0, 0],
							"color": 0,
							"boneType": "",
							"children": [59, 60]
						},
						{
							"name": "particle5",
							"origin": [0, 0, 0],
							"color": 0,
							"boneType": "",
							"children": [61, 62]
						},
						{
							"name": "particle6",
							"origin": [0, 0, 0],
							"color": 0,
							"boneType": "",
							"children": [63, 64]
						},
						{
							"name": "particle7",
							"origin": [0, 0, 0],
							"color": 0,
							"boneType": "",
							"children": [65, 66]
						}
					]
				},
				{
					"name": "particles4",
					"origin": [0, 0, 0],
					"color": 0,
					"boneType": "",
					"children": [
						{
							"name": "particle1",
							"origin": [0, 0, 0],
							"color": 0,
							"boneType": "",
							"children": [67, 68]
						},
						{
							"name": "particle2",
							"origin": [0, 0, 0],
							"color": 0,
							"boneType": "",
							"children": [69, 70]
						},
						{
							"name": "particle3",
							"origin": [0, 0, 0],
							"color": 0,
							"boneType": "",
							"children": [71, 72]
						},
						{
							"name": "particle4",
							"origin": [0, 0, 0],
							"color": 0,
							"boneType": "",
							"children": [73, 74]
						},
						{
							"name": "particle5",
							"origin": [0, 0, 0],
							"color": 0,
							"boneType": "",
							"children": [75, 76]
						},
						{
							"name": "particle6",
							"origin": [0, 0, 0],
							"color": 0,
							"boneType": "",
							"children": [77, 78]
						},
						{
							"name": "particle7",
							"origin": [0, 0, 0],
							"color": 0,
							"boneType": "",
							"children": [79, 80]
						}
					]
				}
			]
		},
		{
			"name": "arrow",
			"origin": [0, 0, 0],
			"color": 0,
			"boneType": "",
			"children": [81, 82, 83, 84, 85]
		}
	]
}