{
	"credit": "by w11shes",
	"textures": {
		"0": "item/necromancer_assortment/halloween_hoe",
		"1": "item/necromancer_assortment/halloween_particle",
		"particle": "item/necromancer_assortment/halloween_hoe"
	},
	"elements": [
		{
			"from": [9.2365, 13, 7.7635],
			"to": [12.2365, 22, 10.7635],
			"rotation": {"angle": 45, "axis": "y", "origin": [8, 11, 12]},
			"faces": {
				"north": {"uv": [1.5, 4, 0, 8.5], "texture": "#0"},
				"east": {"uv": [1.5, 4, 0, 8.5], "texture": "#0"},
				"south": {"uv": [1.5, 4, 0, 8.5], "texture": "#0"},
				"west": {"uv": [1.5, 4, 0, 8.5], "texture": "#0"}
			}
		},
		{
			"from": [8.7365, 11, 7.2635],
			"to": [12.7365, 13, 11.2635],
			"rotation": {"angle": 45, "axis": "y", "origin": [8, 11, 12]},
			"faces": {
				"north": {"uv": [14, 2.5, 12, 3.5], "texture": "#0"},
				"east": {"uv": [14, 2.5, 12, 3.5], "texture": "#0"},
				"south": {"uv": [14, 2.5, 12, 3.5], "texture": "#0"},
				"west": {"uv": [14, 2.5, 12, 3.5], "texture": "#0"},
				"up": {"uv": [8.5, 2, 10.5, 0], "rotation": 270, "texture": "#0"},
				"down": {"uv": [8.5, 4.5, 10.5, 6.5], "rotation": 90, "texture": "#0"}
			}
		},
		{
			"from": [7, 0, 7.13],
			"to": [9, 11, 9.13],
			"rotation": {"angle": 0, "axis": "y", "origin": [8, 11, 12]},
			"faces": {
				"north": {"uv": [5, 6.5, 4, 12], "texture": "#0"},
				"east": {"uv": [5, 6.5, 4, 12], "texture": "#0"},
				"south": {"uv": [5, 6.5, 4, 12], "texture": "#0"},
				"west": {"uv": [5, 6.5, 4, 12], "texture": "#0"}
			}
		},
		{
			"from": [8.7365, -2, 7.2635],
			"to": [12.7365, 0, 11.2635],
			"rotation": {"angle": 45, "axis": "y", "origin": [8, 11, 12]},
			"faces": {
				"north": {"uv": [14.5, 3.5, 12.5, 4.5], "texture": "#0"},
				"east": {"uv": [14.5, 3.5, 12.5, 4.5], "texture": "#0"},
				"south": {"uv": [14.5, 3.5, 12.5, 4.5], "texture": "#0"},
				"west": {"uv": [14.5, 3.5, 12.5, 4.5], "texture": "#0"},
				"up": {"uv": [0, 11, 2, 9], "rotation": 270, "texture": "#0"},
				"down": {"uv": [2, 9, 4, 11], "rotation": 90, "texture": "#0"}
			}
		},
		{
			"from": [6, 1.1299, -3.3431],
			"to": [10, 5.1299, 0.6569],
			"rotation": {"angle": -45, "axis": "x", "origin": [8, 11, 12]},
			"faces": {
				"north": {"uv": [11, 9, 9, 11], "texture": "#0"},
				"east": {"uv": [5, 9, 7, 11], "texture": "#0"},
				"south": {"uv": [9, 9, 7, 11], "texture": "#0"},
				"west": {"uv": [7, 9, 5, 11], "texture": "#0"},
				"up": {"uv": [10, 8.5, 12, 6.5], "rotation": 270, "texture": "#0"},
				"down": {"uv": [10.5, 0, 12.5, 2], "rotation": 90, "texture": "#0"}
			}
		},
		{
			"from": [6.58311, 15.23619, 6.63],
			"to": [9.58311, 17.23619, 9.63],
			"rotation": {"angle": 22.5, "axis": "z", "origin": [8, 11, 12]},
			"faces": {
				"north": {"uv": [6.5, 13, 5, 14], "texture": "#0"},
				"east": {"uv": [3, 13, 1.5, 14], "texture": "#0"},
				"south": {"uv": [5, 13, 6.5, 14], "texture": "#0"},
				"west": {"uv": [1.5, 13, 0, 14], "texture": "#0"},
				"down": {"uv": [12, 6.5, 13.5, 8], "rotation": 90, "texture": "#0"}
			}
		},
		{
			"from": [6.58311, 17.23619, 5.63],
			"to": [10.58311, 22.23619, 10.63],
			"rotation": {"angle": 22.5, "axis": "z", "origin": [8, 11, 12]},
			"faces": {
				"north": {"uv": [8.5, 4.5, 6.5, 7], "texture": "#0"},
				"east": {"uv": [6.5, 4, 4, 6.5], "texture": "#0"},
				"south": {"uv": [6.5, 4.5, 8.5, 7], "texture": "#0"},
				"west": {"uv": [4, 4, 1.5, 6.5], "texture": "#0"},
				"up": {"uv": [5, 9, 7.5, 7], "rotation": 270, "texture": "#0"},
				"down": {"uv": [7.5, 7, 10, 9], "rotation": 90, "texture": "#0"}
			}
		},
		{
			"from": [5.41689, 17.23619, 5.63],
			"to": [9.41689, 22.23619, 10.63],
			"rotation": {"angle": -22.5, "axis": "z", "origin": [8, 11, 12]},
			"faces": {
				"north": {"uv": [6.5, 4.5, 8.5, 7], "texture": "#0"},
				"east": {"uv": [1.5, 4, 4, 6.5], "texture": "#0"},
				"south": {"uv": [8.5, 4.5, 6.5, 7], "texture": "#0"},
				"west": {"uv": [4, 4, 6.5, 6.5], "texture": "#0"},
				"up": {"uv": [5, 7, 7.5, 9], "rotation": 270, "texture": "#0"},
				"down": {"uv": [7.5, 9, 10, 7], "rotation": 90, "texture": "#0"}
			}
		},
		{
			"from": [6.41689, 15.23619, 6.63],
			"to": [9.41689, 17.23619, 9.63],
			"rotation": {"angle": -22.5, "axis": "z", "origin": [8, 11, 12]},
			"faces": {
				"north": {"uv": [5, 13, 6.5, 14], "texture": "#0"},
				"east": {"uv": [0, 13, 1.5, 14], "texture": "#0"},
				"south": {"uv": [6.5, 13, 5, 14], "texture": "#0"},
				"west": {"uv": [1.5, 13, 3, 14], "texture": "#0"},
				"down": {"uv": [12, 8, 13.5, 6.5], "rotation": 90, "texture": "#0"}
			}
		},
		{
			"from": [8.7365, 22, 7.2635],
			"to": [12.7365, 24, 11.2635],
			"rotation": {"angle": 45, "axis": "y", "origin": [8, 11, 12]},
			"faces": {
				"north": {"uv": [14.5, 4.5, 12.5, 5.5], "texture": "#0"},
				"east": {"uv": [14.5, 4.5, 12.5, 5.5], "texture": "#0"},
				"south": {"uv": [14.5, 4.5, 12.5, 5.5], "texture": "#0"},
				"west": {"uv": [14.5, 4.5, 12.5, 5.5], "texture": "#0"},
				"up": {"uv": [10.5, 6.5, 12.5, 4.5], "rotation": 270, "texture": "#0"},
				"down": {"uv": [0, 11, 2, 13], "rotation": 90, "texture": "#0"}
			}
		},
		{
			"from": [6, 22.3431, 17.8701],
			"to": [10, 26.3431, 21.8701],
			"rotation": {"angle": -45, "axis": "x", "origin": [8, 11, 12]},
			"faces": {
				"north": {"uv": [9, 11, 7, 13], "texture": "#0"},
				"east": {"uv": [2, 11, 4, 13], "texture": "#0"},
				"south": {"uv": [7, 11, 5, 13], "texture": "#0"},
				"west": {"uv": [4, 11, 2, 13], "texture": "#0"},
				"up": {"uv": [11, 10.5, 13, 8.5], "rotation": 270, "texture": "#0"},
				"down": {"uv": [9, 11, 11, 13], "rotation": 90, "texture": "#0"}
			}
		},
		{
			"from": [6, 19.85, 8.23],
			"to": [10, 21.85, 20.23],
			"rotation": {"angle": 0, "axis": "y", "origin": [8, 11, 12]},
			"faces": {
				"east": {"uv": [12.5, 3.5, 6.5, 4.5], "texture": "#0"},
				"south": {"uv": [14.5, 5.5, 12.5, 6.5], "texture": "#0"},
				"west": {"uv": [12, 2.5, 6, 3.5], "texture": "#0"},
				"up": {"uv": [0, 2, 6, 0], "rotation": 270, "texture": "#0"},
				"down": {"uv": [0, 2, 6, 4], "rotation": 90, "texture": "#0"}
			}
		},
		{
			"from": [10.671, 13.671, 18.22],
			"to": [15.671, 18.671, 20.22],
			"rotation": {"angle": 45, "axis": "z", "origin": [8, 11, 12]},
			"faces": {
				"north": {"uv": [4, 6.5, 1.5, 9], "texture": "#0"},
				"east": {"uv": [5, 12, 4, 14.5], "texture": "#0"},
				"south": {"uv": [8.5, 0, 6, 2.5], "texture": "#0"},
				"west": {"uv": [12, 10.5, 11, 13], "texture": "#0"},
				"up": {"uv": [12, 13, 13, 10.5], "rotation": 270, "texture": "#0"},
				"down": {"uv": [12.5, 0, 13.5, 2.5], "rotation": 90, "texture": "#0"}
			}
		},
		{
			"from": [9.91689, 22.73619, 11.13],
			"to": [4.91689, 16.73619, 5.13],
			"shade": false,
			"rotation": {"angle": -22.5, "axis": "z", "origin": [8, 11, 12]},
			"faces": {
				"north": {"uv": [16, 13.5, 14.5, 12], "texture": "#0"},
				"east": {"uv": [16, 13.5, 14.5, 12], "texture": "#0"},
				"south": {"uv": [16, 13.5, 14.5, 12], "texture": "#0"},
				"west": {"uv": [16, 13.5, 14.5, 12], "texture": "#0"},
				"up": {"uv": [16, 16, 13.5, 13.5], "rotation": 270, "texture": "#0"},
				"down": {"uv": [16, 13.5, 14.5, 12], "rotation": 90, "texture": "#0"}
			}
		},
		{
			"from": [9.91689, 16.73619, 10.13],
			"to": [5.91689, 14.73619, 6.13],
			"shade": false,
			"rotation": {"angle": -22.5, "axis": "z", "origin": [8, 11, 12]},
			"faces": {
				"north": {"uv": [16, 13.5, 14.5, 12], "texture": "#0"},
				"east": {"uv": [16, 13.5, 14.5, 12], "texture": "#0"},
				"south": {"uv": [16, 13.5, 14.5, 12], "texture": "#0"},
				"west": {"uv": [16, 13.5, 14.5, 12], "texture": "#0"},
				"up": {"uv": [16, 13.5, 14.5, 12], "rotation": 270, "texture": "#0"}
			}
		},
		{
			"from": [11.08311, 22.73619, 11.13],
			"to": [6.08311, 16.73619, 5.13],
			"shade": false,
			"rotation": {"angle": 22.5, "axis": "z", "origin": [8, 11, 12]},
			"faces": {
				"north": {"uv": [14.5, 13.5, 16, 12], "texture": "#0"},
				"east": {"uv": [14.5, 13.5, 16, 12], "texture": "#0"},
				"south": {"uv": [14.5, 13.5, 16, 12], "texture": "#0"},
				"west": {"uv": [14.5, 13.5, 16, 12], "texture": "#0"},
				"up": {"uv": [16, 13.5, 13.5, 16], "rotation": 270, "texture": "#0"},
				"down": {"uv": [16, 12, 14.5, 13.5], "rotation": 90, "texture": "#0"}
			}
		},
		{
			"from": [10.08311, 16.73619, 10.13],
			"to": [6.08311, 14.73619, 6.13],
			"shade": false,
			"rotation": {"angle": 22.5, "axis": "z", "origin": [8, 11, 12]},
			"faces": {
				"north": {"uv": [14.5, 13.5, 16, 12], "texture": "#0"},
				"east": {"uv": [14.5, 13.5, 16, 12], "texture": "#0"},
				"south": {"uv": [14.5, 13.5, 16, 12], "texture": "#0"},
				"west": {"uv": [14.5, 13.5, 16, 12], "texture": "#0"},
				"up": {"uv": [16, 12, 14.5, 13.5], "rotation": 270, "texture": "#0"}
			}
		},
		{
			"from": [3.35, 17.85, 4.38],
			"to": [4.15, 18.65, 5.18],
			"shade": false,
			"rotation": {"angle": 0, "axis": "y", "origin": [8, 11, 12]},
			"faces": {
				"north": {"uv": [2, 14, 0, 16], "texture": "#1"},
				"east": {"uv": [2, 14, 0, 16], "texture": "#1"},
				"south": {"uv": [2, 14, 0, 16], "texture": "#1"},
				"west": {"uv": [2, 14, 0, 16], "texture": "#1"},
				"up": {"uv": [2, 14, 0, 16], "rotation": 270, "texture": "#1"},
				"down": {"uv": [2, 14, 0, 16], "rotation": 90, "texture": "#1"}
			}
		},
		{
			"from": [4.5, 19, 5.53],
			"to": [3, 17.5, 4.03],
			"shade": false,
			"rotation": {"angle": 0, "axis": "y", "origin": [8, 11, 12]},
			"faces": {
				"north": {"uv": [4, 14, 2, 16], "texture": "#1"},
				"east": {"uv": [4, 14, 2, 16], "texture": "#1"},
				"south": {"uv": [4, 14, 2, 16], "texture": "#1"},
				"west": {"uv": [4, 14, 2, 16], "texture": "#1"},
				"up": {"uv": [4, 14, 2, 16], "rotation": 270, "texture": "#1"},
				"down": {"uv": [4, 14, 2, 16], "rotation": 90, "texture": "#1"}
			}
		},
		{
			"from": [3.3, 18.3, 4.33],
			"to": [4.2, 19.2, 5.23],
			"shade": false,
			"rotation": {"angle": 0, "axis": "y", "origin": [8, 11, 12]},
			"faces": {
				"north": {"uv": [2, 12, 0, 14], "texture": "#1"},
				"east": {"uv": [2, 12, 0, 14], "texture": "#1"},
				"south": {"uv": [2, 12, 0, 14], "texture": "#1"},
				"west": {"uv": [2, 12, 0, 14], "texture": "#1"},
				"up": {"uv": [2, 12, 0, 14], "rotation": 270, "texture": "#1"},
				"down": {"uv": [2, 12, 0, 14], "rotation": 90, "texture": "#1"}
			}
		},
		{
			"from": [4.5, 19.5, 5.53],
			"to": [3, 18, 4.03],
			"shade": false,
			"rotation": {"angle": 0, "axis": "y", "origin": [8, 11, 12]},
			"faces": {
				"north": {"uv": [4, 12, 2, 14], "texture": "#1"},
				"east": {"uv": [4, 12, 2, 14], "texture": "#1"},
				"south": {"uv": [4, 12, 2, 14], "texture": "#1"},
				"west": {"uv": [4, 12, 2, 14], "texture": "#1"},
				"up": {"uv": [4, 12, 2, 14], "rotation": 270, "texture": "#1"},
				"down": {"uv": [4, 12, 2, 14], "rotation": 90, "texture": "#1"}
			}
		},
		{
			"from": [3.25, 18.75, 4.28],
			"to": [4.25, 19.75, 5.28],
			"shade": false,
			"rotation": {"angle": 0, "axis": "y", "origin": [8, 11, 12]},
			"faces": {
				"north": {"uv": [2, 10, 0, 12], "texture": "#1"},
				"east": {"uv": [2, 10, 0, 12], "texture": "#1"},
				"south": {"uv": [2, 10, 0, 12], "texture": "#1"},
				"west": {"uv": [2, 10, 0, 12], "texture": "#1"},
				"up": {"uv": [2, 10, 0, 12], "rotation": 270, "texture": "#1"},
				"down": {"uv": [2, 10, 0, 12], "rotation": 90, "texture": "#1"}
			}
		},
		{
			"from": [4.5, 20, 5.53],
			"to": [3, 18.5, 4.03],
			"shade": false,
			"rotation": {"angle": 0, "axis": "y", "origin": [8, 11, 12]},
			"faces": {
				"north": {"uv": [4, 10, 2, 12], "texture": "#1"},
				"east": {"uv": [4, 10, 2, 12], "texture": "#1"},
				"south": {"uv": [4, 10, 2, 12], "texture": "#1"},
				"west": {"uv": [4, 10, 2, 12], "texture": "#1"},
				"up": {"uv": [4, 10, 2, 12], "rotation": 270, "texture": "#1"},
				"down": {"uv": [4, 10, 2, 12], "rotation": 90, "texture": "#1"}
			}
		},
		{
			"from": [3.25, 19.25, 4.28],
			"to": [4.25, 20.25, 5.28],
			"shade": false,
			"rotation": {"angle": 0, "axis": "y", "origin": [8, 11, 12]},
			"faces": {
				"north": {"uv": [2, 8, 0, 10], "texture": "#1"},
				"east": {"uv": [2, 8, 0, 10], "texture": "#1"},
				"south": {"uv": [2, 8, 0, 10], "texture": "#1"},
				"west": {"uv": [2, 8, 0, 10], "texture": "#1"},
				"up": {"uv": [2, 8, 0, 10], "rotation": 270, "texture": "#1"},
				"down": {"uv": [2, 8, 0, 10], "rotation": 90, "texture": "#1"}
			}
		},
		{
			"from": [4.5, 20.5, 5.53],
			"to": [3, 19, 4.03],
			"shade": false,
			"rotation": {"angle": 0, "axis": "y", "origin": [8, 11, 12]},
			"faces": {
				"north": {"uv": [4, 8, 2, 10], "texture": "#1"},
				"east": {"uv": [4, 8, 2, 10], "texture": "#1"},
				"south": {"uv": [4, 8, 2, 10], "texture": "#1"},
				"west": {"uv": [4, 8, 2, 10], "texture": "#1"},
				"up": {"uv": [4, 8, 2, 10], "rotation": 270, "texture": "#1"},
				"down": {"uv": [4, 8, 2, 10], "rotation": 90, "texture": "#1"}
			}
		},
		{
			"from": [3.25, 19.75, 4.28],
			"to": [4.25, 20.75, 5.28],
			"shade": false,
			"rotation": {"angle": 0, "axis": "y", "origin": [8, 11, 12]},
			"faces": {
				"north": {"uv": [2, 6, 0, 8], "texture": "#1"},
				"east": {"uv": [2, 6, 0, 8], "texture": "#1"},
				"south": {"uv": [2, 6, 0, 8], "texture": "#1"},
				"west": {"uv": [2, 6, 0, 8], "texture": "#1"},
				"up": {"uv": [2, 6, 0, 8], "rotation": 270, "texture": "#1"},
				"down": {"uv": [2, 6, 0, 8], "rotation": 90, "texture": "#1"}
			}
		},
		{
			"from": [4.5, 21, 5.53],
			"to": [3, 19.5, 4.03],
			"shade": false,
			"rotation": {"angle": 0, "axis": "y", "origin": [8, 11, 12]},
			"faces": {
				"north": {"uv": [4, 6, 2, 8], "texture": "#1"},
				"east": {"uv": [4, 6, 2, 8], "texture": "#1"},
				"south": {"uv": [4, 6, 2, 8], "texture": "#1"},
				"west": {"uv": [4, 6, 2, 8], "texture": "#1"},
				"up": {"uv": [4, 6, 2, 8], "rotation": 270, "texture": "#1"},
				"down": {"uv": [4, 6, 2, 8], "rotation": 90, "texture": "#1"}
			}
		},
		{
			"from": [3.3, 20.3, 4.33],
			"to": [4.2, 21.2, 5.23],
			"shade": false,
			"rotation": {"angle": 0, "axis": "y", "origin": [8, 11, 12]},
			"faces": {
				"north": {"uv": [2, 4, 0, 6], "texture": "#1"},
				"east": {"uv": [2, 4, 0, 6], "texture": "#1"},
				"south": {"uv": [2, 4, 0, 6], "texture": "#1"},
				"west": {"uv": [2, 4, 0, 6], "texture": "#1"},
				"up": {"uv": [2, 4, 0, 6], "rotation": 270, "texture": "#1"},
				"down": {"uv": [2, 4, 0, 6], "rotation": 90, "texture": "#1"}
			}
		},
		{
			"from": [4.5, 21.5, 5.53],
			"to": [3, 20, 4.03],
			"shade": false,
			"rotation": {"angle": 0, "axis": "y", "origin": [8, 11, 12]},
			"faces": {
				"north": {"uv": [4, 4, 2, 6], "texture": "#1"},
				"east": {"uv": [4, 4, 2, 6], "texture": "#1"},
				"south": {"uv": [4, 4, 2, 6], "texture": "#1"},
				"west": {"uv": [4, 4, 2, 6], "texture": "#1"},
				"up": {"uv": [4, 4, 2, 6], "rotation": 270, "texture": "#1"},
				"down": {"uv": [4, 4, 2, 6], "rotation": 90, "texture": "#1"}
			}
		},
		{
			"from": [3.35, 21.35, 4.38],
			"to": [4.15, 22.15, 5.18],
			"shade": false,
			"rotation": {"angle": 0, "axis": "y", "origin": [8, 11, 12]},
			"faces": {
				"north": {"uv": [2, 2, 0, 4], "texture": "#1"},
				"east": {"uv": [2, 2, 0, 4], "texture": "#1"},
				"south": {"uv": [2, 2, 0, 4], "texture": "#1"},
				"west": {"uv": [2, 2, 0, 4], "texture": "#1"},
				"up": {"uv": [2, 2, 0, 4], "rotation": 270, "texture": "#1"},
				"down": {"uv": [2, 2, 0, 4], "rotation": 90, "texture": "#1"}
			}
		},
		{
			"from": [4.5, 22.5, 5.53],
			"to": [3, 21, 4.03],
			"shade": false,
			"rotation": {"angle": 0, "axis": "y", "origin": [8, 11, 12]},
			"faces": {
				"north": {"uv": [4, 2, 2, 4], "texture": "#1"},
				"east": {"uv": [4, 2, 2, 4], "texture": "#1"},
				"south": {"uv": [4, 2, 2, 4], "texture": "#1"},
				"west": {"uv": [4, 2, 2, 4], "texture": "#1"},
				"up": {"uv": [4, 2, 2, 4], "rotation": 270, "texture": "#1"},
				"down": {"uv": [4, 2, 2, 4], "rotation": 90, "texture": "#1"}
			}
		},
		{
			"from": [3.35, 17.85, 11.08],
			"to": [4.15, 18.65, 11.88],
			"shade": false,
			"rotation": {"angle": 0, "axis": "y", "origin": [8, 11, 12]},
			"faces": {
				"north": {"uv": [6, 14, 4, 16], "texture": "#1"},
				"east": {"uv": [6, 14, 4, 16], "texture": "#1"},
				"south": {"uv": [6, 14, 4, 16], "texture": "#1"},
				"west": {"uv": [6, 14, 4, 16], "texture": "#1"},
				"up": {"uv": [6, 14, 4, 16], "rotation": 270, "texture": "#1"},
				"down": {"uv": [6, 14, 4, 16], "rotation": 90, "texture": "#1"}
			}
		},
		{
			"from": [4.5, 19, 12.23],
			"to": [3, 17.5, 10.73],
			"shade": false,
			"rotation": {"angle": 0, "axis": "y", "origin": [8, 11, 12]},
			"faces": {
				"north": {"uv": [8, 14, 6, 16], "texture": "#1"},
				"east": {"uv": [8, 14, 6, 16], "texture": "#1"},
				"south": {"uv": [8, 14, 6, 16], "texture": "#1"},
				"west": {"uv": [8, 14, 6, 16], "texture": "#1"},
				"up": {"uv": [8, 14, 6, 16], "rotation": 270, "texture": "#1"},
				"down": {"uv": [8, 14, 6, 16], "rotation": 90, "texture": "#1"}
			}
		},
		{
			"from": [3.3, 18.3, 11.03],
			"to": [4.2, 19.2, 11.93],
			"shade": false,
			"rotation": {"angle": 0, "axis": "y", "origin": [8, 11, 12]},
			"faces": {
				"north": {"uv": [6, 12, 4, 14], "texture": "#1"},
				"east": {"uv": [6, 12, 4, 14], "texture": "#1"},
				"south": {"uv": [6, 12, 4, 14], "texture": "#1"},
				"west": {"uv": [6, 12, 4, 14], "texture": "#1"},
				"up": {"uv": [6, 12, 4, 14], "rotation": 270, "texture": "#1"},
				"down": {"uv": [6, 12, 4, 14], "rotation": 90, "texture": "#1"}
			}
		},
		{
			"from": [4.5, 19.5, 12.23],
			"to": [3, 18, 10.73],
			"shade": false,
			"rotation": {"angle": 0, "axis": "y", "origin": [8, 11, 12]},
			"faces": {
				"north": {"uv": [8, 12, 6, 14], "texture": "#1"},
				"east": {"uv": [8, 12, 6, 14], "texture": "#1"},
				"south": {"uv": [8, 12, 6, 14], "texture": "#1"},
				"west": {"uv": [8, 12, 6, 14], "texture": "#1"},
				"up": {"uv": [8, 12, 6, 14], "rotation": 270, "texture": "#1"},
				"down": {"uv": [8, 12, 6, 14], "rotation": 90, "texture": "#1"}
			}
		},
		{
			"from": [3.25, 19.25, 10.98],
			"to": [4.25, 20.25, 11.98],
			"shade": false,
			"rotation": {"angle": 0, "axis": "y", "origin": [8, 11, 12]},
			"faces": {
				"north": {"uv": [6, 10, 4, 12], "texture": "#1"},
				"east": {"uv": [6, 10, 4, 12], "texture": "#1"},
				"south": {"uv": [6, 10, 4, 12], "texture": "#1"},
				"west": {"uv": [6, 10, 4, 12], "texture": "#1"},
				"up": {"uv": [6, 10, 4, 12], "rotation": 270, "texture": "#1"},
				"down": {"uv": [6, 10, 4, 12], "rotation": 90, "texture": "#1"}
			}
		},
		{
			"from": [4.5, 20.5, 12.23],
			"to": [3, 19, 10.73],
			"shade": false,
			"rotation": {"angle": 0, "axis": "y", "origin": [8, 11, 12]},
			"faces": {
				"north": {"uv": [8, 10, 6, 12], "texture": "#1"},
				"east": {"uv": [8, 10, 6, 12], "texture": "#1"},
				"south": {"uv": [8, 10, 6, 12], "texture": "#1"},
				"west": {"uv": [8, 10, 6, 12], "texture": "#1"},
				"up": {"uv": [8, 10, 6, 12], "rotation": 270, "texture": "#1"},
				"down": {"uv": [8, 10, 6, 12], "rotation": 90, "texture": "#1"}
			}
		},
		{
			"from": [3.25, 19.75, 10.98],
			"to": [4.25, 20.75, 11.98],
			"shade": false,
			"rotation": {"angle": 0, "axis": "y", "origin": [8, 11, 12]},
			"faces": {
				"north": {"uv": [6, 8, 4, 10], "texture": "#1"},
				"east": {"uv": [6, 8, 4, 10], "texture": "#1"},
				"south": {"uv": [6, 8, 4, 10], "texture": "#1"},
				"west": {"uv": [6, 8, 4, 10], "texture": "#1"},
				"up": {"uv": [6, 8, 4, 10], "rotation": 270, "texture": "#1"},
				"down": {"uv": [6, 8, 4, 10], "rotation": 90, "texture": "#1"}
			}
		},
		{
			"from": [4.5, 21, 12.23],
			"to": [3, 19.5, 10.73],
			"shade": false,
			"rotation": {"angle": 0, "axis": "y", "origin": [8, 11, 12]},
			"faces": {
				"north": {"uv": [8, 8, 6, 10], "texture": "#1"},
				"east": {"uv": [8, 8, 6, 10], "texture": "#1"},
				"south": {"uv": [8, 8, 6, 10], "texture": "#1"},
				"west": {"uv": [8, 8, 6, 10], "texture": "#1"},
				"up": {"uv": [8, 8, 6, 10], "rotation": 270, "texture": "#1"},
				"down": {"uv": [8, 8, 6, 10], "rotation": 90, "texture": "#1"}
			}
		},
		{
			"from": [3.25, 20.25, 10.98],
			"to": [4.25, 21.25, 11.98],
			"shade": false,
			"rotation": {"angle": 0, "axis": "y", "origin": [8, 11, 12]},
			"faces": {
				"north": {"uv": [6, 6, 4, 8], "texture": "#1"},
				"east": {"uv": [6, 6, 4, 8], "texture": "#1"},
				"south": {"uv": [6, 6, 4, 8], "texture": "#1"},
				"west": {"uv": [6, 6, 4, 8], "texture": "#1"},
				"up": {"uv": [6, 6, 4, 8], "rotation": 270, "texture": "#1"},
				"down": {"uv": [6, 6, 4, 8], "rotation": 90, "texture": "#1"}
			}
		},
		{
			"from": [4.5, 21.5, 12.23],
			"to": [3, 20, 10.73],
			"shade": false,
			"rotation": {"angle": 0, "axis": "y", "origin": [8, 11, 12]},
			"faces": {
				"north": {"uv": [8, 6, 6, 8], "texture": "#1"},
				"east": {"uv": [8, 6, 6, 8], "texture": "#1"},
				"south": {"uv": [8, 6, 6, 8], "texture": "#1"},
				"west": {"uv": [8, 6, 6, 8], "texture": "#1"},
				"up": {"uv": [8, 6, 6, 8], "rotation": 270, "texture": "#1"},
				"down": {"uv": [8, 6, 6, 8], "rotation": 90, "texture": "#1"}
			}
		},
		{
			"from": [3.3, 20.8, 11.03],
			"to": [4.2, 21.7, 11.93],
			"shade": false,
			"rotation": {"angle": 0, "axis": "y", "origin": [8, 11, 12]},
			"faces": {
				"north": {"uv": [6, 4, 4, 6], "texture": "#1"},
				"east": {"uv": [6, 4, 4, 6], "texture": "#1"},
				"south": {"uv": [6, 4, 4, 6], "texture": "#1"},
				"west": {"uv": [6, 4, 4, 6], "texture": "#1"},
				"up": {"uv": [6, 4, 4, 6], "rotation": 270, "texture": "#1"},
				"down": {"uv": [6, 4, 4, 6], "rotation": 90, "texture": "#1"}
			}
		},
		{
			"from": [4.5, 22, 12.23],
			"to": [3, 20.5, 10.73],
			"shade": false,
			"rotation": {"angle": 0, "axis": "y", "origin": [8, 11, 12]},
			"faces": {
				"north": {"uv": [8, 4, 6, 6], "texture": "#1"},
				"east": {"uv": [8, 4, 6, 6], "texture": "#1"},
				"south": {"uv": [8, 4, 6, 6], "texture": "#1"},
				"west": {"uv": [8, 4, 6, 6], "texture": "#1"},
				"up": {"uv": [8, 4, 6, 6], "rotation": 270, "texture": "#1"},
				"down": {"uv": [8, 4, 6, 6], "rotation": 90, "texture": "#1"}
			}
		},
		{
			"from": [3.35, 21.35, 11.08],
			"to": [4.15, 22.15, 11.88],
			"shade": false,
			"rotation": {"angle": 0, "axis": "y", "origin": [8, 11, 12]},
			"faces": {
				"north": {"uv": [6, 2, 4, 4], "texture": "#1"},
				"east": {"uv": [6, 2, 4, 4], "texture": "#1"},
				"south": {"uv": [6, 2, 4, 4], "texture": "#1"},
				"west": {"uv": [6, 2, 4, 4], "texture": "#1"},
				"up": {"uv": [6, 2, 4, 4], "rotation": 270, "texture": "#1"},
				"down": {"uv": [6, 2, 4, 4], "rotation": 90, "texture": "#1"}
			}
		},
		{
			"from": [4.5, 22.5, 12.23],
			"to": [3, 21, 10.73],
			"shade": false,
			"rotation": {"angle": 0, "axis": "y", "origin": [8, 11, 12]},
			"faces": {
				"north": {"uv": [8, 2, 6, 4], "texture": "#1"},
				"east": {"uv": [8, 2, 6, 4], "texture": "#1"},
				"south": {"uv": [8, 2, 6, 4], "texture": "#1"},
				"west": {"uv": [8, 2, 6, 4], "texture": "#1"},
				"up": {"uv": [8, 2, 6, 4], "rotation": 270, "texture": "#1"},
				"down": {"uv": [8, 2, 6, 4], "rotation": 90, "texture": "#1"}
			}
		},
		{
			"from": [11.85, 17.85, 11.08],
			"to": [12.65, 18.65, 11.88],
			"shade": false,
			"rotation": {"angle": 0, "axis": "y", "origin": [8, 11, 12]},
			"faces": {
				"north": {"uv": [14, 14, 12, 16], "texture": "#1"},
				"east": {"uv": [14, 14, 12, 16], "texture": "#1"},
				"south": {"uv": [14, 14, 12, 16], "texture": "#1"},
				"west": {"uv": [14, 14, 12, 16], "texture": "#1"},
				"up": {"uv": [14, 14, 12, 16], "rotation": 270, "texture": "#1"},
				"down": {"uv": [14, 14, 12, 16], "rotation": 90, "texture": "#1"}
			}
		},
		{
			"from": [13, 19, 12.23],
			"to": [11.5, 17.5, 10.73],
			"shade": false,
			"rotation": {"angle": 0, "axis": "y", "origin": [8, 11, 12]},
			"faces": {
				"north": {"uv": [16, 14, 14, 16], "texture": "#1"},
				"east": {"uv": [16, 14, 14, 16], "texture": "#1"},
				"south": {"uv": [16, 14, 14, 16], "texture": "#1"},
				"west": {"uv": [16, 14, 14, 16], "texture": "#1"},
				"up": {"uv": [16, 14, 14, 16], "rotation": 270, "texture": "#1"},
				"down": {"uv": [16, 14, 14, 16], "rotation": 90, "texture": "#1"}
			}
		},
		{
			"from": [11.8, 18.3, 11.03],
			"to": [12.7, 19.2, 11.93],
			"shade": false,
			"rotation": {"angle": 0, "axis": "y", "origin": [8, 11, 12]},
			"faces": {
				"north": {"uv": [14, 12, 12, 14], "texture": "#1"},
				"east": {"uv": [14, 12, 12, 14], "texture": "#1"},
				"south": {"uv": [14, 12, 12, 14], "texture": "#1"},
				"west": {"uv": [14, 12, 12, 14], "texture": "#1"},
				"up": {"uv": [14, 12, 12, 14], "rotation": 270, "texture": "#1"},
				"down": {"uv": [14, 12, 12, 14], "rotation": 90, "texture": "#1"}
			}
		},
		{
			"from": [13, 19.5, 12.23],
			"to": [11.5, 18, 10.73],
			"shade": false,
			"rotation": {"angle": 0, "axis": "y", "origin": [8, 11, 12]},
			"faces": {
				"north": {"uv": [16, 12, 14, 14], "texture": "#1"},
				"east": {"uv": [16, 12, 14, 14], "texture": "#1"},
				"south": {"uv": [16, 12, 14, 14], "texture": "#1"},
				"west": {"uv": [16, 12, 14, 14], "texture": "#1"},
				"up": {"uv": [16, 12, 14, 14], "rotation": 270, "texture": "#1"},
				"down": {"uv": [16, 12, 14, 14], "rotation": 90, "texture": "#1"}
			}
		},
		{
			"from": [11.75, 18.75, 10.98],
			"to": [12.75, 19.75, 11.98],
			"shade": false,
			"rotation": {"angle": 0, "axis": "y", "origin": [8, 11, 12]},
			"faces": {
				"north": {"uv": [14, 10, 12, 12], "texture": "#1"},
				"east": {"uv": [14, 10, 12, 12], "texture": "#1"},
				"south": {"uv": [14, 10, 12, 12], "texture": "#1"},
				"west": {"uv": [14, 10, 12, 12], "texture": "#1"},
				"up": {"uv": [14, 10, 12, 12], "rotation": 270, "texture": "#1"},
				"down": {"uv": [14, 10, 12, 12], "rotation": 90, "texture": "#1"}
			}
		},
		{
			"from": [13, 20, 12.23],
			"to": [11.5, 18.5, 10.73],
			"shade": false,
			"rotation": {"angle": 0, "axis": "y", "origin": [8, 11, 12]},
			"faces": {
				"north": {"uv": [16, 10, 14, 12], "texture": "#1"},
				"east": {"uv": [16, 10, 14, 12], "texture": "#1"},
				"south": {"uv": [16, 10, 14, 12], "texture": "#1"},
				"west": {"uv": [16, 10, 14, 12], "texture": "#1"},
				"up": {"uv": [16, 10, 14, 12], "rotation": 270, "texture": "#1"},
				"down": {"uv": [16, 10, 14, 12], "rotation": 90, "texture": "#1"}
			}
		},
		{
			"from": [11.75, 19.25, 10.98],
			"to": [12.75, 20.25, 11.98],
			"shade": false,
			"rotation": {"angle": 0, "axis": "y", "origin": [8, 11, 12]},
			"faces": {
				"north": {"uv": [14, 8, 12, 10], "texture": "#1"},
				"east": {"uv": [14, 8, 12, 10], "texture": "#1"},
				"south": {"uv": [14, 8, 12, 10], "texture": "#1"},
				"west": {"uv": [14, 8, 12, 10], "texture": "#1"},
				"up": {"uv": [14, 8, 12, 10], "rotation": 270, "texture": "#1"},
				"down": {"uv": [14, 8, 12, 10], "rotation": 90, "texture": "#1"}
			}
		},
		{
			"from": [13, 20.5, 12.23],
			"to": [11.5, 19, 10.73],
			"shade": false,
			"rotation": {"angle": 0, "axis": "y", "origin": [8, 11, 12]},
			"faces": {
				"north": {"uv": [16, 8, 14, 10], "texture": "#1"},
				"east": {"uv": [16, 8, 14, 10], "texture": "#1"},
				"south": {"uv": [16, 8, 14, 10], "texture": "#1"},
				"west": {"uv": [16, 8, 14, 10], "texture": "#1"},
				"up": {"uv": [16, 8, 14, 10], "rotation": 270, "texture": "#1"},
				"down": {"uv": [16, 8, 14, 10], "rotation": 90, "texture": "#1"}
			}
		},
		{
			"from": [11.75, 19.75, 10.98],
			"to": [12.75, 20.75, 11.98],
			"shade": false,
			"rotation": {"angle": 0, "axis": "y", "origin": [8, 11, 12]},
			"faces": {
				"north": {"uv": [14, 6, 12, 8], "texture": "#1"},
				"east": {"uv": [14, 6, 12, 8], "texture": "#1"},
				"south": {"uv": [14, 6, 12, 8], "texture": "#1"},
				"west": {"uv": [14, 6, 12, 8], "texture": "#1"},
				"up": {"uv": [14, 6, 12, 8], "rotation": 270, "texture": "#1"},
				"down": {"uv": [14, 6, 12, 8], "rotation": 90, "texture": "#1"}
			}
		},
		{
			"from": [13, 21, 12.23],
			"to": [11.5, 19.5, 10.73],
			"shade": false,
			"rotation": {"angle": 0, "axis": "y", "origin": [8, 11, 12]},
			"faces": {
				"north": {"uv": [16, 6, 14, 8], "texture": "#1"},
				"east": {"uv": [16, 6, 14, 8], "texture": "#1"},
				"south": {"uv": [16, 6, 14, 8], "texture": "#1"},
				"west": {"uv": [16, 6, 14, 8], "texture": "#1"},
				"up": {"uv": [16, 6, 14, 8], "rotation": 270, "texture": "#1"},
				"down": {"uv": [16, 6, 14, 8], "rotation": 90, "texture": "#1"}
			}
		},
		{
			"from": [11.8, 20.3, 11.03],
			"to": [12.7, 21.2, 11.93],
			"shade": false,
			"rotation": {"angle": 0, "axis": "y", "origin": [8, 11, 12]},
			"faces": {
				"north": {"uv": [14, 4, 12, 6], "texture": "#1"},
				"east": {"uv": [14, 4, 12, 6], "texture": "#1"},
				"south": {"uv": [14, 4, 12, 6], "texture": "#1"},
				"west": {"uv": [14, 4, 12, 6], "texture": "#1"},
				"up": {"uv": [14, 4, 12, 6], "rotation": 270, "texture": "#1"},
				"down": {"uv": [14, 4, 12, 6], "rotation": 90, "texture": "#1"}
			}
		},
		{
			"from": [13, 21.5, 12.23],
			"to": [11.5, 20, 10.73],
			"shade": false,
			"rotation": {"angle": 0, "axis": "y", "origin": [8, 11, 12]},
			"faces": {
				"north": {"uv": [16, 4, 14, 6], "texture": "#1"},
				"east": {"uv": [16, 4, 14, 6], "texture": "#1"},
				"south": {"uv": [16, 4, 14, 6], "texture": "#1"},
				"west": {"uv": [16, 4, 14, 6], "texture": "#1"},
				"up": {"uv": [16, 4, 14, 6], "rotation": 270, "texture": "#1"},
				"down": {"uv": [16, 4, 14, 6], "rotation": 90, "texture": "#1"}
			}
		},
		{
			"from": [11.85, 20.85, 11.08],
			"to": [12.65, 21.65, 11.88],
			"shade": false,
			"rotation": {"angle": 0, "axis": "y", "origin": [8, 11, 12]},
			"faces": {
				"north": {"uv": [14, 2, 12, 4], "texture": "#1"},
				"east": {"uv": [14, 2, 12, 4], "texture": "#1"},
				"south": {"uv": [14, 2, 12, 4], "texture": "#1"},
				"west": {"uv": [14, 2, 12, 4], "texture": "#1"},
				"up": {"uv": [14, 2, 12, 4], "rotation": 270, "texture": "#1"},
				"down": {"uv": [14, 2, 12, 4], "rotation": 90, "texture": "#1"}
			}
		},
		{
			"from": [13, 22, 12.23],
			"to": [11.5, 20.5, 10.73],
			"shade": false,
			"rotation": {"angle": 0, "axis": "y", "origin": [8, 11, 12]},
			"faces": {
				"north": {"uv": [16, 2, 14, 4], "texture": "#1"},
				"east": {"uv": [16, 2, 14, 4], "texture": "#1"},
				"south": {"uv": [16, 2, 14, 4], "texture": "#1"},
				"west": {"uv": [16, 2, 14, 4], "texture": "#1"},
				"up": {"uv": [16, 2, 14, 4], "rotation": 270, "texture": "#1"},
				"down": {"uv": [16, 2, 14, 4], "rotation": 90, "texture": "#1"}
			}
		},
		{
			"from": [11.85, 17.85, 4.38],
			"to": [12.65, 18.65, 5.18],
			"shade": false,
			"rotation": {"angle": 0, "axis": "y", "origin": [8, 11, 12]},
			"faces": {
				"north": {"uv": [10, 14, 8, 16], "texture": "#1"},
				"east": {"uv": [10, 14, 8, 16], "texture": "#1"},
				"south": {"uv": [10, 14, 8, 16], "texture": "#1"},
				"west": {"uv": [10, 14, 8, 16], "texture": "#1"},
				"up": {"uv": [10, 14, 8, 16], "rotation": 270, "texture": "#1"},
				"down": {"uv": [10, 14, 8, 16], "rotation": 90, "texture": "#1"}
			}
		},
		{
			"from": [13, 19, 5.53],
			"to": [11.5, 17.5, 4.03],
			"shade": false,
			"rotation": {"angle": 0, "axis": "y", "origin": [8, 11, 12]},
			"faces": {
				"north": {"uv": [12, 14, 10, 16], "texture": "#1"},
				"east": {"uv": [12, 14, 10, 16], "texture": "#1"},
				"south": {"uv": [12, 14, 10, 16], "texture": "#1"},
				"west": {"uv": [12, 14, 10, 16], "texture": "#1"},
				"up": {"uv": [12, 14, 10, 16], "rotation": 270, "texture": "#1"},
				"down": {"uv": [12, 14, 10, 16], "rotation": 90, "texture": "#1"}
			}
		},
		{
			"from": [11.8, 18.3, 4.33],
			"to": [12.7, 19.2, 5.23],
			"shade": false,
			"rotation": {"angle": 0, "axis": "y", "origin": [8, 11, 12]},
			"faces": {
				"north": {"uv": [10, 12, 8, 14], "texture": "#1"},
				"east": {"uv": [10, 12, 8, 14], "texture": "#1"},
				"south": {"uv": [10, 12, 8, 14], "texture": "#1"},
				"west": {"uv": [10, 12, 8, 14], "texture": "#1"},
				"up": {"uv": [10, 12, 8, 14], "rotation": 270, "texture": "#1"},
				"down": {"uv": [10, 12, 8, 14], "rotation": 90, "texture": "#1"}
			}
		},
		{
			"from": [13, 19.5, 5.53],
			"to": [11.5, 18, 4.03],
			"shade": false,
			"rotation": {"angle": 0, "axis": "y", "origin": [8, 11, 12]},
			"faces": {
				"north": {"uv": [12, 12, 10, 14], "texture": "#1"},
				"east": {"uv": [12, 12, 10, 14], "texture": "#1"},
				"south": {"uv": [12, 12, 10, 14], "texture": "#1"},
				"west": {"uv": [12, 12, 10, 14], "texture": "#1"},
				"up": {"uv": [12, 12, 10, 14], "rotation": 270, "texture": "#1"},
				"down": {"uv": [12, 12, 10, 14], "rotation": 90, "texture": "#1"}
			}
		},
		{
			"from": [11.75, 18.75, 4.28],
			"to": [12.75, 19.75, 5.28],
			"shade": false,
			"rotation": {"angle": 0, "axis": "y", "origin": [8, 11, 12]},
			"faces": {
				"north": {"uv": [10, 10, 8, 12], "texture": "#1"},
				"east": {"uv": [10, 10, 8, 12], "texture": "#1"},
				"south": {"uv": [10, 10, 8, 12], "texture": "#1"},
				"west": {"uv": [10, 10, 8, 12], "texture": "#1"},
				"up": {"uv": [10, 10, 8, 12], "rotation": 270, "texture": "#1"},
				"down": {"uv": [10, 10, 8, 12], "rotation": 90, "texture": "#1"}
			}
		},
		{
			"from": [13, 20, 5.53],
			"to": [11.5, 18.5, 4.03],
			"shade": false,
			"rotation": {"angle": 0, "axis": "y", "origin": [8, 11, 12]},
			"faces": {
				"north": {"uv": [12, 10, 10, 12], "texture": "#1"},
				"east": {"uv": [12, 10, 10, 12], "texture": "#1"},
				"south": {"uv": [12, 10, 10, 12], "texture": "#1"},
				"west": {"uv": [12, 10, 10, 12], "texture": "#1"},
				"up": {"uv": [12, 10, 10, 12], "rotation": 270, "texture": "#1"},
				"down": {"uv": [12, 10, 10, 12], "rotation": 90, "texture": "#1"}
			}
		},
		{
			"from": [11.75, 19.25, 4.28],
			"to": [12.75, 20.25, 5.28],
			"shade": false,
			"rotation": {"angle": 0, "axis": "y", "origin": [8, 11, 12]},
			"faces": {
				"north": {"uv": [10, 8, 8, 10], "texture": "#1"},
				"east": {"uv": [10, 8, 8, 10], "texture": "#1"},
				"south": {"uv": [10, 8, 8, 10], "texture": "#1"},
				"west": {"uv": [10, 8, 8, 10], "texture": "#1"},
				"up": {"uv": [10, 8, 8, 10], "rotation": 270, "texture": "#1"},
				"down": {"uv": [10, 8, 8, 10], "rotation": 90, "texture": "#1"}
			}
		},
		{
			"from": [13, 20.5, 5.53],
			"to": [11.5, 19, 4.03],
			"shade": false,
			"rotation": {"angle": 0, "axis": "y", "origin": [8, 11, 12]},
			"faces": {
				"north": {"uv": [12, 8, 10, 10], "texture": "#1"},
				"east": {"uv": [12, 8, 10, 10], "texture": "#1"},
				"south": {"uv": [12, 8, 10, 10], "texture": "#1"},
				"west": {"uv": [12, 8, 10, 10], "texture": "#1"},
				"up": {"uv": [12, 8, 10, 10], "rotation": 270, "texture": "#1"},
				"down": {"uv": [12, 8, 10, 10], "rotation": 90, "texture": "#1"}
			}
		},
		{
			"from": [11.75, 19.75, 4.28],
			"to": [12.75, 20.75, 5.28],
			"shade": false,
			"rotation": {"angle": 0, "axis": "y", "origin": [8, 11, 12]},
			"faces": {
				"north": {"uv": [10, 6, 8, 8], "texture": "#1"},
				"east": {"uv": [10, 6, 8, 8], "texture": "#1"},
				"south": {"uv": [10, 6, 8, 8], "texture": "#1"},
				"west": {"uv": [10, 6, 8, 8], "texture": "#1"},
				"up": {"uv": [10, 6, 8, 8], "rotation": 270, "texture": "#1"},
				"down": {"uv": [10, 6, 8, 8], "rotation": 90, "texture": "#1"}
			}
		},
		{
			"from": [13, 21, 5.53],
			"to": [11.5, 19.5, 4.03],
			"shade": false,
			"rotation": {"angle": 0, "axis": "y", "origin": [8, 11, 12]},
			"faces": {
				"north": {"uv": [12, 6, 10, 8], "texture": "#1"},
				"east": {"uv": [12, 6, 10, 8], "texture": "#1"},
				"south": {"uv": [12, 6, 10, 8], "texture": "#1"},
				"west": {"uv": [12, 6, 10, 8], "texture": "#1"},
				"up": {"uv": [12, 6, 10, 8], "rotation": 270, "texture": "#1"},
				"down": {"uv": [12, 6, 10, 8], "rotation": 90, "texture": "#1"}
			}
		},
		{
			"from": [11.8, 20.3, 4.33],
			"to": [12.7, 21.2, 5.23],
			"shade": false,
			"rotation": {"angle": 0, "axis": "y", "origin": [8, 11, 12]},
			"faces": {
				"north": {"uv": [10, 4, 8, 6], "texture": "#1"},
				"east": {"uv": [10, 4, 8, 6], "texture": "#1"},
				"south": {"uv": [10, 4, 8, 6], "texture": "#1"},
				"west": {"uv": [10, 4, 8, 6], "texture": "#1"},
				"up": {"uv": [10, 4, 8, 6], "rotation": 270, "texture": "#1"},
				"down": {"uv": [10, 4, 8, 6], "rotation": 90, "texture": "#1"}
			}
		},
		{
			"from": [13, 21.5, 5.53],
			"to": [11.5, 20, 4.03],
			"shade": false,
			"rotation": {"angle": 0, "axis": "y", "origin": [8, 11, 12]},
			"faces": {
				"north": {"uv": [12, 4, 10, 6], "texture": "#1"},
				"east": {"uv": [12, 4, 10, 6], "texture": "#1"},
				"south": {"uv": [12, 4, 10, 6], "texture": "#1"},
				"west": {"uv": [12, 4, 10, 6], "texture": "#1"},
				"up": {"uv": [12, 4, 10, 6], "rotation": 270, "texture": "#1"},
				"down": {"uv": [12, 4, 10, 6], "rotation": 90, "texture": "#1"}
			}
		},
		{
			"from": [11.85, 20.85, 4.38],
			"to": [12.65, 21.65, 5.18],
			"shade": false,
			"rotation": {"angle": 0, "axis": "y", "origin": [8, 11, 12]},
			"faces": {
				"north": {"uv": [10, 2, 8, 4], "texture": "#1"},
				"east": {"uv": [10, 2, 8, 4], "texture": "#1"},
				"south": {"uv": [10, 2, 8, 4], "texture": "#1"},
				"west": {"uv": [10, 2, 8, 4], "texture": "#1"},
				"up": {"uv": [10, 2, 8, 4], "rotation": 270, "texture": "#1"},
				"down": {"uv": [10, 2, 8, 4], "rotation": 90, "texture": "#1"}
			}
		},
		{
			"from": [13, 22, 5.53],
			"to": [11.5, 20.5, 4.03],
			"shade": false,
			"rotation": {"angle": 0, "axis": "y", "origin": [8, 11, 12]},
			"faces": {
				"north": {"uv": [12, 2, 10, 4], "texture": "#1"},
				"east": {"uv": [12, 2, 10, 4], "texture": "#1"},
				"south": {"uv": [12, 2, 10, 4], "texture": "#1"},
				"west": {"uv": [12, 2, 10, 4], "texture": "#1"},
				"up": {"uv": [12, 2, 10, 4], "rotation": 270, "texture": "#1"},
				"down": {"uv": [12, 2, 10, 4], "rotation": 90, "texture": "#1"}
			}
		}
	],
	"gui_light": "front",
	"display": {
		"thirdperson_righthand": {
			"rotation": [0, -168, 0],
			"translation": [0, -0.5, 1.75],
			"scale": [0.6, 0.6, 0.6]
		},
		"thirdperson_lefthand": {
			"rotation": [0, -168, 0],
			"translation": [0, -0.5, 1.75],
			"scale": [0.6, 0.6, 0.6]
		},
		"firstperson_righthand": {
			"rotation": [12, -159, -2],
			"translation": [1.75, 0.5, -1.75],
			"scale": [0.54883, 0.54883, 0.54883]
		},
		"firstperson_lefthand": {
			"rotation": [12, -159, -2],
			"translation": [1.75, 0.5, -1.75],
			"scale": [0.54883, 0.54883, 0.54883]
		},
		"ground": {
			"rotation": [94, 85, 0],
			"translation": [0, 0, -3.5],
			"scale": [0.5, 0.5, 0.5]
		},
		"gui": {
			"rotation": [117, -46, 90],
			"translation": [2, -1, 0],
			"scale": [0.49547, 0.49547, 0.49547]
		},
		"head": {
			"rotation": [90, 22, 90],
			"translation": [7.75, 12, 0.25],
			"scale": [0.7, 0.7, 0.7]
		},
		"fixed": {
			"rotation": [0, 90, 0],
			"translation": [0, -8, -1.75],
			"scale": [1.42109, 1.42109, 1.42109]
		}
	},
	"groups": [
		0,
		1,
		2,
		3,
		4,
		5,
		6,
		7,
		8,
		9,
		10,
		11,
		12,
		13,
		14,
		15,
		16,
		{
			"name": "particles",
			"origin": [8, 8, 8],
			"color": 0,
			"boneType": "",
			"children": [
				{
					"name": "particles1",
					"origin": [0, 0, 0],
					"color": 0,
					"boneType": "",
					"children": [
						{
							"name": "particle1",
							"origin": [0, 0, 0],
							"color": 0,
							"boneType": "",
							"children": [17, 18]
						},
						{
							"name": "particle2",
							"origin": [0, 0, 0],
							"color": 0,
							"boneType": "",
							"children": [19, 20]
						},
						{
							"name": "particle3",
							"origin": [0, 0, 0],
							"color": 0,
							"boneType": "",
							"children": [21, 22]
						},
						{
							"name": "particle4",
							"origin": [0, 0, 0],
							"color": 0,
							"boneType": "",
							"children": [23, 24]
						},
						{
							"name": "particle5",
							"origin": [0, 0, 0],
							"color": 0,
							"boneType": "",
							"children": [25, 26]
						},
						{
							"name": "particle6",
							"origin": [0, 0, 0],
							"color": 0,
							"boneType": "",
							"children": [27, 28]
						},
						{
							"name": "particle7",
							"origin": [0, 0, 0],
							"color": 0,
							"boneType": "",
							"children": [29, 30]
						}
					]
				},
				{
					"name": "particles2",
					"origin": [0, 0, 0],
					"color": 0,
					"boneType": "",
					"children": [
						{
							"name": "particle1",
							"origin": [0, 0, 0],
							"color": 0,
							"boneType": "",
							"children": [31, 32]
						},
						{
							"name": "particle2",
							"origin": [0, 0, 0],
							"color": 0,
							"boneType": "",
							"children": [33, 34]
						},
						{
							"name": "particle3",
							"origin": [0, 0, 0],
							"color": 0,
							"boneType": "",
							"children": [35, 36]
						},
						{
							"name": "particle4",
							"origin": [0, 0, 0],
							"color": 0,
							"boneType": "",
							"children": [37, 38]
						},
						{
							"name": "particle5",
							"origin": [0, 0, 0],
							"color": 0,
							"boneType": "",
							"children": [39, 40]
						},
						{
							"name": "particle6",
							"origin": [0, 0, 0],
							"color": 0,
							"boneType": "",
							"children": [41, 42]
						},
						{
							"name": "particle7",
							"origin": [0, 0, 0],
							"color": 0,
							"boneType": "",
							"children": [43, 44]
						}
					]
				},
				{
					"name": "particles3",
					"origin": [0, 0, 0],
					"color": 0,
					"boneType": "",
					"children": [
						{
							"name": "particle1",
							"origin": [0, 0, 0],
							"color": 0,
							"boneType": "",
							"children": [45, 46]
						},
						{
							"name": "particle2",
							"origin": [0, 0, 0],
							"color": 0,
							"boneType": "",
							"children": [47, 48]
						},
						{
							"name": "particle3",
							"origin": [0, 0, 0],
							"color": 0,
							"boneType": "",
							"children": [49, 50]
						},
						{
							"name": "particle4",
							"origin": [0, 0, 0],
							"color": 0,
							"boneType": "",
							"children": [51, 52]
						},
						{
							"name": "particle5",
							"origin": [0, 0, 0],
							"color": 0,
							"boneType": "",
							"children": [53, 54]
						},
						{
							"name": "particle6",
							"origin": [0, 0, 0],
							"color": 0,
							"boneType": "",
							"children": [55, 56]
						},
						{
							"name": "particle7",
							"origin": [0, 0, 0],
							"color": 0,
							"boneType": "",
							"children": [57, 58]
						}
					]
				},
				{
					"name": "particles4",
					"origin": [0, 0, 0],
					"color": 0,
					"boneType": "",
					"children": [
						{
							"name": "particle1",
							"origin": [0, 0, 0],
							"color": 0,
							"boneType": "",
							"children": [59, 60]
						},
						{
							"name": "particle2",
							"origin": [0, 0, 0],
							"color": 0,
							"boneType": "",
							"children": [61, 62]
						},
						{
							"name": "particle3",
							"origin": [0, 0, 0],
							"color": 0,
							"boneType": "",
							"children": [63, 64]
						},
						{
							"name": "particle4",
							"origin": [0, 0, 0],
							"color": 0,
							"boneType": "",
							"children": [65, 66]
						},
						{
							"name": "particle5",
							"origin": [0, 0, 0],
							"color": 0,
							"boneType": "",
							"children": [67, 68]
						},
						{
							"name": "particle6",
							"origin": [0, 0, 0],
							"color": 0,
							"boneType": "",
							"children": [69, 70]
						},
						{
							"name": "particle7",
							"origin": [0, 0, 0],
							"color": 0,
							"boneType": "",
							"children": [71, 72]
						}
					]
				}
			]
		}
	]
}