{"textures":{"0":"modelengine:entity/dragon_nether"},"elements":[{"from":[7.0,8.75,6.75],"to":[9.0,11.75,19.75],"faces":{"east":{"uv":[8.75,1.8125,9.5625,2.0],"tintindex":0,"rotation":0,"texture":"#0"},"south":{"uv":[4.875,6.1875,5.0,6.375],"tintindex":0,"rotation":0,"texture":"#0"},"north":{"uv":[5.8125,2.6875,5.9375,2.875],"tintindex":0,"rotation":0,"texture":"#0"},"west":{"uv":[8.9375,8.625,9.75,8.8125],"tintindex":0,"rotation":0,"texture":"#0"},"up":{"uv":[1.375,9.8125,1.25,9.0],"tintindex":0,"rotation":0,"texture":"#0"},"down":{"uv":[6.5625,9.1875,6.4375,10.0],"tintindex":0,"rotation":0,"texture":"#0"}},"rotation":{"origin":[8.0,10.25,13.25],"angle":-22.5,"axis":"x"}}]}