{"textures":{"0":"item/meg/horse_unicorn"},"elements":[{"from":[5.0,-3.5,5.0000005],"to":[11.0,-1.5,11.0],"faces":{"east":{"uv":[13.375,4.25,14.125,4.5],"tintindex":0,"rotation":0,"texture":"#0"},"south":{"uv":[13.375,4.625,14.125,4.875],"tintindex":0,"rotation":0,"texture":"#0"},"north":{"uv":[13.375,3.25,14.125,3.5],"tintindex":0,"rotation":0,"texture":"#0"},"west":{"uv":[13.5,5.5,14.25,5.75],"tintindex":0,"rotation":0,"texture":"#0"},"up":{"uv":[4.0,12.75,3.25,12.0],"tintindex":0,"rotation":0,"texture":"#0"},"down":{"uv":[12.75,5.375,12.0,6.125],"tintindex":0,"rotation":0,"texture":"#0"}}},{"from":[6.0,-1.5,6.0],"to":[10.0,8.5,10.0],"faces":{"east":{"uv":[11.25,1.125,11.75,2.375],"tintindex":0,"rotation":0,"texture":"#0"},"south":{"uv":[11.375,5.875,11.875,7.125],"tintindex":0,"rotation":0,"texture":"#0"},"north":{"uv":[11.125,4.5,11.625,5.75],"tintindex":0,"rotation":0,"texture":"#0"},"west":{"uv":[11.5,9.75,12.0,11.0],"tintindex":0,"rotation":0,"texture":"#0"},"up":{"uv":[4.375,13.5,3.875,13.0],"tintindex":0,"rotation":0,"texture":"#0"},"down":{"uv":[13.5,6.25,13.0,6.75],"tintindex":0,"rotation":0,"texture":"#0"}}}]}