{
  "display": {
    "firstperson_lefthand": {
      "rotation": [
        0,
        90,
        -25
      ],
      "scale": [
        0.68,
        0.68,
        0.68
      ],
      "translation": [
        1.13,
        3.2,
        1.13
      ]
    },
    "firstperson_righthand": {
      "rotation": [
        0,
        -90,
        25
      ],
      "scale": [
        0.68,
        0.68,
        0.68
      ],
      "translation": [
        1.13,
        3.2,
        1.13
      ]
    },
    "thirdperson_lefthand": {
      "rotation": [
        -80,
        -280,
        40
      ],
      "scale": [
        0.9,
        0.9,
        0.9
      ],
      "translation": [
        -1,
        -2,
        2.5
      ]
    },
    "thirdperson_righthand": {
      "rotation": [
        -80,
        260,
        -40
      ],
      "scale": [
        0.9,
        0.9,
        0.9
      ],
      "translation": [
        -1,
        -2,
        2.5
      ]
    }
  },
  "overrides": [
    {
      "model": "goblin_weapon_set/bow",
      "predicate": {
        "custom_model_data": 1
      }
    },
    {
      "model": "goblin_weapon_set/bow_0",
      "predicate": {
        "custom_model_data": 1,
        "pulling": 1
      }
    },
    {
      "model": "goblin_weapon_set/bow_1",
      "predicate": {
        "custom_model_data": 1,
        "pull": 0.65,
        "pulling": 1
      }
    },
    {
      "model": "goblin_weapon_set/bow_2",
      "predicate": {
        "custom_model_data": 1,
        "pull": 0.9,
        "pulling": 1
      }
    },
    {
      "predicate": {
        "custom_model_data": 2
      },
      "model": "necromancer_assortment/bow"
    },
    {
      "predicate": {
        "pulling": 1,
        "custom_model_data": 2
      },
      "model": "necromancer_assortment/bow_0"
    },
    {
      "predicate": {
        "pulling": 1,
        "pull": 0.65,
        "custom_model_data": 2
      },
      "model": "necromancer_assortment/bow_1"
    },
    {
      "predicate": {
        "pulling": 1,
        "pull": 0.9,
        "custom_model_data": 2
      },
      "model": "necromancer_assortment/bow_2"
    },
    {
      "predicate": {
        "custom_model_data": 3
      },
      "model": "rogue_assortment/rogue_bow"
    },
    {
      "predicate": {
        "pulling": 1,
        "custom_model_data": 3
      },
      "model": "rogue_assortment/rogue_bow_0"
    },
    {
      "predicate": {
        "pulling": 1,
        "pull": 0.65,
        "custom_model_data": 3
      },
      "model": "rogue_assortment/rogue_bow_1"
    },
    {
      "predicate": {
        "pulling": 1,
        "pull": 0.9,
        "custom_model_data": 3
      },
      "model": "rogue_assortment/rogue_bow_2"
    },
    {
      "predicate": {
        "custom_model_data": 4
      },
      "model": "warrior_weapon_assortment/warrior_bow"
    },
    {
      "predicate": {
        "pulling": 1,
        "custom_model_data": 4
      },
      "model": "warrior_weapon_assortment/warrior_bow_0"
    },
    {
      "predicate": {
        "pulling": 1,
        "pull": 0.45,
        "custom_model_data": 4
      },
      "model": "warrior_weapon_assortment/warrior_bow_1"
    },
    {
      "predicate": {
        "pulling": 1,
        "pull": 0.9,
        "custom_model_data": 4
      },
      "model": "warrior_weapon_assortment/warrior_bow_2"
    },
    {
      "predicate": {
        "custom_model_data": 5
      },
      "model": "valentine_sweets_animated/bow"
    },
    {
      "predicate": {
        "pulling": 1,
        "custom_model_data": 5
      },
      "model": "valentine_sweets_animated/bow_0"
    },
    {
      "predicate": {
        "pulling": 1,
        "pull": 0.45,
        "custom_model_data": 5
      },
      "model": "valentine_sweets_animated/bow_1"
    },
    {
      "predicate": {
        "pulling": 1,
        "pull": 0.9,
        "custom_model_data": 5
      },
      "model": "valentine_sweets_animated/bow_2"
    },


    {
      "predicate": {
        "custom_model_data": 6
      },
      "model": "red/bow"
    },
    {
      "predicate": {
        "pulling": 1,
        "custom_model_data": 6
      },
      "model": "red/bow_0"
    },
    {
      "predicate": {
        "pulling": 1,
        "pull": 0.45,
        "custom_model_data": 6
      },
      "model": "red/bow_1"
    },
    {
      "predicate": {
        "pulling": 1,
        "pull": 0.9,
        "custom_model_data": 6
      },
      "model": "red/bow_2"
    },

    {
      "predicate": {
        "custom_model_data": 7
      },
      "model": "eos/bow"
    },
    {
      "predicate": {
        "pulling": 1,
        "custom_model_data": 7
      },
      "model": "eos/bow_0"
    },
    {
      "predicate": {
        "pulling": 1,
        "pull": 0.45,
        "custom_model_data": 7
      },
      "model": "eos/bow_1"
    },
    {
      "predicate": {
        "pulling": 1,
        "pull": 0.9,
        "custom_model_data": 7
      },
      "model": "eos/bow_2"
    }
  ],
  "parent": "item/generated",
  "textures": {
    "layer0": "item/bow"
  }
}