{
	"credit": "Made with Blockbench",
	"texture_size": [64, 64],
	"textures": {
		"3": "item/goblin_weapon_set/green_smoke",
		"4": "item/goblin_weapon_set/pink_smoke",
		"5": "item/goblin_weapon_set/goblin_eye",
		"12": "item/goblin_weapon_set/goblintex1",
		"13": "item/goblin_weapon_set/goblintex2",
		"14": "item/goblin_weapon_set/goblintex3",
		"particle": "item/goblin_weapon_set/green_smoke"
	},
	"elements": [
		{
			"from": [-1, 3, 8],
			"to": [0, 16.5, 8],
			"rotation": {"angle": -45, "axis": "z", "origin": [8, 9.5, -8]},
			"faces": {
				"north": {"uv": [12.5, 7.5, 12.75, 4.125], "rotation": 180, "texture": "#13"},
				"east": {"uv": [12, 11.375, 12, 8], "texture": "#13"},
				"south": {"uv": [12.75, 4.125, 12.5, 7.5], "texture": "#13"},
				"west": {"uv": [12, 11.375, 12, 8], "rotation": 180, "texture": "#13"},
				"up": {"uv": [12.75, 7.5, 12.5, 7.5], "rotation": 180, "texture": "#13"},
				"down": {"uv": [12.75, 7.5, 12.5, 7.5], "texture": "#13"}
			}
		},
		{
			"from": [-1, -1.5, 8],
			"to": [0, 3, 8],
			"rotation": {"angle": -45, "axis": "z", "origin": [8, 9.5, -8]},
			"faces": {
				"north": {"uv": [12.5, 5.625, 12.75, 4.5], "rotation": 180, "texture": "#13"},
				"east": {"uv": [12, 9.125, 12, 8], "texture": "#13"},
				"south": {"uv": [12.75, 4.5, 12.5, 5.625], "texture": "#13"},
				"west": {"uv": [12, 9.125, 12, 8], "rotation": 180, "texture": "#13"},
				"up": {"uv": [12.75, 7.5, 12.5, 7.5], "rotation": 180, "texture": "#13"},
				"down": {"uv": [12.75, 7.5, 12.5, 7.5], "texture": "#13"}
			}
		},
		{
			"from": [-1, 13, 8],
			"to": [0, 17.5, 8],
			"rotation": {"angle": 45, "axis": "z", "origin": [8, 6.5, -8]},
			"faces": {
				"north": {"uv": [12.5, 4.5, 12.75, 5.625], "rotation": 180, "texture": "#13"},
				"east": {"uv": [12, 8, 12, 9.125], "texture": "#13"},
				"south": {"uv": [12.75, 5.625, 12.5, 4.5], "texture": "#13"},
				"west": {"uv": [12, 8, 12, 9.125], "rotation": 180, "texture": "#13"},
				"up": {"uv": [12.75, 7.5, 12.5, 7.5], "texture": "#13"},
				"down": {"uv": [12.75, 7.5, 12.5, 7.5], "rotation": 180, "texture": "#13"}
			}
		},
		{
			"from": [-1, -0.5, 8],
			"to": [0, 13, 8],
			"rotation": {"angle": 45, "axis": "z", "origin": [8, 6.5, -8]},
			"faces": {
				"north": {"uv": [12.5, 4.125, 12.75, 7.5], "rotation": 180, "texture": "#13"},
				"east": {"uv": [12, 8, 12, 11.375], "texture": "#13"},
				"south": {"uv": [12.75, 7.5, 12.5, 4.125], "texture": "#13"},
				"west": {"uv": [12, 8, 12, 11.375], "rotation": 180, "texture": "#13"},
				"up": {"uv": [12.75, 7.5, 12.5, 7.5], "texture": "#13"},
				"down": {"uv": [12.75, 7.5, 12.5, 7.5], "rotation": 180, "texture": "#13"}
			}
		},
		{
			"from": [5.11335, 17.88097, 6.48887],
			"to": [11.11335, 18.88097, 9.48887],
			"rotation": {"angle": -22.5, "axis": "z", "origin": [11.51768, 18.5, 7.98887]},
			"faces": {
				"north": {"uv": [4.75, 11.5, 5, 10], "rotation": 270, "texture": "#13"},
				"east": {"uv": [5, 9.25, 4.75, 10], "rotation": 270, "texture": "#13"},
				"south": {"uv": [4.75, 11.5, 5, 10], "rotation": 90, "texture": "#13"},
				"west": {"uv": [5, 9.25, 4.75, 10], "rotation": 90, "texture": "#13"},
				"up": {"uv": [6.25, 8.5, 4.75, 9.25], "rotation": 180, "texture": "#13"},
				"down": {"uv": [6.25, 8.5, 4.75, 9.25], "texture": "#13"}
			}
		},
		{
			"from": [10.20655, 9.81768, 6.38887],
			"to": [11.20655, 19.81768, 9.58887],
			"rotation": {"angle": 22.5, "axis": "z", "origin": [11.51768, 18.5, 7.98887]},
			"faces": {
				"north": {"uv": [12.25, 4.75, 12.5, 7.25], "rotation": 180, "texture": "#13"},
				"east": {"uv": [8, 5, 10.5, 5.75], "rotation": 270, "texture": "#13"},
				"south": {"uv": [12.25, 4.75, 12.5, 7.25], "rotation": 180, "texture": "#13"},
				"west": {"uv": [8, 5, 10.5, 5.75], "rotation": 90, "texture": "#13"},
				"up": {"uv": [9.625, 6.5, 10.375, 6.75], "rotation": 270, "texture": "#13"},
				"down": {"uv": [9.625, 6.5, 10.375, 6.75], "rotation": 90, "texture": "#13"}
			}
		},
		{
			"from": [5.11335, -2.88097, 6.48887],
			"to": [11.11335, -1.88097, 9.48887],
			"rotation": {"angle": 22.5, "axis": "z", "origin": [11.51768, -2.5, 7.98887]},
			"faces": {
				"north": {"uv": [5, 11.5, 4.75, 10], "rotation": 270, "texture": "#13"},
				"east": {"uv": [4.75, 9.25, 5, 10], "rotation": 270, "texture": "#13"},
				"south": {"uv": [5, 11.5, 4.75, 10], "rotation": 90, "texture": "#13"},
				"west": {"uv": [4.75, 9.25, 5, 10], "rotation": 90, "texture": "#13"},
				"up": {"uv": [6.25, 9.25, 4.75, 8.5], "texture": "#13"},
				"down": {"uv": [6.25, 9.25, 4.75, 8.5], "rotation": 180, "texture": "#13"}
			}
		},
		{
			"from": [10.20655, -3.81768, 6.38887],
			"to": [11.20655, 6.18232, 9.58887],
			"rotation": {"angle": -22.5, "axis": "z", "origin": [11.51768, -2.5, 7.98887]},
			"faces": {
				"north": {"uv": [12.25, 7.25, 12.5, 4.75], "rotation": 180, "texture": "#13"},
				"east": {"uv": [10.5, 5, 8, 5.75], "rotation": 270, "texture": "#13"},
				"south": {"uv": [12.25, 7.25, 12.5, 4.75], "rotation": 180, "texture": "#13"},
				"west": {"uv": [10.5, 5, 8, 5.75], "rotation": 90, "texture": "#13"},
				"up": {"uv": [10.375, 6.5, 9.625, 6.75], "rotation": 90, "texture": "#13"},
				"down": {"uv": [10.375, 6.5, 9.625, 6.75], "rotation": 270, "texture": "#13"}
			}
		},
		{
			"from": [13, 9, 6],
			"to": [16, 12, 10],
			"rotation": {"angle": 0, "axis": "y", "origin": [10.6, 21.75, 8]},
			"faces": {
				"north": {"uv": [3.875, 12.125, 3.125, 11.375], "rotation": 90, "texture": "#12"},
				"east": {"uv": [0, 10.5, 0.75, 9.5], "rotation": 90, "texture": "#12"},
				"south": {"uv": [3.875, 11.375, 3.125, 12.125], "rotation": 90, "texture": "#12"},
				"west": {"uv": [0, 10.5, 0.75, 9.5], "rotation": 90, "texture": "#12"},
				"up": {"uv": [3, 10.625, 2.25, 9.625], "rotation": 180, "texture": "#12"},
				"down": {"uv": [3, 10.625, 2.25, 9.625], "texture": "#12"}
			}
		},
		{
			"from": [13.1, 12, 7],
			"to": [16.1, 12.5, 9],
			"rotation": {"angle": 0, "axis": "y", "origin": [10.6, 23.5, 8]},
			"faces": {
				"north": {"uv": [0, 9.5, 0.75, 9.375], "rotation": 180, "texture": "#12"},
				"east": {"uv": [0.625, 11, 0.75, 10.5], "rotation": 90, "texture": "#12"},
				"south": {"uv": [0, 9.5, 0.75, 9.375], "rotation": 180, "texture": "#12"},
				"west": {"uv": [0.625, 11, 0.75, 10.5], "rotation": 90, "texture": "#12"},
				"up": {"uv": [4.625, 11.875, 3.875, 11.375], "rotation": 180, "texture": "#12"},
				"down": {"uv": [4.625, 11.875, 3.875, 11.375], "texture": "#12"}
			}
		},
		{
			"from": [15.5, 8.5, 7],
			"to": [16, 9, 7.5],
			"rotation": {"angle": 0, "axis": "y", "origin": [12, 20, 7]},
			"faces": {
				"north": {"uv": [5, 13.625, 5.125, 13.75], "rotation": 180, "texture": "#12"},
				"east": {"uv": [5, 13.75, 5.125, 13.625], "texture": "#12"},
				"south": {"uv": [5, 13.625, 5.125, 13.75], "rotation": 180, "texture": "#12"},
				"west": {"uv": [5, 13.75, 5.125, 13.625], "texture": "#12"},
				"up": {"uv": [5, 13.625, 5.125, 13.75], "rotation": 270, "texture": "#12"},
				"down": {"uv": [5, 13.625, 5.125, 13.75], "rotation": 90, "texture": "#12"}
			}
		},
		{
			"from": [15.5, 8.5, 8.5],
			"to": [16, 9, 9],
			"rotation": {"angle": 0, "axis": "y", "origin": [12, 20, 9]},
			"faces": {
				"north": {"uv": [4.875, 13.5, 5, 13.625], "rotation": 180, "texture": "#12"},
				"east": {"uv": [4.875, 13.625, 5, 13.5], "texture": "#12"},
				"south": {"uv": [4.875, 13.5, 5, 13.625], "rotation": 180, "texture": "#12"},
				"west": {"uv": [4.875, 13.625, 5, 13.5], "texture": "#12"},
				"up": {"uv": [4.875, 13.5, 5, 13.625], "rotation": 270, "texture": "#12"},
				"down": {"uv": [4.875, 13.5, 5, 13.625], "rotation": 90, "texture": "#12"}
			}
		},
		{
			"from": [16.1, 7.5, 2],
			"to": [16.1, 15.5, 14],
			"rotation": {"angle": 0, "axis": "y", "origin": [22, 5, 0]},
			"faces": {
				"north": {"uv": [2, 3, 14, 11], "texture": "#5"},
				"east": {"uv": [2, 3, 14, 11], "texture": "#5"},
				"south": {"uv": [2, 3, 14, 11], "texture": "#5"},
				"west": {"uv": [2, 3, 14, 11], "texture": "#5"},
				"up": {"uv": [0, 0, 0.14063, 0], "rotation": 270, "texture": "#5"},
				"down": {"uv": [0, 0, 0.14063, 0], "rotation": 90, "texture": "#5"}
			}
		},
		{
			"from": [13, 4, 6],
			"to": [16, 7, 10],
			"rotation": {"angle": 0, "axis": "y", "origin": [10.6, -5.75, 8]},
			"faces": {
				"north": {"uv": [3.125, 12.125, 3.875, 11.375], "rotation": 90, "texture": "#12"},
				"east": {"uv": [0.75, 10.5, 0, 9.5], "rotation": 90, "texture": "#12"},
				"south": {"uv": [3.125, 11.375, 3.875, 12.125], "rotation": 90, "texture": "#12"},
				"west": {"uv": [0.75, 10.5, 0, 9.5], "rotation": 90, "texture": "#12"},
				"up": {"uv": [3, 9.625, 2.25, 10.625], "texture": "#12"},
				"down": {"uv": [3, 9.625, 2.25, 10.625], "rotation": 180, "texture": "#12"}
			}
		},
		{
			"from": [13.1, 3.5, 7],
			"to": [16.1, 4, 9],
			"rotation": {"angle": 0, "axis": "y", "origin": [10.6, -7.5, 8]},
			"faces": {
				"north": {"uv": [0, 9.375, 0.75, 9.5], "rotation": 180, "texture": "#12"},
				"east": {"uv": [0.75, 11, 0.625, 10.5], "rotation": 90, "texture": "#12"},
				"south": {"uv": [0, 9.375, 0.75, 9.5], "rotation": 180, "texture": "#12"},
				"west": {"uv": [0.75, 11, 0.625, 10.5], "rotation": 90, "texture": "#12"},
				"up": {"uv": [4.625, 11.375, 3.875, 11.875], "texture": "#12"},
				"down": {"uv": [4.625, 11.375, 3.875, 11.875], "rotation": 180, "texture": "#12"}
			}
		},
		{
			"from": [15.5, 7, 7],
			"to": [16, 7.5, 7.5],
			"rotation": {"angle": 0, "axis": "y", "origin": [12, -4, 7]},
			"faces": {
				"north": {"uv": [5, 13.75, 5.125, 13.625], "rotation": 180, "texture": "#12"},
				"east": {"uv": [5, 13.625, 5.125, 13.75], "texture": "#12"},
				"south": {"uv": [5, 13.75, 5.125, 13.625], "rotation": 180, "texture": "#12"},
				"west": {"uv": [5, 13.625, 5.125, 13.75], "texture": "#12"},
				"up": {"uv": [5.125, 13.625, 5, 13.75], "rotation": 90, "texture": "#12"},
				"down": {"uv": [5.125, 13.625, 5, 13.75], "rotation": 270, "texture": "#12"}
			}
		},
		{
			"from": [15.5, 7, 8.5],
			"to": [16, 7.5, 9],
			"rotation": {"angle": 0, "axis": "y", "origin": [12, -4, 9]},
			"faces": {
				"north": {"uv": [4.875, 13.625, 5, 13.5], "rotation": 180, "texture": "#12"},
				"east": {"uv": [4.875, 13.5, 5, 13.625], "texture": "#12"},
				"south": {"uv": [4.875, 13.625, 5, 13.5], "rotation": 180, "texture": "#12"},
				"west": {"uv": [4.875, 13.5, 5, 13.625], "texture": "#12"},
				"up": {"uv": [5, 13.5, 4.875, 13.625], "rotation": 90, "texture": "#12"},
				"down": {"uv": [5, 13.5, 4.875, 13.625], "rotation": 270, "texture": "#12"}
			}
		},
		{
			"from": [16.1, 0.5, 2],
			"to": [16.1, 8.5, 14],
			"rotation": {"angle": 0, "axis": "y", "origin": [22, 11, 0]},
			"faces": {
				"north": {"uv": [2, 11, 14, 3], "texture": "#5"},
				"east": {"uv": [2, 11, 14, 3], "texture": "#5"},
				"south": {"uv": [2, 11, 14, 3], "texture": "#5"},
				"west": {"uv": [2, 11, 14, 3], "texture": "#5"},
				"up": {"uv": [0.14063, 0, 0, 0], "rotation": 90, "texture": "#5"},
				"down": {"uv": [0.14063, 0, 0, 0], "rotation": 270, "texture": "#5"}
			}
		},
		{
			"from": [8, 12, 8],
			"to": [16, 28, 8],
			"faces": {
				"north": {"uv": [10.5, 0, 12.5, 4], "texture": "#14"},
				"east": {"uv": [0, 0, 0, 8], "texture": "#14"},
				"south": {"uv": [12.5, 0, 10.5, 4], "texture": "#14"},
				"west": {"uv": [0, 0, 0, 8], "texture": "#14"},
				"up": {"uv": [0, 0, 4, 0], "texture": "#14"},
				"down": {"uv": [0, 0, 4, 0], "texture": "#14"}
			}
		},
		{
			"from": [8, -12, 8],
			"to": [16, 4, 8],
			"rotation": {"angle": 0, "axis": "y", "origin": [0, 16, 0]},
			"faces": {
				"north": {"uv": [10.5, 4, 12.5, 0], "texture": "#14"},
				"east": {"uv": [0, 8, 0, 0], "texture": "#14"},
				"south": {"uv": [12.5, 4, 10.5, 0], "texture": "#14"},
				"west": {"uv": [0, 8, 0, 0], "texture": "#14"},
				"up": {"uv": [0, 0, 4, 0], "texture": "#14"},
				"down": {"uv": [0, 0, 4, 0], "texture": "#14"}
			}
		},
		{
			"from": [-2, 8.1, 7],
			"to": [12, 9.1, 9],
			"faces": {
				"north": {"uv": [15.25, 0, 15.5, 3.5], "rotation": 90, "texture": "#14"},
				"east": {"uv": [15.5, 3.5, 16, 3.75], "texture": "#14"},
				"south": {"uv": [15.5, 0, 15.25, 3.5], "rotation": 90, "texture": "#14"},
				"west": {"uv": [15.5, 3.5, 16, 3.75], "texture": "#14"},
				"up": {"uv": [15.5, 0, 16, 3.5], "rotation": 90, "texture": "#14"},
				"down": {"uv": [15.5, 0, 16, 3.5], "rotation": 270, "texture": "#14"}
			}
		},
		{
			"from": [-2, 5.9, 7],
			"to": [12, 6.9, 9],
			"faces": {
				"north": {"uv": [15.25, 0, 15.5, 3.5], "rotation": 90, "texture": "#14"},
				"east": {"uv": [15.5, 3.5, 16, 3.75], "texture": "#14"},
				"south": {"uv": [15.5, 0, 15.25, 3.5], "rotation": 90, "texture": "#14"},
				"west": {"uv": [15.5, 3.5, 16, 3.75], "texture": "#14"},
				"up": {"uv": [15.5, 0, 16, 3.5], "rotation": 90, "texture": "#14"},
				"down": {"uv": [15.5, 0, 16, 3.5], "rotation": 270, "texture": "#14"}
			}
		},
		{
			"from": [-1.63173, 9.2028, 7],
			"to": [13.36827, 17.2028, 7],
			"rotation": {"angle": 0, "axis": "y", "origin": [7.86827, 15.2028, 7]},
			"faces": {
				"north": {"uv": [10, 12.5, 12, 8.75], "rotation": 270, "texture": "#14"},
				"east": {"uv": [2, 0, 0, 0], "rotation": 270, "texture": "#14"},
				"south": {"uv": [12, 12.5, 10, 8.75], "rotation": 90, "texture": "#14"},
				"west": {"uv": [2, 0, 0, 0], "rotation": 270, "texture": "#14"},
				"up": {"uv": [10, 8.75, 10, 12.5], "rotation": 270, "texture": "#14"},
				"down": {"uv": [10, 8.75, 10, 12.5], "rotation": 270, "texture": "#14"}
			}
		},
		{
			"from": [-1.63173, 9.2028, 9],
			"to": [13.36827, 17.2028, 9],
			"rotation": {"angle": 0, "axis": "y", "origin": [7.86827, 15.2028, 9]},
			"faces": {
				"north": {"uv": [12, 8.75, 10, 12.5], "rotation": 90, "texture": "#14"},
				"east": {"uv": [2, 0, 0, 0], "rotation": 270, "texture": "#14"},
				"south": {"uv": [10, 8.75, 12, 12.5], "rotation": 270, "texture": "#14"},
				"west": {"uv": [2, 0, 0, 0], "rotation": 270, "texture": "#14"},
				"up": {"uv": [10, 8.75, 10, 12.5], "rotation": 270, "texture": "#14"},
				"down": {"uv": [10, 8.75, 10, 12.5], "rotation": 270, "texture": "#14"}
			}
		},
		{
			"from": [-1.63173, -2.2028, 7],
			"to": [13.36827, 5.7972, 7],
			"rotation": {"angle": 0, "axis": "y", "origin": [7.86827, 0.7972, 7]},
			"faces": {
				"north": {"uv": [12, 12.5, 10, 8.75], "rotation": 270, "texture": "#14"},
				"east": {"uv": [0, 0, 2, 0], "rotation": 270, "texture": "#14"},
				"south": {"uv": [10, 12.5, 12, 8.75], "rotation": 90, "texture": "#14"},
				"west": {"uv": [0, 0, 2, 0], "rotation": 270, "texture": "#14"},
				"up": {"uv": [10, 8.75, 10, 12.5], "rotation": 270, "texture": "#14"},
				"down": {"uv": [10, 8.75, 10, 12.5], "rotation": 270, "texture": "#14"}
			}
		},
		{
			"from": [-1.63173, -2.2028, 9],
			"to": [13.36827, 5.7972, 9],
			"rotation": {"angle": 0, "axis": "y", "origin": [7.86827, 0.7972, 9]},
			"faces": {
				"north": {"uv": [10, 8.75, 12, 12.5], "rotation": 90, "texture": "#14"},
				"east": {"uv": [0, 0, 2, 0], "rotation": 270, "texture": "#14"},
				"south": {"uv": [12, 8.75, 10, 12.5], "rotation": 270, "texture": "#14"},
				"west": {"uv": [0, 0, 2, 0], "rotation": 270, "texture": "#14"},
				"up": {"uv": [10, 8.75, 10, 12.5], "rotation": 270, "texture": "#14"},
				"down": {"uv": [10, 8.75, 10, 12.5], "rotation": 270, "texture": "#14"}
			}
		},
		{
			"from": [-1.63173, 9.2028, 7],
			"to": [13.36827, 17.2028, 7],
			"rotation": {"angle": 0, "axis": "y", "origin": [7.86827, 15.2028, 7]},
			"faces": {
				"north": {"uv": [10, 12.5, 12, 8.75], "rotation": 270, "texture": "#14"},
				"east": {"uv": [2, 0, 0, 0], "rotation": 270, "texture": "#14"},
				"south": {"uv": [12, 12.5, 10, 8.75], "rotation": 90, "texture": "#14"},
				"west": {"uv": [2, 0, 0, 0], "rotation": 270, "texture": "#14"},
				"up": {"uv": [10, 8.75, 10, 12.5], "rotation": 270, "texture": "#14"},
				"down": {"uv": [10, 8.75, 10, 12.5], "rotation": 270, "texture": "#14"}
			}
		},
		{
			"from": [-1.63173, 9.2028, 9],
			"to": [13.36827, 17.2028, 9],
			"rotation": {"angle": 0, "axis": "y", "origin": [7.86827, 15.2028, 9]},
			"faces": {
				"north": {"uv": [12, 8.75, 10, 12.5], "rotation": 90, "texture": "#14"},
				"east": {"uv": [2, 0, 0, 0], "rotation": 270, "texture": "#14"},
				"south": {"uv": [10, 8.75, 12, 12.5], "rotation": 270, "texture": "#14"},
				"west": {"uv": [2, 0, 0, 0], "rotation": 270, "texture": "#14"},
				"up": {"uv": [10, 8.75, 10, 12.5], "rotation": 270, "texture": "#14"},
				"down": {"uv": [10, 8.75, 10, 12.5], "rotation": 270, "texture": "#14"}
			}
		},
		{
			"from": [9, 4, 14],
			"to": [15, 6, 16],
			"rotation": {"angle": 45, "axis": "y", "origin": [8, 15.025, 13]},
			"faces": {
				"north": {"uv": [3.5, 9.625, 4, 11.125], "rotation": 90, "texture": "#12"},
				"east": {"uv": [0.625, 11.125, 1.125, 11.625], "rotation": 270, "texture": "#12"},
				"south": {"uv": [4, 9.625, 3.5, 11.125], "rotation": 270, "texture": "#12"},
				"west": {"uv": [0.625, 11.125, 1.125, 11.625], "rotation": 270, "texture": "#12"},
				"up": {"uv": [3, 9.625, 3.5, 11.125], "rotation": 270, "texture": "#12"},
				"down": {"uv": [3.5, 9.625, 3, 11.125], "rotation": 270, "texture": "#12"}
			}
		},
		{
			"from": [15, 4.2, 14.2],
			"to": [15.5, 5.8, 15.8],
			"rotation": {"angle": 45, "axis": "y", "origin": [8, 15.025, 13]},
			"faces": {
				"north": {"uv": [2.875, 12.5, 3.25, 12.625], "rotation": 90, "texture": "#12"},
				"east": {"uv": [2.875, 12.625, 3.25, 13], "rotation": 270, "texture": "#12"},
				"south": {"uv": [2.875, 12.5, 3.25, 12.625], "rotation": 270, "texture": "#12"},
				"west": {"uv": [2.875, 12.625, 3.25, 13], "rotation": 270, "texture": "#12"},
				"up": {"uv": [2.875, 13, 3.25, 13.125], "rotation": 270, "texture": "#12"},
				"down": {"uv": [2.875, 13, 3.25, 13.125], "rotation": 270, "texture": "#12"}
			}
		},
		{
			"from": [7.5, 4, 8],
			"to": [7.5, 10, 14],
			"rotation": {"angle": -45, "axis": "y", "origin": [2, 7, 14]},
			"faces": {
				"north": {"uv": [0, 13.25, 0, 18.25], "texture": "#3"},
				"east": {"uv": [6, 10, 0, 16], "texture": "#3"},
				"south": {"uv": [0, 13.25, 0, 18.25], "texture": "#3"},
				"west": {"uv": [0, 10, 6, 16], "texture": "#3"},
				"up": {"uv": [0, 13.25, 0, 17.25], "texture": "#3"},
				"down": {"uv": [0, 13.25, 0, 17.25], "texture": "#3"}
			}
		},
		{
			"from": [8.5, 3.3, 13.2],
			"to": [9, 6.8, 16.8],
			"rotation": {"angle": 45, "axis": "y", "origin": [8, 15.025, 13]},
			"faces": {
				"north": {"uv": [2.875, 12.125, 2, 12.25], "rotation": 90, "texture": "#12"},
				"east": {"uv": [13, 2.125, 13.875, 3], "rotation": 270, "texture": "#12"},
				"south": {"uv": [2, 12.125, 2.875, 12.25], "rotation": 270, "texture": "#12"},
				"west": {"uv": [13, 2.125, 13.875, 3], "rotation": 270, "texture": "#12"},
				"up": {"uv": [2, 12, 2.875, 12.125], "rotation": 270, "texture": "#12"},
				"down": {"uv": [2, 12, 2.875, 12.125], "rotation": 270, "texture": "#12"}
			}
		},
		{
			"from": [7.5, 4, 2],
			"to": [7.5, 10, 8],
			"rotation": {"angle": 45, "axis": "y", "origin": [2, 7, 2]},
			"faces": {
				"north": {"uv": [0, 13.25, 0, 18.25], "texture": "#4"},
				"east": {"uv": [0, 10, 6, 16], "texture": "#4"},
				"south": {"uv": [0, 13.25, 0, 18.25], "texture": "#4"},
				"west": {"uv": [6, 10, 0, 16], "texture": "#4"},
				"up": {"uv": [0, 17.25, 0, 13.25], "texture": "#4"},
				"down": {"uv": [0, 17.25, 0, 13.25], "texture": "#4"}
			}
		},
		{
			"from": [9, 4, 0],
			"to": [15, 6, 2],
			"rotation": {"angle": -45, "axis": "y", "origin": [8, 15.025, 3]},
			"faces": {
				"north": {"uv": [1, 13.125, 0.5, 11.625], "rotation": 270, "texture": "#12"},
				"east": {"uv": [0.625, 11.625, 1.125, 11.125], "rotation": 270, "texture": "#12"},
				"south": {"uv": [0.5, 13.125, 1, 11.625], "rotation": 90, "texture": "#12"},
				"west": {"uv": [0.625, 11.625, 1.125, 11.125], "rotation": 270, "texture": "#12"},
				"up": {"uv": [0.5, 11.625, 0, 13.125], "rotation": 270, "texture": "#12"},
				"down": {"uv": [0, 11.625, 0.5, 13.125], "rotation": 270, "texture": "#12"}
			}
		},
		{
			"from": [15, 4.2, 0.2],
			"to": [15.5, 5.8, 1.8],
			"rotation": {"angle": -45, "axis": "y", "origin": [8, 15.025, 3]},
			"faces": {
				"north": {"uv": [2.875, 12.625, 3.25, 12.5], "rotation": 270, "texture": "#12"},
				"east": {"uv": [2.875, 13, 3.25, 12.625], "rotation": 270, "texture": "#12"},
				"south": {"uv": [2.875, 12.625, 3.25, 12.5], "rotation": 90, "texture": "#12"},
				"west": {"uv": [2.875, 13, 3.25, 12.625], "rotation": 270, "texture": "#12"},
				"up": {"uv": [3.25, 13, 2.875, 13.125], "rotation": 270, "texture": "#12"},
				"down": {"uv": [3.25, 13, 2.875, 13.125], "rotation": 270, "texture": "#12"}
			}
		},
		{
			"from": [8.5, 3.3, -0.8],
			"to": [9, 6.8, 2.8],
			"rotation": {"angle": -45, "axis": "y", "origin": [8, 15.025, 3]},
			"faces": {
				"north": {"uv": [2, 12.25, 2.875, 12.125], "rotation": 270, "texture": "#12"},
				"east": {"uv": [2, 13.125, 2.875, 12.25], "rotation": 270, "texture": "#12"},
				"south": {"uv": [2.875, 12.25, 2, 12.125], "rotation": 90, "texture": "#12"},
				"west": {"uv": [2, 13.125, 2.875, 12.25], "rotation": 270, "texture": "#12"},
				"up": {"uv": [2.875, 12, 2, 12.125], "rotation": 270, "texture": "#12"},
				"down": {"uv": [2.875, 12, 2, 12.125], "rotation": 270, "texture": "#12"}
			}
		},
		{
			"from": [-1, 9, 8],
			"to": [16, 16, 8],
			"rotation": {"angle": 0, "axis": "y", "origin": [16, 16, 0]},
			"faces": {
				"north": {"uv": [14.25, 11.75, 16, 16], "rotation": 90, "texture": "#14"},
				"east": {"uv": [0, 0, 1.75, 0], "rotation": 270, "texture": "#14"},
				"south": {"uv": [16, 11.75, 14.25, 16], "rotation": 270, "texture": "#14"},
				"west": {"uv": [0, 0, 1.75, 0], "rotation": 270, "texture": "#14"},
				"up": {"uv": [0, 0, 0, 2], "rotation": 270, "texture": "#14"},
				"down": {"uv": [0, 0, 0, 2], "rotation": 270, "texture": "#14"}
			}
		},
		{
			"from": [-1, 0, 8],
			"to": [16, 7, 8],
			"rotation": {"angle": 0, "axis": "y", "origin": [16, 0, 0]},
			"faces": {
				"north": {"uv": [16, 11.75, 14.25, 16], "rotation": 90, "texture": "#14"},
				"east": {"uv": [1.75, 0, 0, 0], "rotation": 270, "texture": "#14"},
				"south": {"uv": [14.25, 11.75, 16, 16], "rotation": 270, "texture": "#14"},
				"west": {"uv": [1.75, 0, 0, 0], "rotation": 270, "texture": "#14"},
				"up": {"uv": [0, 0, 0, 2], "rotation": 270, "texture": "#14"},
				"down": {"uv": [0, 0, 0, 2], "rotation": 270, "texture": "#14"}
			}
		},
		{
			"from": [1.1674, -2.31, 7.35],
			"to": [3.0474, 1.45, 8.29],
			"rotation": {"angle": 22.5, "axis": "z", "origin": [1.9637, -1.53578, 8.055]},
			"faces": {
				"north": {"uv": [0.5, 4.125, 0, 3.125], "rotation": 180, "texture": "#12"},
				"east": {"uv": [0.75, 4.125, 0.5, 3.125], "rotation": 180, "texture": "#12"},
				"south": {"uv": [0, 4.125, 0.5, 3.125], "rotation": 180, "texture": "#12"},
				"west": {"uv": [0.75, 4.125, 0.5, 3.125], "rotation": 180, "texture": "#12"},
				"up": {"uv": [0, 4.125, 0.5, 4.375], "texture": "#12"},
				"down": {"uv": [0, 4.125, 0.5, 4.375], "texture": "#12"}
			}
		},
		{
			"from": [1.35874, -3.60608, 7.162],
			"to": [3.23874, -1.72608, 8.572],
			"rotation": {"angle": 0, "axis": "y", "origin": [1.9637, -1.53578, 8.055]},
			"faces": {
				"north": {"uv": [0.5, 2.625, 0, 2.125], "rotation": 180, "texture": "#12"},
				"east": {"uv": [1.625, 2, 1.125, 1.5], "rotation": 180, "texture": "#12"},
				"south": {"uv": [0, 2.625, 0.5, 2.125], "rotation": 180, "texture": "#12"},
				"west": {"uv": [1.125, 2.5, 0.625, 2], "rotation": 180, "texture": "#12"},
				"up": {"uv": [0, 2.625, 0.5, 3.125], "texture": "#12"},
				"down": {"uv": [0, 2.625, 0.5, 3.125], "texture": "#12"}
			}
		},
		{
			"from": [0.6034, -5.036, 6.974],
			"to": [2.4834, -3.156, 8.76],
			"rotation": {"angle": 22.5, "axis": "z", "origin": [1.9637, -1.53578, 8.055]},
			"faces": {
				"north": {"uv": [1.625, 0.5, 1.125, 0], "rotation": 180, "texture": "#12"},
				"east": {"uv": [1.625, 2.5, 1.125, 2], "rotation": 180, "texture": "#12"},
				"south": {"uv": [1.125, 0.5, 1.625, 0], "rotation": 180, "texture": "#12"},
				"west": {"uv": [2.125, 0.5, 1.625, 0], "rotation": 180, "texture": "#12"},
				"up": {"uv": [1.25, 0.5, 1.75, 1], "texture": "#12"},
				"down": {"uv": [1.25, 0.5, 1.75, 1], "texture": "#12"}
			}
		},
		{
			"from": [3.45876, -4.98963, 6.88],
			"to": [5.33876, -3.10963, 8.854],
			"rotation": {"angle": -22.5, "axis": "z", "origin": [1.9637, -1.53578, 8.055]},
			"faces": {
				"north": {"uv": [1.25, 1, 0.75, 0.5], "rotation": 90, "texture": "#12"},
				"east": {"uv": [1.25, 1, 0.75, 0.5], "rotation": 90, "texture": "#12"},
				"south": {"uv": [1.25, 0.5, 0.75, 1], "rotation": 90, "texture": "#12"},
				"west": {"uv": [1.75, 1.5, 1.25, 1], "rotation": 90, "texture": "#12"},
				"up": {"uv": [1.625, 0.5, 2.125, 1], "rotation": 270, "texture": "#12"},
				"down": {"uv": [0.625, 2.5, 1.125, 3], "rotation": 270, "texture": "#12"}
			}
		},
		{
			"from": [3.70874, -6.05008, 6.786],
			"to": [5.58874, -4.17008, 8.948],
			"rotation": {"angle": 0, "axis": "y", "origin": [1.9637, -1.53578, 8.055]},
			"faces": {
				"north": {"uv": [1.125, 1.5, 0.625, 1], "rotation": 270, "texture": "#12"},
				"east": {"uv": [0.625, 2, 0, 1.5], "texture": "#12"},
				"south": {"uv": [0.625, 1.5, 1.125, 1], "rotation": 90, "texture": "#12"},
				"west": {"uv": [0.625, 2, 0, 1.5], "texture": "#12"},
				"up": {"uv": [0, 1, 0.625, 1.5], "rotation": 270, "texture": "#12"},
				"down": {"uv": [0, 1, 0.625, 1.5], "rotation": 270, "texture": "#12"}
			}
		},
		{
			"from": [-1.32626, -1.12269, 7.444],
			"to": [-0.38626, 0.56931, 8.196],
			"rotation": {"angle": -45, "axis": "z", "origin": [1.9637, -1.53578, 8.055]},
			"faces": {
				"north": {"uv": [0.5, 4.875, 0, 4.625], "rotation": 270, "texture": "#12"},
				"east": {"uv": [0, 4.375, 0.5, 4.625], "rotation": 270, "texture": "#12"},
				"south": {"uv": [0, 4.875, 0.5, 4.625], "rotation": 90, "texture": "#12"},
				"west": {"uv": [0, 4.375, 0.5, 4.625], "rotation": 270, "texture": "#12"},
				"up": {"uv": [0.75, 4.625, 0.5, 4.375], "rotation": 90, "texture": "#12"},
				"down": {"uv": [0.75, 4.625, 0.5, 4.375], "rotation": 90, "texture": "#12"}
			}
		},
		{
			"from": [-1.65064, 0.21378, 7.538],
			"to": [-0.24064, 1.71778, 8.102],
			"rotation": {"angle": -22.5, "axis": "z", "origin": [1.9637, -1.53578, 8.055]},
			"faces": {
				"north": {"uv": [0.375, 5.25, 0, 4.875], "rotation": 270, "texture": "#12"},
				"east": {"uv": [0.375, 5.375, 0, 5.25], "rotation": 90, "texture": "#12"},
				"south": {"uv": [0.375, 4.875, 0, 5.25], "rotation": 270, "texture": "#12"},
				"west": {"uv": [0.375, 5.375, 0, 5.25], "rotation": 90, "texture": "#12"},
				"up": {"uv": [0.375, 4.875, 0.5, 5.25], "rotation": 270, "texture": "#12"},
				"down": {"uv": [0.375, 4.875, 0.5, 5.25], "rotation": 270, "texture": "#12"}
			}
		},
		{
			"from": [-1.47387, 1.58216, 7.632],
			"to": [-0.06387, 2.89816, 8.008],
			"rotation": {"angle": 0, "axis": "y", "origin": [1.9637, -1.53578, 8.055]},
			"faces": {
				"north": {"uv": [1, 1.875, 0.625, 1.5], "rotation": 270, "texture": "#12"},
				"east": {"uv": [1, 2, 0.625, 1.875], "rotation": 90, "texture": "#12"},
				"south": {"uv": [1, 1.875, 0.625, 1.5], "rotation": 270, "texture": "#12"},
				"west": {"uv": [1, 2, 0.625, 1.875], "rotation": 90, "texture": "#12"},
				"up": {"uv": [1, 1.5, 1.125, 1.875], "rotation": 270, "texture": "#12"},
				"down": {"uv": [1, 1.5, 1.125, 1.875], "rotation": 270, "texture": "#12"}
			}
		},
		{
			"from": [0.54958, -3.38132, 7.35],
			"to": [2.42958, -2.44132, 8.29],
			"rotation": {"angle": -22.5, "axis": "z", "origin": [1.9637, -1.53578, 8.055]},
			"faces": {
				"north": {"uv": [0.25, 5.875, 0.5, 5.375], "rotation": 270, "texture": "#12"},
				"east": {"uv": [0.5, 5.375, 0.75, 5.625], "texture": "#12"},
				"south": {"uv": [0.25, 5.375, 0.5, 5.875], "rotation": 270, "texture": "#12"},
				"west": {"uv": [0.5, 5.375, 0.75, 5.625], "texture": "#12"},
				"up": {"uv": [0.25, 5.375, 0, 5.875], "rotation": 90, "texture": "#12"},
				"down": {"uv": [1.25, 5.375, 1, 5.875], "rotation": 90, "texture": "#12"}
			}
		},
		{
			"from": [0.71088, -3.66239, 7.444],
			"to": [1.65088, -2.91039, 8.196],
			"rotation": {"angle": -45, "axis": "z", "origin": [1.9637, -1.53578, 8.055]},
			"faces": {
				"north": {"uv": [1, 5.625, 0.75, 5.375], "rotation": 270, "texture": "#12"},
				"east": {"uv": [0.5, 5.625, 0.75, 5.875], "rotation": 270, "texture": "#12"},
				"south": {"uv": [0.75, 5.625, 1, 5.375], "rotation": 90, "texture": "#12"},
				"west": {"uv": [0.5, 5.625, 0.75, 5.875], "rotation": 270, "texture": "#12"},
				"up": {"uv": [1, 6, 0.75, 5.75], "rotation": 90, "texture": "#12"},
				"down": {"uv": [1.5, 5.625, 1.25, 5.375], "rotation": 90, "texture": "#12"}
			}
		},
		{
			"from": [0.2989, -3.56124, 7.632],
			"to": [0.7689, -3.09124, 8.008],
			"rotation": {"angle": -45, "axis": "z", "origin": [1.9637, -1.53578, 8.055]},
			"faces": {
				"north": {"uv": [0.75, 5.75, 0.875, 5.625], "texture": "#12"},
				"east": {"uv": [0.875, 5.625, 0.75, 5.75], "texture": "#12"},
				"south": {"uv": [0.75, 5.75, 0.875, 5.625], "rotation": 180, "texture": "#12"},
				"west": {"uv": [0.875, 5.625, 0.75, 5.75], "texture": "#12"},
				"up": {"uv": [0.75, 5.75, 0.875, 5.625], "rotation": 180, "texture": "#12"},
				"down": {"uv": [0.75, 5.75, 0.875, 5.625], "rotation": 180, "texture": "#12"}
			}
		},
		{
			"from": [-0.17298, -4.8286, 7.35],
			"to": [1.70702, -3.8886, 8.29],
			"rotation": {"angle": 22.5, "axis": "z", "origin": [1.9637, -1.53578, 8.055]},
			"faces": {
				"north": {"uv": [0.25, 5.875, 0.5, 5.375], "rotation": 270, "texture": "#12"},
				"east": {"uv": [0.5, 5.375, 0.75, 5.625], "texture": "#12"},
				"south": {"uv": [0.25, 5.375, 0.5, 5.875], "rotation": 270, "texture": "#12"},
				"west": {"uv": [0.5, 5.375, 0.75, 5.625], "texture": "#12"},
				"up": {"uv": [0.25, 5.375, 0, 5.875], "rotation": 90, "texture": "#12"},
				"down": {"uv": [1.25, 5.375, 1, 5.875], "rotation": 90, "texture": "#12"}
			}
		},
		{
			"from": [0.59717, -5.27602, 7.444],
			"to": [1.53717, -4.52402, 8.196],
			"rotation": {"angle": 0, "axis": "y", "origin": [1.9637, -1.53578, 8.055]},
			"faces": {
				"north": {"uv": [1, 5.625, 0.75, 5.375], "rotation": 270, "texture": "#12"},
				"east": {"uv": [0.75, 5.875, 0.5, 5.625], "rotation": 90, "texture": "#12"},
				"south": {"uv": [0.75, 5.625, 1, 5.375], "rotation": 90, "texture": "#12"},
				"west": {"uv": [0.75, 5.875, 0.5, 5.625], "rotation": 90, "texture": "#12"},
				"up": {"uv": [0.75, 5.75, 1, 6], "rotation": 270, "texture": "#12"},
				"down": {"uv": [1.25, 5.375, 1.5, 5.625], "rotation": 270, "texture": "#12"}
			}
		},
		{
			"from": [0.18519, -5.17486, 7.632],
			"to": [0.65519, -4.70486, 8.008],
			"rotation": {"angle": 0, "axis": "y", "origin": [1.9637, -1.53578, 8.055]},
			"faces": {
				"north": {"uv": [0.75, 5.75, 0.875, 5.625], "texture": "#12"},
				"east": {"uv": [0.75, 5.75, 0.875, 5.625], "rotation": 180, "texture": "#12"},
				"south": {"uv": [0.75, 5.75, 0.875, 5.625], "rotation": 180, "texture": "#12"},
				"west": {"uv": [0.75, 5.75, 0.875, 5.625], "rotation": 180, "texture": "#12"},
				"up": {"uv": [0.875, 5.625, 0.75, 5.75], "texture": "#12"},
				"down": {"uv": [0.875, 5.625, 0.75, 5.75], "texture": "#12"}
			}
		},
		{
			"from": [-6, 7, 7.5],
			"to": [6, 8, 8.5],
			"faces": {
				"north": {"uv": [7.5, 11.75, 7.75, 14.75], "rotation": 90, "texture": "#12"},
				"east": {"uv": [0, 0, 0.25, 0.25], "texture": "#12"},
				"south": {"uv": [7.5, 11.75, 7.75, 14.75], "rotation": 270, "texture": "#12"},
				"west": {"uv": [0, 0, 0.25, 0.25], "rotation": 180, "texture": "#12"},
				"up": {"uv": [8, 11.75, 7.75, 14.75], "rotation": 270, "texture": "#12"},
				"down": {"uv": [7.75, 11.75, 8, 14.75], "rotation": 270, "texture": "#12"}
			}
		},
		{
			"from": [17, 6, 8],
			"to": [21, 9, 8],
			"faces": {
				"north": {"uv": [2, 5, 2.75, 6], "rotation": 90, "texture": "#12"},
				"east": {"uv": [0, 0, 0.75, 0], "rotation": 270, "texture": "#12"},
				"south": {"uv": [2, 5, 2.75, 6], "rotation": 270, "texture": "#12"},
				"west": {"uv": [0, 0, 0.75, 0], "rotation": 270, "texture": "#12"},
				"up": {"uv": [0, 0, 0, 1], "rotation": 270, "texture": "#12"},
				"down": {"uv": [0, 0, 0, 1], "rotation": 270, "texture": "#12"}
			}
		},
		{
			"from": [17, 7.5, 6.5],
			"to": [21, 7.5, 9.5],
			"faces": {
				"north": {"uv": [0, 0, 0, 1], "rotation": 90, "texture": "#12"},
				"east": {"uv": [0, 0, 0.75, 0], "texture": "#12"},
				"south": {"uv": [0, 0, 0, 1], "rotation": 270, "texture": "#12"},
				"west": {"uv": [0, 0, 0.75, 0], "rotation": 180, "texture": "#12"},
				"up": {"uv": [2, 5, 2.75, 6], "rotation": 270, "texture": "#12"},
				"down": {"uv": [2, 5, 2.75, 6], "rotation": 270, "texture": "#12"}
			}
		},
		{
			"from": [6, 7, 7.5],
			"to": [18, 8, 8.5],
			"faces": {
				"north": {"uv": [7.5, 11.75, 7.75, 14.75], "rotation": 90, "texture": "#12"},
				"east": {"uv": [0, 0, 0.25, 0.25], "texture": "#12"},
				"south": {"uv": [7.5, 11.75, 7.75, 14.75], "rotation": 270, "texture": "#12"},
				"west": {"uv": [0, 0, 0.25, 0.25], "rotation": 180, "texture": "#12"},
				"up": {"uv": [8, 11.75, 7.75, 14.75], "rotation": 270, "texture": "#12"},
				"down": {"uv": [7.75, 11.75, 8, 14.75], "rotation": 270, "texture": "#12"}
			}
		},
		{
			"from": [-9, 7.5, 5],
			"to": [-5, 7.5, 10],
			"faces": {
				"north": {"uv": [0, 0, 0, 1], "rotation": 90, "texture": "#12"},
				"east": {"uv": [0, 0, 1.25, 0], "rotation": 180, "texture": "#12"},
				"south": {"uv": [0, 0, 0, 1], "rotation": 270, "texture": "#12"},
				"west": {"uv": [0, 0, 1.25, 0], "texture": "#12"},
				"up": {"uv": [2.75, 5, 4, 6], "rotation": 270, "texture": "#12"},
				"down": {"uv": [2.75, 5, 4, 6], "rotation": 270, "texture": "#12"}
			}
		},
		{
			"from": [1.1674, 14.55, 7.35],
			"to": [3.0474, 18.31, 8.29],
			"rotation": {"angle": -22.5, "axis": "z", "origin": [1.9637, 17.53578, 8.055]},
			"faces": {
				"north": {"uv": [0.5, 3.125, 0, 4.125], "rotation": 180, "texture": "#12"},
				"east": {"uv": [0.75, 3.125, 0.5, 4.125], "rotation": 180, "texture": "#12"},
				"south": {"uv": [0, 3.125, 0.5, 4.125], "rotation": 180, "texture": "#12"},
				"west": {"uv": [0.75, 3.125, 0.5, 4.125], "rotation": 180, "texture": "#12"},
				"up": {"uv": [0, 4.375, 0.5, 4.125], "texture": "#12"},
				"down": {"uv": [0, 4.375, 0.5, 4.125], "texture": "#12"}
			}
		},
		{
			"from": [1.35874, 17.72608, 7.162],
			"to": [3.23874, 19.60608, 8.572],
			"rotation": {"angle": 0, "axis": "y", "origin": [1.9637, 17.53578, 8.055]},
			"faces": {
				"north": {"uv": [0.5, 2.125, 0, 2.625], "rotation": 180, "texture": "#12"},
				"east": {"uv": [1.625, 1.5, 1.125, 2], "rotation": 180, "texture": "#12"},
				"south": {"uv": [0, 2.125, 0.5, 2.625], "rotation": 180, "texture": "#12"},
				"west": {"uv": [1.125, 2, 0.625, 2.5], "rotation": 180, "texture": "#12"},
				"up": {"uv": [0, 3.125, 0.5, 2.625], "texture": "#12"},
				"down": {"uv": [0, 3.125, 0.5, 2.625], "texture": "#12"}
			}
		},
		{
			"from": [0.6034, 19.156, 6.974],
			"to": [2.4834, 21.036, 8.76],
			"rotation": {"angle": -22.5, "axis": "z", "origin": [1.9637, 17.53578, 8.055]},
			"faces": {
				"north": {"uv": [1.625, 0, 1.125, 0.5], "rotation": 180, "texture": "#12"},
				"east": {"uv": [1.625, 2, 1.125, 2.5], "rotation": 180, "texture": "#12"},
				"south": {"uv": [1.125, 0, 1.625, 0.5], "rotation": 180, "texture": "#12"},
				"west": {"uv": [2.125, 0, 1.625, 0.5], "rotation": 180, "texture": "#12"},
				"up": {"uv": [1.25, 1, 1.75, 0.5], "texture": "#12"},
				"down": {"uv": [1.25, 1, 1.75, 0.5], "texture": "#12"}
			}
		},
		{
			"from": [3.45876, 19.10963, 6.88],
			"to": [5.33876, 20.98963, 8.854],
			"rotation": {"angle": 22.5, "axis": "z", "origin": [1.9637, 17.53578, 8.055]},
			"faces": {
				"north": {"uv": [0.75, 1, 1.25, 0.5], "rotation": 90, "texture": "#12"},
				"east": {"uv": [0.75, 1, 1.25, 0.5], "rotation": 90, "texture": "#12"},
				"south": {"uv": [0.75, 0.5, 1.25, 1], "rotation": 90, "texture": "#12"},
				"west": {"uv": [1.25, 1.5, 1.75, 1], "rotation": 90, "texture": "#12"},
				"up": {"uv": [1.125, 2.5, 0.625, 3], "rotation": 270, "texture": "#12"},
				"down": {"uv": [2.125, 0.5, 1.625, 1], "rotation": 270, "texture": "#12"}
			}
		},
		{
			"from": [3.70874, 20.17008, 6.786],
			"to": [5.58874, 22.05008, 8.948],
			"rotation": {"angle": 0, "axis": "y", "origin": [1.9637, 17.53578, 8.055]},
			"faces": {
				"north": {"uv": [0.625, 1.5, 1.125, 1], "rotation": 270, "texture": "#12"},
				"east": {"uv": [0.625, 1.5, 0, 2], "texture": "#12"},
				"south": {"uv": [1.125, 1.5, 0.625, 1], "rotation": 90, "texture": "#12"},
				"west": {"uv": [0.625, 1.5, 0, 2], "texture": "#12"},
				"up": {"uv": [0.625, 1, 0, 1.5], "rotation": 270, "texture": "#12"},
				"down": {"uv": [0.625, 1, 0, 1.5], "rotation": 270, "texture": "#12"}
			}
		},
		{
			"from": [-1.32626, 15.43069, 7.444],
			"to": [-0.38626, 17.12269, 8.196],
			"rotation": {"angle": 45, "axis": "z", "origin": [1.9637, 17.53578, 8.055]},
			"faces": {
				"north": {"uv": [0, 4.875, 0.5, 4.625], "rotation": 270, "texture": "#12"},
				"east": {"uv": [0.5, 4.375, 0, 4.625], "rotation": 270, "texture": "#12"},
				"south": {"uv": [0.5, 4.875, 0, 4.625], "rotation": 90, "texture": "#12"},
				"west": {"uv": [0.5, 4.375, 0, 4.625], "rotation": 270, "texture": "#12"},
				"up": {"uv": [0.5, 4.625, 0.75, 4.375], "rotation": 90, "texture": "#12"},
				"down": {"uv": [0.5, 4.625, 0.75, 4.375], "rotation": 90, "texture": "#12"}
			}
		},
		{
			"from": [-1.65064, 14.28222, 7.538],
			"to": [-0.24064, 15.78622, 8.102],
			"rotation": {"angle": 22.5, "axis": "z", "origin": [1.9637, 17.53578, 8.055]},
			"faces": {
				"north": {"uv": [0, 5.25, 0.375, 4.875], "rotation": 270, "texture": "#12"},
				"east": {"uv": [0, 5.375, 0.375, 5.25], "rotation": 90, "texture": "#12"},
				"south": {"uv": [0, 4.875, 0.375, 5.25], "rotation": 270, "texture": "#12"},
				"west": {"uv": [0, 5.375, 0.375, 5.25], "rotation": 90, "texture": "#12"},
				"up": {"uv": [0.5, 4.875, 0.375, 5.25], "rotation": 270, "texture": "#12"},
				"down": {"uv": [0.5, 4.875, 0.375, 5.25], "rotation": 270, "texture": "#12"}
			}
		},
		{
			"from": [-1.47387, 13.10184, 7.632],
			"to": [-0.06387, 14.41784, 8.008],
			"rotation": {"angle": 0, "axis": "y", "origin": [1.9637, 17.53578, 8.055]},
			"faces": {
				"north": {"uv": [0.625, 1.875, 1, 1.5], "rotation": 270, "texture": "#12"},
				"east": {"uv": [0.625, 2, 1, 1.875], "rotation": 90, "texture": "#12"},
				"south": {"uv": [0.625, 1.875, 1, 1.5], "rotation": 270, "texture": "#12"},
				"west": {"uv": [0.625, 2, 1, 1.875], "rotation": 90, "texture": "#12"},
				"up": {"uv": [1.125, 1.5, 1, 1.875], "rotation": 270, "texture": "#12"},
				"down": {"uv": [1.125, 1.5, 1, 1.875], "rotation": 270, "texture": "#12"}
			}
		},
		{
			"from": [0.54958, 18.44132, 7.35],
			"to": [2.42958, 19.38132, 8.29],
			"rotation": {"angle": 22.5, "axis": "z", "origin": [1.9637, 17.53578, 8.055]},
			"faces": {
				"north": {"uv": [0.5, 5.875, 0.25, 5.375], "rotation": 270, "texture": "#12"},
				"east": {"uv": [0.5, 5.625, 0.75, 5.375], "texture": "#12"},
				"south": {"uv": [0.5, 5.375, 0.25, 5.875], "rotation": 270, "texture": "#12"},
				"west": {"uv": [0.5, 5.625, 0.75, 5.375], "texture": "#12"},
				"up": {"uv": [1, 5.375, 1.25, 5.875], "rotation": 90, "texture": "#12"},
				"down": {"uv": [0, 5.375, 0.25, 5.875], "rotation": 90, "texture": "#12"}
			}
		},
		{
			"from": [0.71088, 18.91039, 7.444],
			"to": [1.65088, 19.66239, 8.196],
			"rotation": {"angle": 45, "axis": "z", "origin": [1.9637, 17.53578, 8.055]},
			"faces": {
				"north": {"uv": [0.75, 5.625, 1, 5.375], "rotation": 270, "texture": "#12"},
				"east": {"uv": [0.75, 5.625, 0.5, 5.875], "rotation": 270, "texture": "#12"},
				"south": {"uv": [1, 5.625, 0.75, 5.375], "rotation": 90, "texture": "#12"},
				"west": {"uv": [0.75, 5.625, 0.5, 5.875], "rotation": 270, "texture": "#12"},
				"up": {"uv": [1.25, 5.625, 1.5, 5.375], "rotation": 90, "texture": "#12"},
				"down": {"uv": [0.75, 6, 1, 5.75], "rotation": 90, "texture": "#12"}
			}
		},
		{
			"from": [0.2989, 19.09124, 7.632],
			"to": [0.7689, 19.56124, 8.008],
			"rotation": {"angle": 45, "axis": "z", "origin": [1.9637, 17.53578, 8.055]},
			"faces": {
				"north": {"uv": [0.75, 5.625, 0.875, 5.75], "texture": "#12"},
				"east": {"uv": [0.875, 5.75, 0.75, 5.625], "texture": "#12"},
				"south": {"uv": [0.75, 5.625, 0.875, 5.75], "rotation": 180, "texture": "#12"},
				"west": {"uv": [0.875, 5.75, 0.75, 5.625], "texture": "#12"},
				"up": {"uv": [0.75, 5.625, 0.875, 5.75], "rotation": 180, "texture": "#12"},
				"down": {"uv": [0.75, 5.625, 0.875, 5.75], "rotation": 180, "texture": "#12"}
			}
		},
		{
			"from": [-0.17298, 19.8886, 7.35],
			"to": [1.70702, 20.8286, 8.29],
			"rotation": {"angle": -22.5, "axis": "z", "origin": [1.9637, 17.53578, 8.055]},
			"faces": {
				"north": {"uv": [0.5, 5.875, 0.25, 5.375], "rotation": 270, "texture": "#12"},
				"east": {"uv": [0.5, 5.625, 0.75, 5.375], "texture": "#12"},
				"south": {"uv": [0.5, 5.375, 0.25, 5.875], "rotation": 270, "texture": "#12"},
				"west": {"uv": [0.5, 5.625, 0.75, 5.375], "texture": "#12"},
				"up": {"uv": [1, 5.375, 1.25, 5.875], "rotation": 90, "texture": "#12"},
				"down": {"uv": [0, 5.375, 0.25, 5.875], "rotation": 90, "texture": "#12"}
			}
		},
		{
			"from": [0.59717, 20.52402, 7.444],
			"to": [1.53717, 21.27602, 8.196],
			"rotation": {"angle": 0, "axis": "y", "origin": [1.9637, 17.53578, 8.055]},
			"faces": {
				"north": {"uv": [0.75, 5.625, 1, 5.375], "rotation": 270, "texture": "#12"},
				"east": {"uv": [0.5, 5.875, 0.75, 5.625], "rotation": 90, "texture": "#12"},
				"south": {"uv": [1, 5.625, 0.75, 5.375], "rotation": 90, "texture": "#12"},
				"west": {"uv": [0.5, 5.875, 0.75, 5.625], "rotation": 90, "texture": "#12"},
				"up": {"uv": [1.5, 5.375, 1.25, 5.625], "rotation": 270, "texture": "#12"},
				"down": {"uv": [1, 5.75, 0.75, 6], "rotation": 270, "texture": "#12"}
			}
		},
		{
			"from": [0.18519, 20.70486, 7.632],
			"to": [0.65519, 21.17486, 8.008],
			"rotation": {"angle": 0, "axis": "y", "origin": [1.9637, 17.53578, 8.055]},
			"faces": {
				"north": {"uv": [0.75, 5.625, 0.875, 5.75], "texture": "#12"},
				"east": {"uv": [0.75, 5.625, 0.875, 5.75], "rotation": 180, "texture": "#12"},
				"south": {"uv": [0.75, 5.625, 0.875, 5.75], "rotation": 180, "texture": "#12"},
				"west": {"uv": [0.75, 5.625, 0.875, 5.75], "rotation": 180, "texture": "#12"},
				"up": {"uv": [0.875, 5.75, 0.75, 5.625], "texture": "#12"},
				"down": {"uv": [0.875, 5.75, 0.75, 5.625], "texture": "#12"}
			}
		}
	],
	"gui_light": "front",
	"display": {
		"thirdperson_righthand": {
			"rotation": [0, 90, 0],
			"translation": [0.25, -2, 6],
			"scale": [0.7, 0.7, 0.7]
		},
		"thirdperson_lefthand": {
			"rotation": [0, -90, 0],
			"translation": [0.25, -2, 6],
			"scale": [0.7, 0.7, 0.7]
		},
		"firstperson_righthand": {
			"rotation": [-155.25, 88, 150],
			"translation": [0.5, 5, 0.5],
			"scale": [0.5, 0.5, 0.5]
		},
		"firstperson_lefthand": {
			"rotation": [160, -84, 150],
			"translation": [0.5, 5, 0.5],
			"scale": [0.5, 0.5, 0.5]
		},
		"ground": {
			"translation": [0, 9.75, 0],
			"scale": [0.5, 0.5, 0.5]
		},
		"gui": {
			"rotation": [0, 0, -45],
			"translation": [0.25, -0.25, -2],
			"scale": [0.46, 0.46, 0.46]
		},
		"head": {
			"rotation": [-135.5, 0, 0],
			"translation": [0, 20.5, 4.75],
			"scale": [0, 0, 0]
		},
		"fixed": {
			"rotation": [-179.35, 0.75, -180],
			"translation": [0.25, -1, -2.75],
			"scale": [1.5, 1.5, 1.5]
		}
	},
	"groups": [
		{
			"name": "Bow",
			"origin": [1, 14.1, 16],
			"color": 0,
			"children": []
		},
		{
			"name": "group",
			"origin": [9, 22.27733, 9.53785],
			"color": 0,
			"children": []
		},
		0,
		1,
		2,
		3,
		{
			"name": "group",
			"origin": [0, 2, 0],
			"color": 0,
			"children": [4, 5, 6, 7]
		},
		{
			"name": "Skull",
			"origin": [9.66036, 2.875, 3.125],
			"color": 0,
			"children": [8, 9, 10, 11, 12]
		},
		{
			"name": "Skull",
			"origin": [9.66036, 2.875, 3.125],
			"color": 0,
			"children": [13, 14, 15, 16, 17]
		},
		{
			"name": "group",
			"origin": [0, 2, 0],
			"color": 0,
			"children": []
		},
		18,
		19,
		20,
		21,
		22,
		23,
		24,
		25,
		26,
		27,
		{
			"name": "Medicine",
			"origin": [0, 0, 0],
			"color": 0,
			"children": [28, 29, 30, 31]
		},
		{
			"name": "Medicine",
			"origin": [0, 0, 0],
			"color": 0,
			"children": [32, 33, 34, 35]
		},
		36,
		37,
		{
			"name": "Horn",
			"origin": [5, 18.5, 4.5],
			"color": 0,
			"children": [
				38,
				39,
				40,
				41,
				42,
				43,
				44,
				45,
				{
					"name": "group",
					"origin": [3.7, 15.2, 3.2],
					"color": 0,
					"children": [
						46,
						47,
						48,
						{
							"name": "group",
							"origin": [3.7, 15.2, 3.2],
							"color": 0,
							"children": [49, 50, 51]
						}
					]
				}
			]
		},
		{
			"name": "Arrow",
			"origin": [0, 0, 0],
			"color": 0,
			"children": [52, 53, 54, 55, 56]
		},
		{
			"name": "Horn",
			"origin": [5, 18.5, 4.5],
			"color": 0,
			"children": [
				57,
				58,
				59,
				60,
				61,
				62,
				63,
				64,
				{
					"name": "group",
					"origin": [3.7, 15.2, 3.2],
					"color": 0,
					"children": [
						65,
						66,
						67,
						{
							"name": "group",
							"origin": [3.7, 15.2, 3.2],
							"color": 0,
							"children": [68, 69, 70]
						}
					]
				}
			]
		}
	]
}