{
	"credit": "Made with Blockbench",
	"texture_size": [64, 64],
	"textures": {
		"1": "item/goblin_weapon_set/goblintex2",
		"2": "item/goblin_weapon_set/goblintex1",
		"3": "item/goblin_weapon_set/green_line2_animation",
		"7": "item/goblin_weapon_set/rope_animation",
		"particle": "item/goblin_weapon_set/goblintex2"
	},
	"elements": [
		{
			"from": [7, -4, 7],
			"to": [9, 5, 9],
			"faces": {
				"north": {"uv": [4.5, 5.25, 5, 8.5], "texture": "#1"},
				"east": {"uv": [5, 5.25, 5.5, 8.5], "texture": "#1"},
				"south": {"uv": [4.5, 5.25, 5, 8.5], "texture": "#1"},
				"west": {"uv": [5, 5.25, 5.5, 8.5], "texture": "#1"},
				"up": {"uv": [7, 5.75, 6.5, 5.25], "texture": "#1"},
				"down": {"uv": [6, 6.5, 5.5, 7], "texture": "#1"}
			}
		},
		{
			"from": [4.9, 0.4, 6],
			"to": [4.9, 3.4, 10],
			"rotation": {"angle": 0, "axis": "y", "origin": [6, 1.5, 8]},
			"faces": {
				"north": {"uv": [0, 0, 0, 0.75], "texture": "#1"},
				"east": {"uv": [7.5, 3, 6.5, 3.75], "texture": "#1"},
				"south": {"uv": [0, 0, 0, 0.75], "texture": "#1"},
				"west": {"uv": [6.5, 3, 7.5, 3.75], "texture": "#1"},
				"up": {"uv": [1, 0, 0, 0], "rotation": 90, "texture": "#1"},
				"down": {"uv": [1, 0, 0, 0], "rotation": 270, "texture": "#1"}
			}
		},
		{
			"from": [5.4, 3, 6],
			"to": [5.4, 6, 10],
			"rotation": {"angle": -22.5, "axis": "z", "origin": [6, 4.5, 8]},
			"faces": {
				"north": {"uv": [0, 0, 0, 0.75], "texture": "#1"},
				"east": {"uv": [7.5, 4.5, 6.5, 5.25], "texture": "#1"},
				"south": {"uv": [0, 0, 0, 0.75], "texture": "#1"},
				"west": {"uv": [6.5, 4.5, 7.5, 5.25], "texture": "#1"},
				"up": {"uv": [1, 0, 0, 0], "rotation": 90, "texture": "#1"},
				"down": {"uv": [1, 0, 0, 0], "rotation": 270, "texture": "#1"}
			}
		},
		{
			"from": [6, 3, 5.4],
			"to": [10, 6, 5.4],
			"rotation": {"angle": 22.5, "axis": "x", "origin": [8, 4.5, 6]},
			"faces": {
				"north": {"uv": [7.5, 4.5, 6.5, 5.25], "texture": "#1"},
				"east": {"uv": [0, 0, 0, 0.75], "texture": "#1"},
				"south": {"uv": [6.5, 4.5, 7.5, 5.25], "texture": "#1"},
				"west": {"uv": [0, 0, 0, 0.75], "texture": "#1"},
				"up": {"uv": [1, 0, 0, 0], "texture": "#1"},
				"down": {"uv": [1, 0, 0, 0], "texture": "#1"}
			}
		},
		{
			"from": [6, 0.4, 4.9],
			"to": [10, 3.4, 4.9],
			"rotation": {"angle": 0, "axis": "y", "origin": [8, 1.5, 6]},
			"faces": {
				"north": {"uv": [7.5, 3, 6.5, 3.75], "texture": "#1"},
				"east": {"uv": [0, 0, 0, 0.75], "texture": "#1"},
				"south": {"uv": [6.5, 3, 7.5, 3.75], "texture": "#1"},
				"west": {"uv": [0, 0, 0, 0.75], "texture": "#1"},
				"up": {"uv": [1, 0, 0, 0], "texture": "#1"},
				"down": {"uv": [1, 0, 0, 0], "texture": "#1"}
			}
		},
		{
			"from": [6, 0.4, 11.1],
			"to": [10, 3.4, 11.1],
			"rotation": {"angle": 0, "axis": "y", "origin": [8, 1.5, 10]},
			"faces": {
				"north": {"uv": [7.5, 3, 6.5, 3.75], "texture": "#1"},
				"east": {"uv": [0, 0, 0, 0.75], "texture": "#1"},
				"south": {"uv": [6.5, 3, 7.5, 3.75], "texture": "#1"},
				"west": {"uv": [0, 0, 0, 0.75], "texture": "#1"},
				"up": {"uv": [1, 0, 0, 0], "texture": "#1"},
				"down": {"uv": [1, 0, 0, 0], "texture": "#1"}
			}
		},
		{
			"from": [6, 3, 10.6],
			"to": [10, 6, 10.6],
			"rotation": {"angle": -22.5, "axis": "x", "origin": [8, 4.5, 10]},
			"faces": {
				"north": {"uv": [7.5, 4.5, 6.5, 5.25], "texture": "#1"},
				"east": {"uv": [0, 0, 0, 0.75], "texture": "#1"},
				"south": {"uv": [6.5, 4.5, 7.5, 5.25], "texture": "#1"},
				"west": {"uv": [0, 0, 0, 0.75], "texture": "#1"},
				"up": {"uv": [1, 0, 0, 0], "texture": "#1"},
				"down": {"uv": [1, 0, 0, 0], "texture": "#1"}
			}
		},
		{
			"from": [10.6, 3, 6],
			"to": [10.6, 6, 10],
			"rotation": {"angle": 22.5, "axis": "z", "origin": [10, 4.5, 8]},
			"faces": {
				"north": {"uv": [0, 0, 0, 0.75], "texture": "#1"},
				"east": {"uv": [7.5, 4.5, 6.5, 5.25], "texture": "#1"},
				"south": {"uv": [0, 0, 0, 0.75], "texture": "#1"},
				"west": {"uv": [6.5, 4.5, 7.5, 5.25], "texture": "#1"},
				"up": {"uv": [1, 0, 0, 0], "rotation": 90, "texture": "#1"},
				"down": {"uv": [1, 0, 0, 0], "rotation": 270, "texture": "#1"}
			}
		},
		{
			"from": [11.1, 0.4, 6],
			"to": [11.1, 3.4, 10],
			"rotation": {"angle": 0, "axis": "y", "origin": [10, 1.5, 8]},
			"faces": {
				"north": {"uv": [0, 0, 0, 0.75], "texture": "#1"},
				"east": {"uv": [7.5, 3, 6.5, 3.75], "texture": "#1"},
				"south": {"uv": [0, 0, 0, 0.75], "texture": "#1"},
				"west": {"uv": [6.5, 3, 7.5, 3.75], "texture": "#1"},
				"up": {"uv": [1, 0, 0, 0], "rotation": 90, "texture": "#1"},
				"down": {"uv": [1, 0, 0, 0], "rotation": 270, "texture": "#1"}
			}
		},
		{
			"from": [6, 5, 6],
			"to": [10, 10, 10],
			"faces": {
				"north": {"uv": [5, 8.625, 6, 9.875], "texture": "#2"},
				"east": {"uv": [5, 8.625, 6, 9.875], "texture": "#2"},
				"south": {"uv": [5, 8.625, 6, 9.875], "texture": "#2"},
				"west": {"uv": [5, 8.625, 6, 9.875], "texture": "#2"},
				"up": {"uv": [5.25, 11.875, 6.25, 12.875], "rotation": 90, "texture": "#2"},
				"down": {"uv": [5.25, 11.875, 6.25, 12.875], "rotation": 270, "texture": "#2"}
			}
		},
		{
			"from": [7, 10, 6],
			"to": [9, 14, 10],
			"faces": {
				"north": {"uv": [4.5, 4.25, 5, 5.25], "texture": "#1"},
				"east": {"uv": [5.5, 5.375, 6.5, 6.375], "texture": "#1"},
				"south": {"uv": [4.5, 4.25, 5, 5.25], "texture": "#1"},
				"west": {"uv": [5.5, 5.375, 6.5, 6.375], "texture": "#1"},
				"up": {"uv": [5.5, 8, 6.5, 8.5], "rotation": 90, "texture": "#1"},
				"down": {"uv": [5.5, 8, 6.5, 8.5], "rotation": 270, "texture": "#1"}
			}
		},
		{
			"from": [6, 14, 5],
			"to": [10, 18, 11],
			"faces": {
				"north": {"uv": [12.5, 0.25, 13.5, 1.25], "texture": "#1"},
				"east": {"uv": [12.5, 1.25, 13.5, 2.75], "rotation": 90, "texture": "#1"},
				"south": {"uv": [12.5, 0.25, 13.5, 1.25], "texture": "#1"},
				"west": {"uv": [12.5, 1.25, 13.5, 2.75], "rotation": 90, "texture": "#1"},
				"up": {"uv": [9, 4, 10.5, 5], "rotation": 270, "texture": "#1"},
				"down": {"uv": [9, 4, 10.5, 5], "rotation": 90, "texture": "#1"}
			}
		},
		{
			"from": [-0.5, 4.5, 8],
			"to": [7.5, 20.5, 8],
			"faces": {
				"north": {"uv": [8, 0, 16, 16], "texture": "#7"},
				"east": {"uv": [0, 0, 0, 8], "texture": "#7"},
				"south": {"uv": [16, 0, 8, 16], "texture": "#7"},
				"west": {"uv": [0, 0, 0, 8], "texture": "#7"},
				"up": {"uv": [0, 0, 4, 0], "texture": "#7"},
				"down": {"uv": [0, 0, 4, 0], "texture": "#7"}
			}
		},
		{
			"from": [7, 18, 3],
			"to": [9, 20, 5],
			"rotation": {"angle": 0, "axis": "y", "origin": [3.5, 20, 8]},
			"faces": {
				"north": {"uv": [4.75, 15.5, 4.25, 16], "rotation": 270, "texture": "#1"},
				"east": {"uv": [4.25, 15, 3.75, 15.5], "rotation": 180, "texture": "#1"},
				"south": {"uv": [4.75, 15.5, 4.25, 16], "rotation": 90, "texture": "#1"},
				"west": {"uv": [4.25, 15, 3.75, 15.5], "texture": "#1"},
				"up": {"uv": [4.25, 15, 3.75, 15.5], "rotation": 90, "texture": "#1"},
				"down": {"uv": [3.75, 15, 4.25, 15.5], "rotation": 90, "texture": "#1"}
			}
		},
		{
			"from": [7, 18, 11],
			"to": [9, 20, 13],
			"rotation": {"angle": 0, "axis": "y", "origin": [12.5, 20, 8]},
			"faces": {
				"north": {"uv": [4.75, 15.5, 4.25, 16], "rotation": 90, "texture": "#1"},
				"east": {"uv": [4.25, 15, 3.75, 15.5], "texture": "#1"},
				"south": {"uv": [4.75, 15.5, 4.25, 16], "rotation": 270, "texture": "#1"},
				"west": {"uv": [4.25, 15, 3.75, 15.5], "rotation": 180, "texture": "#1"},
				"up": {"uv": [3.75, 15.5, 4.25, 15], "rotation": 90, "texture": "#1"},
				"down": {"uv": [4.25, 15.5, 3.75, 15], "rotation": 90, "texture": "#1"}
			}
		},
		{
			"from": [6.7, 10.7, 4],
			"to": [9.3, 13.3, 5],
			"faces": {
				"north": {"uv": [0, 10.75, 0.625, 11.375], "rotation": 270, "texture": "#2"},
				"east": {"uv": [0.625, 10.5, 0, 10.75], "rotation": 90, "texture": "#2"},
				"south": {"uv": [0, 10.75, 0.625, 11.375], "rotation": 270, "texture": "#2"},
				"west": {"uv": [0.625, 10.5, 0, 10.75], "rotation": 270, "texture": "#2"},
				"up": {"uv": [0.625, 11.375, 0, 11.625], "texture": "#2"},
				"down": {"uv": [0.625, 11.375, 0, 11.625], "rotation": 180, "texture": "#2"}
			}
		},
		{
			"from": [7, 11, 5],
			"to": [9, 13, 6],
			"faces": {
				"north": {"uv": [3.375, 12.125, 3.875, 12.625], "rotation": 270, "texture": "#2"},
				"east": {"uv": [3.375, 12.875, 3.875, 13.125], "rotation": 90, "texture": "#2"},
				"south": {"uv": [3.375, 12.125, 3.875, 12.625], "rotation": 270, "texture": "#2"},
				"west": {"uv": [3.375, 12.875, 3.875, 13.125], "rotation": 270, "texture": "#2"},
				"up": {"uv": [3.375, 12.625, 3.875, 12.875], "texture": "#2"},
				"down": {"uv": [3.875, 12.625, 3.375, 12.875], "rotation": 180, "texture": "#2"}
			}
		},
		{
			"from": [7, 7, 5],
			"to": [9, 9, 6],
			"faces": {
				"north": {"uv": [3.375, 12.125, 3.875, 12.625], "rotation": 270, "texture": "#2"},
				"east": {"uv": [3.375, 12.875, 3.875, 13.125], "rotation": 90, "texture": "#2"},
				"south": {"uv": [3.375, 12.125, 3.875, 12.625], "rotation": 270, "texture": "#2"},
				"west": {"uv": [3.375, 12.875, 3.875, 13.125], "rotation": 270, "texture": "#2"},
				"up": {"uv": [3.375, 12.625, 3.875, 12.875], "texture": "#2"},
				"down": {"uv": [3.875, 12.625, 3.375, 12.875], "rotation": 180, "texture": "#2"}
			}
		},
		{
			"from": [6.7, 6.7, 4],
			"to": [9.3, 9.3, 5],
			"faces": {
				"north": {"uv": [0, 10.75, 0.625, 11.375], "rotation": 270, "texture": "#2"},
				"east": {"uv": [0.625, 10.5, 0, 10.75], "rotation": 90, "texture": "#2"},
				"south": {"uv": [0, 10.75, 0.625, 11.375], "rotation": 270, "texture": "#2"},
				"west": {"uv": [0.625, 10.5, 0, 10.75], "rotation": 270, "texture": "#2"},
				"up": {"uv": [0.625, 11.375, 0, 11.625], "texture": "#2"},
				"down": {"uv": [0.625, 11.375, 0, 11.625], "rotation": 180, "texture": "#2"}
			}
		},
		{
			"from": [6.7, 10.7, 11],
			"to": [9.3, 13.3, 12],
			"rotation": {"angle": 0, "axis": "y", "origin": [0, 0, 16]},
			"faces": {
				"north": {"uv": [0, 11.375, 0.625, 10.75], "rotation": 270, "texture": "#2"},
				"east": {"uv": [0.625, 10.75, 0, 10.5], "rotation": 90, "texture": "#2"},
				"south": {"uv": [0, 11.375, 0.625, 10.75], "rotation": 270, "texture": "#2"},
				"west": {"uv": [0.625, 10.75, 0, 10.5], "rotation": 270, "texture": "#2"},
				"up": {"uv": [0.625, 11.625, 0, 11.375], "texture": "#2"},
				"down": {"uv": [0.625, 11.625, 0, 11.375], "rotation": 180, "texture": "#2"}
			}
		},
		{
			"from": [7, 11, 10],
			"to": [9, 13, 11],
			"rotation": {"angle": 0, "axis": "y", "origin": [0, 0, 16]},
			"faces": {
				"north": {"uv": [3.375, 12.625, 3.875, 12.125], "rotation": 270, "texture": "#2"},
				"east": {"uv": [3.375, 13.125, 3.875, 12.875], "rotation": 90, "texture": "#2"},
				"south": {"uv": [3.375, 12.625, 3.875, 12.125], "rotation": 270, "texture": "#2"},
				"west": {"uv": [3.375, 13.125, 3.875, 12.875], "rotation": 270, "texture": "#2"},
				"up": {"uv": [3.375, 12.875, 3.875, 12.625], "texture": "#2"},
				"down": {"uv": [3.875, 12.875, 3.375, 12.625], "rotation": 180, "texture": "#2"}
			}
		},
		{
			"from": [7, 7, 10],
			"to": [9, 9, 11],
			"rotation": {"angle": 0, "axis": "y", "origin": [0, 0, 16]},
			"faces": {
				"north": {"uv": [3.375, 12.625, 3.875, 12.125], "rotation": 270, "texture": "#2"},
				"east": {"uv": [3.375, 13.125, 3.875, 12.875], "rotation": 90, "texture": "#2"},
				"south": {"uv": [3.375, 12.625, 3.875, 12.125], "rotation": 270, "texture": "#2"},
				"west": {"uv": [3.375, 13.125, 3.875, 12.875], "rotation": 270, "texture": "#2"},
				"up": {"uv": [3.375, 12.875, 3.875, 12.625], "texture": "#2"},
				"down": {"uv": [3.875, 12.875, 3.375, 12.625], "rotation": 180, "texture": "#2"}
			}
		},
		{
			"from": [6.7, 6.7, 11],
			"to": [9.3, 9.3, 12],
			"rotation": {"angle": 0, "axis": "y", "origin": [0, 0, 16]},
			"faces": {
				"north": {"uv": [0, 11.375, 0.625, 10.75], "rotation": 270, "texture": "#2"},
				"east": {"uv": [0.625, 10.75, 0, 10.5], "rotation": 90, "texture": "#2"},
				"south": {"uv": [0, 11.375, 0.625, 10.75], "rotation": 270, "texture": "#2"},
				"west": {"uv": [0.625, 10.75, 0, 10.5], "rotation": 270, "texture": "#2"},
				"up": {"uv": [0.625, 11.625, 0, 11.375], "texture": "#2"},
				"down": {"uv": [0.625, 11.625, 0, 11.375], "rotation": 180, "texture": "#2"}
			}
		},
		{
			"from": [6, 14, 5],
			"to": [10, 18, 11],
			"faces": {
				"north": {"uv": [12.5, 0.25, 13.5, 1.25], "texture": "#1"},
				"east": {"uv": [12.5, 1.25, 13.5, 2.75], "rotation": 90, "texture": "#1"},
				"south": {"uv": [12.5, 0.25, 13.5, 1.25], "texture": "#1"},
				"west": {"uv": [12.5, 1.25, 13.5, 2.75], "rotation": 90, "texture": "#1"},
				"up": {"uv": [9, 4, 10.5, 5], "rotation": 270, "texture": "#1"},
				"down": {"uv": [9, 4, 10.5, 5], "rotation": 90, "texture": "#1"}
			}
		},
		{
			"from": [9, 18, 4],
			"to": [10, 30, 12],
			"rotation": {"angle": 0, "axis": "y", "origin": [0, -11, 16]},
			"faces": {
				"north": {"uv": [7.25, 8, 10.25, 8.25], "rotation": 270, "texture": "#2"},
				"east": {"uv": [7.8625, 15.25, 9.8625, 12.25], "texture": "#2"},
				"south": {"uv": [10.25, 8, 7.25, 8.25], "rotation": 90, "texture": "#2"},
				"west": {"uv": [7.8625, 15.25, 9.8625, 12.25], "rotation": 180, "texture": "#2"},
				"up": {"uv": [9.75, 9.75, 7.75, 10], "rotation": 90, "texture": "#2"},
				"down": {"uv": [9.75, 9.75, 7.75, 10], "rotation": 90, "texture": "#2"}
			}
		},
		{
			"from": [10, 14, 5],
			"to": [12, 28, 11],
			"rotation": {"angle": 0, "axis": "y", "origin": [16, 0, 0]},
			"faces": {
				"north": {"uv": [8, 8.75, 7.5, 12.25], "texture": "#1"},
				"east": {"uv": [8, 8.75, 9.5, 12.25], "texture": "#1"},
				"south": {"uv": [8, 8.75, 7.5, 12.25], "rotation": 180, "texture": "#1"},
				"west": {"uv": [8, 8.75, 9.5, 12.25], "rotation": 180, "texture": "#1"},
				"up": {"uv": [8, 8.75, 9.5, 8.25], "rotation": 270, "texture": "#1"},
				"down": {"uv": [8, 8.75, 9.5, 8.25], "rotation": 270, "texture": "#1"}
			}
		},
		{
			"from": [9, 9, 5],
			"to": [11, 14, 11],
			"rotation": {"angle": 0, "axis": "y", "origin": [16, 0, 0]},
			"faces": {
				"north": {"uv": [8, 8.75, 7.5, 10], "texture": "#1"},
				"east": {"uv": [8, 8.75, 9.5, 10], "texture": "#1"},
				"south": {"uv": [8, 8.75, 7.5, 10], "rotation": 180, "texture": "#1"},
				"west": {"uv": [8, 8.75, 9.5, 10], "rotation": 180, "texture": "#1"},
				"up": {"uv": [8, 8.75, 9.5, 8.25], "rotation": 270, "texture": "#1"},
				"down": {"uv": [8, 8.75, 9.5, 8.25], "rotation": 270, "texture": "#1"}
			}
		},
		{
			"from": [7.59, 15.99, 10.88],
			"to": [9.94, 17.87, 12.76],
			"rotation": {"angle": 0, "axis": "y", "origin": [1.48, 8, 16.52]},
			"faces": {
				"north": {"uv": [0.625, 0.5, 0, 1], "texture": "#2"},
				"east": {"uv": [1.125, 0, 0.625, 0.5], "texture": "#2"},
				"south": {"uv": [0.625, 0.5, 0, 1], "texture": "#2"},
				"west": {"uv": [1.125, 0, 0.625, 0.5], "texture": "#2"},
				"up": {"uv": [0, 0.5, 0.625, 0], "texture": "#2"},
				"down": {"uv": [0, 0.5, 0.625, 0], "texture": "#2"}
			}
		},
		{
			"from": [5.24, 20.69, 11.82],
			"to": [7.12, 24.45, 12.76],
			"rotation": {"angle": 0, "axis": "y", "origin": [1.48, 8, 16.52]},
			"faces": {
				"north": {"uv": [0, 3.125, 0.5, 4.125], "texture": "#2"},
				"east": {"uv": [0.75, 3.125, 0.5, 4.125], "texture": "#2"},
				"south": {"uv": [0.5, 3.125, 0, 4.125], "texture": "#2"},
				"west": {"uv": [0.75, 3.125, 0.5, 4.125], "texture": "#2"},
				"up": {"uv": [0, 4.375, 0.5, 4.125], "texture": "#2"},
				"down": {"uv": [0, 4.375, 0.5, 4.125], "texture": "#2"}
			}
		},
		{
			"from": [5.146, 19.28, 11.538],
			"to": [7.026, 21.16, 12.948],
			"rotation": {"angle": -22.5, "axis": "z", "origin": [6.18, 20.69, 12.29]},
			"faces": {
				"north": {"uv": [0, 2.125, 0.5, 2.625], "texture": "#2"},
				"east": {"uv": [1.625, 1.5, 1.125, 2], "texture": "#2"},
				"south": {"uv": [0.5, 2.125, 0, 2.625], "texture": "#2"},
				"west": {"uv": [1.125, 2, 0.625, 2.5], "texture": "#2"},
				"up": {"uv": [0, 3.125, 0.5, 2.625], "texture": "#2"},
				"down": {"uv": [0, 3.125, 0.5, 2.625], "texture": "#2"}
			}
		},
		{
			"from": [4.676, 17.964, 11.35],
			"to": [6.556, 19.844, 13.136],
			"rotation": {"angle": 0, "axis": "y", "origin": [6.18, 20.69, 12.29]},
			"faces": {
				"north": {"uv": [1.125, 0, 1.625, 0.5], "texture": "#2"},
				"east": {"uv": [1.625, 2, 1.125, 2.5], "texture": "#2"},
				"south": {"uv": [1.625, 0, 1.125, 0.5], "texture": "#2"},
				"west": {"uv": [2.125, 0, 1.625, 0.5], "texture": "#2"},
				"up": {"uv": [1.25, 1, 1.75, 0.5], "texture": "#2"},
				"down": {"uv": [1.25, 1, 1.75, 0.5], "texture": "#2"}
			}
		},
		{
			"from": [7.026, 17.682, 11.256],
			"to": [8.906, 19.562, 13.23],
			"rotation": {"angle": -45, "axis": "z", "origin": [6.18, 20.69, 12.29]},
			"faces": {
				"north": {"uv": [0.75, 0.5, 1.25, 1], "rotation": 270, "texture": "#2"},
				"east": {"uv": [0.75, 1, 1.25, 0.5], "rotation": 270, "texture": "#2"},
				"south": {"uv": [0.75, 1, 1.25, 0.5], "rotation": 270, "texture": "#2"},
				"west": {"uv": [1.25, 1.5, 1.75, 1], "rotation": 270, "texture": "#2"},
				"up": {"uv": [2.125, 0.5, 1.625, 1], "rotation": 270, "texture": "#2"},
				"down": {"uv": [1.125, 2.5, 0.625, 3], "rotation": 270, "texture": "#2"}
			}
		},
		{
			"from": [7.496, 16.836, 11.162],
			"to": [9.376, 18.716, 13.324],
			"rotation": {"angle": -22.5, "axis": "z", "origin": [6.18, 20.69, 12.29]},
			"faces": {
				"north": {"uv": [1.125, 1.5, 0.625, 1], "rotation": 270, "texture": "#2"},
				"east": {"uv": [0.625, 1.5, 0, 2], "rotation": 180, "texture": "#2"},
				"south": {"uv": [0.625, 1.5, 1.125, 1], "rotation": 90, "texture": "#2"},
				"west": {"uv": [0.625, 1.5, 0, 2], "rotation": 180, "texture": "#2"},
				"up": {"uv": [0.625, 1, 0, 1.5], "rotation": 270, "texture": "#2"},
				"down": {"uv": [0.625, 1, 0, 1.5], "rotation": 270, "texture": "#2"}
			}
		},
		{
			"from": [4.958, 24.168, 11.914],
			"to": [6.65, 25.108, 12.666],
			"rotation": {"angle": 22.5, "axis": "z", "origin": [6.18, 25.39, 12.29]},
			"faces": {
				"north": {"uv": [0, 4.625, 0.5, 4.875], "texture": "#2"},
				"east": {"uv": [0.75, 4.375, 0.5, 4.625], "texture": "#2"},
				"south": {"uv": [0.5, 4.625, 0, 4.875], "texture": "#2"},
				"west": {"uv": [0.75, 4.375, 0.5, 4.625], "texture": "#2"},
				"up": {"uv": [0, 4.625, 0.5, 4.375], "texture": "#2"},
				"down": {"uv": [0, 4.625, 0.5, 4.375], "texture": "#2"}
			}
		},
		{
			"from": [5.24, 24.262, 12.008],
			"to": [6.65, 25.766, 12.572],
			"rotation": {"angle": -45, "axis": "z", "origin": [6.18, 25.39, 12.29]},
			"faces": {
				"north": {"uv": [0, 4.875, 0.375, 5.25], "rotation": 90, "texture": "#2"},
				"east": {"uv": [0, 5.375, 0.375, 5.25], "rotation": 270, "texture": "#2"},
				"south": {"uv": [0, 5.25, 0.375, 4.875], "rotation": 90, "texture": "#2"},
				"west": {"uv": [0, 5.375, 0.375, 5.25], "rotation": 270, "texture": "#2"},
				"up": {"uv": [0.5, 4.875, 0.375, 5.25], "rotation": 270, "texture": "#2"},
				"down": {"uv": [0.5, 4.875, 0.375, 5.25], "rotation": 270, "texture": "#2"}
			}
		},
		{
			"from": [4.112, 24.826, 12.102],
			"to": [5.522, 26.142, 12.478],
			"rotation": {"angle": -22.5, "axis": "z", "origin": [6.18, 25.39, 12.29]},
			"faces": {
				"north": {"uv": [0.625, 1.875, 1, 1.5], "rotation": 90, "texture": "#2"},
				"east": {"uv": [0.625, 2, 1, 1.875], "rotation": 270, "texture": "#2"},
				"south": {"uv": [0.625, 1.875, 1, 1.5], "rotation": 90, "texture": "#2"},
				"west": {"uv": [0.625, 2, 1, 1.875], "rotation": 270, "texture": "#2"},
				"up": {"uv": [1.125, 1.5, 1, 1.875], "rotation": 270, "texture": "#2"},
				"down": {"uv": [1.125, 1.5, 1, 1.875], "rotation": 270, "texture": "#2"}
			}
		},
		{
			"from": [3.89963, 20.9914, 11.82],
			"to": [5.77963, 21.9314, 12.76],
			"rotation": {"angle": -45, "axis": "z", "origin": [4.018, 21.27837, 12.66102]},
			"faces": {
				"north": {"uv": [0.5, 5.375, 0.25, 5.875], "rotation": 90, "texture": "#2"},
				"east": {"uv": [0.5, 5.625, 0.75, 5.375], "rotation": 180, "texture": "#2"},
				"south": {"uv": [0.5, 5.875, 0.25, 5.375], "rotation": 90, "texture": "#2"},
				"west": {"uv": [0.5, 5.625, 0.75, 5.375], "rotation": 180, "texture": "#2"},
				"up": {"uv": [0, 5.375, 0.25, 5.875], "rotation": 90, "texture": "#2"},
				"down": {"uv": [1, 5.375, 1.25, 5.875], "rotation": 90, "texture": "#2"}
			}
		},
		{
			"from": [3.82718, 20.99053, 11.914],
			"to": [4.57918, 21.93053, 12.666],
			"rotation": {"angle": 22.5, "axis": "z", "origin": [4.018, 21.27837, 12.66102]},
			"faces": {
				"north": {"uv": [0.75, 5.375, 1, 5.625], "texture": "#2"},
				"east": {"uv": [1, 5.75, 0.75, 6], "texture": "#2"},
				"south": {"uv": [1, 5.375, 0.75, 5.625], "texture": "#2"},
				"west": {"uv": [1.5, 5.375, 1.25, 5.625], "texture": "#2"},
				"up": {"uv": [0.5, 5.875, 0.75, 5.625], "texture": "#2"},
				"down": {"uv": [0.5, 5.875, 0.75, 5.625], "texture": "#2"}
			}
		},
		{
			"from": [3.92833, 21.8725, 12.102],
			"to": [4.39833, 22.3425, 12.478],
			"rotation": {"angle": 22.5, "axis": "z", "origin": [4.018, 21.27837, 12.66102]},
			"faces": {
				"north": {"uv": [0.875, 5.75, 0.75, 5.625], "rotation": 90, "texture": "#2"},
				"east": {"uv": [0.875, 5.75, 0.75, 5.625], "rotation": 90, "texture": "#2"},
				"south": {"uv": [0.875, 5.75, 0.75, 5.625], "rotation": 90, "texture": "#2"},
				"west": {"uv": [0.875, 5.75, 0.75, 5.625], "rotation": 90, "texture": "#2"},
				"up": {"uv": [0.75, 5.625, 0.875, 5.75], "rotation": 90, "texture": "#2"},
				"down": {"uv": [0.75, 5.625, 0.875, 5.75], "rotation": 90, "texture": "#2"}
			}
		},
		{
			"from": [3.89963, 18.1714, 11.82],
			"to": [5.77963, 19.1114, 12.76],
			"rotation": {"angle": 0, "axis": "y", "origin": [4.018, 18.45837, 12.66102]},
			"faces": {
				"north": {"uv": [0.5, 5.375, 0.25, 5.875], "rotation": 90, "texture": "#2"},
				"east": {"uv": [0.5, 5.625, 0.75, 5.375], "rotation": 180, "texture": "#2"},
				"south": {"uv": [0.5, 5.875, 0.25, 5.375], "rotation": 90, "texture": "#2"},
				"west": {"uv": [0.5, 5.625, 0.75, 5.375], "rotation": 180, "texture": "#2"},
				"up": {"uv": [0, 5.375, 0.25, 5.875], "rotation": 90, "texture": "#2"},
				"down": {"uv": [1, 5.375, 1.25, 5.875], "rotation": 90, "texture": "#2"}
			}
		},
		{
			"from": [3.36585, 18.26755, 11.914],
			"to": [4.30585, 19.01955, 12.666],
			"rotation": {"angle": -22.5, "axis": "z", "origin": [4.018, 18.45837, 12.66102]},
			"faces": {
				"north": {"uv": [1, 5.625, 0.75, 5.375], "rotation": 270, "texture": "#2"},
				"east": {"uv": [0.5, 5.875, 0.75, 5.625], "rotation": 270, "texture": "#2"},
				"south": {"uv": [0.75, 5.625, 1, 5.375], "rotation": 90, "texture": "#2"},
				"west": {"uv": [0.5, 5.875, 0.75, 5.625], "rotation": 270, "texture": "#2"},
				"up": {"uv": [1, 5.75, 0.75, 6], "rotation": 270, "texture": "#2"},
				"down": {"uv": [1.5, 5.375, 1.25, 5.625], "rotation": 270, "texture": "#2"}
			}
		},
		{
			"from": [2.95388, 18.3687, 12.102],
			"to": [3.42388, 18.8387, 12.478],
			"rotation": {"angle": -22.5, "axis": "z", "origin": [4.018, 18.45837, 12.66102]},
			"faces": {
				"north": {"uv": [0.75, 5.625, 0.875, 5.75], "texture": "#2"},
				"east": {"uv": [0.75, 5.625, 0.875, 5.75], "texture": "#2"},
				"south": {"uv": [0.75, 5.625, 0.875, 5.75], "rotation": 180, "texture": "#2"},
				"west": {"uv": [0.75, 5.625, 0.875, 5.75], "texture": "#2"},
				"up": {"uv": [0.875, 5.75, 0.75, 5.625], "texture": "#2"},
				"down": {"uv": [0.875, 5.75, 0.75, 5.625], "texture": "#2"}
			}
		},
		{
			"from": [7.59, 15.99, 3.24],
			"to": [9.94, 17.87, 5.12],
			"rotation": {"angle": 0, "axis": "y", "origin": [1.48, 8, -0.52]},
			"faces": {
				"north": {"uv": [0, 0.5, 0.625, 1], "texture": "#2"},
				"east": {"uv": [0.625, 0, 1.125, 0.5], "texture": "#2"},
				"south": {"uv": [0, 0.5, 0.625, 1], "texture": "#2"},
				"west": {"uv": [0.625, 0, 1.125, 0.5], "texture": "#2"},
				"up": {"uv": [0, 0, 0.625, 0.5], "texture": "#2"},
				"down": {"uv": [0, 0, 0.625, 0.5], "texture": "#2"}
			}
		},
		{
			"from": [5.24, 20.69, 3.24],
			"to": [7.12, 24.45, 4.18],
			"rotation": {"angle": 0, "axis": "y", "origin": [1.48, 8, -0.52]},
			"faces": {
				"north": {"uv": [0, 3.125, 0.5, 4.125], "texture": "#2"},
				"east": {"uv": [0.5, 3.125, 0.75, 4.125], "texture": "#2"},
				"south": {"uv": [0.5, 3.125, 0, 4.125], "texture": "#2"},
				"west": {"uv": [0.5, 3.125, 0.75, 4.125], "texture": "#2"},
				"up": {"uv": [0, 4.125, 0.5, 4.375], "texture": "#2"},
				"down": {"uv": [0, 4.125, 0.5, 4.375], "texture": "#2"}
			}
		},
		{
			"from": [5.146, 19.28, 3.052],
			"to": [7.026, 21.16, 4.462],
			"rotation": {"angle": -22.5, "axis": "z", "origin": [6.18, 20.69, 3.71]},
			"faces": {
				"north": {"uv": [0, 2.125, 0.5, 2.625], "texture": "#2"},
				"east": {"uv": [1.125, 1.5, 1.625, 2], "texture": "#2"},
				"south": {"uv": [0.5, 2.125, 0, 2.625], "texture": "#2"},
				"west": {"uv": [0.625, 2, 1.125, 2.5], "texture": "#2"},
				"up": {"uv": [0, 2.625, 0.5, 3.125], "texture": "#2"},
				"down": {"uv": [0, 2.625, 0.5, 3.125], "texture": "#2"}
			}
		},
		{
			"from": [4.676, 17.964, 2.864],
			"to": [6.556, 19.844, 4.65],
			"rotation": {"angle": 0, "axis": "y", "origin": [6.18, 20.69, 3.71]},
			"faces": {
				"north": {"uv": [1.125, 0, 1.625, 0.5], "texture": "#2"},
				"east": {"uv": [1.125, 2, 1.625, 2.5], "texture": "#2"},
				"south": {"uv": [1.625, 0, 1.125, 0.5], "texture": "#2"},
				"west": {"uv": [1.625, 0, 2.125, 0.5], "texture": "#2"},
				"up": {"uv": [1.25, 0.5, 1.75, 1], "texture": "#2"},
				"down": {"uv": [1.25, 0.5, 1.75, 1], "texture": "#2"}
			}
		},
		{
			"from": [7.026, 17.682, 2.77],
			"to": [8.906, 19.562, 4.744],
			"rotation": {"angle": -45, "axis": "z", "origin": [6.18, 20.69, 3.71]},
			"faces": {
				"north": {"uv": [0.75, 0.5, 1.25, 1], "rotation": 270, "texture": "#2"},
				"east": {"uv": [0.75, 0.5, 1.25, 1], "rotation": 270, "texture": "#2"},
				"south": {"uv": [0.75, 1, 1.25, 0.5], "rotation": 270, "texture": "#2"},
				"west": {"uv": [1.25, 1, 1.75, 1.5], "rotation": 270, "texture": "#2"},
				"up": {"uv": [1.625, 0.5, 2.125, 1], "rotation": 270, "texture": "#2"},
				"down": {"uv": [0.625, 2.5, 1.125, 3], "rotation": 270, "texture": "#2"}
			}
		},
		{
			"from": [7.496, 16.836, 2.676],
			"to": [9.376, 18.716, 4.838],
			"rotation": {"angle": -22.5, "axis": "z", "origin": [6.18, 20.69, 3.71]},
			"faces": {
				"north": {"uv": [0.625, 1, 1.125, 1.5], "rotation": 90, "texture": "#2"},
				"east": {"uv": [0, 1.5, 0.625, 2], "rotation": 180, "texture": "#2"},
				"south": {"uv": [1.125, 1, 0.625, 1.5], "rotation": 270, "texture": "#2"},
				"west": {"uv": [0, 1.5, 0.625, 2], "rotation": 180, "texture": "#2"},
				"up": {"uv": [0, 1, 0.625, 1.5], "rotation": 270, "texture": "#2"},
				"down": {"uv": [0, 1, 0.625, 1.5], "rotation": 270, "texture": "#2"}
			}
		},
		{
			"from": [4.958, 24.168, 3.334],
			"to": [6.65, 25.108, 4.086],
			"rotation": {"angle": 22.5, "axis": "z", "origin": [6.18, 25.39, 3.71]},
			"faces": {
				"north": {"uv": [0, 4.625, 0.5, 4.875], "texture": "#2"},
				"east": {"uv": [0.5, 4.375, 0.75, 4.625], "texture": "#2"},
				"south": {"uv": [0.5, 4.625, 0, 4.875], "texture": "#2"},
				"west": {"uv": [0.5, 4.375, 0.75, 4.625], "texture": "#2"},
				"up": {"uv": [0, 4.375, 0.5, 4.625], "texture": "#2"},
				"down": {"uv": [0, 4.375, 0.5, 4.625], "texture": "#2"}
			}
		},
		{
			"from": [5.24, 24.262, 3.428],
			"to": [6.65, 25.766, 3.992],
			"rotation": {"angle": -45, "axis": "z", "origin": [6.18, 25.39, 3.71]},
			"faces": {
				"north": {"uv": [0, 4.875, 0.375, 5.25], "rotation": 90, "texture": "#2"},
				"east": {"uv": [0, 5.25, 0.375, 5.375], "rotation": 270, "texture": "#2"},
				"south": {"uv": [0, 5.25, 0.375, 4.875], "rotation": 90, "texture": "#2"},
				"west": {"uv": [0, 5.25, 0.375, 5.375], "rotation": 270, "texture": "#2"},
				"up": {"uv": [0.375, 4.875, 0.5, 5.25], "rotation": 270, "texture": "#2"},
				"down": {"uv": [0.375, 4.875, 0.5, 5.25], "rotation": 270, "texture": "#2"}
			}
		},
		{
			"from": [4.112, 24.826, 3.522],
			"to": [5.522, 26.142, 3.898],
			"rotation": {"angle": -22.5, "axis": "z", "origin": [6.18, 25.39, 3.71]},
			"faces": {
				"north": {"uv": [0.625, 1.5, 1, 1.875], "rotation": 90, "texture": "#2"},
				"east": {"uv": [0.625, 1.875, 1, 2], "rotation": 270, "texture": "#2"},
				"south": {"uv": [0.625, 1.5, 1, 1.875], "rotation": 90, "texture": "#2"},
				"west": {"uv": [0.625, 1.875, 1, 2], "rotation": 270, "texture": "#2"},
				"up": {"uv": [1, 1.5, 1.125, 1.875], "rotation": 270, "texture": "#2"},
				"down": {"uv": [1, 1.5, 1.125, 1.875], "rotation": 270, "texture": "#2"}
			}
		},
		{
			"from": [3.89963, 20.9914, 3.24],
			"to": [5.77963, 21.9314, 4.18],
			"rotation": {"angle": -45, "axis": "z", "origin": [4.018, 21.27837, 3.33898]},
			"faces": {
				"north": {"uv": [0.5, 5.375, 0.25, 5.875], "rotation": 90, "texture": "#2"},
				"east": {"uv": [0.75, 5.625, 0.5, 5.375], "rotation": 180, "texture": "#2"},
				"south": {"uv": [0.5, 5.875, 0.25, 5.375], "rotation": 90, "texture": "#2"},
				"west": {"uv": [0.75, 5.625, 0.5, 5.375], "rotation": 180, "texture": "#2"},
				"up": {"uv": [0.25, 5.375, 0, 5.875], "rotation": 90, "texture": "#2"},
				"down": {"uv": [1.25, 5.375, 1, 5.875], "rotation": 90, "texture": "#2"}
			}
		},
		{
			"from": [3.82718, 20.99053, 3.334],
			"to": [4.57918, 21.93053, 4.086],
			"rotation": {"angle": 22.5, "axis": "z", "origin": [4.018, 21.27837, 3.33898]},
			"faces": {
				"north": {"uv": [0.75, 5.375, 1, 5.625], "texture": "#2"},
				"east": {"uv": [0.75, 5.75, 1, 6], "texture": "#2"},
				"south": {"uv": [1, 5.375, 0.75, 5.625], "texture": "#2"},
				"west": {"uv": [1.25, 5.375, 1.5, 5.625], "texture": "#2"},
				"up": {"uv": [0.5, 5.625, 0.75, 5.875], "texture": "#2"},
				"down": {"uv": [0.5, 5.625, 0.75, 5.875], "texture": "#2"}
			}
		},
		{
			"from": [3.92833, 21.8725, 3.522],
			"to": [4.39833, 22.3425, 3.898],
			"rotation": {"angle": 22.5, "axis": "z", "origin": [4.018, 21.27837, 3.33898]},
			"faces": {
				"north": {"uv": [0.875, 5.625, 0.75, 5.75], "rotation": 90, "texture": "#2"},
				"east": {"uv": [0.875, 5.625, 0.75, 5.75], "rotation": 90, "texture": "#2"},
				"south": {"uv": [0.875, 5.625, 0.75, 5.75], "rotation": 90, "texture": "#2"},
				"west": {"uv": [0.875, 5.625, 0.75, 5.75], "rotation": 90, "texture": "#2"},
				"up": {"uv": [0.875, 5.625, 0.75, 5.75], "rotation": 90, "texture": "#2"},
				"down": {"uv": [0.875, 5.625, 0.75, 5.75], "rotation": 90, "texture": "#2"}
			}
		},
		{
			"from": [3.89963, 18.1714, 3.24],
			"to": [5.77963, 19.1114, 4.18],
			"rotation": {"angle": 0, "axis": "y", "origin": [4.018, 18.45837, 3.33898]},
			"faces": {
				"north": {"uv": [0.5, 5.375, 0.25, 5.875], "rotation": 90, "texture": "#2"},
				"east": {"uv": [0.75, 5.625, 0.5, 5.375], "rotation": 180, "texture": "#2"},
				"south": {"uv": [0.5, 5.875, 0.25, 5.375], "rotation": 90, "texture": "#2"},
				"west": {"uv": [0.75, 5.625, 0.5, 5.375], "rotation": 180, "texture": "#2"},
				"up": {"uv": [0.25, 5.375, 0, 5.875], "rotation": 90, "texture": "#2"},
				"down": {"uv": [1.25, 5.375, 1, 5.875], "rotation": 90, "texture": "#2"}
			}
		},
		{
			"from": [3.36585, 18.26755, 3.334],
			"to": [4.30585, 19.01955, 4.086],
			"rotation": {"angle": -22.5, "axis": "z", "origin": [4.018, 18.45837, 3.33898]},
			"faces": {
				"north": {"uv": [0.75, 5.375, 1, 5.625], "rotation": 90, "texture": "#2"},
				"east": {"uv": [0.5, 5.625, 0.75, 5.875], "rotation": 270, "texture": "#2"},
				"south": {"uv": [1, 5.375, 0.75, 5.625], "rotation": 270, "texture": "#2"},
				"west": {"uv": [0.5, 5.625, 0.75, 5.875], "rotation": 270, "texture": "#2"},
				"up": {"uv": [0.75, 5.75, 1, 6], "rotation": 270, "texture": "#2"},
				"down": {"uv": [1.25, 5.375, 1.5, 5.625], "rotation": 270, "texture": "#2"}
			}
		},
		{
			"from": [2.95388, 18.3687, 3.522],
			"to": [3.42388, 18.8387, 3.898],
			"rotation": {"angle": -22.5, "axis": "z", "origin": [4.018, 18.45837, 3.33898]},
			"faces": {
				"north": {"uv": [0.875, 5.625, 0.75, 5.75], "rotation": 180, "texture": "#2"},
				"east": {"uv": [0.875, 5.625, 0.75, 5.75], "texture": "#2"},
				"south": {"uv": [0.875, 5.625, 0.75, 5.75], "texture": "#2"},
				"west": {"uv": [0.875, 5.625, 0.75, 5.75], "texture": "#2"},
				"up": {"uv": [0.875, 5.625, 0.75, 5.75], "texture": "#2"},
				"down": {"uv": [0.875, 5.625, 0.75, 5.75], "texture": "#2"}
			}
		},
		{
			"from": [5.9, 20, 11.1],
			"to": [9.9, 28, 12.1],
			"faces": {
				"north": {"uv": [4.5, 4.25, 3.5, 6.25], "texture": "#1"},
				"east": {"uv": [4.625, 0, 4.875, 2], "texture": "#1"},
				"south": {"uv": [3.5, 4.25, 4.5, 6.25], "texture": "#1"},
				"west": {"uv": [4.625, 0, 4.875, 2], "texture": "#1"},
				"up": {"uv": [6.5, 0.25, 5.5, 0], "texture": "#1"},
				"down": {"uv": [6.5, 0.25, 5.5, 0], "texture": "#1"}
			}
		},
		{
			"from": [5.9, 20, 3.9],
			"to": [9.9, 28, 4.9],
			"rotation": {"angle": 0, "axis": "y", "origin": [0, 0, 16]},
			"faces": {
				"north": {"uv": [4.5, 4.25, 3.5, 6.25], "texture": "#1"},
				"east": {"uv": [4.875, 0, 4.625, 2], "texture": "#1"},
				"south": {"uv": [3.5, 4.25, 4.5, 6.25], "texture": "#1"},
				"west": {"uv": [4.875, 0, 4.625, 2], "texture": "#1"},
				"up": {"uv": [6.5, 0, 5.5, 0.25], "texture": "#1"},
				"down": {"uv": [6.5, 0, 5.5, 0.25], "texture": "#1"}
			}
		},
		{
			"from": [10.6, 28, 10],
			"to": [11.6, 30, 11],
			"rotation": {"angle": 0, "axis": "y", "origin": [10.90529, 29.87407, 10.5]},
			"faces": {
				"north": {"uv": [8.25, 7, 8, 7.5], "texture": "#2"},
				"east": {"uv": [8.5, 7, 8.25, 7.5], "rotation": 180, "texture": "#2"},
				"south": {"uv": [8.25, 7.5, 8, 7], "rotation": 180, "texture": "#2"},
				"west": {"uv": [8, 7.75, 8.5, 7.5], "rotation": 90, "texture": "#2"},
				"up": {"uv": [8.5, 7.25, 8.75, 7], "rotation": 270, "texture": "#2"},
				"down": {"uv": [8.5, 7.25, 8.75, 7], "rotation": 270, "texture": "#2"}
			}
		},
		{
			"from": [10.70229, 29.56785, 10.1],
			"to": [11.50229, 30.56785, 10.9],
			"rotation": {"angle": 22.5, "axis": "z", "origin": [10.90529, 29.87407, 10.5]},
			"faces": {
				"north": {"uv": [8.75, 7.5, 9, 7.25], "rotation": 180, "texture": "#2"},
				"east": {"uv": [9, 7, 8.75, 7.25], "texture": "#2"},
				"south": {"uv": [9, 7.5, 8.75, 7.25], "rotation": 180, "texture": "#2"},
				"west": {"uv": [8.5, 7.25, 8.75, 7.5], "rotation": 90, "texture": "#2"},
				"up": {"uv": [8.75, 7.25, 8.5, 7.5], "rotation": 180, "texture": "#2"},
				"down": {"uv": [8.75, 7.25, 8.5, 7.5], "rotation": 180, "texture": "#2"}
			}
		},
		{
			"from": [10.8099, 30.50612, 10.3],
			"to": [11.3099, 31.00612, 10.7],
			"rotation": {"angle": 22.5, "axis": "z", "origin": [10.90529, 29.87407, 10.5]},
			"faces": {
				"north": {"uv": [9.25, 7, 9.125, 7.125], "rotation": 270, "texture": "#2"},
				"east": {"uv": [9, 7.25, 9.125, 7.125], "rotation": 90, "texture": "#2"},
				"south": {"uv": [9.25, 7, 9.125, 7.125], "rotation": 90, "texture": "#2"},
				"west": {"uv": [9, 7.25, 9.125, 7.125], "rotation": 90, "texture": "#2"},
				"up": {"uv": [9, 7.125, 9.125, 7], "rotation": 270, "texture": "#2"},
				"down": {"uv": [9, 7.125, 9.125, 7], "rotation": 270, "texture": "#2"}
			}
		},
		{
			"from": [10.8099, 30.50612, 7.8],
			"to": [11.3099, 31.00612, 8.2],
			"rotation": {"angle": 22.5, "axis": "z", "origin": [10.90529, 29.87407, 8]},
			"faces": {
				"north": {"uv": [9.25, 7, 9.125, 7.125], "rotation": 270, "texture": "#2"},
				"east": {"uv": [9, 7.25, 9.125, 7.125], "rotation": 90, "texture": "#2"},
				"south": {"uv": [9.25, 7, 9.125, 7.125], "rotation": 90, "texture": "#2"},
				"west": {"uv": [9, 7.25, 9.125, 7.125], "rotation": 90, "texture": "#2"},
				"up": {"uv": [9, 7.125, 9.125, 7], "rotation": 270, "texture": "#2"},
				"down": {"uv": [9, 7.125, 9.125, 7], "rotation": 270, "texture": "#2"}
			}
		},
		{
			"from": [10.6, 28, 7.5],
			"to": [11.6, 30, 8.5],
			"rotation": {"angle": 0, "axis": "y", "origin": [10.90529, 29.87407, 8]},
			"faces": {
				"north": {"uv": [8.25, 7, 8, 7.5], "texture": "#2"},
				"east": {"uv": [8.5, 7, 8.25, 7.5], "rotation": 180, "texture": "#2"},
				"south": {"uv": [8.25, 7.5, 8, 7], "rotation": 180, "texture": "#2"},
				"west": {"uv": [8, 7.75, 8.5, 7.5], "rotation": 90, "texture": "#2"},
				"up": {"uv": [8.5, 7.25, 8.75, 7], "rotation": 270, "texture": "#2"},
				"down": {"uv": [8.5, 7.25, 8.75, 7], "rotation": 270, "texture": "#2"}
			}
		},
		{
			"from": [10.70229, 29.56785, 7.6],
			"to": [11.50229, 30.56785, 8.4],
			"rotation": {"angle": 22.5, "axis": "z", "origin": [10.90529, 29.87407, 8]},
			"faces": {
				"north": {"uv": [8.75, 7.5, 9, 7.25], "rotation": 180, "texture": "#2"},
				"east": {"uv": [9, 7, 8.75, 7.25], "texture": "#2"},
				"south": {"uv": [9, 7.5, 8.75, 7.25], "rotation": 180, "texture": "#2"},
				"west": {"uv": [8.5, 7.25, 8.75, 7.5], "rotation": 90, "texture": "#2"},
				"up": {"uv": [8.75, 7.25, 8.5, 7.5], "rotation": 180, "texture": "#2"},
				"down": {"uv": [8.75, 7.25, 8.5, 7.5], "rotation": 180, "texture": "#2"}
			}
		},
		{
			"from": [10.6, 28, 5],
			"to": [11.6, 30, 6],
			"rotation": {"angle": 0, "axis": "y", "origin": [10.90529, 29.87407, 5.5]},
			"faces": {
				"north": {"uv": [8.25, 7, 8, 7.5], "texture": "#2"},
				"east": {"uv": [8.5, 7, 8.25, 7.5], "rotation": 180, "texture": "#2"},
				"south": {"uv": [8.25, 7.5, 8, 7], "rotation": 180, "texture": "#2"},
				"west": {"uv": [8, 7.75, 8.5, 7.5], "rotation": 90, "texture": "#2"},
				"up": {"uv": [8.5, 7.25, 8.75, 7], "rotation": 270, "texture": "#2"},
				"down": {"uv": [8.5, 7.25, 8.75, 7], "rotation": 270, "texture": "#2"}
			}
		},
		{
			"from": [10.70229, 29.56785, 5.1],
			"to": [11.50229, 30.56785, 5.9],
			"rotation": {"angle": 22.5, "axis": "z", "origin": [10.90529, 29.87407, 5.5]},
			"faces": {
				"north": {"uv": [8.75, 7.5, 9, 7.25], "rotation": 180, "texture": "#2"},
				"east": {"uv": [9, 7, 8.75, 7.25], "texture": "#2"},
				"south": {"uv": [9, 7.5, 8.75, 7.25], "rotation": 180, "texture": "#2"},
				"west": {"uv": [8.5, 7.25, 8.75, 7.5], "rotation": 90, "texture": "#2"},
				"up": {"uv": [8.75, 7.25, 8.5, 7.5], "rotation": 180, "texture": "#2"},
				"down": {"uv": [8.75, 7.25, 8.5, 7.5], "rotation": 180, "texture": "#2"}
			}
		},
		{
			"from": [10.8099, 30.50612, 5.3],
			"to": [11.3099, 31.00612, 5.7],
			"rotation": {"angle": 22.5, "axis": "z", "origin": [10.90529, 29.87407, 5.5]},
			"faces": {
				"north": {"uv": [9.25, 7, 9.125, 7.125], "rotation": 270, "texture": "#2"},
				"east": {"uv": [9, 7.25, 9.125, 7.125], "rotation": 90, "texture": "#2"},
				"south": {"uv": [9.25, 7, 9.125, 7.125], "rotation": 90, "texture": "#2"},
				"west": {"uv": [9, 7.25, 9.125, 7.125], "rotation": 90, "texture": "#2"},
				"up": {"uv": [9, 7.125, 9.125, 7], "rotation": 270, "texture": "#2"},
				"down": {"uv": [9, 7.125, 9.125, 7], "rotation": 270, "texture": "#2"}
			}
		},
		{
			"from": [5.75, 17.95, 6],
			"to": [8.75, 20.95, 10],
			"rotation": {"angle": 0, "axis": "y", "origin": [5, 19.55, 8]},
			"faces": {
				"north": {"uv": [3.875, 12.125, 3.125, 11.375], "rotation": 180, "texture": "#2"},
				"east": {"uv": [3, 10.625, 2.25, 9.625], "rotation": 270, "texture": "#2"},
				"south": {"uv": [3.875, 11.375, 3.125, 12.125], "texture": "#2"},
				"west": {"uv": [3, 10.625, 2.25, 9.625], "rotation": 90, "texture": "#2"},
				"up": {"uv": [0, 10.5, 0.75, 9.5], "texture": "#2"},
				"down": {"uv": [0, 10.5, 0.75, 9.5], "texture": "#2"}
			}
		},
		{
			"from": [5.25, 18.05, 7],
			"to": [5.75, 21.05, 9],
			"rotation": {"angle": 0, "axis": "y", "origin": [3.25, 19.55, 8]},
			"faces": {
				"north": {"uv": [0, 9.5, 0.75, 9.375], "rotation": 270, "texture": "#2"},
				"east": {"uv": [4.625, 11.875, 3.875, 11.375], "rotation": 270, "texture": "#2"},
				"south": {"uv": [0, 9.5, 0.75, 9.375], "rotation": 90, "texture": "#2"},
				"west": {"uv": [4.625, 11.875, 3.875, 11.375], "rotation": 90, "texture": "#2"},
				"up": {"uv": [0.625, 11, 0.75, 10.5], "texture": "#2"},
				"down": {"uv": [0.625, 11, 0.75, 10.5], "texture": "#2"}
			}
		},
		{
			"from": [8.8, 20.1, 6.6],
			"to": [8.8, 27.1, 10.6],
			"rotation": {"angle": 0, "axis": "y", "origin": [17, 6.6, -3.9]},
			"faces": {
				"north": {"uv": [2, 11, 2, 3], "texture": "#3"},
				"east": {"uv": [7, 11.5, 11, 4.5], "texture": "#3"},
				"south": {"uv": [2, 11, 2, 3], "texture": "#3"},
				"west": {"uv": [11, 11.5, 7, 4.5], "texture": "#3"},
				"up": {"uv": [0, 0, 0.14063, 0], "rotation": 90, "texture": "#3"},
				"down": {"uv": [0, 0, 0.14063, 0], "rotation": 270, "texture": "#3"}
			}
		}
	],
	"gui_light": "front",
	"display": {
		"thirdperson_righthand": {
			"rotation": [0, 89, 0],
			"translation": [0, 6, 1.75]
		},
		"thirdperson_lefthand": {
			"rotation": [0, -90, 0],
			"translation": [0, 6, 1.75]
		},
		"firstperson_righthand": {
			"rotation": [178.22, 109, 175.22],
			"translation": [0.5, 5, 0.5],
			"scale": [0.5, 0.5, 0.5]
		},
		"firstperson_lefthand": {
			"rotation": [178.22, -46, 175.22],
			"translation": [0.5, 5, 0.5],
			"scale": [0.5, 0.5, 0.5]
		},
		"ground": {
			"translation": [0, 4.75, 0],
			"scale": [0.5, 0.5, 0.5]
		},
		"gui": {
			"rotation": [17.5, 0, -45],
			"translation": [-1.75, -1.75, -2],
			"scale": [0.48, 0.48, 0.48]
		},
		"head": {
			"rotation": [-135.5, 0, 0],
			"translation": [0, 20.5, 4.75],
			"scale": [0, 0, 0]
		},
		"fixed": {
			"rotation": [138, -90, 138],
			"translation": [0.75, -1.5, -9],
			"scale": [1.5, 1.5, 1.5]
		}
	},
	"groups": [
		0,
		{
			"name": "group",
			"origin": [10, 1.5, 8],
			"color": 0,
			"children": [1, 2, 3, 4, 5, 6, 7, 8]
		},
		9,
		10,
		11,
		12,
		13,
		14,
		15,
		16,
		17,
		18,
		19,
		20,
		21,
		22,
		23,
		24,
		25,
		26,
		{
			"name": "Horn",
			"origin": [5, 18.5, 4.5],
			"color": 0,
			"children": [
				27,
				28,
				29,
				30,
				31,
				32,
				33,
				34,
				35,
				{
					"name": "group",
					"origin": [3.7, 15.2, 3.2],
					"color": 0,
					"children": [
						36,
						37,
						38,
						{
							"name": "group",
							"origin": [3.7, 15.2, 3.2],
							"color": 0,
							"children": [39, 40, 41]
						}
					]
				}
			]
		},
		{
			"name": "Horn",
			"origin": [5, 18.5, 4.5],
			"color": 0,
			"children": [
				42,
				43,
				44,
				45,
				46,
				47,
				48,
				49,
				50,
				{
					"name": "group",
					"origin": [3.7, 15.2, 3.2],
					"color": 0,
					"children": [
						51,
						52,
						53,
						{
							"name": "group",
							"origin": [3.7, 15.2, 3.2],
							"color": 0,
							"children": [54, 55, 56]
						}
					]
				}
			]
		},
		57,
		58,
		{
			"name": "group",
			"origin": [14.7, -10.2, 5.3],
			"color": 0,
			"children": [59, 60, 61, 62, 63, 64, 65, 66, 67]
		},
		{
			"name": "Skull",
			"origin": [9.66036, 2.875, 3.125],
			"color": 0,
			"children": [68, 69]
		},
		70
	]
}