{"textures":{"0":"item/meg/kfx_valentine"},"elements":[{"from":[7.25,-3.75,6.0],"to":[11.25,8.25,10.0],"faces":{"east":{"uv":[9.375,10.875,9.875,12.375],"tintindex":0,"rotation":0,"texture":"#0"},"south":{"uv":[9.875,10.875,10.375,12.375],"tintindex":0,"rotation":0,"texture":"#0"},"north":{"uv":[10.875,6.25,11.375,7.75],"tintindex":0,"rotation":0,"texture":"#0"},"west":{"uv":[0.0,11.0,0.5,12.5],"tintindex":0,"rotation":0,"texture":"#0"},"up":{"uv":[7.0,12.625,6.5,12.125],"tintindex":0,"rotation":0,"texture":"#0"},"down":{"uv":[1.5,12.25,1.0,12.75],"tintindex":0,"rotation":0,"texture":"#0"}}},{"from":[6.5,-4.5,5.25],"to":[12.0,9.0,10.75],"faces":{"east":{"uv":[2.5,10.875,2.0,12.375],"tintindex":0,"rotation":0,"texture":"#0"},"south":{"uv":[11.25,10.25,10.75,11.75],"tintindex":0,"rotation":0,"texture":"#0"},"north":{"uv":[11.25,8.75,10.75,10.25],"tintindex":0,"rotation":0,"texture":"#0"},"west":{"uv":[9.375,10.75,8.875,12.25],"tintindex":0,"rotation":0,"texture":"#0"},"up":{"uv":[12.0,10.5,12.5,10.0],"tintindex":0,"rotation":0,"texture":"#0"},"down":{"uv":[12.0,10.5,12.5,11.0],"tintindex":0,"rotation":0,"texture":"#0"}}}]}