{
  "parent": "minecraft:item/handheld",
  "textures": {
    "layer0": "minecraft:item/netherite_sword"
  },
  "overrides": [
    {
      "predicate": {
        "damage": 0
      },
      "model": "item/netherite_sword"
    },
    {
      "predicate": {
        "custom_model_data": 1
      },
      "model": "necromancer_assortment/sword"
    },
    {
      "predicate": {
        "custom_model_data": 2
      },
      "model": "necromancer_assortment/staff"
    },
    {
      "predicate": {
        "custom_model_data": 3
      },
      "model": "necromancer_assortment/mace"
    },
    {
      "predicate": {
        "custom_model_data": 4
      },
      "model": "rogue_assortment/rogue_sword"
    },
    {
      "predicate": {
        "custom_model_data": 5
      },
      "model": "rogue_assortment/rogue_staff"
    },
    {
      "predicate": {
        "custom_model_data": 6
      },
      "model": "rogue_assortment/rogue_battle_axe"
    },
    {
      "predicate": {
        "custom_model_data": 7
      },
      "model": "rogue_assortment/rogue_mace"
    },
    {
      "model": "goblin_weapon_set/blade",
      "predicate": {
        "custom_model_data": 8
      }
    },
    {
      "model": "goblin_weapon_set/bludgeon",
      "predicate": {
        "custom_model_data": 9
      }
    },
    {
      "model": "goblin_weapon_set/dagger",
      "predicate": {
        "custom_model_data": 10
      }
    },
    {
      "model": "goblin_weapon_set/knift",
      "predicate": {
        "custom_model_data": 11
      }
    },
    {
      "model": "goblin_weapon_set/pendulum",
      "predicate": {
        "custom_model_data": 12
      }
    },
    {
      "model": "goblin_weapon_set/spear",
      "predicate": {
        "custom_model_data": 13
      }
    },
    {
      "model": "goblin_weapon_set/sword",
      "predicate": {
        "custom_model_data": 14
      }
    },
    {
      "predicate": {
        "custom_model_data": 15
      },
      "model": "warrior_weapon_assortment/staff"
    },
    {
      "predicate": {
        "custom_model_data": 16
      },
      "model": "warrior_weapon_assortment/sword"
    },
    {
      "predicate": {
        "custom_model_data": 17
      },
      "model": "warrior_weapon_assortment/warrior_staff"
    },
    {
      "predicate": {
        "custom_model_data": 18
      },
      "model": "warrior_weapon_assortment/warrior_sword"
    }
  ]
}