{
  "parent": "minecraft:item/handheld",
  "textures": {
    "layer0": "minecraft:item/netherite_axe"
  },
  "overrides": [
    {
      "predicate": {
        "damage": 0
      },
      "model": "item/netherite_axe"
    },
    {
      "model": "goblin_weapon_set/axe",
      "predicate": {
        "custom_model_data": 1
      }
    },
    {
      "model": "goblin_weapon_set/hammer",
      "predicate": {
        "custom_model_data": 2
      }
    },
    {
      "predicate": {
        "custom_model_data": 3
      },
      "model": "warrior_weapon_assortment/warrior_axe"
    },
    {
      "predicate": {
        "custom_model_data": 4
      },
      "model": "warrior_weapon_assortment/warrior_hammer"
    },
    {
      "predicate": {
        "custom_model_data": 5
      },
      "model": "necromancer_assortment/axe"
    },
    {
      "predicate": {
        "custom_model_data": 6
      },
      "model": "rogue_assortment/rogue_axe"
    }
  ]
}