{
	"credit": "by w11shes",
	"texture_size": [64, 64],
	"textures": {
		"0": "item/rogue_assortment/rogue_shield",
		"particle": "item/rogue_assortment/rogue_shield"
	},
	"elements": [
		{
			"from": [13.31492, -0.05415, 5.98],
			"to": [16.31492, 15.94585, 9.02],
			"rotation": {"angle": 0, "axis": "y", "origin": [0.31492, 4.83755, 0]},
			"faces": {
				"north": {"uv": [0, 4.25, 0.75, 8.25], "texture": "#0"},
				"east": {"uv": [0.75, 4.25, 1.5, 8.25], "texture": "#0"},
				"south": {"uv": [1.5, 4.25, 2.25, 8.25], "texture": "#0"},
				"west": {"uv": [2.25, 4.25, 3, 8.25], "texture": "#0"}
			}
		},
		{
			"from": [-0.31492, -0.05415, 5.96],
			"to": [2.68508, 15.94585, 9.04],
			"rotation": {"angle": 0, "axis": "y", "origin": [-0.31492, 1.83755, 0]},
			"faces": {
				"north": {"uv": [3, 4.25, 3.75, 8.25], "texture": "#0"},
				"east": {"uv": [3.75, 4.25, 4.5, 8.25], "texture": "#0"},
				"south": {"uv": [4.5, 4.25, 5.25, 8.25], "texture": "#0"},
				"west": {"uv": [5.25, 4.25, 6, 8.25], "texture": "#0"}
			}
		},
		{
			"from": [-1, 16.39, 5.98],
			"to": [8, 19.39, 9.02],
			"rotation": {"angle": 22.5, "axis": "z", "origin": [8, 19.39, 9]},
			"faces": {
				"north": {"uv": [5.55, 1.5, 7.75, 2.25], "texture": "#0"},
				"south": {"uv": [5.5, 2.25, 7.7, 3], "texture": "#0"},
				"up": {"uv": [7.75, 3.75, 5.55, 3], "texture": "#0"},
				"down": {"uv": [8.25, 3.75, 6.05, 4.5], "texture": "#0"}
			}
		},
		{
			"from": [8, 16.39, 6],
			"to": [17, 19.39, 9],
			"rotation": {"angle": -22.5, "axis": "z", "origin": [8, 19.39, 9]},
			"faces": {
				"north": {"uv": [6, 4.5, 8.2, 5.25], "texture": "#0"},
				"south": {"uv": [6.05, 5.25, 8.25, 6], "texture": "#0"},
				"up": {"uv": [8.2, 6.75, 6, 6], "texture": "#0"},
				"down": {"uv": [8.2, 6.75, 6, 7.5], "texture": "#0"}
			}
		},
		{
			"from": [8, -3.4983, 6],
			"to": [17, -0.4983, 9],
			"rotation": {"angle": 22.5, "axis": "z", "origin": [8, -3.4983, 9]},
			"faces": {
				"north": {"uv": [7.75, 2.25, 9.95, 3], "texture": "#0"},
				"south": {"uv": [7.8, 3, 10, 3.75], "texture": "#0"},
				"up": {"uv": [2.2, 9, 0, 8.25], "texture": "#0"},
				"down": {"uv": [4.45, 8.25, 2.25, 9], "texture": "#0"}
			}
		},
		{
			"from": [-1, -3.4983, 5.98],
			"to": [8, -0.4983, 9.02],
			"rotation": {"angle": -22.5, "axis": "z", "origin": [8, -3.4983, 9]},
			"faces": {
				"north": {"uv": [7.05, 0, 9.25, 0.75], "texture": "#0"},
				"south": {"uv": [7, 0.75, 9.2, 1.5], "texture": "#0"},
				"up": {"uv": [8.25, 8.25, 6.05, 7.5], "texture": "#0"},
				"down": {"uv": [10, 1.5, 7.8, 2.25], "texture": "#0"}
			}
		},
		{
			"from": [6.5, 5, 8],
			"to": [9.5, 11, 14],
			"rotation": {"angle": 0, "axis": "y", "origin": [0, -0.5, 0]},
			"faces": {
				"east": {"uv": [7, 0, 5.5, 1.5], "texture": "#0"},
				"south": {"uv": [8.25, 3.75, 9, 5.25], "texture": "#0"},
				"west": {"uv": [5.5, 0, 7, 1.5], "texture": "#0"},
				"up": {"uv": [5.25, 9.75, 4.5, 8.25], "texture": "#0"},
				"down": {"uv": [6, 8.25, 5.25, 9.75], "texture": "#0"}
			}
		},
		{
			"from": [9.5, 10, 13],
			"to": [6.5, 6, 8],
			"rotation": {"angle": 0, "axis": "y", "origin": [16, 16.5, 7]},
			"faces": {
				"north": {"uv": [8.25, 5, 9, 4], "texture": "#0"},
				"up": {"uv": [5.25, 8.5, 6, 9.75], "texture": "#0"},
				"down": {"uv": [4.5, 9.75, 5.25, 8.5], "texture": "#0"}
			}
		},
		{
			"from": [2.55, -0.65, 7],
			"to": [13.55, 16.35, 8],
			"rotation": {"angle": 0, "axis": "y", "origin": [0.55, 0.35, 0]},
			"faces": {
				"north": {"uv": [0, 0, 2.75, 4.25], "texture": "#0"},
				"south": {"uv": [2.75, 0, 5.5, 4.25], "texture": "#0"}
			}
		},
		{
			"from": [6, 6, 5],
			"to": [10, 10, 7],
			"rotation": {"angle": 45, "axis": "z", "origin": [8, 8, 6]},
			"faces": {
				"north": {"uv": [8.25, 5.25, 9.25, 6.25], "texture": "#0"},
				"east": {"uv": [6, 8.25, 6.5, 9.25], "texture": "#0"},
				"west": {"uv": [8.25, 6.25, 8.75, 7.25], "texture": "#0"},
				"up": {"uv": [7.5, 8.75, 6.5, 8.25], "texture": "#0"},
				"down": {"uv": [9.25, 7.25, 8.25, 7.75], "texture": "#0"}
			}
		}
	],
	"gui_light": "front",
	"display": {
		"thirdperson_righthand": {
			"rotation": [45, -45, 0],
			"translation": [2.75, 1, -0.75],
			"scale": [0.7, 0.7, 0.7]
		},
		"thirdperson_lefthand": {
			"rotation": [45, -45, 0],
			"translation": [2.75, 1, -0.75],
			"scale": [0.7, 0.7, 0.7]
		},
		"firstperson_righthand": {
			"rotation": [0, 0, 18],
			"translation": [-2.5, -1, -4.75],
			"scale": [1.0082, 1.0082, 1.0082]
		},
		"firstperson_lefthand": {
			"rotation": [0, 0, 18],
			"translation": [-2.5, -1, -4.75],
			"scale": [1.0082, 1.0082, 1.0082]
		},
		"ground": {
			"rotation": [78, 0, 0],
			"translation": [0, 3.75, 0],
			"scale": [0.6, 0.6, 0.6]
		},
		"gui": {
			"rotation": [17, 158, 0],
			"translation": [0.25, -0.25, -1.5],
			"scale": [0.64453, 0.64453, 0.64453]
		},
		"head": {
			"rotation": [0, 0, -34],
			"translation": [0, 13.5, -0.5],
			"scale": [0.6, 0.6, 0.6]
		},
		"fixed": {
			"translation": [1.25, 0.75, -4.25],
			"scale": [1.40469, 1.40469, 1.40469]
		}
	}
}