{
	"credit": "by w11shes",
	"texture_size": [32, 32],
	"textures": {
		"2": "item/rogue_assortment/rogue_hoe",
		"particle": "item/rogue_assortment/rogue_hoe"
	},
	"elements": [
		{
			"from": [6.51147, -13, 6.5277],
			"to": [9.51147, -10, 9.5277],
			"rotation": {"angle": 45, "axis": "y", "origin": [8.03917, -3.35, 8]},
			"faces": {
				"north": {"uv": [5.5, 0, 7, 1.5], "texture": "#2"},
				"east": {"uv": [5.5, 0, 7, 1.5], "texture": "#2"},
				"south": {"uv": [5.5, 0, 7, 1.5], "texture": "#2"},
				"west": {"uv": [5.5, 0, 7, 1.5], "texture": "#2"},
				"up": {"uv": [7, 3, 5.5, 1.5], "rotation": 270, "texture": "#2"},
				"down": {"uv": [7.5, 5, 6, 6.5], "rotation": 90, "texture": "#2"}
			}
		},
		{
			"from": [7.03917, -12.64086, 13.34625],
			"to": [9.03917, -8.64086, 17.34625],
			"rotation": {"angle": 45, "axis": "x", "origin": [8.03917, -3.35, 8]},
			"faces": {
				"north": {"uv": [7, 1.5, 8, 3.5], "texture": "#2"},
				"east": {"uv": [6, 5, 4, 7], "texture": "#2"},
				"south": {"uv": [4, 7, 5, 9], "texture": "#2"},
				"west": {"uv": [4, 5, 6, 7], "texture": "#2"},
				"up": {"uv": [9.5, 6, 7.5, 5], "rotation": 270, "texture": "#2"},
				"down": {"uv": [9.5, 6, 7.5, 7], "rotation": 90, "texture": "#2"}
			}
		},
		{
			"from": [9.03917, -9.64086, 16.34625],
			"to": [7.03917, -11.64086, 14.34625],
			"rotation": {"angle": 45, "axis": "x", "origin": [8.03917, -3.35, 8]},
			"faces": {
				"north": {"uv": [5, 7, 6, 8], "texture": "#2"},
				"south": {"uv": [2.5, 7.5, 3.5, 8.5], "texture": "#2"},
				"up": {"uv": [2, 9, 1, 8], "rotation": 270, "texture": "#2"},
				"down": {"uv": [9, 1.5, 8, 2.5], "rotation": 90, "texture": "#2"}
			}
		},
		{
			"from": [7.03917, -10, 7.03917],
			"to": [9.03917, 11, 9.03917],
			"rotation": {"angle": 0, "axis": "y", "origin": [8.03917, -3.35, 8]},
			"faces": {
				"north": {"uv": [1, 0, 0, 10.5], "texture": "#2"},
				"east": {"uv": [0, 0, 1, 10.5], "texture": "#2"},
				"south": {"uv": [1, 0, 0, 10.5], "texture": "#2"},
				"west": {"uv": [0, 0, 1, 10.5], "texture": "#2"},
				"up": {"uv": [6.5, 4, 5.5, 3], "rotation": 270, "texture": "#2"}
			}
		},
		{
			"from": [6.51147, 2, 6.5277],
			"to": [9.51147, 9, 9.5277],
			"rotation": {"angle": 45, "axis": "y", "origin": [8.03917, -3.35, 8]},
			"faces": {
				"north": {"uv": [1, 9, 2.5, 12.5], "texture": "#2"},
				"east": {"uv": [2.5, 9, 1, 12.5], "texture": "#2"},
				"south": {"uv": [2.5, 4, 4, 7.5], "texture": "#2"},
				"west": {"uv": [4, 4, 2.5, 7.5], "texture": "#2"},
				"up": {"uv": [7.5, 8, 6, 6.5], "rotation": 270, "texture": "#2"},
				"down": {"uv": [8.5, 0, 7, 1.5], "rotation": 90, "texture": "#2"}
			}
		},
		{
			"from": [6.03917, 6, -0.96083],
			"to": [10.03917, 8, 8.03917],
			"rotation": {"angle": 0, "axis": "y", "origin": [8.03917, -3.35, 8]},
			"faces": {
				"north": {"uv": [7.5, 7, 9.5, 8], "texture": "#2"},
				"east": {"uv": [8.5, 4, 4, 5], "texture": "#2"},
				"west": {"uv": [4, 4, 8.5, 5], "texture": "#2"},
				"up": {"uv": [5.5, 2, 1, 0], "rotation": 270, "texture": "#2"},
				"down": {"uv": [5.5, 2, 1, 4], "rotation": 90, "texture": "#2"}
			}
		},
		{
			"from": [4.03917, 10.30482, 5.98229],
			"to": [12.03917, 10.35482, 8.98229],
			"rotation": {"angle": -45, "axis": "x", "origin": [8.03917, -3.35, 8]},
			"faces": {
				"up": {"uv": [2.5, 8, 1, 4], "rotation": 270, "texture": "#2"},
				"down": {"uv": [2.5, 8, 1, 4], "rotation": 90, "texture": "#2"}
			}
		}
	],
	"gui_light": "front",
	"display": {
		"thirdperson_righthand": {
			"translation": [0, 8, 1.75],
			"scale": [0.75, 0.75, 0.75]
		},
		"thirdperson_lefthand": {
			"translation": [0, 8, 1.75],
			"scale": [0.75, 0.75, 0.75]
		},
		"firstperson_righthand": {
			"rotation": [-3, 20, 10],
			"translation": [3.25, 5, -2.5],
			"scale": [0.74609, 0.74609, 0.74609]
		},
		"firstperson_lefthand": {
			"rotation": [-3, 20, 10],
			"translation": [3.25, 5, -2.5],
			"scale": [0.74609, 0.74609, 0.74609]
		},
		"ground": {
			"rotation": [94, 85, 0],
			"translation": [0, 0, 2],
			"scale": [0.5, 0.5, 0.5]
		},
		"gui": {
			"rotation": [-83, 50, 110],
			"translation": [-2.25, 3.25, 0],
			"scale": [0.55, 0.55, 0.55]
		},
		"head": {
			"rotation": [90, -171, 90],
			"translation": [-2.25, 9.25, 0.25],
			"scale": [0.7, 0.7, 0.7]
		},
		"fixed": {
			"rotation": [0, 90, 0],
			"translation": [0, 1, -1.25],
			"scale": [1.42109, 1.42109, 1.42109]
		}
	}
}