{
	"credit": "by w11shes",
	"texture_size": [32, 32],
	"textures": {
		"1": "item/rogue_assortment/rogue_axe"
	},
	"elements": [
		{
			"from": [6.41794, -10, 6.32688],
			"to": [9.41794, -7, 9.32688],
			"rotation": {"angle": 45, "axis": "y", "origin": [7.75, -1.85, 8.0125]},
			"faces": {
				"north": {"uv": [1.5, 5, 3, 6.5], "texture": "#1"},
				"east": {"uv": [1.5, 5, 3, 6.5], "texture": "#1"},
				"south": {"uv": [1.5, 5, 3, 6.5], "texture": "#1"},
				"west": {"uv": [1.5, 5, 3, 6.5], "texture": "#1"},
				"up": {"uv": [7, 6.5, 5.5, 5], "rotation": 270, "texture": "#1"},
				"down": {"uv": [7.5, 0, 6, 1.5], "rotation": 90, "texture": "#1"}
			}
		},
		{
			"from": [6.7375, -10.28467, 12.09362],
			"to": [8.7375, -6.28467, 16.09362],
			"rotation": {"angle": 45, "axis": "x", "origin": [7.75, -1.85, 8.0125]},
			"faces": {
				"north": {"uv": [4, 6.5, 5, 8.5], "texture": "#1"},
				"east": {"uv": [7.5, 3, 5.5, 5], "texture": "#1"},
				"south": {"uv": [5, 6.5, 6, 8.5], "texture": "#1"},
				"west": {"uv": [5.5, 3, 7.5, 5], "texture": "#1"},
				"up": {"uv": [8, 7.5, 6, 6.5], "rotation": 270, "texture": "#1"},
				"down": {"uv": [9, 5, 7, 6], "rotation": 90, "texture": "#1"}
			}
		},
		{
			"from": [8.7375, -7.28467, 15.09362],
			"to": [6.7375, -9.28467, 13.09362],
			"rotation": {"angle": 45, "axis": "x", "origin": [7.75, -1.85, 8.0125]},
			"faces": {
				"north": {"uv": [7.5, 3, 8.5, 4], "texture": "#1"},
				"south": {"uv": [7.5, 4, 8.5, 5], "texture": "#1"},
				"up": {"uv": [7, 8.5, 6, 7.5], "rotation": 270, "texture": "#1"},
				"down": {"uv": [8, 7.5, 7, 8.5], "rotation": 90, "texture": "#1"}
			}
		},
		{
			"from": [6.7375, -7, 6.7625],
			"to": [8.7375, 12, 8.7625],
			"rotation": {"angle": 0, "axis": "y", "origin": [7.75, -1.85, 8.0125]},
			"faces": {
				"north": {"uv": [4, 0, 3, 9.5], "texture": "#1"},
				"east": {"uv": [3, 0, 4, 9.5], "texture": "#1"},
				"south": {"uv": [4, 0, 3, 9.5], "texture": "#1"},
				"west": {"uv": [3, 0, 4, 9.5], "texture": "#1"},
				"up": {"uv": [8.5, 3, 7.5, 2], "rotation": 270, "texture": "#1"}
			}
		},
		{
			"from": [6.41794, 3, 6.32688],
			"to": [9.41794, 10, 9.32688],
			"rotation": {"angle": 45, "axis": "y", "origin": [7.75, -1.85, 8.0125]},
			"faces": {
				"north": {"uv": [0, 5, 1.5, 8.5], "texture": "#1"},
				"east": {"uv": [1.5, 5, 0, 8.5], "texture": "#1"},
				"south": {"uv": [4, 3, 5.5, 6.5], "texture": "#1"},
				"west": {"uv": [4, 3, 5.5, 6.5], "texture": "#1"},
				"up": {"uv": [7.5, 3, 6, 1.5], "rotation": 270, "texture": "#1"},
				"down": {"uv": [3, 6.5, 1.5, 8], "rotation": 90, "texture": "#1"}
			}
		},
		{
			"from": [7.2375, 5, 1.2625],
			"to": [8.2375, 9, 6.2625],
			"rotation": {"angle": 0, "axis": "y", "origin": [7.75, -1.85, 8.0125]},
			"faces": {
				"north": {"uv": [7.5, 0, 8, 2], "texture": "#1"},
				"east": {"uv": [10, 0, 7.5, 2], "texture": "#1"},
				"west": {"uv": [7.5, 0, 10, 2], "texture": "#1"},
				"up": {"uv": [10, 0, 7.5, 0.5], "rotation": 270, "texture": "#1"},
				"down": {"uv": [10, 1.5, 7.5, 2], "rotation": 90, "texture": "#1"}
			}
		},
		{
			"from": [7.7375, 0, -0.7375],
			"to": [7.7875, 10, 5.2625],
			"rotation": {"angle": 0, "axis": "y", "origin": [7.75, -1.85, 8.0125]},
			"faces": {
				"east": {"uv": [3, 0, 0, 5], "texture": "#1"},
				"west": {"uv": [0, 0, 3, 5], "texture": "#1"}
			}
		}
	],
	"gui_light": "front",
	"display": {
		"thirdperson_righthand": {
			"translation": [0, 5.75, 1.75],
			"scale": [0.75, 0.75, 0.75]
		},
		"thirdperson_lefthand": {
			"translation": [0, 5.75, 1.75],
			"scale": [0.75, 0.75, 0.75]
		},
		"firstperson_righthand": {
			"rotation": [-3, 20, 10],
			"translation": [4.75, 6.75, -2.5],
			"scale": [0.97656, 0.97656, 0.97656]
		},
		"firstperson_lefthand": {
			"rotation": [-3, 20, 10],
			"translation": [4.75, 6.75, -2.5],
			"scale": [0.97656, 0.97656, 0.97656]
		},
		"ground": {
			"rotation": [94, 85, 0],
			"translation": [0, 0, 2],
			"scale": [0.5, 0.5, 0.5]
		},
		"gui": {
			"rotation": [-90, 50, 90],
			"translation": [-2, 3.5, 0],
			"scale": [0.57344, 0.57344, 0.57344]
		},
		"head": {
			"rotation": [90, -171, 90],
			"translation": [4.75, 12.5, 0.25],
			"scale": [0.7, 0.7, 0.7]
		},
		"fixed": {
			"rotation": [0, 90, 0],
			"translation": [3.75, 10.25, -1.25],
			"scale": [1.42109, 1.42109, 1.42109]
		}
	}
}