{"textures":{"2":"modelengine:entity/azriel"},"elements":[{"from":[3.0,4.490385,3.9038157],"to":[13.0,7.990385,11.903816],"faces":{"east":{"uv":[9.4375,0.9375,8.4375,1.375],"tintindex":0,"rotation":0,"texture":"#2"},"south":{"uv":[7.75,0.0,9.0,0.4375],"tintindex":0,"rotation":0,"texture":"#2"},"north":{"uv":[7.625,3.5625,8.875,4.0],"tintindex":0,"rotation":0,"texture":"#2"},"west":{"uv":[8.4375,0.9375,9.4375,1.375],"tintindex":0,"rotation":0,"texture":"#2"},"up":{"uv":[5.875,5.5,4.625,4.5],"tintindex":0,"rotation":0,"texture":"#2"},"down":{"uv":[3.875,4.6875,2.625,5.6875],"tintindex":0,"rotation":0,"texture":"#2"}},"rotation":{"origin":[8.0,6.240385,7.6538157],"angle":-22.5,"axis":"x"}},{"from":[3.5,-6.25,4.25],"to":[12.5,6.25,12.25],"faces":{"east":{"uv":[4.625,3.125,3.625,4.6875],"tintindex":0,"rotation":0,"texture":"#2"},"south":{"uv":[2.625,1.5625,3.75,3.125],"tintindex":0,"rotation":0,"texture":"#2"},"north":{"uv":[2.625,0.0,3.75,1.5625],"tintindex":0,"rotation":0,"texture":"#2"},"west":{"uv":[3.625,3.125,4.625,4.6875],"tintindex":0,"rotation":0,"texture":"#2"},"up":{"uv":[1.125,6.25,0.0,5.25],"tintindex":0,"rotation":0,"texture":"#2"},"down":{"uv":[2.25,5.25,1.125,6.25],"tintindex":0,"rotation":0,"texture":"#2"}}}]}