{"textures":{"0":"modelengine:entity/golem_magma"},"elements":[{"from":[3.2611113,1.2680073,1.9602537],"to":[12.261111,8.268007,10.960254],"faces":{"east":{"uv":[7.75,6.0625,7.1875,6.5],"tintindex":0,"rotation":0,"texture":"#0"},"south":{"uv":[5.375,1.375,4.8125,1.8125],"tintindex":0,"rotation":0,"texture":"#0"},"north":{"uv":[5.375,1.375,4.8125,1.8125],"tintindex":0,"rotation":0,"texture":"#0"},"west":{"uv":[7.75,6.0625,7.1875,6.5],"tintindex":0,"rotation":0,"texture":"#0"},"up":{"uv":[4.375,7.125,4.9375,6.5625],"tintindex":0,"rotation":0,"texture":"#0"},"down":{"uv":[4.375,7.125,4.9375,6.5625],"tintindex":0,"rotation":0,"texture":"#0"}},"rotation":{"origin":[7.7611113,4.7680073,6.4602537],"angle":-22.5,"axis":"x"}}]}