{"textures":{"0":"item/meg/horse_glacial"},"elements":[{"from":[6.0,-4.956249,3.4763517],"to":[10.0,1.0437498,8.476351],"faces":{"east":{"uv":[6.75,5.5625,7.0625,5.9375],"tintindex":0,"rotation":0,"texture":"#0"},"south":{"uv":[6.25,6.875,6.5,7.25],"tintindex":0,"rotation":0,"texture":"#0"},"north":{"uv":[0.625,3.875,0.875,4.25],"tintindex":0,"rotation":0,"texture":"#0"},"west":{"uv":[5.875,6.75,6.1875,7.125],"tintindex":0,"rotation":0,"texture":"#0"},"up":{"uv":[7.25,0.5625,7.0,0.25],"tintindex":0,"rotation":0,"texture":"#0"},"down":{"uv":[7.25,0.625,7.0,0.9375],"tintindex":0,"rotation":0,"texture":"#0"}},"rotation":{"origin":[8.0,9.719332,-10.346821],"angle":-22.5,"axis":"x"}}]}