{
	"credit": "Made with Blockbench",
	"textures": {
		"1": "item/magma/magma_ef_long",
		"3": "item/magma/magma_netherite_helmet",
		"particle": "item/magma/magma_netherite_helmet"
	},
	"elements": [
		{
			"from": [2, 7, 1.75],
			"to": [14, 10, 2.5],
			"rotation": {"angle": 0, "axis": "y", "origin": [8, 9, 2.625]},
			"faces": {
				"north": {"uv": [8.25, 4.25, 11.25, 5], "texture": "#3"},
				"east": {"uv": [8, 8.5, 8.25, 9.25], "texture": "#3"},
				"south": {"uv": [9, 5, 12, 5.75], "texture": "#3"},
				"west": {"uv": [8, 9.25, 8.25, 10], "texture": "#3"},
				"up": {"uv": [12, 6, 9, 5.75], "texture": "#3"},
				"down": {"uv": [13.5, 1.75, 10.5, 2], "texture": "#3"}
			}
		},
		{
			"from": [1.992, 6.992, 13.492],
			"to": [14.008, 10.008, 14.258],
			"rotation": {"angle": 0, "axis": "y", "origin": [8, 9, 10.875]},
			"faces": {
				"north": {"uv": [9.25, 7.25, 12.25, 8], "texture": "#3"},
				"east": {"uv": [7.5, 11.25, 7.75, 12], "texture": "#3"},
				"south": {"uv": [9.25, 8, 12.25, 8.75], "texture": "#3"},
				"west": {"uv": [7.75, 11.25, 8, 12], "texture": "#3"},
				"up": {"uv": [13.5, 2.25, 10.5, 2], "texture": "#3"},
				"down": {"uv": [13.5, 2.25, 10.5, 2.5], "texture": "#3"}
			}
		},
		{
			"from": [2, 7, 2.5],
			"to": [2.75, 10, 13.5],
			"rotation": {"angle": 0, "axis": "y", "origin": [2.875, 8.5, 9.5]},
			"faces": {
				"north": {"uv": [11.25, 11, 11.5, 11.75], "texture": "#3"},
				"east": {"uv": [2.75, 9, 5.5, 9.75], "texture": "#3"},
				"south": {"uv": [11.5, 0.75, 11.75, 1.5], "texture": "#3"},
				"west": {"uv": [9.25, 8.75, 12, 9.5], "texture": "#3"},
				"up": {"uv": [9.25, 13.25, 9, 10.5], "texture": "#3"},
				"down": {"uv": [2.75, 10.75, 2.5, 13.5], "texture": "#3"}
			}
		},
		{
			"from": [13.25, 7, 2.5],
			"to": [14, 10, 13.5],
			"rotation": {"angle": 0, "axis": "y", "origin": [13.125, 8.5, 9.5]},
			"faces": {
				"north": {"uv": [11.5, 3, 11.75, 3.75], "texture": "#3"},
				"east": {"uv": [0, 9.5, 2.75, 10.25], "texture": "#3"},
				"south": {"uv": [11.5, 6, 11.75, 6.75], "texture": "#3"},
				"west": {"uv": [9.5, 0, 12.25, 0.75], "texture": "#3"},
				"up": {"uv": [3, 13.5, 2.75, 10.75], "texture": "#3"},
				"down": {"uv": [3.25, 10.75, 3, 13.5], "texture": "#3"}
			}
		},
		{
			"from": [2.75, 9, 2.5],
			"to": [13.25, 14, 13.5],
			"rotation": {"angle": 0, "axis": "y", "origin": [13.125, 8.5, 9.5]},
			"faces": {
				"north": {"uv": [5.5, 6, 8.25, 7.25], "texture": "#3"},
				"east": {"uv": [2.75, 6.5, 5.5, 7.75], "texture": "#3"},
				"south": {"uv": [0, 7, 2.75, 8.25], "texture": "#3"},
				"west": {"uv": [5.5, 7.25, 8.25, 8.5], "texture": "#3"},
				"up": {"uv": [2.75, 2.75, 0, 0], "texture": "#3"},
				"down": {"uv": [2.75, 2.75, 0, 5.5], "texture": "#3"}
			}
		},
		{
			"from": [1.744, 3.244, 2.494],
			"to": [3.256, 9.006, 13.506],
			"rotation": {"angle": -22.5, "axis": "z", "origin": [3.5, 5, 8]},
			"faces": {
				"north": {"uv": [0.5, 10.75, 1, 12.25], "texture": "#3"},
				"east": {"uv": [2.75, 3.5, 5.5, 5], "texture": "#3"},
				"south": {"uv": [1, 10.75, 1.5, 12.25], "texture": "#3"},
				"west": {"uv": [2.75, 5, 5.5, 6.5], "texture": "#3"},
				"up": {"uv": [8, 11.25, 7.5, 8.5], "texture": "#3"},
				"down": {"uv": [9.75, 9.5, 9.25, 12.25], "texture": "#3"}
			}
		},
		{
			"from": [2.492, 1.53905, 12.492],
			"to": [13.508, 7.30505, 14.008],
			"rotation": {"angle": -22.5, "axis": "x", "origin": [8, 6.42205, 8]},
			"faces": {
				"north": {"uv": [0, 5.5, 2.75, 7], "texture": "#3"},
				"east": {"uv": [1.5, 10.75, 2, 12.25], "texture": "#3"},
				"south": {"uv": [5.5, 3.5, 8.25, 5], "texture": "#3"},
				"west": {"uv": [2, 10.75, 2.5, 12.25], "texture": "#3"},
				"up": {"uv": [12.25, 3, 9.5, 2.5], "texture": "#3"},
				"down": {"uv": [5.5, 9.75, 2.75, 10.25], "texture": "#3"}
			}
		},
		{
			"from": [2.75, 1.25, 3],
			"to": [4.25, 6, 13.5],
			"rotation": {"angle": -22.5, "axis": "z", "origin": [3.5, 5, 8]},
			"faces": {
				"north": {"uv": [11, 3, 11.5, 4.25], "texture": "#3"},
				"east": {"uv": [2.75, 7.75, 5.5, 9], "texture": "#3"},
				"south": {"uv": [11, 6, 11.5, 7.25], "texture": "#3"},
				"west": {"uv": [0, 8.25, 2.75, 9.5], "texture": "#3"},
				"up": {"uv": [10.25, 12.25, 9.75, 9.5], "texture": "#3"},
				"down": {"uv": [0.5, 10.25, 0, 13], "texture": "#3"}
			}
		},
		{
			"from": [2.75, -0.64533, 12.5],
			"to": [13.25, 4.10467, 14],
			"rotation": {"angle": -22.5, "axis": "x", "origin": [8, 3.72967, 8.25]},
			"faces": {
				"north": {"uv": [8.25, 3, 11, 4.25], "texture": "#3"},
				"east": {"uv": [10.25, 11, 10.75, 12.25], "texture": "#3"},
				"south": {"uv": [8.25, 6, 11, 7.25], "texture": "#3"},
				"west": {"uv": [10.75, 11, 11.25, 12.25], "texture": "#3"},
				"up": {"uv": [3.25, 10.75, 0.5, 10.25], "texture": "#3"},
				"down": {"uv": [13, 9.5, 10.25, 10], "texture": "#3"}
			}
		},
		{
			"from": [6, 9, 1],
			"to": [10, 15.5, 14.25],
			"rotation": {"angle": 0, "axis": "y", "origin": [13.125, 8.5, 9.5]},
			"faces": {
				"north": {"uv": [6.5, 8.5, 7.5, 10.25], "texture": "#3"},
				"east": {"uv": [2.75, 0, 6, 1.75], "texture": "#3"},
				"south": {"uv": [9.5, 0.75, 10.5, 2.5], "texture": "#3"},
				"west": {"uv": [2.75, 1.75, 6, 3.5], "texture": "#3"},
				"up": {"uv": [9.25, 10.5, 8.25, 7.25], "texture": "#3"},
				"down": {"uv": [6.5, 8.5, 5.5, 11.75], "texture": "#3"}
			}
		},
		{
			"from": [0.5, 6, 8.26274],
			"to": [2, 10, 12.26274],
			"rotation": {"angle": 45, "axis": "x", "origin": [8, 11.2, 10.26274]},
			"faces": {
				"north": {"uv": [4.5, 11.25, 5, 12.25], "texture": "#3"},
				"east": {"uv": [4.5, 10.25, 5.5, 11.25], "texture": "#3"},
				"south": {"uv": [5, 11.25, 5.5, 12.25], "texture": "#3"},
				"west": {"uv": [6.5, 10.25, 7.5, 11.25], "texture": "#3"},
				"up": {"uv": [7, 12.25, 6.5, 11.25], "texture": "#3"},
				"down": {"uv": [7.5, 11.25, 7, 12.25], "texture": "#3"}
			}
		},
		{
			"from": [2.3781, 14.42183, 6],
			"to": [7.7781, 15.92183, 10],
			"rotation": {"angle": 22.5, "axis": "z", "origin": [8.0281, 11.19683, 8]},
			"faces": {
				"north": {"uv": [6, 3, 7.25, 3.5], "texture": "#3"},
				"east": {"uv": [7.25, 3, 8.25, 3.5], "texture": "#3"},
				"south": {"uv": [3.25, 11.25, 4.5, 11.75], "texture": "#3"},
				"west": {"uv": [11.25, 4.25, 12.25, 4.75], "texture": "#3"},
				"up": {"uv": [4.5, 11.25, 3.25, 10.25], "texture": "#3"},
				"down": {"uv": [11.5, 10, 10.25, 11], "texture": "#3"}
			}
		},
		{
			"from": [0.992, 8.992, 5.992],
			"to": [15.008, 13.408, 10.008],
			"rotation": {"angle": 0, "axis": "y", "origin": [8, 12.25, 8]},
			"faces": {
				"north": {"uv": [5.5, 5, 9, 6], "texture": "#3"},
				"east": {"uv": [10.5, 0.75, 11.5, 1.75], "texture": "#3"},
				"south": {"uv": [6, 0, 9.5, 1], "texture": "#3"},
				"west": {"uv": [8, 10.5, 9, 11.5], "texture": "#3"},
				"up": {"uv": [9.5, 2, 6, 1], "texture": "#3"},
				"down": {"uv": [9.5, 2, 6, 3], "texture": "#3"}
			}
		},
		{
			"from": [11.75, 1.25, 3],
			"to": [13.25, 6, 13.5],
			"rotation": {"angle": 22.5, "axis": "z", "origin": [12.5, 5, 8]},
			"faces": {
				"north": {"uv": [11.5, 3, 11, 4.25], "texture": "#3"},
				"east": {"uv": [2.75, 8.25, 0, 9.5], "texture": "#3"},
				"south": {"uv": [11.5, 6, 11, 7.25], "texture": "#3"},
				"west": {"uv": [5.5, 7.75, 2.75, 9], "texture": "#3"},
				"up": {"uv": [9.75, 12.25, 10.25, 9.5], "texture": "#3"},
				"down": {"uv": [0, 10.25, 0.5, 13], "texture": "#3"}
			}
		},
		{
			"from": [12.744, 3.244, 2.494],
			"to": [14.256, 9.006, 13.506],
			"rotation": {"angle": 22.5, "axis": "z", "origin": [12.5, 5, 8]},
			"faces": {
				"north": {"uv": [1, 10.75, 0.5, 12.25], "texture": "#3"},
				"east": {"uv": [5.5, 5, 2.75, 6.5], "texture": "#3"},
				"south": {"uv": [1.5, 10.75, 1, 12.25], "texture": "#3"},
				"west": {"uv": [5.5, 3.5, 2.75, 5], "texture": "#3"},
				"up": {"uv": [7.5, 11.25, 8, 8.5], "texture": "#3"},
				"down": {"uv": [9.25, 9.5, 9.75, 12.25], "texture": "#3"}
			}
		},
		{
			"from": [14, 6, 8.26274],
			"to": [15.5, 10, 12.26274],
			"rotation": {"angle": 45, "axis": "x", "origin": [8, 11.2, 10.26274]},
			"faces": {
				"north": {"uv": [5, 11.25, 4.5, 12.25], "texture": "#3"},
				"east": {"uv": [7.5, 10.25, 6.5, 11.25], "texture": "#3"},
				"south": {"uv": [5.5, 11.25, 5, 12.25], "texture": "#3"},
				"west": {"uv": [5.5, 10.25, 4.5, 11.25], "texture": "#3"},
				"up": {"uv": [6.5, 12.25, 7, 11.25], "texture": "#3"},
				"down": {"uv": [7, 11.25, 7.5, 12.25], "texture": "#3"}
			}
		},
		{
			"from": [0.992, 8.992, 5.992],
			"to": [15.008, 13.408, 10.008],
			"rotation": {"angle": 0, "axis": "y", "origin": [8, 12.25, 8]},
			"faces": {
				"north": {"uv": [9, 5, 5.5, 6], "texture": "#3"},
				"east": {"uv": [9, 10.5, 8, 11.5], "texture": "#3"},
				"south": {"uv": [9.5, 0, 6, 1], "texture": "#3"},
				"west": {"uv": [11.5, 0.75, 10.5, 1.75], "texture": "#3"},
				"up": {"uv": [6, 2, 9.5, 1], "texture": "#3"},
				"down": {"uv": [6, 2, 9.5, 3], "texture": "#3"}
			}
		},
		{
			"from": [8.2219, 14.42183, 6],
			"to": [13.6219, 15.92183, 10],
			"rotation": {"angle": -22.5, "axis": "z", "origin": [7.9719, 11.19683, 8]},
			"faces": {
				"north": {"uv": [7.25, 3, 6, 3.5], "texture": "#3"},
				"east": {"uv": [12.25, 4.25, 11.25, 4.75], "texture": "#3"},
				"south": {"uv": [4.5, 11.25, 3.25, 11.75], "texture": "#3"},
				"west": {"uv": [8.25, 3, 7.25, 3.5], "texture": "#3"},
				"up": {"uv": [3.25, 11.25, 4.5, 10.25], "texture": "#3"},
				"down": {"uv": [10.25, 10, 11.5, 11], "texture": "#3"}
			}
		},
		{
			"name": "ef",
			"from": [9.34598, 9.1, 15.03254],
			"to": [13.84598, 26.1, 15.03254],
			"rotation": {"angle": 22.5, "axis": "y", "origin": [11.34598, 16.5, 8.28254]},
			"faces": {
				"north": {"uv": [0.75, 5.25, 3, 16], "texture": "#1"},
				"east": {"uv": [0, 0, 0, 0.71875], "texture": "#missing"},
				"south": {"uv": [3, 5.25, 0.75, 16], "texture": "#1"},
				"west": {"uv": [0, 0, 0, 0.71875], "texture": "#missing"},
				"up": {"uv": [0, 0, 0.1875, 0], "texture": "#missing"},
				"down": {"uv": [0, 0, 0.1875, 0], "texture": "#missing"}
			}
		},
		{
			"name": "ef",
			"from": [-1.4588, 2, 14.27703],
			"to": [3.5412, 22, 14.27703],
			"rotation": {"angle": -45, "axis": "y", "origin": [1.0412, 12, 14.27703]},
			"faces": {
				"north": {"uv": [9.25, 5.25, 7, 16], "texture": "#1"},
				"east": {"uv": [0, 0, 0, 0.71875], "texture": "#missing"},
				"south": {"uv": [7, 5.25, 9.25, 16], "texture": "#1"},
				"west": {"uv": [0, 0, 0, 0.71875], "texture": "#missing"},
				"up": {"uv": [0.1875, 0, 0, 0], "texture": "#missing"},
				"down": {"uv": [0.1875, 0, 0, 0], "texture": "#missing"}
			}
		},
		{
			"name": "ef",
			"from": [-2.23356, 8, 0.93694],
			"to": [2.76644, 25, 0.93694],
			"rotation": {"angle": 22.5, "axis": "y", "origin": [0.26644, 16.5, -0.06306]},
			"faces": {
				"north": {"uv": [9.25, 5.25, 7, 16], "texture": "#1"},
				"east": {"uv": [0, 0, 0, 0.71875], "texture": "#missing"},
				"south": {"uv": [7, 5.25, 9.25, 16], "texture": "#1"},
				"west": {"uv": [0, 0, 0, 0.71875], "texture": "#missing"},
				"up": {"uv": [0.1875, 0, 0, 0], "texture": "#missing"},
				"down": {"uv": [0.1875, 0, 0, 0], "texture": "#missing"}
			}
		},
		{
			"name": "ef",
			"from": [12.35368, -1, 0.55981],
			"to": [17.85368, 18, 0.55981],
			"rotation": {"angle": -22.5, "axis": "y", "origin": [15.10368, 11.5, -0.44019]},
			"faces": {
				"north": {"uv": [0.75, 5.25, 3, 16], "texture": "#1"},
				"east": {"uv": [0, 0, 0, 0.71875], "texture": "#missing"},
				"south": {"uv": [3, 5.25, 0.75, 16], "texture": "#1"},
				"west": {"uv": [0, 0, 0, 0.71875], "texture": "#missing"},
				"up": {"uv": [0, 0, 0.1875, 0], "texture": "#missing"},
				"down": {"uv": [0, 0, 0.1875, 0], "texture": "#missing"}
			}
		}
	],
	"gui_light": "front",
	"display": {
		"thirdperson_righthand": {
			"rotation": [138.27, 49.31, -169.1],
			"translation": [0, 3.75, 2],
			"scale": [0.57, 0.57, 0.57]
		},
		"thirdperson_lefthand": {
			"rotation": [138.27, 49.31, -169.1],
			"translation": [0, 3.75, 2],
			"scale": [0.57, 0.57, 0.57]
		},
		"firstperson_righthand": {
			"rotation": [166.02, 32.08, -178.73],
			"translation": [0, 4, 0],
			"scale": [0.45, 0.45, 0.45]
		},
		"firstperson_lefthand": {
			"rotation": [166.02, 32.08, -178.73],
			"translation": [0, 4, 0],
			"scale": [0.45, 0.45, 0.45]
		},
		"ground": {
			"translation": [0, 0.75, 0],
			"scale": [0.6, 0.6, 0.6]
		},
		"gui": {
			"rotation": [-160, 45, -180],
			"scale": [0.84, 0.84, 0.84]
		},
		"head": {
			"translation": [0, 1.75, 0],
			"scale": [1.34, 1.34, 1.34]
		},
		"fixed": {
			"translation": [0, 0, -3.75]
		}
	},
	"groups": [
		{
			"name": "magma_netherite_helmet",
			"origin": [8.0281, 11.19683, 8],
			"color": 0,
			"children": [0, 1, 2, 3, 4, 5, 6, 7, 8, 9, 10, 11, 12, 13, 14, 15, 16, 17, 18, 19, 20, 21]
		}
	]
}