{
  "display": {
    "firstperson_lefthand": {
      "rotation": [
        -90,
        0,
        35
      ],
      "scale": [
        0.68,
        0.68,
        0.68
      ],
      "translation": [
        1.13,
        3.2,
        1.13
      ]
    },
    "firstperson_righthand": {
      "rotation": [
        -90,
        0,
        -55
      ],
      "scale": [
        0.68,
        0.68,
        0.68
      ],
      "translation": [
        1.13,
        3.2,
        1.13
      ]
    },
    "thirdperson_lefthand": {
      "rotation": [
        -90,
        0,
        30
      ],
      "scale": [
        0.9,
        0.9,
        0.9
      ],
      "translation": [
        2,
        0.1,
        -3
      ]
    },
    "thirdperson_righthand": {
      "rotation": [
        -90,
        0,
        -60
      ],
      "scale": [
        0.9,
        0.9,
        0.9
      ],
      "translation": [
        2,
        0.1,
        -3
      ]
    }
  },
  "overrides": [
    {
      "model": "item/crossbow_pulling_0",
      "predicate": {
        "pulling": 1
      }
    },
    {
      "model": "item/crossbow_pulling_1",
      "predicate": {
        "pull": 0.58,
        "pulling": 1
      }
    },
    {
      "model": "item/crossbow_pulling_2",
      "predicate": {
        "pull": 1,
        "pulling": 1
      }
    },
    {
      "model": "item/crossbow_arrow",
      "predicate": {
        "charged": 1
      }
    },
    {
      "model": "item/crossbow_firework",
      "predicate": {
        "charged": 1,
        "firework": 1
      }
    },
    {
      "model": "goblin_weapon_set/crossbow",
      "predicate": {
        "custom_model_data": 1
      }
    },
    {
      "model": "goblin_weapon_set/crossbow_0",
      "predicate": {
        "custom_model_data": 1,
        "pulling": 1
      }
    },
    {
      "model": "goblin_weapon_set/crossbow_1",
      "predicate": {
        "custom_model_data": 1,
        "pull": 0.58,
        "pulling": 1
      }
    },
    {
      "model": "goblin_weapon_set/crossbow_2",
      "predicate": {
        "custom_model_data": 1,
        "pull": 1,
        "pulling": 1
      }
    },
    {
      "model": "goblin_weapon_set/crossbow_charged",
      "predicate": {
        "charged": 1,
        "custom_model_data": 1
      }
    },
    {
      "model": "goblin_weapon_set/crossbow_firework",
      "predicate": {
        "charged": 1,
        "custom_model_data": 1,
        "firework": 1
      }
    },
    {
      "predicate": {
        "custom_model_data": 2
      },
      "model": "warrior_weapon_assortment/warrior_crossbow"
    },
    {
      "predicate": {
        "pulling": 1,
        "custom_model_data": 2
      },
      "model": "warrior_weapon_assortment/warrior_crossbow_0"
    },
    {
      "predicate": {
        "pulling": 1,
        "pull": 0.45,
        "custom_model_data": 2
      },
      "model": "warrior_weapon_assortment/warrior_crossbow_1"
    },
    {
      "predicate": {
        "pulling": 1,
        "pull": 0.9,
        "custom_model_data": 2
      },
      "model": "warrior_weapon_assortment/warrior_crossbow_2"
    },
    {
      "predicate": {
        "arrow": 1,
        "custom_model_data": 2
      },
      "model": "warrior_weapon_assortment/warrior_crossbow_charged"
    },
    {
      "predicate": {
        "charged": 1,
        "custom_model_data": 2
      },
      "model": "warrior_weapon_assortment/warrior_crossbow_charged"
    },

    {
      "predicate": {
        "custom_model_data": 3
      },
      "model": "red/crossbow"
    },
    {
      "predicate": {
        "pulling": 1,
        "custom_model_data": 3
      },
      "model": "red/crossbow_0"
    },
    {
      "predicate": {
        "pulling": 1,
        "pull": 0.45,
        "custom_model_data": 3
      },
      "model": "red/crossbow_1"
    },
    {
      "predicate": {
        "pulling": 1,
        "pull": 0.9,
        "custom_model_data": 3
      },
      "model": "red/crossbow_2"
    },
    {
      "predicate": {
        "arrow": 1,
        "custom_model_data": 3
      },
      "model": "red/crossbow_charged"
    },
    {
      "predicate": {
        "charged": 1,
        "custom_model_data": 3
      },
      "model": "red/crossbow_charged"
    }
  ],
  "parent": "item/generated",
  "textures": {
    "layer0": "item/crossbow_standby"
  }
}