{
  "parent": "minecraft:item/handheld",
  "textures": {
    "layer0": "minecraft:item/netherite_shovel"
  },
  "overrides": [
    {
      "predicate": {
        "damage": 0
      },
      "model": "item/netherite_shovel"
    },
    {
      "predicate": {
        "custom_model_data": 1
      },
      "model": "necromancer_assortment/shovel"
    },
    {
      "predicate": {
        "custom_model_data": 2
      },
      "model": "rogue_assortment/rogue_shovel"
    },
    {
      "model": "goblin_weapon_set/shovel",
      "predicate": {
        "custom_model_data": 3
      }
    },
    {
      "predicate": {
        "custom_model_data": 4
      },
      "model": "valentine_sweets_animated/shovel"
    },
    {
      "predicate": {
        "custom_model_data": 5
      },
      "model": "red/shovel"
    }
  ]
}