{"textures":{"0":"modelengine:entity/golem_royal"},"elements":[{"from":[4.5,-2.2385712,5.0994306],"to":[11.5,9.761428,12.09943],"faces":{"east":{"uv":[6.375,4.625,6.8125,5.375],"tintindex":0,"rotation":0,"texture":"#0"},"south":{"uv":[2.875,6.375,3.3125,7.125],"tintindex":0,"rotation":0,"texture":"#0"},"north":{"uv":[2.875,6.375,3.3125,7.125],"tintindex":0,"rotation":0,"texture":"#0"},"west":{"uv":[6.375,4.625,6.8125,5.375],"tintindex":0,"rotation":0,"texture":"#0"},"up":{"uv":[7.8125,3.75,7.375,3.3125],"tintindex":0,"rotation":0,"texture":"#0"},"down":{"uv":[7.8125,3.75,7.375,3.3125],"tintindex":0,"rotation":0,"texture":"#0"}},"rotation":{"origin":[7.5,6.5320263,10.446149],"angle":-22.5,"axis":"x"}}]}