{"textures":{"0":"modelengine:entity/horse_magma"},"elements":[{"from":[4.4,-3.1000004,4.799999],"to":[10.4,8.9,10.799999],"faces":{"east":{"uv":[2.3125,4.375,1.9375,5.125],"tintindex":0,"rotation":0,"texture":"#0"},"south":{"uv":[1.875,4.375,1.5,5.125],"tintindex":0,"rotation":0,"texture":"#0"},"north":{"uv":[1.4375,4.25,1.0625,5.0],"tintindex":0,"rotation":0,"texture":"#0"},"west":{"uv":[4.625,2.0,4.25,2.75],"tintindex":0,"rotation":0,"texture":"#0"},"up":{"uv":[0.0,6.5625,0.375,6.1875],"tintindex":0,"rotation":0,"texture":"#0"},"down":{"uv":[6.1875,2.5625,6.5625,2.9375],"tintindex":0,"rotation":0,"texture":"#0"}}},{"from":[10.4,-1.1000004,-1.2000008],"to":[10.4,10.9,4.799999],"faces":{"east":{"uv":[4.0625,5.4375,3.6875,4.6875],"tintindex":0,"rotation":0,"texture":"#0"},"west":{"uv":[3.6875,5.4375,4.0625,4.6875],"tintindex":0,"rotation":0,"texture":"#0"}}}]}