{"textures":{"0":"modelengine:entity/horse_magma"},"elements":[{"from":[6.0,-4.956249,3.4763517],"to":[10.0,1.0437498,8.476351],"faces":{"east":{"uv":[5.0625,6.5,5.375,6.875],"tintindex":0,"rotation":0,"texture":"#0"},"south":{"uv":[6.6875,4.875,6.9375,5.25],"tintindex":0,"rotation":0,"texture":"#0"},"north":{"uv":[0.375,6.6875,0.625,7.0625],"tintindex":0,"rotation":0,"texture":"#0"},"west":{"uv":[5.4375,6.5,5.75,6.875],"tintindex":0,"rotation":0,"texture":"#0"},"up":{"uv":[7.0,4.0625,6.75,3.75],"tintindex":0,"rotation":0,"texture":"#0"},"down":{"uv":[7.0,4.125,6.75,4.4375],"tintindex":0,"rotation":0,"texture":"#0"}},"rotation":{"origin":[8.0,9.719332,-10.346821],"angle":-22.5,"axis":"x"}}]}