{"textures":{"0":"item/meg/horse_glacial"},"elements":[{"from":[5.5,8.2,5.000001],"to":[10.5,8.2,11.0],"faces":{"up":{"uv":[1.9375,7.125,1.625,6.75],"tintindex":0,"rotation":0,"texture":"#0"},"down":{"uv":[4.9375,6.75,4.625,7.125],"tintindex":0,"rotation":0,"texture":"#0"}}},{"from":[5.5,0.19999981,11.0],"to":[10.5,8.2,11.0],"faces":{"south":{"uv":[2.1875,6.0625,2.5,6.5625],"tintindex":0,"rotation":0,"texture":"#0"},"north":{"uv":[6.0625,2.0625,6.375,2.5625],"tintindex":0,"rotation":0,"texture":"#0"}}},{"from":[5.5,0.19999981,5.000001],"to":[10.5,8.2,5.000001],"faces":{"south":{"uv":[6.125,3.875,6.4375,4.375],"tintindex":0,"rotation":0,"texture":"#0"},"north":{"uv":[6.125,3.3125,6.4375,3.8125],"tintindex":0,"rotation":0,"texture":"#0"}}},{"from":[10.5,0.19999981,5.000001],"to":[10.5,8.2,11.0],"faces":{"east":{"uv":[5.6875,3.9375,6.0625,4.4375],"tintindex":0,"rotation":0,"texture":"#0"},"west":{"uv":[5.75,1.5,6.125,2.0],"tintindex":0,"rotation":0,"texture":"#0"}}},{"from":[5.5,0.19999981,5.000001],"to":[5.5,8.2,11.0],"faces":{"east":{"uv":[5.6875,2.8125,6.0625,3.3125],"tintindex":0,"rotation":0,"texture":"#0"},"west":{"uv":[5.6875,3.375,6.0625,3.875],"tintindex":0,"rotation":0,"texture":"#0"}}}]}