{"textures":{"0":"item/meg/golem_royal"},"elements":[{"from":[4.5,1.7411165,-1.0088835],"to":[11.5,5.7411165,4.9911165],"faces":{"east":{"uv":[1.9375,3.9375,2.3125,4.1875],"tintindex":0,"rotation":0,"texture":"#0"},"south":{"uv":[7.8125,5.9375,8.25,6.1875],"tintindex":0,"rotation":0,"texture":"#0"},"north":{"uv":[7.8125,5.3125,8.25,5.5625],"tintindex":0,"rotation":0,"texture":"#0"},"west":{"uv":[6.3125,2.625,6.6875,2.875],"tintindex":0,"rotation":0,"texture":"#0"},"up":{"uv":[8.1875,4.1875,7.75,3.8125],"tintindex":0,"rotation":0,"texture":"#0"},"down":{"uv":[8.125,7.75,7.6875,8.125],"tintindex":0,"rotation":0,"texture":"#0"}}},{"from":[4.4749994,1.9911165,2.7411165],"to":[11.525,6.9911165,10.7411175],"faces":{"east":{"uv":[7.8125,0.375,8.3125,0.6875],"tintindex":0,"rotation":0,"texture":"#0"},"south":{"uv":[7.8125,2.125,8.25,2.4375],"tintindex":0,"rotation":0,"texture":"#0"},"north":{"uv":[7.8125,2.125,8.25,2.4375],"tintindex":0,"rotation":0,"texture":"#0"},"west":{"uv":[7.8125,0.375,8.3125,0.6875],"tintindex":0,"rotation":0,"texture":"#0"},"up":{"uv":[7.75,1.0,7.3125,0.5],"tintindex":0,"rotation":0,"texture":"#0"},"down":{"uv":[7.75,1.0,7.3125,0.5],"tintindex":0,"rotation":0,"texture":"#0"}},"rotation":{"origin":[7.5,4.4911165,4.2411165],"angle":-45.0,"axis":"x"}}]}