{
  "providers": [
    {
      "file": "elitecreatures:emojis/meme_emoji_v2/bruh.png",
      "chars": [
        "⠀"
      ],
      "ascent": 8,
      "height": 9,
      "type": "bitmap"
    },
    {
      "file": "elitecreatures:emojis/meme_emoji_v2/cat.png",
      "chars": [
        "⠁"
      ],
      "ascent": 8,
      "height": 9,
      "type": "bitmap"
    },
    {
      "file": "elitecreatures:emojis/meme_emoji_v2/cheems.png",
      "chars": [
        "⠂"
      ],
      "ascent": 8,
      "height": 9,
      "type": "bitmap"
    },
    {
      "file": "elitecreatures:emojis/meme_emoji_v2/cheems_dorime.png",
      "chars": [
        "⠃"
      ],
      "ascent": 8,
      "height": 9,
      "type": "bitmap"
    },
    {
      "file": "elitecreatures:emojis/meme_emoji_v2/doge.png",
      "chars": [
        "⠄"
      ],
      "ascent": 8,
      "height": 9,
      "type": "bitmap"
    },
    {
      "file": "elitecreatures:emojis/meme_emoji_v2/flush.png",
      "chars": [
        "⠅"
      ],
      "ascent": 8,
      "height": 9,
      "type": "bitmap"
    },
    {
      "file": "elitecreatures:emojis/meme_emoji_v2/kekw.png",
      "chars": [
        "⠆"
      ],
      "ascent": 8,
      "height": 9,
      "type": "bitmap"
    },
    {
      "file": "elitecreatures:emojis/meme_emoji_v2/laugh.png",
      "chars": [
        "⠇"
      ],
      "ascent": 8,
      "height": 9,
      "type": "bitmap"
    },
    {
      "file": "elitecreatures:emojis/meme_emoji_v2/mrincredible.png",
      "chars": [
        "⠈"
      ],
      "ascent": 8,
      "height": 9,
      "type": "bitmap"
    },
    {
      "file": "elitecreatures:emojis/meme_emoji_v2/mrincredible_2.png",
      "chars": [
        "⠉"
      ],
      "ascent": 8,
      "height": 9,
      "type": "bitmap"
    },
    {
      "file": "elitecreatures:emojis/meme_emoji_v2/noot_noot.png",
      "chars": [
        "⠊"
      ],
      "ascent": 8,
      "height": 9,
      "type": "bitmap"
    },
    {
      "file": "elitecreatures:emojis/meme_emoji_v2/not_stonks.png",
      "chars": [
        "⠋"
      ],
      "ascent": 8,
      "height": 9,
      "type": "bitmap"
    },
    {
      "file": "elitecreatures:emojis/meme_emoji_v2/oh_god.png",
      "chars": [
        "⠌"
      ],
      "ascent": 8,
      "height": 9,
      "type": "bitmap"
    },
    {
      "file": "elitecreatures:emojis/meme_emoji_v2/patrickpraying.png",
      "chars": [
        "⠍"
      ],
      "ascent": 8,
      "height": 9,
      "type": "bitmap"
    },
    {
      "file": "elitecreatures:emojis/meme_emoji_v2/patrik.png",
      "chars": [
        "⠎"
      ],
      "ascent": 8,
      "height": 9,
      "type": "bitmap"
    },
    {
      "file": "elitecreatures:emojis/meme_emoji_v2/pop_cat.png",
      "chars": [
        "⠏"
      ],
      "ascent": 8,
      "height": 9,
      "type": "bitmap"
    },
    {
      "file": "elitecreatures:emojis/meme_emoji_v2/squidward_asleep.png",
      "chars": [
        "⠐"
      ],
      "ascent": 8,
      "height": 9,
      "type": "bitmap"
    },
    {
      "file": "elitecreatures:emojis/meme_emoji_v2/squidward_awake.png",
      "chars": [
        "⠑"
      ],
      "ascent": 8,
      "height": 9,
      "type": "bitmap"
    },
    {
      "file": "elitecreatures:emojis/meme_emoji_v2/stonks.png",
      "chars": [
        "⠒"
      ],
      "ascent": 8,
      "height": 9,
      "type": "bitmap"
    },
    {
      "file": "elitecreatures:emojis/meme_emoji_v2/uno_reverse.png",
      "chars": [
        "⠓"
      ],
      "ascent": 8,
      "height": 9,
      "type": "bitmap"
    },
    {
      "file": "elitecreatures:emojis/meme_emoji/meme_emoji_1.png",
      "chars": [
        "⠔"
      ],
      "ascent": 8,
      "height": 9,
      "type": "bitmap"
    },
    {
      "file": "elitecreatures:emojis/meme_emoji/meme_emoji_10.png",
      "chars": [
        "⠕"
      ],
      "ascent": 8,
      "height": 9,
      "type": "bitmap"
    },
    {
      "file": "elitecreatures:emojis/meme_emoji/meme_emoji_11.png",
      "chars": [
        "⠖"
      ],
      "ascent": 8,
      "height": 9,
      "type": "bitmap"
    },
    {
      "file": "elitecreatures:emojis/meme_emoji/meme_emoji_12.png",
      "chars": [
        "⠗"
      ],
      "ascent": 8,
      "height": 9,
      "type": "bitmap"
    },
    {
      "file": "elitecreatures:emojis/meme_emoji/meme_emoji_13.png",
      "chars": [
        "⠘"
      ],
      "ascent": 8,
      "height": 9,
      "type": "bitmap"
    },
    {
      "file": "elitecreatures:emojis/meme_emoji/meme_emoji_14.png",
      "chars": [
        "⠙"
      ],
      "ascent": 8,
      "height": 9,
      "type": "bitmap"
    },
    {
      "file": "elitecreatures:emojis/meme_emoji/meme_emoji_15.png",
      "chars": [
        "⠚"
      ],
      "ascent": 8,
      "height": 9,
      "type": "bitmap"
    },
    {
      "file": "elitecreatures:emojis/meme_emoji/meme_emoji_2.png",
      "chars": [
        "⠛"
      ],
      "ascent": 8,
      "height": 9,
      "type": "bitmap"
    },
    {
      "file": "elitecreatures:emojis/meme_emoji/meme_emoji_3.png",
      "chars": [
        "⠜"
      ],
      "ascent": 8,
      "height": 9,
      "type": "bitmap"
    },
    {
      "file": "elitecreatures:emojis/meme_emoji/meme_emoji_4.png",
      "chars": [
        "⠝"
      ],
      "ascent": 8,
      "height": 9,
      "type": "bitmap"
    },
    {
      "file": "elitecreatures:emojis/meme_emoji/meme_emoji_5.png",
      "chars": [
        "⠞"
      ],
      "ascent": 8,
      "height": 9,
      "type": "bitmap"
    },
    {
      "file": "elitecreatures:emojis/meme_emoji/meme_emoji_6.png",
      "chars": [
        "⠟"
      ],
      "ascent": 8,
      "height": 9,
      "type": "bitmap"
    },
    {
      "file": "elitecreatures:emojis/meme_emoji/meme_emoji_7.png",
      "chars": [
        "⠠"
      ],
      "ascent": 8,
      "height": 9,
      "type": "bitmap"
    },
    {
      "file": "elitecreatures:emojis/meme_emoji/meme_emoji_8.png",
      "chars": [
        "⠡"
      ],
      "ascent": 8,
      "height": 9,
      "type": "bitmap"
    },
    {
      "file": "elitecreatures:emojis/meme_emoji/meme_emoji_9.png",
      "chars": [
        "⠢"
      ],
      "ascent": 8,
      "height": 9,
      "type": "bitmap"
    },

    {
      "file": "elitecreatures:emojis/meme_emoji/diamond.png",
      "chars": [
        "⠣"
      ],
      "ascent": 8,
      "height": 9,
      "type": "bitmap"
    },
    {
      "file": "elitecreatures:emojis/meme_emoji/emerald.png",
      "chars": [
        "⠤"
      ],
      "ascent": 8,
      "height": 9,
      "type": "bitmap"
    },
    {
      "file": "elitecreatures:emojis/meme_emoji/gold.png",
      "chars": [
        "⠥"
      ],
      "ascent": 8,
      "height": 9,
      "type": "bitmap"
    },
    {
      "file": "elitecreatures:emojis/meme_emoji/iron.png",
      "chars": [
        "⠦"
      ],
      "ascent": 8,
      "height": 9,
      "type": "bitmap"
    },
    {
      "file": "elitecreatures:emojis/meme_emoji/netherite.png",
      "chars": [
        "⠧"
      ],
      "ascent": 8,
      "height": 9,
      "type": "bitmap"
    },
    {
      "file": "elitecreatures:emojis/minerival/clown.png",
      "chars": [
        "⠨"
      ],
      "ascent": 8,
      "height": 9,
      "type": "bitmap"
    },
    {
      "file": "elitecreatures:emojis/minerival/cool.png",
      "chars": [
        "⠩"
      ],
      "ascent": 8,
      "height": 9,
      "type": "bitmap"
    },
    {
      "file": "elitecreatures:emojis/minerival/kekw.png",
      "chars": [
        "⠪"
      ],
      "ascent": 8,
      "height": 9,
      "type": "bitmap"
    },
    {
      "file": "elitecreatures:emojis/minerival/nerd.png",
      "chars": [
        "⠫"
      ],
      "ascent": 8,
      "height": 9,
      "type": "bitmap"
    },
    {
      "file": "elitecreatures:emojis/minerival/salute.png",
      "chars": [
        "⠬"
      ],
      "ascent": 8,
      "height": 9,
      "type": "bitmap"
    },
    {
      "file": "elitecreatures:emojis/minerival/skull.png",
      "chars": [
        "⠭"
      ],
      "ascent": 8,
      "height": 9,
      "type": "bitmap"
    },
    {
      "file": "elitecreatures:emojis/minerival/sob.png",
      "chars": [
        "⠮"
      ],
      "ascent": 8,
      "height": 9,
      "type": "bitmap"
    }
  ]
}