{
	"credit": "Made with Blockbench",
	"texture_size": [64, 64],
	"textures": {
		"12": "item/goblin_weapon_set/goblintex1",
		"13": "item/goblin_weapon_set/goblintex2",
		"14": "item/goblin_weapon_set/goblintex3"
	},
	"elements": [
		{
			"from": [2, 8, 8],
			"to": [3, 21.5, 8],
			"rotation": {"angle": 0, "axis": "y", "origin": [8, 9.5, -8]},
			"faces": {
				"north": {"uv": [12.5, 7.5, 12.75, 4.125], "rotation": 180, "texture": "#13"},
				"east": {"uv": [12, 11.375, 12, 8], "texture": "#13"},
				"south": {"uv": [12.75, 4.125, 12.5, 7.5], "texture": "#13"},
				"west": {"uv": [12, 11.375, 12, 8], "rotation": 180, "texture": "#13"},
				"up": {"uv": [12.75, 7.5, 12.5, 7.5], "rotation": 180, "texture": "#13"},
				"down": {"uv": [12.75, 7.5, 12.5, 7.5], "texture": "#13"}
			}
		},
		{
			"from": [2, -5.5, 8],
			"to": [3, 8, 8],
			"rotation": {"angle": 0, "axis": "y", "origin": [8, 6.5, -8]},
			"faces": {
				"north": {"uv": [12.5, 4.125, 12.75, 7.5], "rotation": 180, "texture": "#13"},
				"east": {"uv": [12, 8, 12, 11.375], "texture": "#13"},
				"south": {"uv": [12.75, 7.5, 12.5, 4.125], "texture": "#13"},
				"west": {"uv": [12, 8, 12, 11.375], "rotation": 180, "texture": "#13"},
				"up": {"uv": [12.75, 7.5, 12.5, 7.5], "texture": "#13"},
				"down": {"uv": [12.75, 7.5, 12.5, 7.5], "rotation": 180, "texture": "#13"}
			}
		},
		{
			"from": [5.11335, 18.88097, 6.48887],
			"to": [11.11335, 19.88097, 9.48887],
			"rotation": {"angle": -22.5, "axis": "z", "origin": [11.51768, 18.5, 7.98887]},
			"faces": {
				"north": {"uv": [4.75, 11.5, 5, 10], "rotation": 270, "texture": "#13"},
				"east": {"uv": [5, 9.25, 4.75, 10], "rotation": 270, "texture": "#13"},
				"south": {"uv": [4.75, 11.5, 5, 10], "rotation": 90, "texture": "#13"},
				"west": {"uv": [5, 9.25, 4.75, 10], "rotation": 90, "texture": "#13"},
				"up": {"uv": [6.25, 8.5, 4.75, 9.25], "rotation": 180, "texture": "#13"},
				"down": {"uv": [6.25, 8.5, 4.75, 9.25], "texture": "#13"}
			}
		},
		{
			"from": [11.20655, 9.81768, 6.38887],
			"to": [12.20655, 19.81768, 9.58887],
			"rotation": {"angle": 22.5, "axis": "z", "origin": [11.51768, 18.5, 7.98887]},
			"faces": {
				"north": {"uv": [12.25, 4.75, 12.5, 7.25], "rotation": 180, "texture": "#13"},
				"east": {"uv": [8, 5, 10.5, 5.75], "rotation": 270, "texture": "#13"},
				"south": {"uv": [12.25, 4.75, 12.5, 7.25], "rotation": 180, "texture": "#13"},
				"west": {"uv": [8, 5, 10.5, 5.75], "rotation": 90, "texture": "#13"},
				"up": {"uv": [9.625, 6.5, 10.375, 6.75], "rotation": 270, "texture": "#13"},
				"down": {"uv": [9.625, 6.5, 10.375, 6.75], "rotation": 90, "texture": "#13"}
			}
		},
		{
			"from": [13, 9, 6],
			"to": [16, 12, 10],
			"rotation": {"angle": 0, "axis": "y", "origin": [10.6, 21.75, 8]},
			"faces": {
				"north": {"uv": [3.875, 12.125, 3.125, 11.375], "rotation": 90, "texture": "#12"},
				"east": {"uv": [0, 10.5, 0.75, 9.5], "rotation": 90, "texture": "#12"},
				"south": {"uv": [3.875, 11.375, 3.125, 12.125], "rotation": 90, "texture": "#12"},
				"west": {"uv": [0, 10.5, 0.75, 9.5], "rotation": 90, "texture": "#12"},
				"up": {"uv": [3, 10.625, 2.25, 9.625], "rotation": 180, "texture": "#12"},
				"down": {"uv": [3, 10.625, 2.25, 9.625], "texture": "#12"}
			}
		},
		{
			"from": [13.1, 12, 7],
			"to": [16.1, 12.5, 9],
			"rotation": {"angle": 0, "axis": "y", "origin": [10.6, 23.5, 8]},
			"faces": {
				"north": {"uv": [0, 9.5, 0.75, 9.375], "rotation": 180, "texture": "#12"},
				"east": {"uv": [0.625, 11, 0.75, 10.5], "rotation": 90, "texture": "#12"},
				"south": {"uv": [0, 9.5, 0.75, 9.375], "rotation": 180, "texture": "#12"},
				"west": {"uv": [0.625, 11, 0.75, 10.5], "rotation": 90, "texture": "#12"},
				"up": {"uv": [4.625, 11.875, 3.875, 11.375], "rotation": 180, "texture": "#12"},
				"down": {"uv": [4.625, 11.875, 3.875, 11.375], "texture": "#12"}
			}
		},
		{
			"from": [15.5, 8.5, 7],
			"to": [16, 9, 7.5],
			"rotation": {"angle": 0, "axis": "y", "origin": [12, 20, 7]},
			"faces": {
				"north": {"uv": [5, 13.625, 5.125, 13.75], "rotation": 180, "texture": "#12"},
				"east": {"uv": [5, 13.75, 5.125, 13.625], "texture": "#12"},
				"south": {"uv": [5, 13.625, 5.125, 13.75], "rotation": 180, "texture": "#12"},
				"west": {"uv": [5, 13.75, 5.125, 13.625], "texture": "#12"},
				"up": {"uv": [5, 13.625, 5.125, 13.75], "rotation": 270, "texture": "#12"},
				"down": {"uv": [5, 13.625, 5.125, 13.75], "rotation": 90, "texture": "#12"}
			}
		},
		{
			"from": [15.5, 8.5, 8.5],
			"to": [16, 9, 9],
			"rotation": {"angle": 0, "axis": "y", "origin": [12, 20, 9]},
			"faces": {
				"north": {"uv": [4.875, 13.5, 5, 13.625], "rotation": 180, "texture": "#12"},
				"east": {"uv": [4.875, 13.625, 5, 13.5], "texture": "#12"},
				"south": {"uv": [4.875, 13.5, 5, 13.625], "rotation": 180, "texture": "#12"},
				"west": {"uv": [4.875, 13.625, 5, 13.5], "texture": "#12"},
				"up": {"uv": [4.875, 13.5, 5, 13.625], "rotation": 270, "texture": "#12"},
				"down": {"uv": [4.875, 13.5, 5, 13.625], "rotation": 90, "texture": "#12"}
			}
		},
		{
			"from": [13, 4, 6],
			"to": [16, 7, 10],
			"rotation": {"angle": 0, "axis": "y", "origin": [10.6, -5.75, 8]},
			"faces": {
				"north": {"uv": [3.125, 12.125, 3.875, 11.375], "rotation": 90, "texture": "#12"},
				"east": {"uv": [0.75, 10.5, 0, 9.5], "rotation": 90, "texture": "#12"},
				"south": {"uv": [3.125, 11.375, 3.875, 12.125], "rotation": 90, "texture": "#12"},
				"west": {"uv": [0.75, 10.5, 0, 9.5], "rotation": 90, "texture": "#12"},
				"up": {"uv": [3, 9.625, 2.25, 10.625], "texture": "#12"},
				"down": {"uv": [3, 9.625, 2.25, 10.625], "rotation": 180, "texture": "#12"}
			}
		},
		{
			"from": [13.1, 3.5, 7],
			"to": [16.1, 4, 9],
			"rotation": {"angle": 0, "axis": "y", "origin": [10.6, -7.5, 8]},
			"faces": {
				"north": {"uv": [0, 9.375, 0.75, 9.5], "rotation": 180, "texture": "#12"},
				"east": {"uv": [0.75, 11, 0.625, 10.5], "rotation": 90, "texture": "#12"},
				"south": {"uv": [0, 9.375, 0.75, 9.5], "rotation": 180, "texture": "#12"},
				"west": {"uv": [0.75, 11, 0.625, 10.5], "rotation": 90, "texture": "#12"},
				"up": {"uv": [4.625, 11.375, 3.875, 11.875], "texture": "#12"},
				"down": {"uv": [4.625, 11.375, 3.875, 11.875], "rotation": 180, "texture": "#12"}
			}
		},
		{
			"from": [15.5, 7, 7],
			"to": [16, 7.5, 7.5],
			"rotation": {"angle": 0, "axis": "y", "origin": [12, -4, 7]},
			"faces": {
				"north": {"uv": [5, 13.75, 5.125, 13.625], "rotation": 180, "texture": "#12"},
				"east": {"uv": [5, 13.625, 5.125, 13.75], "texture": "#12"},
				"south": {"uv": [5, 13.75, 5.125, 13.625], "rotation": 180, "texture": "#12"},
				"west": {"uv": [5, 13.625, 5.125, 13.75], "texture": "#12"},
				"up": {"uv": [5.125, 13.625, 5, 13.75], "rotation": 90, "texture": "#12"},
				"down": {"uv": [5.125, 13.625, 5, 13.75], "rotation": 270, "texture": "#12"}
			}
		},
		{
			"from": [15.5, 7, 8.5],
			"to": [16, 7.5, 9],
			"rotation": {"angle": 0, "axis": "y", "origin": [12, -4, 9]},
			"faces": {
				"north": {"uv": [4.875, 13.625, 5, 13.5], "rotation": 180, "texture": "#12"},
				"east": {"uv": [4.875, 13.5, 5, 13.625], "texture": "#12"},
				"south": {"uv": [4.875, 13.625, 5, 13.5], "rotation": 180, "texture": "#12"},
				"west": {"uv": [4.875, 13.5, 5, 13.625], "texture": "#12"},
				"up": {"uv": [5, 13.5, 4.875, 13.625], "rotation": 90, "texture": "#12"},
				"down": {"uv": [5, 13.5, 4.875, 13.625], "rotation": 270, "texture": "#12"}
			}
		},
		{
			"from": [-1.02208, -5.33208, 7.35],
			"to": [2.73792, -3.45208, 8.29],
			"rotation": {"angle": -22.5, "axis": "z", "origin": [1.9637, -4.53578, 8.055]},
			"faces": {
				"north": {"uv": [0.5, 4.125, 0, 3.125], "rotation": 270, "texture": "#12"},
				"east": {"uv": [0, 4.125, 0.5, 4.375], "rotation": 270, "texture": "#12"},
				"south": {"uv": [0, 4.125, 0.5, 3.125], "rotation": 90, "texture": "#12"},
				"west": {"uv": [0, 4.125, 0.5, 4.375], "rotation": 270, "texture": "#12"},
				"up": {"uv": [0.75, 4.125, 0.5, 3.125], "rotation": 90, "texture": "#12"},
				"down": {"uv": [0.75, 4.125, 0.5, 3.125], "rotation": 90, "texture": "#12"}
			}
		},
		{
			"from": [1.35874, -6.60608, 7.162],
			"to": [3.23874, -4.72608, 8.572],
			"rotation": {"angle": 45, "axis": "z", "origin": [1.9637, -4.53578, 8.055]},
			"faces": {
				"north": {"uv": [0.5, 2.625, 0, 2.125], "rotation": 180, "texture": "#12"},
				"east": {"uv": [1.625, 2, 1.125, 1.5], "rotation": 180, "texture": "#12"},
				"south": {"uv": [0, 2.625, 0.5, 2.125], "rotation": 180, "texture": "#12"},
				"west": {"uv": [1.125, 2.5, 0.625, 2], "rotation": 180, "texture": "#12"},
				"up": {"uv": [0, 2.625, 0.5, 3.125], "texture": "#12"},
				"down": {"uv": [0, 2.625, 0.5, 3.125], "texture": "#12"}
			}
		},
		{
			"from": [3.58392, -5.89608, 6.974],
			"to": [5.46392, -4.01608, 8.76],
			"rotation": {"angle": -22.5, "axis": "z", "origin": [1.9637, -4.53578, 8.055]},
			"faces": {
				"north": {"uv": [1.625, 0.5, 1.125, 0], "rotation": 270, "texture": "#12"},
				"east": {"uv": [1.25, 0.5, 1.75, 1], "rotation": 270, "texture": "#12"},
				"south": {"uv": [1.125, 0.5, 1.625, 0], "rotation": 90, "texture": "#12"},
				"west": {"uv": [1.25, 0.5, 1.75, 1], "rotation": 270, "texture": "#12"},
				"up": {"uv": [1.625, 2.5, 1.125, 2], "rotation": 90, "texture": "#12"},
				"down": {"uv": [2.125, 0.5, 1.625, 0], "rotation": 90, "texture": "#12"}
			}
		},
		{
			"from": [3.45876, -7.98963, 6.88],
			"to": [5.33876, -6.10963, 8.854],
			"rotation": {"angle": 22.5, "axis": "z", "origin": [1.9637, -4.53578, 8.055]},
			"faces": {
				"north": {"uv": [1.25, 1, 0.75, 0.5], "rotation": 90, "texture": "#12"},
				"east": {"uv": [1.25, 1, 0.75, 0.5], "rotation": 90, "texture": "#12"},
				"south": {"uv": [1.25, 0.5, 0.75, 1], "rotation": 90, "texture": "#12"},
				"west": {"uv": [1.75, 1.5, 1.25, 1], "rotation": 90, "texture": "#12"},
				"up": {"uv": [1.625, 0.5, 2.125, 1], "rotation": 270, "texture": "#12"},
				"down": {"uv": [0.625, 2.5, 1.125, 3], "rotation": 270, "texture": "#12"}
			}
		},
		{
			"from": [3.70874, -9.05008, 6.786],
			"to": [5.58874, -7.17008, 8.948],
			"rotation": {"angle": 45, "axis": "z", "origin": [1.9637, -4.53578, 8.055]},
			"faces": {
				"north": {"uv": [1.125, 1.5, 0.625, 1], "rotation": 270, "texture": "#12"},
				"east": {"uv": [0.625, 2, 0, 1.5], "texture": "#12"},
				"south": {"uv": [0.625, 1.5, 1.125, 1], "rotation": 90, "texture": "#12"},
				"west": {"uv": [0.625, 2, 0, 1.5], "texture": "#12"},
				"up": {"uv": [0, 1, 0.625, 1.5], "rotation": 270, "texture": "#12"},
				"down": {"uv": [0, 1, 0.625, 1.5], "rotation": 270, "texture": "#12"}
			}
		},
		{
			"from": [-1.32626, -4.12269, 7.444],
			"to": [-0.38626, -2.43069, 8.196],
			"rotation": {"angle": 0, "axis": "y", "origin": [1.9637, -4.53578, 8.055]},
			"faces": {
				"north": {"uv": [0.5, 4.875, 0, 4.625], "rotation": 270, "texture": "#12"},
				"east": {"uv": [0, 4.375, 0.5, 4.625], "rotation": 270, "texture": "#12"},
				"south": {"uv": [0, 4.875, 0.5, 4.625], "rotation": 90, "texture": "#12"},
				"west": {"uv": [0, 4.375, 0.5, 4.625], "rotation": 270, "texture": "#12"},
				"up": {"uv": [0.75, 4.625, 0.5, 4.375], "rotation": 90, "texture": "#12"},
				"down": {"uv": [0.75, 4.625, 0.5, 4.375], "rotation": 90, "texture": "#12"}
			}
		},
		{
			"from": [-1.65064, -2.78622, 7.538],
			"to": [-0.24064, -1.28222, 8.102],
			"rotation": {"angle": 22.5, "axis": "z", "origin": [1.9637, -4.53578, 8.055]},
			"faces": {
				"north": {"uv": [0.375, 5.25, 0, 4.875], "rotation": 270, "texture": "#12"},
				"east": {"uv": [0.375, 5.375, 0, 5.25], "rotation": 90, "texture": "#12"},
				"south": {"uv": [0.375, 4.875, 0, 5.25], "rotation": 270, "texture": "#12"},
				"west": {"uv": [0.375, 5.375, 0, 5.25], "rotation": 90, "texture": "#12"},
				"up": {"uv": [0.375, 4.875, 0.5, 5.25], "rotation": 270, "texture": "#12"},
				"down": {"uv": [0.375, 4.875, 0.5, 5.25], "rotation": 270, "texture": "#12"}
			}
		},
		{
			"from": [-1.47387, -1.41784, 7.632],
			"to": [-0.06387, -0.10184, 8.008],
			"rotation": {"angle": 45, "axis": "z", "origin": [1.9637, -4.53578, 8.055]},
			"faces": {
				"north": {"uv": [1, 1.875, 0.625, 1.5], "rotation": 270, "texture": "#12"},
				"east": {"uv": [1, 2, 0.625, 1.875], "rotation": 90, "texture": "#12"},
				"south": {"uv": [1, 1.875, 0.625, 1.5], "rotation": 270, "texture": "#12"},
				"west": {"uv": [1, 2, 0.625, 1.875], "rotation": 90, "texture": "#12"},
				"up": {"uv": [1, 1.5, 1.125, 1.875], "rotation": 270, "texture": "#12"},
				"down": {"uv": [1, 1.5, 1.125, 1.875], "rotation": 270, "texture": "#12"}
			}
		},
		{
			"from": [0.54958, -6.38132, 7.35],
			"to": [2.42958, -5.44132, 8.29],
			"rotation": {"angle": 22.5, "axis": "z", "origin": [1.9637, -4.53578, 8.055]},
			"faces": {
				"north": {"uv": [0.25, 5.875, 0.5, 5.375], "rotation": 270, "texture": "#12"},
				"east": {"uv": [0.5, 5.375, 0.75, 5.625], "texture": "#12"},
				"south": {"uv": [0.25, 5.375, 0.5, 5.875], "rotation": 270, "texture": "#12"},
				"west": {"uv": [0.5, 5.375, 0.75, 5.625], "texture": "#12"},
				"up": {"uv": [0.25, 5.375, 0, 5.875], "rotation": 90, "texture": "#12"},
				"down": {"uv": [1.25, 5.375, 1, 5.875], "rotation": 90, "texture": "#12"}
			}
		},
		{
			"from": [0.71088, -6.66239, 7.444],
			"to": [1.65088, -5.91039, 8.196],
			"rotation": {"angle": 0, "axis": "y", "origin": [1.9637, -4.53578, 8.055]},
			"faces": {
				"north": {"uv": [1, 5.625, 0.75, 5.375], "rotation": 270, "texture": "#12"},
				"east": {"uv": [0.5, 5.625, 0.75, 5.875], "rotation": 270, "texture": "#12"},
				"south": {"uv": [0.75, 5.625, 1, 5.375], "rotation": 90, "texture": "#12"},
				"west": {"uv": [0.5, 5.625, 0.75, 5.875], "rotation": 270, "texture": "#12"},
				"up": {"uv": [1, 6, 0.75, 5.75], "rotation": 90, "texture": "#12"},
				"down": {"uv": [1.5, 5.625, 1.25, 5.375], "rotation": 90, "texture": "#12"}
			}
		},
		{
			"from": [0.2989, -6.56124, 7.632],
			"to": [0.7689, -6.09124, 8.008],
			"rotation": {"angle": 0, "axis": "y", "origin": [1.9637, -4.53578, 8.055]},
			"faces": {
				"north": {"uv": [0.75, 5.75, 0.875, 5.625], "texture": "#12"},
				"east": {"uv": [0.875, 5.625, 0.75, 5.75], "texture": "#12"},
				"south": {"uv": [0.75, 5.75, 0.875, 5.625], "rotation": 180, "texture": "#12"},
				"west": {"uv": [0.875, 5.625, 0.75, 5.75], "texture": "#12"},
				"up": {"uv": [0.75, 5.75, 0.875, 5.625], "rotation": 180, "texture": "#12"},
				"down": {"uv": [0.75, 5.75, 0.875, 5.625], "rotation": 180, "texture": "#12"}
			}
		},
		{
			"from": [4.31652, -6.67245, 7.35],
			"to": [5.25652, -4.79245, 8.29],
			"rotation": {"angle": -22.5, "axis": "z", "origin": [1.9637, -4.53578, 8.055]},
			"faces": {
				"north": {"uv": [0.25, 5.875, 0.5, 5.375], "texture": "#12"},
				"east": {"uv": [1.25, 5.375, 1, 5.875], "texture": "#12"},
				"south": {"uv": [0.25, 5.375, 0.5, 5.875], "rotation": 180, "texture": "#12"},
				"west": {"uv": [0.25, 5.375, 0, 5.875], "texture": "#12"},
				"up": {"uv": [0.5, 5.375, 0.75, 5.625], "rotation": 270, "texture": "#12"},
				"down": {"uv": [0.5, 5.375, 0.75, 5.625], "rotation": 270, "texture": "#12"}
			}
		},
		{
			"from": [0.59717, -8.27602, 7.444],
			"to": [1.53717, -7.52402, 8.196],
			"rotation": {"angle": 45, "axis": "z", "origin": [1.9637, -4.53578, 8.055]},
			"faces": {
				"north": {"uv": [1, 5.625, 0.75, 5.375], "rotation": 270, "texture": "#12"},
				"east": {"uv": [0.75, 5.875, 0.5, 5.625], "rotation": 90, "texture": "#12"},
				"south": {"uv": [0.75, 5.625, 1, 5.375], "rotation": 90, "texture": "#12"},
				"west": {"uv": [0.75, 5.875, 0.5, 5.625], "rotation": 90, "texture": "#12"},
				"up": {"uv": [0.75, 5.75, 1, 6], "rotation": 270, "texture": "#12"},
				"down": {"uv": [1.25, 5.375, 1.5, 5.625], "rotation": 270, "texture": "#12"}
			}
		},
		{
			"from": [0.18519, -8.17486, 7.632],
			"to": [0.65519, -7.70486, 8.008],
			"rotation": {"angle": 45, "axis": "z", "origin": [1.9637, -4.53578, 8.055]},
			"faces": {
				"north": {"uv": [0.75, 5.75, 0.875, 5.625], "texture": "#12"},
				"east": {"uv": [0.75, 5.75, 0.875, 5.625], "rotation": 180, "texture": "#12"},
				"south": {"uv": [0.75, 5.75, 0.875, 5.625], "rotation": 180, "texture": "#12"},
				"west": {"uv": [0.75, 5.75, 0.875, 5.625], "rotation": 180, "texture": "#12"},
				"up": {"uv": [0.875, 5.625, 0.75, 5.75], "texture": "#12"},
				"down": {"uv": [0.875, 5.625, 0.75, 5.75], "texture": "#12"}
			}
		},
		{
			"from": [5.11335, -3.88097, 6.48887],
			"to": [11.11335, -2.88097, 9.48887],
			"rotation": {"angle": 22.5, "axis": "z", "origin": [11.51768, -2.5, 7.98887]},
			"faces": {
				"north": {"uv": [5, 11.5, 4.75, 10], "rotation": 270, "texture": "#13"},
				"east": {"uv": [4.75, 9.25, 5, 10], "rotation": 270, "texture": "#13"},
				"south": {"uv": [5, 11.5, 4.75, 10], "rotation": 90, "texture": "#13"},
				"west": {"uv": [4.75, 9.25, 5, 10], "rotation": 90, "texture": "#13"},
				"up": {"uv": [6.25, 9.25, 4.75, 8.5], "texture": "#13"},
				"down": {"uv": [6.25, 9.25, 4.75, 8.5], "rotation": 180, "texture": "#13"}
			}
		},
		{
			"from": [11.20655, -3.81768, 6.38887],
			"to": [12.20655, 6.18232, 9.58887],
			"rotation": {"angle": -22.5, "axis": "z", "origin": [11.51768, -2.5, 7.98887]},
			"faces": {
				"north": {"uv": [12.25, 7.25, 12.5, 4.75], "rotation": 180, "texture": "#13"},
				"east": {"uv": [10.5, 5, 8, 5.75], "rotation": 270, "texture": "#13"},
				"south": {"uv": [12.25, 7.25, 12.5, 4.75], "rotation": 180, "texture": "#13"},
				"west": {"uv": [10.5, 5, 8, 5.75], "rotation": 90, "texture": "#13"},
				"up": {"uv": [10.375, 6.5, 9.625, 6.75], "rotation": 90, "texture": "#13"},
				"down": {"uv": [10.375, 6.5, 9.625, 6.75], "rotation": 270, "texture": "#13"}
			}
		},
		{
			"from": [8, 12, 8],
			"to": [16, 28, 8],
			"faces": {
				"north": {"uv": [10.5, 0, 12.5, 4], "texture": "#14"},
				"east": {"uv": [0, 0, 0, 8], "texture": "#14"},
				"south": {"uv": [12.5, 0, 10.5, 4], "texture": "#14"},
				"west": {"uv": [0, 0, 0, 8], "texture": "#14"},
				"up": {"uv": [0, 0, 4, 0], "texture": "#14"},
				"down": {"uv": [0, 0, 4, 0], "texture": "#14"}
			}
		},
		{
			"from": [8, -12, 8],
			"to": [16, 4, 8],
			"rotation": {"angle": 0, "axis": "y", "origin": [0, 16, 0]},
			"faces": {
				"north": {"uv": [10.5, 4, 12.5, 0], "texture": "#14"},
				"east": {"uv": [0, 8, 0, 0], "texture": "#14"},
				"south": {"uv": [12.5, 4, 10.5, 0], "texture": "#14"},
				"west": {"uv": [0, 8, 0, 0], "texture": "#14"},
				"up": {"uv": [0, 0, 4, 0], "texture": "#14"},
				"down": {"uv": [0, 0, 4, 0], "texture": "#14"}
			}
		},
		{
			"from": [0, 8.1, 7],
			"to": [14, 9.1, 9],
			"faces": {
				"north": {"uv": [15.25, 0, 15.5, 3.5], "rotation": 90, "texture": "#14"},
				"east": {"uv": [15.5, 3.5, 16, 3.75], "texture": "#14"},
				"south": {"uv": [15.5, 0, 15.25, 3.5], "rotation": 90, "texture": "#14"},
				"west": {"uv": [15.5, 3.5, 16, 3.75], "texture": "#14"},
				"up": {"uv": [15.5, 0, 16, 3.5], "rotation": 90, "texture": "#14"},
				"down": {"uv": [15.5, 0, 16, 3.5], "rotation": 270, "texture": "#14"}
			}
		},
		{
			"from": [0, 5.9, 7],
			"to": [14, 6.9, 9],
			"faces": {
				"north": {"uv": [15.25, 0, 15.5, 3.5], "rotation": 90, "texture": "#14"},
				"east": {"uv": [15.5, 3.5, 16, 3.75], "texture": "#14"},
				"south": {"uv": [15.5, 0, 15.25, 3.5], "rotation": 90, "texture": "#14"},
				"west": {"uv": [15.5, 3.5, 16, 3.75], "texture": "#14"},
				"up": {"uv": [15.5, 0, 16, 3.5], "rotation": 90, "texture": "#14"},
				"down": {"uv": [15.5, 0, 16, 3.5], "rotation": 270, "texture": "#14"}
			}
		},
		{
			"from": [17, 9, 7],
			"to": [25, 24, 7],
			"rotation": {"angle": 45, "axis": "z", "origin": [16, 0, 1]},
			"faces": {
				"north": {"uv": [12, 8.75, 10, 12.5], "texture": "#14"},
				"east": {"uv": [10, 8.75, 10, 12.5], "texture": "#14"},
				"south": {"uv": [10, 8.75, 12, 12.5], "texture": "#14"},
				"west": {"uv": [10, 8.75, 10, 12.5], "texture": "#14"},
				"up": {"uv": [2, 0, 0, 0], "texture": "#14"},
				"down": {"uv": [2, 0, 0, 0], "texture": "#14"}
			}
		},
		{
			"from": [17, 9, 9],
			"to": [25, 24, 9],
			"rotation": {"angle": 45, "axis": "z", "origin": [16, 0, 1]},
			"faces": {
				"north": {"uv": [12, 8.75, 10, 12.5], "texture": "#14"},
				"east": {"uv": [10, 8.75, 10, 12.5], "texture": "#14"},
				"south": {"uv": [10, 8.75, 12, 12.5], "texture": "#14"},
				"west": {"uv": [10, 8.75, 10, 12.5], "texture": "#14"},
				"up": {"uv": [2, 0, 0, 0], "texture": "#14"},
				"down": {"uv": [2, 0, 0, 0], "texture": "#14"}
			}
		},
		{
			"from": [17, -8, 9],
			"to": [25, 7, 9],
			"rotation": {"angle": -45, "axis": "z", "origin": [16, 16, 1]},
			"faces": {
				"north": {"uv": [12, 12.5, 10, 8.75], "texture": "#14"},
				"east": {"uv": [10, 12.5, 10, 8.75], "texture": "#14"},
				"south": {"uv": [10, 12.5, 12, 8.75], "texture": "#14"},
				"west": {"uv": [10, 12.5, 10, 8.75], "texture": "#14"},
				"up": {"uv": [2, 0, 0, 0], "texture": "#14"},
				"down": {"uv": [2, 0, 0, 0], "texture": "#14"}
			}
		},
		{
			"from": [17, -8, 7],
			"to": [25, 7, 7],
			"rotation": {"angle": -45, "axis": "z", "origin": [16, 16, 1]},
			"faces": {
				"north": {"uv": [12, 12.5, 10, 8.75], "texture": "#14"},
				"east": {"uv": [10, 12.5, 10, 8.75], "texture": "#14"},
				"south": {"uv": [10, 12.5, 12, 8.75], "texture": "#14"},
				"west": {"uv": [10, 12.5, 10, 8.75], "texture": "#14"},
				"up": {"uv": [2, 0, 0, 0], "texture": "#14"},
				"down": {"uv": [2, 0, 0, 0], "texture": "#14"}
			}
		},
		{
			"from": [9, 7, 14],
			"to": [15, 9, 16],
			"rotation": {"angle": 45, "axis": "y", "origin": [8, 18.025, 13]},
			"faces": {
				"north": {"uv": [3.5, 9.625, 4, 11.125], "rotation": 90, "texture": "#12"},
				"east": {"uv": [0.625, 11.125, 1.125, 11.625], "rotation": 270, "texture": "#12"},
				"south": {"uv": [4, 9.625, 3.5, 11.125], "rotation": 270, "texture": "#12"},
				"west": {"uv": [0.625, 11.125, 1.125, 11.625], "rotation": 270, "texture": "#12"},
				"up": {"uv": [3, 9.625, 3.5, 11.125], "rotation": 270, "texture": "#12"},
				"down": {"uv": [3.5, 9.625, 3, 11.125], "rotation": 270, "texture": "#12"}
			}
		},
		{
			"from": [15, 7.2, 14.2],
			"to": [15.5, 8.8, 15.8],
			"rotation": {"angle": 45, "axis": "y", "origin": [8, 18.025, 13]},
			"faces": {
				"north": {"uv": [2.875, 12.5, 3.25, 12.625], "rotation": 90, "texture": "#12"},
				"east": {"uv": [2.875, 12.625, 3.25, 13], "rotation": 270, "texture": "#12"},
				"south": {"uv": [2.875, 12.5, 3.25, 12.625], "rotation": 270, "texture": "#12"},
				"west": {"uv": [2.875, 12.625, 3.25, 13], "rotation": 270, "texture": "#12"},
				"up": {"uv": [2.875, 13, 3.25, 13.125], "rotation": 270, "texture": "#12"},
				"down": {"uv": [2.875, 13, 3.25, 13.125], "rotation": 270, "texture": "#12"}
			}
		},
		{
			"from": [8.5, 6.3, 13.2],
			"to": [9, 9.8, 16.8],
			"rotation": {"angle": 45, "axis": "y", "origin": [8, 18.025, 13]},
			"faces": {
				"north": {"uv": [2.875, 12.125, 2, 12.25], "rotation": 90, "texture": "#12"},
				"east": {"uv": [2, 12.25, 2.875, 13.125], "rotation": 270, "texture": "#12"},
				"south": {"uv": [2, 12.125, 2.875, 12.25], "rotation": 270, "texture": "#12"},
				"west": {"uv": [2, 12.25, 2.875, 13.125], "rotation": 270, "texture": "#12"},
				"up": {"uv": [2, 12, 2.875, 12.125], "rotation": 270, "texture": "#12"},
				"down": {"uv": [2, 12, 2.875, 12.125], "rotation": 270, "texture": "#12"}
			}
		},
		{
			"from": [-1.02208, 19.45208, 7.35],
			"to": [2.73792, 21.33208, 8.29],
			"rotation": {"angle": 22.5, "axis": "z", "origin": [1.9637, 20.53578, 8.055]},
			"faces": {
				"north": {"uv": [0, 4.125, 0.5, 3.125], "rotation": 270, "texture": "#12"},
				"east": {"uv": [0.5, 4.125, 0, 4.375], "rotation": 270, "texture": "#12"},
				"south": {"uv": [0.5, 4.125, 0, 3.125], "rotation": 90, "texture": "#12"},
				"west": {"uv": [0.5, 4.125, 0, 4.375], "rotation": 270, "texture": "#12"},
				"up": {"uv": [0.5, 4.125, 0.75, 3.125], "rotation": 90, "texture": "#12"},
				"down": {"uv": [0.5, 4.125, 0.75, 3.125], "rotation": 90, "texture": "#12"}
			}
		},
		{
			"from": [1.35874, 20.72608, 7.162],
			"to": [3.23874, 22.60608, 8.572],
			"rotation": {"angle": -45, "axis": "z", "origin": [1.9637, 20.53578, 8.055]},
			"faces": {
				"north": {"uv": [0.5, 2.125, 0, 2.625], "rotation": 180, "texture": "#12"},
				"east": {"uv": [1.625, 1.5, 1.125, 2], "rotation": 180, "texture": "#12"},
				"south": {"uv": [0, 2.125, 0.5, 2.625], "rotation": 180, "texture": "#12"},
				"west": {"uv": [1.125, 2, 0.625, 2.5], "rotation": 180, "texture": "#12"},
				"up": {"uv": [0, 3.125, 0.5, 2.625], "texture": "#12"},
				"down": {"uv": [0, 3.125, 0.5, 2.625], "texture": "#12"}
			}
		},
		{
			"from": [3.58392, 20.01608, 6.974],
			"to": [5.46392, 21.89608, 8.76],
			"rotation": {"angle": 22.5, "axis": "z", "origin": [1.9637, 20.53578, 8.055]},
			"faces": {
				"north": {"uv": [1.125, 0.5, 1.625, 0], "rotation": 270, "texture": "#12"},
				"east": {"uv": [1.75, 0.5, 1.25, 1], "rotation": 270, "texture": "#12"},
				"south": {"uv": [1.625, 0.5, 1.125, 0], "rotation": 90, "texture": "#12"},
				"west": {"uv": [1.75, 0.5, 1.25, 1], "rotation": 270, "texture": "#12"},
				"up": {"uv": [1.625, 0.5, 2.125, 0], "rotation": 90, "texture": "#12"},
				"down": {"uv": [1.125, 2.5, 1.625, 2], "rotation": 90, "texture": "#12"}
			}
		},
		{
			"from": [3.45876, 22.10963, 6.88],
			"to": [5.33876, 23.98963, 8.854],
			"rotation": {"angle": -22.5, "axis": "z", "origin": [1.9637, 20.53578, 8.055]},
			"faces": {
				"north": {"uv": [0.75, 1, 1.25, 0.5], "rotation": 90, "texture": "#12"},
				"east": {"uv": [0.75, 1, 1.25, 0.5], "rotation": 90, "texture": "#12"},
				"south": {"uv": [0.75, 0.5, 1.25, 1], "rotation": 90, "texture": "#12"},
				"west": {"uv": [1.25, 1.5, 1.75, 1], "rotation": 90, "texture": "#12"},
				"up": {"uv": [1.125, 2.5, 0.625, 3], "rotation": 270, "texture": "#12"},
				"down": {"uv": [2.125, 0.5, 1.625, 1], "rotation": 270, "texture": "#12"}
			}
		},
		{
			"from": [3.70874, 23.17008, 6.786],
			"to": [5.58874, 25.05008, 8.948],
			"rotation": {"angle": -45, "axis": "z", "origin": [1.9637, 20.53578, 8.055]},
			"faces": {
				"north": {"uv": [0.625, 1.5, 1.125, 1], "rotation": 270, "texture": "#12"},
				"east": {"uv": [0.625, 1.5, 0, 2], "texture": "#12"},
				"south": {"uv": [1.125, 1.5, 0.625, 1], "rotation": 90, "texture": "#12"},
				"west": {"uv": [0.625, 1.5, 0, 2], "texture": "#12"},
				"up": {"uv": [0.625, 1, 0, 1.5], "rotation": 270, "texture": "#12"},
				"down": {"uv": [0.625, 1, 0, 1.5], "rotation": 270, "texture": "#12"}
			}
		},
		{
			"from": [-1.32626, 18.43069, 7.444],
			"to": [-0.38626, 20.12269, 8.196],
			"rotation": {"angle": 0, "axis": "y", "origin": [1.9637, 20.53578, 8.055]},
			"faces": {
				"north": {"uv": [0, 4.875, 0.5, 4.625], "rotation": 270, "texture": "#12"},
				"east": {"uv": [0.5, 4.375, 0, 4.625], "rotation": 270, "texture": "#12"},
				"south": {"uv": [0.5, 4.875, 0, 4.625], "rotation": 90, "texture": "#12"},
				"west": {"uv": [0.5, 4.375, 0, 4.625], "rotation": 270, "texture": "#12"},
				"up": {"uv": [0.5, 4.625, 0.75, 4.375], "rotation": 90, "texture": "#12"},
				"down": {"uv": [0.5, 4.625, 0.75, 4.375], "rotation": 90, "texture": "#12"}
			}
		},
		{
			"from": [-1.65064, 17.28222, 7.538],
			"to": [-0.24064, 18.78622, 8.102],
			"rotation": {"angle": -22.5, "axis": "z", "origin": [1.9637, 20.53578, 8.055]},
			"faces": {
				"north": {"uv": [0, 5.25, 0.375, 4.875], "rotation": 270, "texture": "#12"},
				"east": {"uv": [0, 5.375, 0.375, 5.25], "rotation": 90, "texture": "#12"},
				"south": {"uv": [0, 4.875, 0.375, 5.25], "rotation": 270, "texture": "#12"},
				"west": {"uv": [0, 5.375, 0.375, 5.25], "rotation": 90, "texture": "#12"},
				"up": {"uv": [0.5, 4.875, 0.375, 5.25], "rotation": 270, "texture": "#12"},
				"down": {"uv": [0.5, 4.875, 0.375, 5.25], "rotation": 270, "texture": "#12"}
			}
		},
		{
			"from": [-1.47387, 16.10184, 7.632],
			"to": [-0.06387, 17.41784, 8.008],
			"rotation": {"angle": -45, "axis": "z", "origin": [1.9637, 20.53578, 8.055]},
			"faces": {
				"north": {"uv": [0.625, 1.875, 1, 1.5], "rotation": 270, "texture": "#12"},
				"east": {"uv": [0.625, 2, 1, 1.875], "rotation": 90, "texture": "#12"},
				"south": {"uv": [0.625, 1.875, 1, 1.5], "rotation": 270, "texture": "#12"},
				"west": {"uv": [0.625, 2, 1, 1.875], "rotation": 90, "texture": "#12"},
				"up": {"uv": [1.125, 1.5, 1, 1.875], "rotation": 270, "texture": "#12"},
				"down": {"uv": [1.125, 1.5, 1, 1.875], "rotation": 270, "texture": "#12"}
			}
		},
		{
			"from": [0.54958, 21.44132, 7.35],
			"to": [2.42958, 22.38132, 8.29],
			"rotation": {"angle": -22.5, "axis": "z", "origin": [1.9637, 20.53578, 8.055]},
			"faces": {
				"north": {"uv": [0.5, 5.875, 0.25, 5.375], "rotation": 270, "texture": "#12"},
				"east": {"uv": [0.5, 5.625, 0.75, 5.375], "texture": "#12"},
				"south": {"uv": [0.5, 5.375, 0.25, 5.875], "rotation": 270, "texture": "#12"},
				"west": {"uv": [0.5, 5.625, 0.75, 5.375], "texture": "#12"},
				"up": {"uv": [1, 5.375, 1.25, 5.875], "rotation": 90, "texture": "#12"},
				"down": {"uv": [0, 5.375, 0.25, 5.875], "rotation": 90, "texture": "#12"}
			}
		},
		{
			"from": [0.71088, 21.91039, 7.444],
			"to": [1.65088, 22.66239, 8.196],
			"rotation": {"angle": 0, "axis": "y", "origin": [1.9637, 20.53578, 8.055]},
			"faces": {
				"north": {"uv": [0.75, 5.625, 1, 5.375], "rotation": 270, "texture": "#12"},
				"east": {"uv": [0.75, 5.625, 0.5, 5.875], "rotation": 270, "texture": "#12"},
				"south": {"uv": [1, 5.625, 0.75, 5.375], "rotation": 90, "texture": "#12"},
				"west": {"uv": [0.75, 5.625, 0.5, 5.875], "rotation": 270, "texture": "#12"},
				"up": {"uv": [1.25, 5.625, 1.5, 5.375], "rotation": 90, "texture": "#12"},
				"down": {"uv": [0.75, 6, 1, 5.75], "rotation": 90, "texture": "#12"}
			}
		},
		{
			"from": [0.2989, 22.09124, 7.632],
			"to": [0.7689, 22.56124, 8.008],
			"rotation": {"angle": 0, "axis": "y", "origin": [1.9637, 20.53578, 8.055]},
			"faces": {
				"north": {"uv": [0.75, 5.625, 0.875, 5.75], "texture": "#12"},
				"east": {"uv": [0.875, 5.75, 0.75, 5.625], "texture": "#12"},
				"south": {"uv": [0.75, 5.625, 0.875, 5.75], "rotation": 180, "texture": "#12"},
				"west": {"uv": [0.875, 5.75, 0.75, 5.625], "texture": "#12"},
				"up": {"uv": [0.75, 5.625, 0.875, 5.75], "rotation": 180, "texture": "#12"},
				"down": {"uv": [0.75, 5.625, 0.875, 5.75], "rotation": 180, "texture": "#12"}
			}
		},
		{
			"from": [4.31652, 20.79245, 7.35],
			"to": [5.25652, 22.67245, 8.29],
			"rotation": {"angle": 22.5, "axis": "z", "origin": [1.9637, 20.53578, 8.055]},
			"faces": {
				"north": {"uv": [0.25, 5.375, 0.5, 5.875], "texture": "#12"},
				"east": {"uv": [1.25, 5.875, 1, 5.375], "texture": "#12"},
				"south": {"uv": [0.25, 5.875, 0.5, 5.375], "rotation": 180, "texture": "#12"},
				"west": {"uv": [0.25, 5.875, 0, 5.375], "texture": "#12"},
				"up": {"uv": [0.75, 5.375, 0.5, 5.625], "rotation": 270, "texture": "#12"},
				"down": {"uv": [0.75, 5.375, 0.5, 5.625], "rotation": 270, "texture": "#12"}
			}
		},
		{
			"from": [0.59717, 23.52402, 7.444],
			"to": [1.53717, 24.27602, 8.196],
			"rotation": {"angle": -45, "axis": "z", "origin": [1.9637, 20.53578, 8.055]},
			"faces": {
				"north": {"uv": [0.75, 5.625, 1, 5.375], "rotation": 270, "texture": "#12"},
				"east": {"uv": [0.5, 5.875, 0.75, 5.625], "rotation": 90, "texture": "#12"},
				"south": {"uv": [1, 5.625, 0.75, 5.375], "rotation": 90, "texture": "#12"},
				"west": {"uv": [0.5, 5.875, 0.75, 5.625], "rotation": 90, "texture": "#12"},
				"up": {"uv": [1.5, 5.375, 1.25, 5.625], "rotation": 270, "texture": "#12"},
				"down": {"uv": [1, 5.75, 0.75, 6], "rotation": 270, "texture": "#12"}
			}
		},
		{
			"from": [0.18519, 23.70486, 7.632],
			"to": [0.65519, 24.17486, 8.008],
			"rotation": {"angle": -45, "axis": "z", "origin": [1.9637, 20.53578, 8.055]},
			"faces": {
				"north": {"uv": [0.75, 5.625, 0.875, 5.75], "texture": "#12"},
				"east": {"uv": [0.75, 5.625, 0.875, 5.75], "rotation": 180, "texture": "#12"},
				"south": {"uv": [0.75, 5.625, 0.875, 5.75], "rotation": 180, "texture": "#12"},
				"west": {"uv": [0.75, 5.625, 0.875, 5.75], "rotation": 180, "texture": "#12"},
				"up": {"uv": [0.875, 5.75, 0.75, 5.625], "texture": "#12"},
				"down": {"uv": [0.875, 5.75, 0.75, 5.625], "texture": "#12"}
			}
		},
		{
			"from": [9, 7, 0],
			"to": [15, 9, 2],
			"rotation": {"angle": -45, "axis": "y", "origin": [8, 18.025, 3]},
			"faces": {
				"north": {"uv": [1, 13.125, 0.5, 11.625], "rotation": 270, "texture": "#12"},
				"east": {"uv": [0.625, 11.625, 1.125, 11.125], "rotation": 270, "texture": "#12"},
				"south": {"uv": [0.5, 13.125, 1, 11.625], "rotation": 90, "texture": "#12"},
				"west": {"uv": [0.625, 11.625, 1.125, 11.125], "rotation": 270, "texture": "#12"},
				"up": {"uv": [0.5, 11.625, 0, 13.125], "rotation": 270, "texture": "#12"},
				"down": {"uv": [0, 11.625, 0.5, 13.125], "rotation": 270, "texture": "#12"}
			}
		},
		{
			"from": [15, 7.2, 0.2],
			"to": [15.5, 8.8, 1.8],
			"rotation": {"angle": -45, "axis": "y", "origin": [8, 18.025, 3]},
			"faces": {
				"north": {"uv": [2.875, 12.625, 3.25, 12.5], "rotation": 270, "texture": "#12"},
				"east": {"uv": [2.875, 13, 3.25, 12.625], "rotation": 270, "texture": "#12"},
				"south": {"uv": [2.875, 12.625, 3.25, 12.5], "rotation": 90, "texture": "#12"},
				"west": {"uv": [2.875, 13, 3.25, 12.625], "rotation": 270, "texture": "#12"},
				"up": {"uv": [3.25, 13, 2.875, 13.125], "rotation": 270, "texture": "#12"},
				"down": {"uv": [3.25, 13, 2.875, 13.125], "rotation": 270, "texture": "#12"}
			}
		},
		{
			"from": [8.5, 6.3, -0.8],
			"to": [9, 9.8, 2.8],
			"rotation": {"angle": -45, "axis": "y", "origin": [8, 18.025, 3]},
			"faces": {
				"north": {"uv": [2, 12.25, 2.875, 12.125], "rotation": 270, "texture": "#12"},
				"east": {"uv": [2, 13.125, 2.875, 12.25], "rotation": 270, "texture": "#12"},
				"south": {"uv": [2.875, 12.25, 2, 12.125], "rotation": 90, "texture": "#12"},
				"west": {"uv": [2, 13.125, 2.875, 12.25], "rotation": 270, "texture": "#12"},
				"up": {"uv": [2.875, 12, 2, 12.125], "rotation": 270, "texture": "#12"},
				"down": {"uv": [2.875, 12, 2, 12.125], "rotation": 270, "texture": "#12"}
			}
		},
		{
			"from": [3, 0, 8],
			"to": [16, 7, 8],
			"rotation": {"angle": 0, "axis": "y", "origin": [16, 0, 0]},
			"faces": {
				"north": {"uv": [16, 12.75, 14.25, 16], "rotation": 90, "texture": "#14"},
				"east": {"uv": [1.75, 0, 0, 0], "rotation": 270, "texture": "#14"},
				"south": {"uv": [14.25, 12.75, 16, 16], "rotation": 270, "texture": "#14"},
				"west": {"uv": [1.75, 0, 0, 0], "rotation": 270, "texture": "#14"},
				"up": {"uv": [0, 0, 0, 2], "rotation": 270, "texture": "#14"},
				"down": {"uv": [0, 0, 0, 2], "rotation": 270, "texture": "#14"}
			}
		},
		{
			"from": [3, 9, 8],
			"to": [16, 16, 8],
			"rotation": {"angle": 0, "axis": "y", "origin": [16, 16, 0]},
			"faces": {
				"north": {"uv": [14.25, 12.75, 16, 16], "rotation": 90, "texture": "#14"},
				"east": {"uv": [0, 0, 1.75, 0], "rotation": 270, "texture": "#14"},
				"south": {"uv": [16, 12.75, 14.25, 16], "rotation": 270, "texture": "#14"},
				"west": {"uv": [0, 0, 1.75, 0], "rotation": 270, "texture": "#14"},
				"up": {"uv": [0, 0, 0, 2], "rotation": 270, "texture": "#14"},
				"down": {"uv": [0, 0, 0, 2], "rotation": 270, "texture": "#14"}
			}
		}
	],
	"gui_light": "front",
	"display": {
		"thirdperson_righthand": {
			"rotation": [0, 90, 0],
			"translation": [0.25, -2, 6],
			"scale": [0.7, 0.7, 0.7]
		},
		"thirdperson_lefthand": {
			"rotation": [0, -90, 0],
			"translation": [0.25, -2, 6],
			"scale": [0.7, 0.7, 0.7]
		},
		"firstperson_righthand": {
			"rotation": [-155.25, 88, 150],
			"translation": [0.5, 5, 0.5],
			"scale": [0.5, 0.5, 0.5]
		},
		"firstperson_lefthand": {
			"rotation": [160, -84, 150],
			"translation": [0.5, 5, 0.5],
			"scale": [0.5, 0.5, 0.5]
		},
		"ground": {
			"translation": [0, 9.75, 0],
			"scale": [0.5, 0.5, 0.5]
		},
		"gui": {
			"rotation": [0, 0, -45],
			"translation": [0.25, -0.25, -2],
			"scale": [0.46, 0.46, 0.46]
		},
		"head": {
			"rotation": [-135.5, 0, 0],
			"translation": [0, 20.5, 4.75],
			"scale": [0, 0, 0]
		},
		"fixed": {
			"rotation": [-179.35, 0.75, -180],
			"translation": [0.25, -1, -2.75],
			"scale": [1.5, 1.5, 1.5]
		}
	},
	"groups": [
		{
			"name": "Bow",
			"origin": [1, 14.1, 16],
			"color": 0,
			"children": []
		},
		{
			"name": "group",
			"origin": [9, 22.27733, 9.53785],
			"color": 0,
			"children": []
		},
		0,
		1,
		{
			"name": "group",
			"origin": [0, 2, 0],
			"color": 0,
			"children": [2, 3]
		},
		{
			"name": "Skull",
			"origin": [9.66036, 2.875, 3.125],
			"color": 0,
			"children": [4, 5, 6, 7]
		},
		{
			"name": "Skull",
			"origin": [9.66036, 2.875, 3.125],
			"color": 0,
			"children": [8, 9, 10, 11]
		},
		{
			"name": "Horn",
			"origin": [5, 18.5, 4.5],
			"color": 0,
			"children": [
				12,
				13,
				14,
				15,
				16,
				17,
				18,
				19,
				{
					"name": "group",
					"origin": [3.7, 15.2, 3.2],
					"color": 0,
					"children": [
						20,
						21,
						22,
						{
							"name": "group",
							"origin": [3.7, 15.2, 3.2],
							"color": 0,
							"children": [23, 24, 25]
						}
					]
				}
			]
		},
		{
			"name": "group",
			"origin": [0, 2, 0],
			"color": 0,
			"children": [26, 27]
		},
		28,
		29,
		30,
		31,
		32,
		33,
		34,
		35,
		{
			"name": "Medicine",
			"origin": [0, 0, 0],
			"color": 0,
			"children": [36, 37, 38]
		},
		{
			"name": "Horn",
			"origin": [5, 18.5, 4.5],
			"color": 0,
			"children": [
				39,
				40,
				41,
				42,
				43,
				44,
				45,
				46,
				{
					"name": "group",
					"origin": [3.7, 15.2, 3.2],
					"color": 0,
					"children": [
						47,
						48,
						49,
						{
							"name": "group",
							"origin": [3.7, 15.2, 3.2],
							"color": 0,
							"children": [50, 51, 52]
						}
					]
				}
			]
		},
		{
			"name": "Medicine",
			"origin": [0, 0, 0],
			"color": 0,
			"children": [53, 54, 55]
		},
		56,
		57
	]
}