{
	"credit": "Made with Blockbench",
	"texture_size": [64, 64],
	"textures": {
		"0": "item/goblin_weapon_set/goblintex1",
		"1": "item/goblin_weapon_set/goblintex3",
		"2": "item/goblin_weapon_set/goblintex2",
		"3": "item/goblin_weapon_set/rope_animation",
		"4": "item/goblin_weapon_set/goblin_eye",
		"particle": "item/goblin_weapon_set/goblintex1"
	},
	"elements": [
		{
			"from": [7, 3, 7],
			"to": [9, 15, 9],
			"faces": {
				"north": {"uv": [14.75, 0.25, 15.25, 3.25], "texture": "#0"},
				"east": {"uv": [15.25, 0.25, 15.75, 3.25], "texture": "#0"},
				"south": {"uv": [15.25, 0.25, 15.75, 3.25], "texture": "#0"},
				"west": {"uv": [15.25, 0.25, 15.75, 3.25], "texture": "#0"},
				"up": {"uv": [14.75, 4.25, 15.25, 4.75], "texture": "#0"},
				"down": {"uv": [14.75, 4.25, 15.25, 4.75], "texture": "#0"}
			}
		},
		{
			"from": [7.7, 9.2, 5.5],
			"to": [9.7, 10.8, 6.5],
			"rotation": {"angle": -45, "axis": "y", "origin": [8, 10, 6]},
			"faces": {
				"north": {"uv": [5, 9, 4.5, 9.375], "texture": "#0"},
				"east": {"uv": [5, 8.625, 4.75, 9], "rotation": 180, "texture": "#0"},
				"south": {"uv": [5, 9, 4.5, 9.375], "rotation": 180, "texture": "#0"},
				"west": {"uv": [5, 8.625, 4.75, 9], "rotation": 180, "texture": "#0"},
				"up": {"uv": [5, 8.625, 5.5, 8.375], "rotation": 180, "texture": "#0"},
				"down": {"uv": [5.5, 8.625, 5, 8.375], "texture": "#0"}
			}
		},
		{
			"from": [8.3, 9.3, 5.6],
			"to": [9.3, 10.7, 7.6],
			"rotation": {"angle": 22.5, "axis": "y", "origin": [8, 10, 6]},
			"faces": {
				"north": {"uv": [5, 8.25, 4.75, 8.6], "rotation": 180, "texture": "#0"},
				"east": {"uv": [5.5, 8, 5, 8.35], "texture": "#0"},
				"south": {"uv": [5, 8.25, 4.75, 8.6], "rotation": 180, "texture": "#0"},
				"west": {"uv": [5.5, 8, 5, 8.35], "rotation": 180, "texture": "#0"},
				"up": {"uv": [6, 8, 5.5, 8.25], "rotation": 90, "texture": "#0"},
				"down": {"uv": [5.5, 8, 6, 8.25], "rotation": 90, "texture": "#0"}
			}
		},
		{
			"from": [7.5, 9.1, 6.3],
			"to": [9.5, 10.9, 7.3],
			"rotation": {"angle": -22.5, "axis": "y", "origin": [8, 10, 6]},
			"faces": {
				"north": {"uv": [4, 8.5, 3.5, 9], "texture": "#0"},
				"east": {"uv": [3.5, 8.25, 4, 8], "rotation": 270, "texture": "#0"},
				"south": {"uv": [4, 8.5, 3.5, 9], "rotation": 180, "texture": "#0"},
				"west": {"uv": [3.5, 8.25, 4, 8], "rotation": 90, "texture": "#0"},
				"up": {"uv": [3.5, 8.5, 4, 8.25], "rotation": 180, "texture": "#0"},
				"down": {"uv": [4, 8.5, 3.5, 8.25], "texture": "#0"}
			}
		},
		{
			"from": [9, 9.5, 5.2],
			"to": [13, 10.6, 6.2],
			"rotation": {"angle": 0, "axis": "y", "origin": [8, 10, 6]},
			"faces": {
				"north": {"uv": [1, 10.375, 1.25, 9.375], "rotation": 90, "texture": "#0"},
				"east": {"uv": [2.25, 9.875, 2, 10.125], "texture": "#0"},
				"south": {"uv": [1, 10.375, 1.25, 9.375], "rotation": 270, "texture": "#0"},
				"west": {"uv": [2.25, 9.875, 2, 10.125], "rotation": 180, "texture": "#0"},
				"up": {"uv": [6.5, 13, 6.25, 14], "rotation": 90, "texture": "#0"},
				"down": {"uv": [1, 9.375, 0.75, 10.375], "rotation": 90, "texture": "#0"}
			}
		},
		{
			"from": [9, 6.5, 5.2],
			"to": [14, 7.6, 6.2],
			"rotation": {"angle": 0, "axis": "y", "origin": [8, 7, 6]},
			"faces": {
				"north": {"uv": [1, 10.625, 1.25, 9.375], "rotation": 90, "texture": "#0"},
				"east": {"uv": [2.25, 9.875, 2, 10.125], "texture": "#0"},
				"south": {"uv": [1, 10.625, 1.25, 9.375], "rotation": 90, "texture": "#0"},
				"west": {"uv": [2.25, 9.875, 2, 10.125], "rotation": 180, "texture": "#0"},
				"up": {"uv": [6.5, 13, 6.25, 14.25], "rotation": 90, "texture": "#0"},
				"down": {"uv": [1, 9.375, 0.75, 10.625], "rotation": 90, "texture": "#0"}
			}
		},
		{
			"from": [8.3, 6.3, 5.6],
			"to": [9.3, 7.7, 7.6],
			"rotation": {"angle": 22.5, "axis": "y", "origin": [8, 7, 6]},
			"faces": {
				"north": {"uv": [5, 8.25, 4.75, 8.625], "rotation": 180, "texture": "#0"},
				"east": {"uv": [5.5, 8, 5, 8.375], "texture": "#0"},
				"south": {"uv": [5, 8.25, 4.75, 8.625], "rotation": 180, "texture": "#0"},
				"west": {"uv": [5.5, 8, 5, 8.375], "rotation": 180, "texture": "#0"},
				"up": {"uv": [6, 8, 5.5, 8.25], "rotation": 90, "texture": "#0"},
				"down": {"uv": [5.5, 8, 6, 8.25], "rotation": 90, "texture": "#0"}
			}
		},
		{
			"from": [7.7, 6.2, 5.5],
			"to": [9.7, 7.8, 6.5],
			"rotation": {"angle": -45, "axis": "y", "origin": [8, 7, 6]},
			"faces": {
				"north": {"uv": [5, 9, 4.5, 9.375], "texture": "#0"},
				"east": {"uv": [5, 8.625, 4.75, 9], "rotation": 180, "texture": "#0"},
				"south": {"uv": [5, 9, 4.5, 9.375], "rotation": 180, "texture": "#0"},
				"west": {"uv": [5, 8.625, 4.75, 9], "rotation": 180, "texture": "#0"},
				"up": {"uv": [5, 8.625, 5.5, 8.375], "rotation": 180, "texture": "#0"},
				"down": {"uv": [5.5, 8.625, 5, 8.375], "texture": "#0"}
			}
		},
		{
			"from": [7.5, 6.1, 6.3],
			"to": [9.5, 7.9, 7.3],
			"rotation": {"angle": -22.5, "axis": "y", "origin": [8, 7, 6]},
			"faces": {
				"north": {"uv": [4, 8.5, 3.5, 9], "texture": "#0"},
				"east": {"uv": [3.5, 8.25, 4, 8], "rotation": 270, "texture": "#0"},
				"south": {"uv": [4, 8.5, 3.5, 9], "rotation": 180, "texture": "#0"},
				"west": {"uv": [3.5, 8.25, 4, 8], "rotation": 90, "texture": "#0"},
				"up": {"uv": [3.5, 8.5, 4, 8.25], "rotation": 180, "texture": "#0"},
				"down": {"uv": [4, 8.5, 3.5, 8.25], "texture": "#0"}
			}
		},
		{
			"from": [7.5, 3.1, 6.3],
			"to": [9.5, 4.9, 7.3],
			"rotation": {"angle": -22.5, "axis": "y", "origin": [8, 4, 6]},
			"faces": {
				"north": {"uv": [4, 8.5, 3.5, 9], "texture": "#0"},
				"east": {"uv": [3.5, 8.25, 4, 8], "rotation": 270, "texture": "#0"},
				"south": {"uv": [4, 8.5, 3.5, 9], "rotation": 180, "texture": "#0"},
				"west": {"uv": [3.5, 8.25, 4, 8], "rotation": 90, "texture": "#0"},
				"up": {"uv": [3.5, 8.5, 4, 8.25], "rotation": 180, "texture": "#0"},
				"down": {"uv": [4, 8.5, 3.5, 8.25], "texture": "#0"}
			}
		},
		{
			"from": [7.7, 3.2, 5.5],
			"to": [9.7, 4.8, 6.5],
			"rotation": {"angle": -45, "axis": "y", "origin": [8, 4, 6]},
			"faces": {
				"north": {"uv": [5, 9, 4.5, 9.375], "texture": "#0"},
				"east": {"uv": [5, 8.625, 4.75, 9], "rotation": 180, "texture": "#0"},
				"south": {"uv": [5, 9, 4.5, 9.375], "rotation": 180, "texture": "#0"},
				"west": {"uv": [5, 8.625, 4.75, 9], "rotation": 180, "texture": "#0"},
				"up": {"uv": [5, 8.625, 5.5, 8.375], "rotation": 180, "texture": "#0"},
				"down": {"uv": [5.5, 8.625, 5, 8.375], "texture": "#0"}
			}
		},
		{
			"from": [8.3, 3.3, 5.6],
			"to": [9.3, 4.7, 7.6],
			"rotation": {"angle": 22.5, "axis": "y", "origin": [8, 4, 6]},
			"faces": {
				"north": {"uv": [5, 8.25, 4.75, 8.625], "rotation": 180, "texture": "#0"},
				"east": {"uv": [5.5, 8, 5, 8.375], "texture": "#0"},
				"south": {"uv": [5, 8.25, 4.75, 8.625], "rotation": 180, "texture": "#0"},
				"west": {"uv": [5.5, 8, 5, 8.375], "rotation": 180, "texture": "#0"},
				"up": {"uv": [6, 8, 5.5, 8.25], "rotation": 90, "texture": "#0"},
				"down": {"uv": [5.5, 8, 6, 8.25], "rotation": 90, "texture": "#0"}
			}
		},
		{
			"from": [9, 3.5, 5.2],
			"to": [15, 4.6, 6.2],
			"rotation": {"angle": 0, "axis": "y", "origin": [8, 4, 6]},
			"faces": {
				"north": {"uv": [1, 10.875, 1.25, 9.375], "rotation": 90, "texture": "#0"},
				"east": {"uv": [2.25, 9.875, 2, 10.125], "texture": "#0"},
				"south": {"uv": [1.25, 10.875, 1, 9.375], "rotation": 270, "texture": "#0"},
				"west": {"uv": [2.25, 10.125, 2, 9.875], "rotation": 180, "texture": "#0"},
				"up": {"uv": [6.5, 13, 6.25, 14.5], "rotation": 90, "texture": "#0"},
				"down": {"uv": [1, 9.375, 0.75, 10.875], "rotation": 90, "texture": "#0"}
			}
		},
		{
			"from": [7.7, 9.2, 9.5],
			"to": [9.7, 10.8, 10.5],
			"rotation": {"angle": 45, "axis": "y", "origin": [8, 10, 10]},
			"faces": {
				"north": {"uv": [4.5, 9, 5, 9.375], "rotation": 180, "texture": "#0"},
				"east": {"uv": [4.75, 8.625, 5, 9], "rotation": 180, "texture": "#0"},
				"south": {"uv": [4.5, 9, 5, 9.375], "texture": "#0"},
				"west": {"uv": [4.75, 8.625, 5, 9], "rotation": 180, "texture": "#0"},
				"up": {"uv": [5, 8.375, 5.5, 8.625], "rotation": 180, "texture": "#0"},
				"down": {"uv": [5.5, 8.375, 5, 8.625], "texture": "#0"}
			}
		},
		{
			"from": [8.3, 9.3, 8.4],
			"to": [9.3, 10.7, 10.4],
			"rotation": {"angle": -22.5, "axis": "y", "origin": [8, 10, 10]},
			"faces": {
				"north": {"uv": [4.75, 8.25, 5, 8.6], "rotation": 180, "texture": "#0"},
				"east": {"uv": [5, 8, 5.5, 8.35], "texture": "#0"},
				"south": {"uv": [4.75, 8.25, 5, 8.6], "rotation": 180, "texture": "#0"},
				"west": {"uv": [5, 8, 5.5, 8.35], "rotation": 180, "texture": "#0"},
				"up": {"uv": [5.5, 8, 6, 8.25], "rotation": 90, "texture": "#0"},
				"down": {"uv": [6, 8, 5.5, 8.25], "rotation": 90, "texture": "#0"}
			}
		},
		{
			"from": [7.5, 9.1, 8.7],
			"to": [9.5, 10.9, 9.7],
			"rotation": {"angle": 22.5, "axis": "y", "origin": [8, 10, 10]},
			"faces": {
				"north": {"uv": [3.5, 8.5, 4, 9], "rotation": 180, "texture": "#0"},
				"east": {"uv": [3.5, 8, 4, 8.25], "rotation": 270, "texture": "#0"},
				"south": {"uv": [3.5, 8.5, 4, 9], "texture": "#0"},
				"west": {"uv": [3.5, 8, 4, 8.25], "rotation": 90, "texture": "#0"},
				"up": {"uv": [3.5, 8.25, 4, 8.5], "rotation": 180, "texture": "#0"},
				"down": {"uv": [4, 8.25, 3.5, 8.5], "texture": "#0"}
			}
		},
		{
			"from": [9, 9.5, 9.8],
			"to": [13, 10.6, 10.8],
			"rotation": {"angle": 0, "axis": "y", "origin": [8, 10, 10]},
			"faces": {
				"north": {"uv": [1, 9.375, 1.25, 10.375], "rotation": 270, "texture": "#0"},
				"east": {"uv": [2, 9.875, 2.25, 10.125], "texture": "#0"},
				"south": {"uv": [1, 9.375, 1.25, 10.375], "rotation": 90, "texture": "#0"},
				"west": {"uv": [2, 9.875, 2.25, 10.125], "rotation": 180, "texture": "#0"},
				"up": {"uv": [6.25, 13, 6.5, 14], "rotation": 90, "texture": "#0"},
				"down": {"uv": [0.75, 9.375, 1, 10.375], "rotation": 90, "texture": "#0"}
			}
		},
		{
			"from": [9, 6.5, 9.8],
			"to": [14, 7.6, 10.8],
			"rotation": {"angle": 0, "axis": "y", "origin": [8, 7, 10]},
			"faces": {
				"north": {"uv": [1, 9.375, 1.25, 10.625], "rotation": 90, "texture": "#0"},
				"east": {"uv": [2, 9.875, 2.25, 10.125], "texture": "#0"},
				"south": {"uv": [1, 9.375, 1.25, 10.625], "rotation": 90, "texture": "#0"},
				"west": {"uv": [2, 9.875, 2.25, 10.125], "rotation": 180, "texture": "#0"},
				"up": {"uv": [6.25, 13, 6.5, 14.25], "rotation": 90, "texture": "#0"},
				"down": {"uv": [0.75, 9.375, 1, 10.625], "rotation": 90, "texture": "#0"}
			}
		},
		{
			"from": [8.3, 6.3, 8.4],
			"to": [9.3, 7.7, 10.4],
			"rotation": {"angle": -22.5, "axis": "y", "origin": [8, 7, 10]},
			"faces": {
				"north": {"uv": [4.75, 8.25, 5, 8.625], "rotation": 180, "texture": "#0"},
				"east": {"uv": [5, 8, 5.5, 8.375], "texture": "#0"},
				"south": {"uv": [4.75, 8.25, 5, 8.625], "rotation": 180, "texture": "#0"},
				"west": {"uv": [5, 8, 5.5, 8.375], "rotation": 180, "texture": "#0"},
				"up": {"uv": [5.5, 8, 6, 8.25], "rotation": 90, "texture": "#0"},
				"down": {"uv": [6, 8, 5.5, 8.25], "rotation": 90, "texture": "#0"}
			}
		},
		{
			"from": [7.7, 6.2, 9.5],
			"to": [9.7, 7.8, 10.5],
			"rotation": {"angle": 45, "axis": "y", "origin": [8, 7, 10]},
			"faces": {
				"north": {"uv": [4.5, 9, 5, 9.375], "rotation": 180, "texture": "#0"},
				"east": {"uv": [4.75, 8.625, 5, 9], "rotation": 180, "texture": "#0"},
				"south": {"uv": [4.5, 9, 5, 9.375], "texture": "#0"},
				"west": {"uv": [4.75, 8.625, 5, 9], "rotation": 180, "texture": "#0"},
				"up": {"uv": [5, 8.375, 5.5, 8.625], "rotation": 180, "texture": "#0"},
				"down": {"uv": [5.5, 8.375, 5, 8.625], "texture": "#0"}
			}
		},
		{
			"from": [7.5, 6.1, 8.7],
			"to": [9.5, 7.9, 9.7],
			"rotation": {"angle": 22.5, "axis": "y", "origin": [8, 7, 10]},
			"faces": {
				"north": {"uv": [3.5, 8.5, 4, 9], "rotation": 180, "texture": "#0"},
				"east": {"uv": [3.5, 8, 4, 8.25], "rotation": 270, "texture": "#0"},
				"south": {"uv": [3.5, 8.5, 4, 9], "texture": "#0"},
				"west": {"uv": [3.5, 8, 4, 8.25], "rotation": 90, "texture": "#0"},
				"up": {"uv": [3.5, 8.25, 4, 8.5], "rotation": 180, "texture": "#0"},
				"down": {"uv": [4, 8.25, 3.5, 8.5], "texture": "#0"}
			}
		},
		{
			"from": [7.5, 3.1, 8.7],
			"to": [9.5, 4.9, 9.7],
			"rotation": {"angle": 22.5, "axis": "y", "origin": [8, 4, 10]},
			"faces": {
				"north": {"uv": [3.5, 8.5, 4, 9], "rotation": 180, "texture": "#0"},
				"east": {"uv": [3.5, 8, 4, 8.25], "rotation": 270, "texture": "#0"},
				"south": {"uv": [3.5, 8.5, 4, 9], "texture": "#0"},
				"west": {"uv": [3.5, 8, 4, 8.25], "rotation": 90, "texture": "#0"},
				"up": {"uv": [3.5, 8.25, 4, 8.5], "rotation": 180, "texture": "#0"},
				"down": {"uv": [4, 8.25, 3.5, 8.5], "texture": "#0"}
			}
		},
		{
			"from": [7.7, 3.2, 9.5],
			"to": [9.7, 4.8, 10.5],
			"rotation": {"angle": 45, "axis": "y", "origin": [8, 4, 10]},
			"faces": {
				"north": {"uv": [4.5, 9, 5, 9.375], "rotation": 180, "texture": "#0"},
				"east": {"uv": [4.75, 8.625, 5, 9], "rotation": 180, "texture": "#0"},
				"south": {"uv": [4.5, 9, 5, 9.375], "texture": "#0"},
				"west": {"uv": [4.75, 8.625, 5, 9], "rotation": 180, "texture": "#0"},
				"up": {"uv": [5, 8.375, 5.5, 8.625], "rotation": 180, "texture": "#0"},
				"down": {"uv": [5.5, 8.375, 5, 8.625], "texture": "#0"}
			}
		},
		{
			"from": [8.3, 3.3, 8.4],
			"to": [9.3, 4.7, 10.4],
			"rotation": {"angle": -22.5, "axis": "y", "origin": [8, 4, 10]},
			"faces": {
				"north": {"uv": [4.75, 8.25, 5, 8.625], "rotation": 180, "texture": "#0"},
				"east": {"uv": [5, 8, 5.5, 8.375], "texture": "#0"},
				"south": {"uv": [4.75, 8.25, 5, 8.625], "rotation": 180, "texture": "#0"},
				"west": {"uv": [5, 8, 5.5, 8.375], "rotation": 180, "texture": "#0"},
				"up": {"uv": [5.5, 8, 6, 8.25], "rotation": 90, "texture": "#0"},
				"down": {"uv": [6, 8, 5.5, 8.25], "rotation": 90, "texture": "#0"}
			}
		},
		{
			"from": [9, 3.5, 9.8],
			"to": [15, 4.6, 10.8],
			"rotation": {"angle": 0, "axis": "y", "origin": [8, 4, 10]},
			"faces": {
				"north": {"uv": [1.25, 9.375, 1, 10.875], "rotation": 270, "texture": "#0"},
				"east": {"uv": [2, 9.875, 2.25, 10.125], "texture": "#0"},
				"south": {"uv": [1, 9.375, 1.25, 10.875], "rotation": 90, "texture": "#0"},
				"west": {"uv": [2, 10.125, 2.25, 9.875], "rotation": 180, "texture": "#0"},
				"up": {"uv": [6.25, 13, 6.5, 14.5], "rotation": 90, "texture": "#0"},
				"down": {"uv": [0.75, 9.375, 1, 10.875], "rotation": 90, "texture": "#0"}
			}
		},
		{
			"from": [7.5, 9.1, 6.3],
			"to": [9.5, 10.9, 7.3],
			"rotation": {"angle": -22.5, "axis": "y", "origin": [8, 10, 6]},
			"faces": {
				"north": {"uv": [4, 8.5, 3.5, 9], "texture": "#0"},
				"east": {"uv": [3.5, 8.25, 4, 8], "rotation": 270, "texture": "#0"},
				"south": {"uv": [4, 8.5, 3.5, 9], "rotation": 180, "texture": "#0"},
				"west": {"uv": [3.5, 8.25, 4, 8], "rotation": 90, "texture": "#0"},
				"up": {"uv": [3.5, 8.5, 4, 8.25], "rotation": 180, "texture": "#0"},
				"down": {"uv": [4, 8.5, 3.5, 8.25], "texture": "#0"}
			}
		},
		{
			"from": [7.7, 9.2, 5.5],
			"to": [9.7, 10.8, 6.5],
			"rotation": {"angle": -45, "axis": "y", "origin": [8, 10, 6]},
			"faces": {
				"north": {"uv": [5, 9, 4.5, 9.375], "texture": "#0"},
				"east": {"uv": [5, 8.625, 4.75, 9], "rotation": 180, "texture": "#0"},
				"south": {"uv": [5, 9, 4.5, 9.375], "rotation": 180, "texture": "#0"},
				"west": {"uv": [5, 8.625, 4.75, 9], "rotation": 180, "texture": "#0"},
				"up": {"uv": [5, 8.625, 5.5, 8.375], "rotation": 180, "texture": "#0"},
				"down": {"uv": [5.5, 8.625, 5, 8.375], "texture": "#0"}
			}
		},
		{
			"from": [8.3, 9.3, 5.6],
			"to": [9.3, 10.7, 7.6],
			"rotation": {"angle": 22.5, "axis": "y", "origin": [8, 10, 6]},
			"faces": {
				"north": {"uv": [5, 8.25, 4.75, 8.6], "rotation": 180, "texture": "#0"},
				"east": {"uv": [5.5, 8, 5, 8.35], "texture": "#0"},
				"south": {"uv": [5, 8.25, 4.75, 8.6], "rotation": 180, "texture": "#0"},
				"west": {"uv": [5.5, 8, 5, 8.35], "rotation": 180, "texture": "#0"},
				"up": {"uv": [6, 8, 5.5, 8.25], "rotation": 90, "texture": "#0"},
				"down": {"uv": [5.5, 8, 6, 8.25], "rotation": 90, "texture": "#0"}
			}
		},
		{
			"from": [7, 14.5, 6],
			"to": [10, 17.5, 10],
			"rotation": {"angle": 0, "axis": "y", "origin": [10.36036, 16.625, 7.725]},
			"faces": {
				"north": {"uv": [3.875, 12.125, 3.125, 11.375], "rotation": 180, "texture": "#0"},
				"east": {"uv": [1.25, 10.375, 2, 9.375], "rotation": 90, "texture": "#0"},
				"south": {"uv": [3.875, 11.375, 3.125, 12.125], "texture": "#0"},
				"west": {"uv": [2.25, 10.625, 3, 9.625], "rotation": 270, "texture": "#0"},
				"up": {"uv": [0, 9.5, 0.75, 10.5], "texture": "#0"},
				"down": {"uv": [0, 9.5, 0.75, 10.5], "texture": "#0"}
			}
		},
		{
			"from": [6.5, 14.5, 7],
			"to": [7, 17.5, 9],
			"rotation": {"angle": 0, "axis": "y", "origin": [10.36036, 16.625, 7.725]},
			"faces": {
				"north": {"uv": [0.75, 9.5, 0, 9.375], "rotation": 270, "texture": "#0"},
				"east": {"uv": [3.875, 11.875, 4.625, 11.375], "rotation": 90, "texture": "#0"},
				"south": {"uv": [0.75, 9.5, 0, 9.375], "rotation": 90, "texture": "#0"},
				"west": {"uv": [3.875, 11.875, 4.625, 11.375], "rotation": 270, "texture": "#0"},
				"up": {"uv": [0.625, 10.5, 0.75, 11], "texture": "#0"},
				"down": {"uv": [0.625, 10.5, 0.75, 11], "texture": "#0"}
			}
		},
		{
			"from": [10, 17, 8.5],
			"to": [10.5, 17.5, 9],
			"rotation": {"angle": 0, "axis": "y", "origin": [10.36036, 16.625, 7.725]},
			"faces": {
				"north": {"uv": [5.125, 13.625, 5, 13.75], "rotation": 270, "texture": "#0"},
				"east": {"uv": [5, 13.75, 5.125, 13.625], "rotation": 180, "texture": "#0"},
				"south": {"uv": [5.125, 13.625, 5, 13.75], "rotation": 90, "texture": "#0"},
				"west": {"uv": [5, 13.75, 5.125, 13.625], "texture": "#0"},
				"up": {"uv": [5.125, 13.75, 5, 13.625], "rotation": 270, "texture": "#0"},
				"down": {"uv": [5.125, 13.75, 5, 13.625], "rotation": 270, "texture": "#0"}
			}
		},
		{
			"from": [10, 17, 7],
			"to": [10.5, 17.5, 7.5],
			"rotation": {"angle": 0, "axis": "y", "origin": [10.36036, 16.625, 7.725]},
			"faces": {
				"north": {"uv": [5, 13.5, 4.875, 13.625], "rotation": 270, "texture": "#0"},
				"east": {"uv": [4.875, 13.625, 5, 13.5], "rotation": 180, "texture": "#0"},
				"south": {"uv": [5, 13.5, 4.875, 13.625], "rotation": 90, "texture": "#0"},
				"west": {"uv": [4.875, 13.625, 5, 13.5], "texture": "#0"},
				"up": {"uv": [5, 13.625, 4.875, 13.5], "rotation": 270, "texture": "#0"},
				"down": {"uv": [5, 13.625, 4.875, 13.5], "rotation": 270, "texture": "#0"}
			}
		},
		{
			"from": [9.15858, 15.5, 5.88579],
			"to": [11.15858, 16.5, 6.88579],
			"rotation": {"angle": 45, "axis": "y", "origin": [10.36036, 16.625, 7.725]},
			"faces": {
				"north": {"uv": [2.5, 11.5, 2, 11.75], "texture": "#0"},
				"east": {"uv": [2.25, 9.625, 2, 9.875], "rotation": 180, "texture": "#0"},
				"south": {"uv": [2.5, 11.25, 2, 11.5], "rotation": 180, "texture": "#0"},
				"west": {"uv": [2.5, 9.375, 2.25, 9.625], "texture": "#0"},
				"up": {"uv": [2, 12, 2.5, 11.75], "texture": "#0"},
				"down": {"uv": [2.5, 11.75, 3, 11.5], "texture": "#0"}
			}
		},
		{
			"from": [9.15858, 15.5, 9.28492],
			"to": [11.15858, 16.5, 10.28492],
			"rotation": {"angle": -45, "axis": "y", "origin": [10.36036, 16.625, 8.44571]},
			"faces": {
				"north": {"uv": [2.5, 11.5, 2, 11.25], "texture": "#0"},
				"east": {"uv": [2, 9.625, 2.25, 9.875], "rotation": 180, "texture": "#0"},
				"south": {"uv": [2.5, 11.75, 2, 11.5], "rotation": 180, "texture": "#0"},
				"west": {"uv": [2.25, 9.375, 2.5, 9.625], "texture": "#0"},
				"up": {"uv": [2, 11.75, 2.5, 12], "texture": "#0"},
				"down": {"uv": [2, 11.75, 2.5, 12], "texture": "#0"}
			}
		},
		{
			"from": [6, -3, 6],
			"to": [7, 4, 10],
			"faces": {
				"north": {"uv": [7, 10.5, 6.75, 12.25], "texture": "#2"},
				"east": {"uv": [4.75, 11.5, 5.75, 13.25], "texture": "#2"},
				"south": {"uv": [6.75, 10.5, 7, 12.25], "texture": "#2"},
				"west": {"uv": [5, 9.75, 6, 11.5], "texture": "#2"},
				"up": {"uv": [6.25, 11.5, 6.5, 12.5], "texture": "#2"},
				"down": {"uv": [6.25, 11.5, 6.5, 12.5], "texture": "#2"}
			}
		},
		{
			"from": [2, 0.5, 7.5],
			"to": [5, 1.5, 8.5],
			"rotation": {"angle": 0, "axis": "y", "origin": [0, -3, 0]},
			"faces": {
				"north": {"uv": [4, 8, 4.25, 8.75], "rotation": 270, "texture": "#0"},
				"east": {"uv": [4.75, 8, 5, 8.25], "rotation": 90, "texture": "#0"},
				"south": {"uv": [4, 8, 4.25, 8.75], "rotation": 90, "texture": "#0"},
				"west": {"uv": [4.75, 8, 5, 8.25], "rotation": 90, "texture": "#0"},
				"up": {"uv": [4, 8, 4.25, 8.75], "rotation": 90, "texture": "#0"},
				"down": {"uv": [4, 8, 4.25, 8.75], "rotation": 90, "texture": "#0"}
			}
		},
		{
			"from": [5, 0, 7],
			"to": [6, 2, 9],
			"rotation": {"angle": 0, "axis": "y", "origin": [0, -3, 0]},
			"faces": {
				"north": {"uv": [4.25, 8, 4.75, 8.25], "rotation": 270, "texture": "#0"},
				"east": {"uv": [4.25, 8.25, 4.75, 8.75], "rotation": 90, "texture": "#0"},
				"south": {"uv": [4.25, 8, 4.75, 8.25], "rotation": 90, "texture": "#0"},
				"west": {"uv": [4.25, 8.25, 4.75, 8.75], "rotation": 90, "texture": "#0"},
				"up": {"uv": [4.25, 8, 4.75, 8.25], "rotation": 90, "texture": "#0"},
				"down": {"uv": [4.25, 8, 4.75, 8.25], "rotation": 90, "texture": "#0"}
			}
		},
		{
			"from": [7.9, -9.7, 6.5],
			"to": [9.9, -5.7, 9.5],
			"rotation": {"angle": 22.5, "axis": "z", "origin": [8, -8, 8]},
			"faces": {
				"north": {"uv": [2, 0, 2.5, 1], "texture": "#2"},
				"east": {"uv": [2.5, 0, 3.25, 1], "texture": "#2"},
				"south": {"uv": [2, 0, 2.5, 1], "texture": "#2"},
				"west": {"uv": [2.5, 0, 3.25, 1], "texture": "#2"},
				"up": {"uv": [3.75, 0.75, 3.25, 0], "texture": "#2"},
				"down": {"uv": [3.75, 0, 3.25, 0.75], "texture": "#2"}
			}
		},
		{
			"from": [7, -6, 7],
			"to": [9, 3, 9],
			"rotation": {"angle": 0, "axis": "y", "origin": [0, -2, 0]},
			"faces": {
				"north": {"uv": [4.5, 5.25, 5, 8.5], "texture": "#2"},
				"east": {"uv": [5, 5.25, 5.5, 8.5], "texture": "#2"},
				"south": {"uv": [4.5, 5.25, 5, 8.5], "texture": "#2"},
				"west": {"uv": [5, 5.25, 5.5, 8.5], "texture": "#2"},
				"up": {"uv": [7, 5.75, 6.5, 5.25], "texture": "#2"},
				"down": {"uv": [6, 6.5, 5.5, 7], "texture": "#2"}
			}
		},
		{
			"from": [7, -7, 8],
			"to": [14, 16, 8],
			"faces": {
				"north": {"uv": [14.25, 10, 16, 15.75], "texture": "#1"},
				"east": {"uv": [0, 0, 0, 2], "texture": "#1"},
				"south": {"uv": [16, 10, 14.25, 15.75], "texture": "#1"},
				"west": {"uv": [0, 0, 0, 2], "texture": "#1"},
				"up": {"uv": [0, 0, 1.75, 0], "texture": "#1"},
				"down": {"uv": [0, 0, 1.75, 0], "texture": "#1"}
			}
		},
		{
			"from": [-0.5, 1.5, 8],
			"to": [7.5, 17.5, 8],
			"rotation": {"angle": 0, "axis": "y", "origin": [0, -3, 0]},
			"faces": {
				"north": {"uv": [8, 0, 16, 16], "texture": "#3"},
				"east": {"uv": [0, 0, 0, 4], "texture": "#3"},
				"south": {"uv": [16, 0, 8, 16], "texture": "#3"},
				"west": {"uv": [0, 0, 0, 4], "texture": "#3"},
				"up": {"uv": [0, 0, 2, 0], "texture": "#3"},
				"down": {"uv": [0, 0, 2, 0], "texture": "#3"}
			}
		},
		{
			"from": [3.3, 17.6, 2],
			"to": [11.3, 17.6, 14],
			"rotation": {"angle": 0, "axis": "y", "origin": [2.9, 22.5, 24]},
			"faces": {
				"north": {"uv": [14, 3, 2, 11], "rotation": 270, "texture": "#4"},
				"east": {"uv": [0, 0, 0.5625, 0], "rotation": 180, "texture": "#4"},
				"south": {"uv": [14, 3, 2, 11], "rotation": 270, "texture": "#4"},
				"west": {"uv": [0, 0, 0.5625, 0], "texture": "#4"},
				"up": {"uv": [14, 3, 2, 11], "rotation": 270, "texture": "#4"},
				"down": {"uv": [14, 3, 2, 11], "rotation": 270, "texture": "#4"}
			}
		},
		{
			"from": [-12.26199, -2.97066, 6.4],
			"to": [-9.96199, -1.97066, 9.6],
			"rotation": {"angle": 45, "axis": "z", "origin": [7.25, 19.20199, -2.2]},
			"faces": {
				"north": {"uv": [3.125, 1, 2.625, 1.25], "texture": "#2"},
				"east": {"uv": [3.375, 1.25, 2.625, 1.5], "texture": "#2"},
				"south": {"uv": [3.125, 1, 2.625, 1.25], "texture": "#2"},
				"west": {"uv": [3.375, 1.25, 2.625, 1.5], "texture": "#2"},
				"up": {"uv": [2.625, 1.75, 2.125, 1], "texture": "#2"},
				"down": {"uv": [2.5, 2.5, 2, 1.75], "texture": "#2"}
			}
		}
	],
	"gui_light": "front",
	"display": {
		"thirdperson_righthand": {
			"rotation": [0, 90, 0],
			"translation": [0, 5.5, 1.75],
			"scale": [0.7, 0.7, 0.7]
		},
		"thirdperson_lefthand": {
			"rotation": [0, -90, 0],
			"translation": [0, 5.5, 1.75],
			"scale": [0.7, 0.7, 0.7]
		},
		"firstperson_righthand": {
			"rotation": [6.5, 90, 0],
			"translation": [2.75, 5.5, 0.5],
			"scale": [0.43555, 0.43555, 0.43555]
		},
		"firstperson_lefthand": {
			"rotation": [6.5, -90, 0],
			"translation": [2.75, 5.5, 0.5],
			"scale": [0.43555, 0.43555, 0.43555]
		},
		"ground": {
			"translation": [0, 9.75, 0],
			"scale": [0.62, 0.62, 0.62]
		},
		"gui": {
			"rotation": [0, 0, -44.75],
			"translation": [-0.75, 1.5, -2],
			"scale": [0.49, 0.49, 0.49]
		},
		"head": {
			"rotation": [-135.5, 0, 0],
			"translation": [0, 20.5, 4.75],
			"scale": [0, 0, 0]
		},
		"fixed": {
			"rotation": [1, 180, 0],
			"translation": [2.25, 3.75, -7.75],
			"scale": [1.5, 1.5, 1.5]
		}
	},
	"groups": [
		0,
		{
			"name": "group",
			"origin": [8, 4, 10],
			"color": 0,
			"children": []
		},
		{
			"name": "group",
			"origin": [8, 8, 10],
			"color": 0,
			"children": []
		},
		{
			"name": "group",
			"origin": [8, 12, 10],
			"color": 0,
			"children": []
		},
		{
			"name": "group",
			"origin": [8, 12, 10],
			"color": 0,
			"children": []
		},
		{
			"name": "group",
			"origin": [8, 8, 10],
			"color": 0,
			"children": []
		},
		{
			"name": "group",
			"origin": [8, 4, 10],
			"color": 0,
			"children": [
				{
					"name": "group",
					"origin": [8, 4, 6],
					"color": 0,
					"children": [1, 2, 3, 4, 5, 6, 7, 8, 9, 10, 11, 12]
				},
				{
					"name": "group",
					"origin": [8, 4, 6],
					"color": 0,
					"children": [13, 14, 15, 16, 17, 18, 19, 20, 21, 22, 23, 24]
				},
				25,
				26,
				27
			]
		},
		{
			"name": "Skull",
			"origin": [9.66036, 2.875, 3.125],
			"color": 0,
			"children": [28, 29, 30, 31, 32, 33]
		},
		{
			"name": "group",
			"origin": [0, 0, 0],
			"color": 0,
			"children": [34, 35, 36]
		},
		37,
		38,
		39,
		40,
		41,
		42
	]
}