{
	"credit": "Made with Blockbench",
	"texture_size": [64, 64],
	"textures": {
		"1": "item/goblin_weapon_set/goblintex2",
		"2": "item/goblin_weapon_set/goblintex1",
		"6": "item/goblin_weapon_set/goblintex3",
		"7": "item/goblin_weapon_set/rope_animation",
		"particle": "item/goblin_weapon_set/goblintex2"
	},
	"elements": [
		{
			"from": [7, -4, 7],
			"to": [9, 5, 9],
			"faces": {
				"north": {"uv": [4.5, 5.25, 5, 8.5], "texture": "#1"},
				"east": {"uv": [5, 5.25, 5.5, 8.5], "texture": "#1"},
				"south": {"uv": [4.5, 5.25, 5, 8.5], "texture": "#1"},
				"west": {"uv": [5, 5.25, 5.5, 8.5], "texture": "#1"},
				"up": {"uv": [7, 5.75, 6.5, 5.25], "texture": "#1"},
				"down": {"uv": [6, 6.5, 5.5, 7], "texture": "#1"}
			}
		},
		{
			"from": [4.9, 0.4, 6],
			"to": [4.9, 3.4, 10],
			"rotation": {"angle": 0, "axis": "y", "origin": [6, 1.5, 8]},
			"faces": {
				"north": {"uv": [0, 0, 0, 0.75], "texture": "#1"},
				"east": {"uv": [7.5, 3, 6.5, 3.75], "texture": "#1"},
				"south": {"uv": [0, 0, 0, 0.75], "texture": "#1"},
				"west": {"uv": [6.5, 3, 7.5, 3.75], "texture": "#1"},
				"up": {"uv": [1, 0, 0, 0], "rotation": 90, "texture": "#1"},
				"down": {"uv": [1, 0, 0, 0], "rotation": 270, "texture": "#1"}
			}
		},
		{
			"from": [5.4, 3, 6],
			"to": [5.4, 6, 10],
			"rotation": {"angle": -22.5, "axis": "z", "origin": [6, 4.5, 8]},
			"faces": {
				"north": {"uv": [0, 0, 0, 0.75], "texture": "#1"},
				"east": {"uv": [7.5, 4.5, 6.5, 5.25], "texture": "#1"},
				"south": {"uv": [0, 0, 0, 0.75], "texture": "#1"},
				"west": {"uv": [6.5, 4.5, 7.5, 5.25], "texture": "#1"},
				"up": {"uv": [1, 0, 0, 0], "rotation": 90, "texture": "#1"},
				"down": {"uv": [1, 0, 0, 0], "rotation": 270, "texture": "#1"}
			}
		},
		{
			"from": [6, 3, 5.4],
			"to": [10, 6, 5.4],
			"rotation": {"angle": 22.5, "axis": "x", "origin": [8, 4.5, 6]},
			"faces": {
				"north": {"uv": [7.5, 4.5, 6.5, 5.25], "texture": "#1"},
				"east": {"uv": [0, 0, 0, 0.75], "texture": "#1"},
				"south": {"uv": [6.5, 4.5, 7.5, 5.25], "texture": "#1"},
				"west": {"uv": [0, 0, 0, 0.75], "texture": "#1"},
				"up": {"uv": [1, 0, 0, 0], "texture": "#1"},
				"down": {"uv": [1, 0, 0, 0], "texture": "#1"}
			}
		},
		{
			"from": [6, 0.4, 4.9],
			"to": [10, 3.4, 4.9],
			"rotation": {"angle": 0, "axis": "y", "origin": [8, 1.5, 6]},
			"faces": {
				"north": {"uv": [7.5, 3, 6.5, 3.75], "texture": "#1"},
				"east": {"uv": [0, 0, 0, 0.75], "texture": "#1"},
				"south": {"uv": [6.5, 3, 7.5, 3.75], "texture": "#1"},
				"west": {"uv": [0, 0, 0, 0.75], "texture": "#1"},
				"up": {"uv": [1, 0, 0, 0], "texture": "#1"},
				"down": {"uv": [1, 0, 0, 0], "texture": "#1"}
			}
		},
		{
			"from": [6, 0.4, 11.1],
			"to": [10, 3.4, 11.1],
			"rotation": {"angle": 0, "axis": "y", "origin": [8, 1.5, 10]},
			"faces": {
				"north": {"uv": [7.5, 3, 6.5, 3.75], "texture": "#1"},
				"east": {"uv": [0, 0, 0, 0.75], "texture": "#1"},
				"south": {"uv": [6.5, 3, 7.5, 3.75], "texture": "#1"},
				"west": {"uv": [0, 0, 0, 0.75], "texture": "#1"},
				"up": {"uv": [1, 0, 0, 0], "texture": "#1"},
				"down": {"uv": [1, 0, 0, 0], "texture": "#1"}
			}
		},
		{
			"from": [6, 3, 10.6],
			"to": [10, 6, 10.6],
			"rotation": {"angle": -22.5, "axis": "x", "origin": [8, 4.5, 10]},
			"faces": {
				"north": {"uv": [7.5, 4.5, 6.5, 5.25], "texture": "#1"},
				"east": {"uv": [0, 0, 0, 0.75], "texture": "#1"},
				"south": {"uv": [6.5, 4.5, 7.5, 5.25], "texture": "#1"},
				"west": {"uv": [0, 0, 0, 0.75], "texture": "#1"},
				"up": {"uv": [1, 0, 0, 0], "texture": "#1"},
				"down": {"uv": [1, 0, 0, 0], "texture": "#1"}
			}
		},
		{
			"from": [10.6, 3, 6],
			"to": [10.6, 6, 10],
			"rotation": {"angle": 22.5, "axis": "z", "origin": [10, 4.5, 8]},
			"faces": {
				"north": {"uv": [0, 0, 0, 0.75], "texture": "#1"},
				"east": {"uv": [7.5, 4.5, 6.5, 5.25], "texture": "#1"},
				"south": {"uv": [0, 0, 0, 0.75], "texture": "#1"},
				"west": {"uv": [6.5, 4.5, 7.5, 5.25], "texture": "#1"},
				"up": {"uv": [1, 0, 0, 0], "rotation": 90, "texture": "#1"},
				"down": {"uv": [1, 0, 0, 0], "rotation": 270, "texture": "#1"}
			}
		},
		{
			"from": [11.1, 0.4, 6],
			"to": [11.1, 3.4, 10],
			"rotation": {"angle": 0, "axis": "y", "origin": [10, 1.5, 8]},
			"faces": {
				"north": {"uv": [0, 0, 0, 0.75], "texture": "#1"},
				"east": {"uv": [7.5, 3, 6.5, 3.75], "texture": "#1"},
				"south": {"uv": [0, 0, 0, 0.75], "texture": "#1"},
				"west": {"uv": [6.5, 3, 7.5, 3.75], "texture": "#1"},
				"up": {"uv": [1, 0, 0, 0], "rotation": 90, "texture": "#1"},
				"down": {"uv": [1, 0, 0, 0], "rotation": 270, "texture": "#1"}
			}
		},
		{
			"from": [6, 5, 6],
			"to": [10, 10, 10],
			"faces": {
				"north": {"uv": [5, 8.625, 6, 9.875], "texture": "#2"},
				"east": {"uv": [5, 8.625, 6, 9.875], "texture": "#2"},
				"south": {"uv": [5, 8.625, 6, 9.875], "texture": "#2"},
				"west": {"uv": [5, 8.625, 6, 9.875], "texture": "#2"},
				"up": {"uv": [5.25, 11.875, 6.25, 12.875], "rotation": 90, "texture": "#2"},
				"down": {"uv": [5.25, 11.875, 6.25, 12.875], "rotation": 270, "texture": "#2"}
			}
		},
		{
			"from": [7, 10, 6],
			"to": [9, 14, 10],
			"faces": {
				"north": {"uv": [4.5, 4.25, 5, 5.25], "texture": "#1"},
				"east": {"uv": [5.5, 5.375, 6.5, 6.375], "texture": "#1"},
				"south": {"uv": [4.5, 4.25, 5, 5.25], "texture": "#1"},
				"west": {"uv": [5.5, 5.375, 6.5, 6.375], "texture": "#1"},
				"up": {"uv": [5.5, 8, 6.5, 8.5], "rotation": 90, "texture": "#1"},
				"down": {"uv": [5.5, 8, 6.5, 8.5], "rotation": 270, "texture": "#1"}
			}
		},
		{
			"from": [6, 14, 5],
			"to": [10, 18, 11],
			"faces": {
				"north": {"uv": [12.5, 0.25, 13.5, 1.25], "texture": "#1"},
				"east": {"uv": [12.5, 1.25, 13.5, 2.75], "rotation": 90, "texture": "#1"},
				"south": {"uv": [12.5, 0.25, 13.5, 1.25], "texture": "#1"},
				"west": {"uv": [12.5, 1.25, 13.5, 2.75], "rotation": 90, "texture": "#1"},
				"up": {"uv": [9, 4, 10.5, 5], "rotation": 270, "texture": "#1"},
				"down": {"uv": [9, 4, 10.5, 5], "rotation": 90, "texture": "#1"}
			}
		},
		{
			"from": [-3.5, 15.5, 8],
			"to": [4.5, 31.5, 8],
			"rotation": {"angle": 0, "axis": "y", "origin": [0, -3, 0]},
			"faces": {
				"north": {"uv": [8, 0, 16, 16], "texture": "#7"},
				"east": {"uv": [0, 0, 0, 4], "texture": "#7"},
				"south": {"uv": [16, 0, 8, 16], "texture": "#7"},
				"west": {"uv": [0, 0, 0, 4], "texture": "#7"},
				"up": {"uv": [0, 0, 2, 0], "texture": "#7"},
				"down": {"uv": [0, 0, 2, 0], "texture": "#7"}
			}
		},
		{
			"from": [7, 18, 3],
			"to": [9, 20, 5],
			"rotation": {"angle": 0, "axis": "y", "origin": [12.5, 20, 8]},
			"faces": {
				"north": {"uv": [4.75, 16, 4.25, 15.5], "rotation": 270, "texture": "#1"},
				"east": {"uv": [3.75, 15, 4.25, 15.5], "texture": "#1"},
				"south": {"uv": [4.75, 16, 4.25, 15.5], "rotation": 90, "texture": "#1"},
				"west": {"uv": [3.75, 15, 4.25, 15.5], "rotation": 180, "texture": "#1"},
				"up": {"uv": [4.25, 15.5, 3.75, 15], "rotation": 90, "texture": "#1"},
				"down": {"uv": [3.75, 15.5, 4.25, 15], "rotation": 90, "texture": "#1"}
			}
		},
		{
			"from": [7, 18, 11],
			"to": [9, 20, 13],
			"rotation": {"angle": 0, "axis": "y", "origin": [3.5, 20, 8]},
			"faces": {
				"north": {"uv": [4.75, 16, 4.25, 15.5], "rotation": 90, "texture": "#1"},
				"east": {"uv": [3.75, 15, 4.25, 15.5], "rotation": 180, "texture": "#1"},
				"south": {"uv": [4.75, 16, 4.25, 15.5], "rotation": 270, "texture": "#1"},
				"west": {"uv": [3.75, 15, 4.25, 15.5], "texture": "#1"},
				"up": {"uv": [3.75, 15, 4.25, 15.5], "rotation": 90, "texture": "#1"},
				"down": {"uv": [4.25, 15, 3.75, 15.5], "rotation": 90, "texture": "#1"}
			}
		},
		{
			"from": [6.7, 10.7, 4],
			"to": [9.3, 13.3, 5],
			"faces": {
				"north": {"uv": [0, 10.75, 0.625, 11.375], "rotation": 270, "texture": "#2"},
				"east": {"uv": [0.625, 10.5, 0, 10.75], "rotation": 90, "texture": "#2"},
				"south": {"uv": [0, 10.75, 0.625, 11.375], "rotation": 270, "texture": "#2"},
				"west": {"uv": [0.625, 10.5, 0, 10.75], "rotation": 270, "texture": "#2"},
				"up": {"uv": [0.625, 11.375, 0, 11.625], "texture": "#2"},
				"down": {"uv": [0.625, 11.375, 0, 11.625], "rotation": 180, "texture": "#2"}
			}
		},
		{
			"from": [7, 11, 5],
			"to": [9, 13, 6],
			"faces": {
				"north": {"uv": [3.375, 12.125, 3.875, 12.625], "rotation": 270, "texture": "#2"},
				"east": {"uv": [3.375, 12.875, 3.875, 13.125], "rotation": 90, "texture": "#2"},
				"south": {"uv": [3.375, 12.125, 3.875, 12.625], "rotation": 270, "texture": "#2"},
				"west": {"uv": [3.375, 12.875, 3.875, 13.125], "rotation": 270, "texture": "#2"},
				"up": {"uv": [3.375, 12.625, 3.875, 12.875], "texture": "#2"},
				"down": {"uv": [3.875, 12.625, 3.375, 12.875], "rotation": 180, "texture": "#2"}
			}
		},
		{
			"from": [7, 7, 5],
			"to": [9, 9, 6],
			"faces": {
				"north": {"uv": [3.375, 12.125, 3.875, 12.625], "rotation": 270, "texture": "#2"},
				"east": {"uv": [3.375, 12.875, 3.875, 13.125], "rotation": 90, "texture": "#2"},
				"south": {"uv": [3.375, 12.125, 3.875, 12.625], "rotation": 270, "texture": "#2"},
				"west": {"uv": [3.375, 12.875, 3.875, 13.125], "rotation": 270, "texture": "#2"},
				"up": {"uv": [3.375, 12.625, 3.875, 12.875], "texture": "#2"},
				"down": {"uv": [3.875, 12.625, 3.375, 12.875], "rotation": 180, "texture": "#2"}
			}
		},
		{
			"from": [6.7, 6.7, 4],
			"to": [9.3, 9.3, 5],
			"faces": {
				"north": {"uv": [0, 10.75, 0.625, 11.375], "rotation": 270, "texture": "#2"},
				"east": {"uv": [0.625, 10.5, 0, 10.75], "rotation": 90, "texture": "#2"},
				"south": {"uv": [0, 10.75, 0.625, 11.375], "rotation": 270, "texture": "#2"},
				"west": {"uv": [0.625, 10.5, 0, 10.75], "rotation": 270, "texture": "#2"},
				"up": {"uv": [0.625, 11.375, 0, 11.625], "texture": "#2"},
				"down": {"uv": [0.625, 11.375, 0, 11.625], "rotation": 180, "texture": "#2"}
			}
		},
		{
			"from": [6.7, 10.7, 11],
			"to": [9.3, 13.3, 12],
			"rotation": {"angle": 0, "axis": "y", "origin": [0, 0, 16]},
			"faces": {
				"north": {"uv": [0, 11.375, 0.625, 10.75], "rotation": 270, "texture": "#2"},
				"east": {"uv": [0.625, 10.75, 0, 10.5], "rotation": 90, "texture": "#2"},
				"south": {"uv": [0, 11.375, 0.625, 10.75], "rotation": 270, "texture": "#2"},
				"west": {"uv": [0.625, 10.75, 0, 10.5], "rotation": 270, "texture": "#2"},
				"up": {"uv": [0.625, 11.625, 0, 11.375], "texture": "#2"},
				"down": {"uv": [0.625, 11.625, 0, 11.375], "rotation": 180, "texture": "#2"}
			}
		},
		{
			"from": [7, 11, 10],
			"to": [9, 13, 11],
			"rotation": {"angle": 0, "axis": "y", "origin": [0, 0, 16]},
			"faces": {
				"north": {"uv": [3.375, 12.625, 3.875, 12.125], "rotation": 270, "texture": "#2"},
				"east": {"uv": [3.375, 13.125, 3.875, 12.875], "rotation": 90, "texture": "#2"},
				"south": {"uv": [3.375, 12.625, 3.875, 12.125], "rotation": 270, "texture": "#2"},
				"west": {"uv": [3.375, 13.125, 3.875, 12.875], "rotation": 270, "texture": "#2"},
				"up": {"uv": [3.375, 12.875, 3.875, 12.625], "texture": "#2"},
				"down": {"uv": [3.875, 12.875, 3.375, 12.625], "rotation": 180, "texture": "#2"}
			}
		},
		{
			"from": [7, 7, 10],
			"to": [9, 9, 11],
			"rotation": {"angle": 0, "axis": "y", "origin": [0, 0, 16]},
			"faces": {
				"north": {"uv": [3.375, 12.625, 3.875, 12.125], "rotation": 270, "texture": "#2"},
				"east": {"uv": [3.375, 13.125, 3.875, 12.875], "rotation": 90, "texture": "#2"},
				"south": {"uv": [3.375, 12.625, 3.875, 12.125], "rotation": 270, "texture": "#2"},
				"west": {"uv": [3.375, 13.125, 3.875, 12.875], "rotation": 270, "texture": "#2"},
				"up": {"uv": [3.375, 12.875, 3.875, 12.625], "texture": "#2"},
				"down": {"uv": [3.875, 12.875, 3.375, 12.625], "rotation": 180, "texture": "#2"}
			}
		},
		{
			"from": [6.7, 6.7, 11],
			"to": [9.3, 9.3, 12],
			"rotation": {"angle": 0, "axis": "y", "origin": [0, 0, 16]},
			"faces": {
				"north": {"uv": [0, 11.375, 0.625, 10.75], "rotation": 270, "texture": "#2"},
				"east": {"uv": [0.625, 10.75, 0, 10.5], "rotation": 90, "texture": "#2"},
				"south": {"uv": [0, 11.375, 0.625, 10.75], "rotation": 270, "texture": "#2"},
				"west": {"uv": [0.625, 10.75, 0, 10.5], "rotation": 270, "texture": "#2"},
				"up": {"uv": [0.625, 11.625, 0, 11.375], "texture": "#2"},
				"down": {"uv": [0.625, 11.625, 0, 11.375], "rotation": 180, "texture": "#2"}
			}
		},
		{
			"from": [6, 14, 5],
			"to": [10, 18, 11],
			"faces": {
				"north": {"uv": [12.5, 0.25, 13.5, 1.25], "texture": "#1"},
				"east": {"uv": [12.5, 1.25, 13.5, 2.75], "rotation": 90, "texture": "#1"},
				"south": {"uv": [12.5, 0.25, 13.5, 1.25], "texture": "#1"},
				"west": {"uv": [12.5, 1.25, 13.5, 2.75], "rotation": 90, "texture": "#1"},
				"up": {"uv": [9, 4, 10.5, 5], "rotation": 270, "texture": "#1"},
				"down": {"uv": [9, 4, 10.5, 5], "rotation": 90, "texture": "#1"}
			}
		},
		{
			"from": [6, 18, 4],
			"to": [7, 30, 12],
			"rotation": {"angle": 0, "axis": "y", "origin": [16, -11, 16]},
			"faces": {
				"north": {"uv": [7.25, 8.25, 10.25, 8], "rotation": 270, "texture": "#2"},
				"east": {"uv": [9.8625, 15.25, 7.8625, 12.25], "rotation": 180, "texture": "#2"},
				"south": {"uv": [10.25, 8.25, 7.25, 8], "rotation": 90, "texture": "#2"},
				"west": {"uv": [9.8625, 15.25, 7.8625, 12.25], "texture": "#2"},
				"up": {"uv": [9.75, 10, 7.75, 9.75], "rotation": 90, "texture": "#2"},
				"down": {"uv": [9.75, 10, 7.75, 9.75], "rotation": 90, "texture": "#2"}
			}
		},
		{
			"from": [4, 14, 5],
			"to": [6, 28, 11],
			"faces": {
				"north": {"uv": [7.5, 8.75, 8, 12.25], "texture": "#1"},
				"east": {"uv": [9.5, 8.75, 8, 12.25], "rotation": 180, "texture": "#1"},
				"south": {"uv": [7.5, 8.75, 8, 12.25], "rotation": 180, "texture": "#1"},
				"west": {"uv": [9.5, 8.75, 8, 12.25], "texture": "#1"},
				"up": {"uv": [8, 8.25, 9.5, 8.75], "rotation": 270, "texture": "#1"},
				"down": {"uv": [8, 8.25, 9.5, 8.75], "rotation": 270, "texture": "#1"}
			}
		},
		{
			"from": [3, 9, 7],
			"to": [5, 18, 9],
			"faces": {
				"north": {"uv": [14.75, 1.75, 15.25, 4], "texture": "#2"},
				"east": {"uv": [15.25, 1.75, 15.75, 4], "texture": "#2"},
				"south": {"uv": [14.75, 1.75, 15.25, 4], "texture": "#2"},
				"west": {"uv": [15.25, 1.75, 15.75, 4], "texture": "#2"},
				"up": {"uv": [14.75, 4.25, 15.25, 4.75], "texture": "#2"},
				"down": {"uv": [14.75, 4.25, 15.25, 4.75], "texture": "#2"}
			}
		},
		{
			"from": [3, 18, 7],
			"to": [5, 30, 9],
			"faces": {
				"north": {"uv": [14.75, 0.25, 15.25, 3.25], "texture": "#2"},
				"east": {"uv": [15.25, 0.25, 15.75, 3.25], "texture": "#2"},
				"south": {"uv": [14.75, 0.25, 15.25, 3.25], "texture": "#2"},
				"west": {"uv": [15.25, 0.25, 15.75, 3.25], "texture": "#2"},
				"up": {"uv": [14.75, 4.25, 15.25, 4.75], "texture": "#2"},
				"down": {"uv": [14.75, 4.25, 15.25, 4.75], "texture": "#2"}
			}
		},
		{
			"from": [5, 9, 5],
			"to": [7, 14, 11],
			"faces": {
				"north": {"uv": [7.5, 8.75, 8, 10], "texture": "#1"},
				"east": {"uv": [9.5, 8.75, 8, 10], "rotation": 180, "texture": "#1"},
				"south": {"uv": [7.5, 8.75, 8, 10], "rotation": 180, "texture": "#1"},
				"west": {"uv": [9.5, 8.75, 8, 10], "texture": "#1"},
				"up": {"uv": [8, 8.25, 9.5, 8.75], "rotation": 270, "texture": "#1"},
				"down": {"uv": [8, 8.25, 9.5, 8.75], "rotation": 270, "texture": "#1"}
			}
		},
		{
			"from": [2.7, 16.2, 11.5],
			"to": [4.7, 17.8, 12.5],
			"rotation": {"angle": 45, "axis": "y", "origin": [3, 17, 12]},
			"faces": {
				"north": {"uv": [4.5, 9, 5, 9.375], "rotation": 180, "texture": "#2"},
				"east": {"uv": [4.75, 8.625, 5, 9], "rotation": 180, "texture": "#2"},
				"south": {"uv": [4.5, 9, 5, 9.375], "texture": "#2"},
				"west": {"uv": [4.75, 8.625, 5, 9], "rotation": 180, "texture": "#2"},
				"up": {"uv": [5, 8.375, 5.5, 8.625], "rotation": 180, "texture": "#2"},
				"down": {"uv": [5.5, 8.375, 5, 8.625], "texture": "#2"}
			}
		},
		{
			"from": [3.3, 16.3, 10.4],
			"to": [4.3, 17.7, 12.4],
			"rotation": {"angle": -22.5, "axis": "y", "origin": [3, 17, 12]},
			"faces": {
				"north": {"uv": [4.75, 8.25, 5, 8.6], "rotation": 180, "texture": "#2"},
				"east": {"uv": [5, 8, 5.5, 8.35], "texture": "#2"},
				"south": {"uv": [4.75, 8.25, 5, 8.6], "rotation": 180, "texture": "#2"},
				"west": {"uv": [5, 8, 5.5, 8.35], "rotation": 180, "texture": "#2"},
				"up": {"uv": [5.5, 8, 6, 8.25], "rotation": 90, "texture": "#2"},
				"down": {"uv": [6, 8, 5.5, 8.25], "rotation": 90, "texture": "#2"}
			}
		},
		{
			"from": [2.5, 16.1, 10.7],
			"to": [4.5, 17.9, 11.7],
			"rotation": {"angle": 22.5, "axis": "y", "origin": [3, 17, 12]},
			"faces": {
				"north": {"uv": [3.5, 8.5, 4, 9], "rotation": 180, "texture": "#2"},
				"east": {"uv": [3.5, 8, 4, 8.25], "rotation": 270, "texture": "#2"},
				"south": {"uv": [3.5, 8.5, 4, 9], "texture": "#2"},
				"west": {"uv": [3.5, 8, 4, 8.25], "rotation": 90, "texture": "#2"},
				"up": {"uv": [3.5, 8.25, 4, 8.5], "rotation": 180, "texture": "#2"},
				"down": {"uv": [4, 8.25, 3.5, 8.5], "texture": "#2"}
			}
		},
		{
			"from": [4, 16.5, 11.8],
			"to": [8, 17.6, 12.8],
			"rotation": {"angle": 0, "axis": "y", "origin": [3, 17, 12]},
			"faces": {
				"north": {"uv": [1, 9.375, 1.25, 10.375], "rotation": 270, "texture": "#2"},
				"east": {"uv": [2, 9.875, 2.25, 10.125], "texture": "#2"},
				"south": {"uv": [1, 9.375, 1.25, 10.375], "rotation": 90, "texture": "#2"},
				"west": {"uv": [2, 9.875, 2.25, 10.125], "rotation": 180, "texture": "#2"},
				"up": {"uv": [6.25, 13, 6.5, 14], "rotation": 90, "texture": "#2"},
				"down": {"uv": [0.75, 9.375, 1, 10.375], "rotation": 90, "texture": "#2"}
			}
		},
		{
			"from": [5, 13.5, 11.8],
			"to": [10, 14.6, 12.8],
			"rotation": {"angle": 0, "axis": "y", "origin": [4, 14, 12]},
			"faces": {
				"north": {"uv": [1, 9.375, 1.25, 10.625], "rotation": 90, "texture": "#2"},
				"east": {"uv": [2, 9.875, 2.25, 10.125], "texture": "#2"},
				"south": {"uv": [1, 9.375, 1.25, 10.625], "rotation": 90, "texture": "#2"},
				"west": {"uv": [2, 9.875, 2.25, 10.125], "rotation": 180, "texture": "#2"},
				"up": {"uv": [6.25, 13, 6.5, 14.25], "rotation": 90, "texture": "#2"},
				"down": {"uv": [0.75, 9.375, 1, 10.625], "rotation": 90, "texture": "#2"}
			}
		},
		{
			"from": [4.3, 13.3, 10.4],
			"to": [5.3, 14.7, 12.4],
			"rotation": {"angle": -22.5, "axis": "y", "origin": [4, 14, 12]},
			"faces": {
				"north": {"uv": [4.75, 8.25, 5, 8.625], "rotation": 180, "texture": "#2"},
				"east": {"uv": [5, 8, 5.5, 8.375], "texture": "#2"},
				"south": {"uv": [4.75, 8.25, 5, 8.625], "rotation": 180, "texture": "#2"},
				"west": {"uv": [5, 8, 5.5, 8.375], "rotation": 180, "texture": "#2"},
				"up": {"uv": [5.5, 8, 6, 8.25], "rotation": 90, "texture": "#2"},
				"down": {"uv": [6, 8, 5.5, 8.25], "rotation": 90, "texture": "#2"}
			}
		},
		{
			"from": [3.7, 13.2, 11.5],
			"to": [5.7, 14.8, 12.5],
			"rotation": {"angle": 45, "axis": "y", "origin": [4, 14, 12]},
			"faces": {
				"north": {"uv": [4.5, 9, 5, 9.375], "rotation": 180, "texture": "#2"},
				"east": {"uv": [4.75, 8.625, 5, 9], "rotation": 180, "texture": "#2"},
				"south": {"uv": [4.5, 9, 5, 9.375], "texture": "#2"},
				"west": {"uv": [4.75, 8.625, 5, 9], "rotation": 180, "texture": "#2"},
				"up": {"uv": [5, 8.375, 5.5, 8.625], "rotation": 180, "texture": "#2"},
				"down": {"uv": [5.5, 8.375, 5, 8.625], "texture": "#2"}
			}
		},
		{
			"from": [3.5, 13.1, 10.7],
			"to": [5.5, 14.9, 11.7],
			"rotation": {"angle": 22.5, "axis": "y", "origin": [4, 14, 12]},
			"faces": {
				"north": {"uv": [3.5, 8.5, 4, 9], "rotation": 180, "texture": "#2"},
				"east": {"uv": [3.5, 8, 4, 8.25], "rotation": 270, "texture": "#2"},
				"south": {"uv": [3.5, 8.5, 4, 9], "texture": "#2"},
				"west": {"uv": [3.5, 8, 4, 8.25], "rotation": 90, "texture": "#2"},
				"up": {"uv": [3.5, 8.25, 4, 8.5], "rotation": 180, "texture": "#2"},
				"down": {"uv": [4, 8.25, 3.5, 8.5], "texture": "#2"}
			}
		},
		{
			"from": [3.5, 10.1, 10.7],
			"to": [5.5, 11.9, 11.7],
			"rotation": {"angle": 22.5, "axis": "y", "origin": [4, 11, 12]},
			"faces": {
				"north": {"uv": [3.5, 8.5, 4, 9], "rotation": 180, "texture": "#2"},
				"east": {"uv": [3.5, 8, 4, 8.25], "rotation": 270, "texture": "#2"},
				"south": {"uv": [3.5, 8.5, 4, 9], "texture": "#2"},
				"west": {"uv": [3.5, 8, 4, 8.25], "rotation": 90, "texture": "#2"},
				"up": {"uv": [3.5, 8.25, 4, 8.5], "rotation": 180, "texture": "#2"},
				"down": {"uv": [4, 8.25, 3.5, 8.5], "texture": "#2"}
			}
		},
		{
			"from": [3.7, 10.2, 11.5],
			"to": [5.7, 11.8, 12.5],
			"rotation": {"angle": 45, "axis": "y", "origin": [4, 11, 12]},
			"faces": {
				"north": {"uv": [4.5, 9, 5, 9.375], "rotation": 180, "texture": "#2"},
				"east": {"uv": [4.75, 8.625, 5, 9], "rotation": 180, "texture": "#2"},
				"south": {"uv": [4.5, 9, 5, 9.375], "texture": "#2"},
				"west": {"uv": [4.75, 8.625, 5, 9], "rotation": 180, "texture": "#2"},
				"up": {"uv": [5, 8.375, 5.5, 8.625], "rotation": 180, "texture": "#2"},
				"down": {"uv": [5.5, 8.375, 5, 8.625], "texture": "#2"}
			}
		},
		{
			"from": [4.3, 10.3, 10.4],
			"to": [5.3, 11.7, 12.4],
			"rotation": {"angle": -22.5, "axis": "y", "origin": [4, 11, 12]},
			"faces": {
				"north": {"uv": [4.75, 8.25, 5, 8.625], "rotation": 180, "texture": "#2"},
				"east": {"uv": [5, 8, 5.5, 8.375], "texture": "#2"},
				"south": {"uv": [4.75, 8.25, 5, 8.625], "rotation": 180, "texture": "#2"},
				"west": {"uv": [5, 8, 5.5, 8.375], "rotation": 180, "texture": "#2"},
				"up": {"uv": [5.5, 8, 6, 8.25], "rotation": 90, "texture": "#2"},
				"down": {"uv": [6, 8, 5.5, 8.25], "rotation": 90, "texture": "#2"}
			}
		},
		{
			"from": [5, 10.5, 11.8],
			"to": [11, 11.6, 12.8],
			"rotation": {"angle": 0, "axis": "y", "origin": [4, 11, 12]},
			"faces": {
				"north": {"uv": [1.25, 9.375, 1, 10.875], "rotation": 270, "texture": "#2"},
				"east": {"uv": [2, 9.875, 2.25, 10.125], "texture": "#2"},
				"south": {"uv": [1, 9.375, 1.25, 10.875], "rotation": 90, "texture": "#2"},
				"west": {"uv": [2, 10.125, 2.25, 9.875], "rotation": 180, "texture": "#2"},
				"up": {"uv": [6.25, 13, 6.5, 14.5], "rotation": 90, "texture": "#2"},
				"down": {"uv": [0.75, 9.375, 1, 10.875], "rotation": 90, "texture": "#2"}
			}
		},
		{
			"from": [2.7, 16.2, 3.5],
			"to": [4.7, 17.8, 4.5],
			"rotation": {"angle": -45, "axis": "y", "origin": [3, 17, 4]},
			"faces": {
				"north": {"uv": [5, 9, 4.5, 9.375], "texture": "#2"},
				"east": {"uv": [5, 8.625, 4.75, 9], "rotation": 180, "texture": "#2"},
				"south": {"uv": [5, 9, 4.5, 9.375], "rotation": 180, "texture": "#2"},
				"west": {"uv": [5, 8.625, 4.75, 9], "rotation": 180, "texture": "#2"},
				"up": {"uv": [5, 8.625, 5.5, 8.375], "rotation": 180, "texture": "#2"},
				"down": {"uv": [5.5, 8.625, 5, 8.375], "texture": "#2"}
			}
		},
		{
			"from": [3.3, 16.3, 3.6],
			"to": [4.3, 17.7, 5.6],
			"rotation": {"angle": 22.5, "axis": "y", "origin": [3, 17, 4]},
			"faces": {
				"north": {"uv": [5, 8.25, 4.75, 8.6], "rotation": 180, "texture": "#2"},
				"east": {"uv": [5.5, 8, 5, 8.35], "texture": "#2"},
				"south": {"uv": [5, 8.25, 4.75, 8.6], "rotation": 180, "texture": "#2"},
				"west": {"uv": [5.5, 8, 5, 8.35], "rotation": 180, "texture": "#2"},
				"up": {"uv": [6, 8, 5.5, 8.25], "rotation": 90, "texture": "#2"},
				"down": {"uv": [5.5, 8, 6, 8.25], "rotation": 90, "texture": "#2"}
			}
		},
		{
			"from": [2.5, 16.1, 4.3],
			"to": [4.5, 17.9, 5.3],
			"rotation": {"angle": -22.5, "axis": "y", "origin": [3, 17, 4]},
			"faces": {
				"north": {"uv": [4, 8.5, 3.5, 9], "texture": "#2"},
				"east": {"uv": [3.5, 8.25, 4, 8], "rotation": 270, "texture": "#2"},
				"south": {"uv": [4, 8.5, 3.5, 9], "rotation": 180, "texture": "#2"},
				"west": {"uv": [3.5, 8.25, 4, 8], "rotation": 90, "texture": "#2"},
				"up": {"uv": [3.5, 8.5, 4, 8.25], "rotation": 180, "texture": "#2"},
				"down": {"uv": [4, 8.5, 3.5, 8.25], "texture": "#2"}
			}
		},
		{
			"from": [4, 16.5, 3.2],
			"to": [8, 17.6, 4.2],
			"rotation": {"angle": 0, "axis": "y", "origin": [3, 17, 4]},
			"faces": {
				"north": {"uv": [1, 10.375, 1.25, 9.375], "rotation": 90, "texture": "#2"},
				"east": {"uv": [2.25, 9.875, 2, 10.125], "texture": "#2"},
				"south": {"uv": [1, 10.375, 1.25, 9.375], "rotation": 270, "texture": "#2"},
				"west": {"uv": [2.25, 9.875, 2, 10.125], "rotation": 180, "texture": "#2"},
				"up": {"uv": [6.5, 13, 6.25, 14], "rotation": 90, "texture": "#2"},
				"down": {"uv": [1, 9.375, 0.75, 10.375], "rotation": 90, "texture": "#2"}
			}
		},
		{
			"from": [3.3, 20.3, 3.6],
			"to": [4.3, 21.7, 5.6],
			"rotation": {"angle": 22.5, "axis": "y", "origin": [3, 21, 4]},
			"faces": {
				"north": {"uv": [5, 8.25, 4.75, 8.6], "rotation": 180, "texture": "#2"},
				"east": {"uv": [5.5, 8, 5, 8.35], "texture": "#2"},
				"south": {"uv": [5, 8.25, 4.75, 8.6], "rotation": 180, "texture": "#2"},
				"west": {"uv": [5.5, 8, 5, 8.35], "rotation": 180, "texture": "#2"},
				"up": {"uv": [6, 8, 5.5, 8.25], "rotation": 90, "texture": "#2"},
				"down": {"uv": [5.5, 8, 6, 8.25], "rotation": 90, "texture": "#2"}
			}
		},
		{
			"from": [4, 20.5, 3.2],
			"to": [8, 21.6, 4.2],
			"rotation": {"angle": 0, "axis": "y", "origin": [3, 21, 4]},
			"faces": {
				"north": {"uv": [1, 10.375, 1.25, 9.375], "rotation": 90, "texture": "#2"},
				"east": {"uv": [2.25, 9.875, 2, 10.125], "texture": "#2"},
				"south": {"uv": [1, 10.375, 1.25, 9.375], "rotation": 270, "texture": "#2"},
				"west": {"uv": [2.25, 9.875, 2, 10.125], "rotation": 180, "texture": "#2"},
				"up": {"uv": [6.5, 13, 6.25, 14], "rotation": 90, "texture": "#2"},
				"down": {"uv": [1, 9.375, 0.75, 10.375], "rotation": 90, "texture": "#2"}
			}
		},
		{
			"from": [2.7, 20.2, 3.5],
			"to": [4.7, 21.8, 4.5],
			"rotation": {"angle": -45, "axis": "y", "origin": [3, 21, 4]},
			"faces": {
				"north": {"uv": [5, 9, 4.5, 9.375], "texture": "#2"},
				"east": {"uv": [5, 8.625, 4.75, 9], "rotation": 180, "texture": "#2"},
				"south": {"uv": [5, 9, 4.5, 9.375], "rotation": 180, "texture": "#2"},
				"west": {"uv": [5, 8.625, 4.75, 9], "rotation": 180, "texture": "#2"},
				"up": {"uv": [5, 8.625, 5.5, 8.375], "rotation": 180, "texture": "#2"},
				"down": {"uv": [5.5, 8.625, 5, 8.375], "texture": "#2"}
			}
		},
		{
			"from": [2.5, 20.1, 4.3],
			"to": [4.5, 21.9, 5.3],
			"rotation": {"angle": -22.5, "axis": "y", "origin": [3, 21, 4]},
			"faces": {
				"north": {"uv": [4, 8.5, 3.5, 9], "texture": "#2"},
				"east": {"uv": [3.5, 8.25, 4, 8], "rotation": 270, "texture": "#2"},
				"south": {"uv": [4, 8.5, 3.5, 9], "rotation": 180, "texture": "#2"},
				"west": {"uv": [3.5, 8.25, 4, 8], "rotation": 90, "texture": "#2"},
				"up": {"uv": [3.5, 8.5, 4, 8.25], "rotation": 180, "texture": "#2"},
				"down": {"uv": [4, 8.5, 3.5, 8.25], "texture": "#2"}
			}
		},
		{
			"from": [3.3, 24.3, 3.6],
			"to": [4.3, 25.7, 5.6],
			"rotation": {"angle": 22.5, "axis": "y", "origin": [3, 25, 4]},
			"faces": {
				"north": {"uv": [5, 8.25, 4.75, 8.6], "rotation": 180, "texture": "#2"},
				"east": {"uv": [5.5, 8, 5, 8.35], "texture": "#2"},
				"south": {"uv": [5, 8.25, 4.75, 8.6], "rotation": 180, "texture": "#2"},
				"west": {"uv": [5.5, 8, 5, 8.35], "rotation": 180, "texture": "#2"},
				"up": {"uv": [6, 8, 5.5, 8.25], "rotation": 90, "texture": "#2"},
				"down": {"uv": [5.5, 8, 6, 8.25], "rotation": 90, "texture": "#2"}
			}
		},
		{
			"from": [4, 24.5, 3.2],
			"to": [8, 25.6, 4.2],
			"rotation": {"angle": 0, "axis": "y", "origin": [3, 25, 4]},
			"faces": {
				"north": {"uv": [1, 10.375, 1.25, 9.375], "rotation": 90, "texture": "#2"},
				"east": {"uv": [2.25, 9.875, 2, 10.125], "texture": "#2"},
				"south": {"uv": [1, 10.375, 1.25, 9.375], "rotation": 270, "texture": "#2"},
				"west": {"uv": [2.25, 9.875, 2, 10.125], "rotation": 180, "texture": "#2"},
				"up": {"uv": [6.5, 13, 6.25, 14], "rotation": 90, "texture": "#2"},
				"down": {"uv": [1, 9.375, 0.75, 10.375], "rotation": 90, "texture": "#2"}
			}
		},
		{
			"from": [2.7, 24.2, 3.5],
			"to": [4.7, 25.8, 4.5],
			"rotation": {"angle": -45, "axis": "y", "origin": [3, 25, 4]},
			"faces": {
				"north": {"uv": [5, 9, 4.5, 9.375], "texture": "#2"},
				"east": {"uv": [5, 8.625, 4.75, 9], "rotation": 180, "texture": "#2"},
				"south": {"uv": [5, 9, 4.5, 9.375], "rotation": 180, "texture": "#2"},
				"west": {"uv": [5, 8.625, 4.75, 9], "rotation": 180, "texture": "#2"},
				"up": {"uv": [5, 8.625, 5.5, 8.375], "rotation": 180, "texture": "#2"},
				"down": {"uv": [5.5, 8.625, 5, 8.375], "texture": "#2"}
			}
		},
		{
			"from": [2.5, 24.1, 4.3],
			"to": [4.5, 25.9, 5.3],
			"rotation": {"angle": -22.5, "axis": "y", "origin": [3, 25, 4]},
			"faces": {
				"north": {"uv": [4, 8.5, 3.5, 9], "texture": "#2"},
				"east": {"uv": [3.5, 8.25, 4, 8], "rotation": 270, "texture": "#2"},
				"south": {"uv": [4, 8.5, 3.5, 9], "rotation": 180, "texture": "#2"},
				"west": {"uv": [3.5, 8.25, 4, 8], "rotation": 90, "texture": "#2"},
				"up": {"uv": [3.5, 8.5, 4, 8.25], "rotation": 180, "texture": "#2"},
				"down": {"uv": [4, 8.5, 3.5, 8.25], "texture": "#2"}
			}
		},
		{
			"from": [3.3, 24.3, 10.4],
			"to": [4.3, 25.7, 12.4],
			"rotation": {"angle": -22.5, "axis": "y", "origin": [3, 25, 12]},
			"faces": {
				"north": {"uv": [4.75, 8.25, 5, 8.6], "rotation": 180, "texture": "#2"},
				"east": {"uv": [5, 8, 5.5, 8.35], "texture": "#2"},
				"south": {"uv": [4.75, 8.25, 5, 8.6], "rotation": 180, "texture": "#2"},
				"west": {"uv": [5, 8, 5.5, 8.35], "rotation": 180, "texture": "#2"},
				"up": {"uv": [5.5, 8, 6, 8.25], "rotation": 90, "texture": "#2"},
				"down": {"uv": [6, 8, 5.5, 8.25], "rotation": 90, "texture": "#2"}
			}
		},
		{
			"from": [4, 24.5, 11.8],
			"to": [8, 25.6, 12.8],
			"rotation": {"angle": 0, "axis": "y", "origin": [3, 25, 12]},
			"faces": {
				"north": {"uv": [1, 9.375, 1.25, 10.375], "rotation": 270, "texture": "#2"},
				"east": {"uv": [2, 9.875, 2.25, 10.125], "texture": "#2"},
				"south": {"uv": [1, 9.375, 1.25, 10.375], "rotation": 90, "texture": "#2"},
				"west": {"uv": [2, 9.875, 2.25, 10.125], "rotation": 180, "texture": "#2"},
				"up": {"uv": [6.25, 13, 6.5, 14], "rotation": 90, "texture": "#2"},
				"down": {"uv": [0.75, 9.375, 1, 10.375], "rotation": 90, "texture": "#2"}
			}
		},
		{
			"from": [2.7, 24.2, 11.5],
			"to": [4.7, 25.8, 12.5],
			"rotation": {"angle": 45, "axis": "y", "origin": [3, 25, 12]},
			"faces": {
				"north": {"uv": [4.5, 9, 5, 9.375], "rotation": 180, "texture": "#2"},
				"east": {"uv": [4.75, 8.625, 5, 9], "rotation": 180, "texture": "#2"},
				"south": {"uv": [4.5, 9, 5, 9.375], "texture": "#2"},
				"west": {"uv": [4.75, 8.625, 5, 9], "rotation": 180, "texture": "#2"},
				"up": {"uv": [5, 8.375, 5.5, 8.625], "rotation": 180, "texture": "#2"},
				"down": {"uv": [5.5, 8.375, 5, 8.625], "texture": "#2"}
			}
		},
		{
			"from": [2.5, 24.1, 10.7],
			"to": [4.5, 25.9, 11.7],
			"rotation": {"angle": 22.5, "axis": "y", "origin": [3, 25, 12]},
			"faces": {
				"north": {"uv": [3.5, 8.5, 4, 9], "rotation": 180, "texture": "#2"},
				"east": {"uv": [3.5, 8, 4, 8.25], "rotation": 270, "texture": "#2"},
				"south": {"uv": [3.5, 8.5, 4, 9], "texture": "#2"},
				"west": {"uv": [3.5, 8, 4, 8.25], "rotation": 90, "texture": "#2"},
				"up": {"uv": [3.5, 8.25, 4, 8.5], "rotation": 180, "texture": "#2"},
				"down": {"uv": [4, 8.25, 3.5, 8.5], "texture": "#2"}
			}
		},
		{
			"from": [2.5, 20.1, 10.7],
			"to": [4.5, 21.9, 11.7],
			"rotation": {"angle": 22.5, "axis": "y", "origin": [3, 21, 12]},
			"faces": {
				"north": {"uv": [3.5, 8.5, 4, 9], "rotation": 180, "texture": "#2"},
				"east": {"uv": [3.5, 8, 4, 8.25], "rotation": 270, "texture": "#2"},
				"south": {"uv": [3.5, 8.5, 4, 9], "texture": "#2"},
				"west": {"uv": [3.5, 8, 4, 8.25], "rotation": 90, "texture": "#2"},
				"up": {"uv": [3.5, 8.25, 4, 8.5], "rotation": 180, "texture": "#2"},
				"down": {"uv": [4, 8.25, 3.5, 8.5], "texture": "#2"}
			}
		},
		{
			"from": [2.7, 20.2, 11.5],
			"to": [4.7, 21.8, 12.5],
			"rotation": {"angle": 45, "axis": "y", "origin": [3, 21, 12]},
			"faces": {
				"north": {"uv": [4.5, 9, 5, 9.375], "rotation": 180, "texture": "#2"},
				"east": {"uv": [4.75, 8.625, 5, 9], "rotation": 180, "texture": "#2"},
				"south": {"uv": [4.5, 9, 5, 9.375], "texture": "#2"},
				"west": {"uv": [4.75, 8.625, 5, 9], "rotation": 180, "texture": "#2"},
				"up": {"uv": [5, 8.375, 5.5, 8.625], "rotation": 180, "texture": "#2"},
				"down": {"uv": [5.5, 8.375, 5, 8.625], "texture": "#2"}
			}
		},
		{
			"from": [4, 20.5, 11.8],
			"to": [8, 21.6, 12.8],
			"rotation": {"angle": 0, "axis": "y", "origin": [3, 21, 12]},
			"faces": {
				"north": {"uv": [1, 9.375, 1.25, 10.375], "rotation": 270, "texture": "#2"},
				"east": {"uv": [2, 9.875, 2.25, 10.125], "texture": "#2"},
				"south": {"uv": [1, 9.375, 1.25, 10.375], "rotation": 90, "texture": "#2"},
				"west": {"uv": [2, 9.875, 2.25, 10.125], "rotation": 180, "texture": "#2"},
				"up": {"uv": [6.25, 13, 6.5, 14], "rotation": 90, "texture": "#2"},
				"down": {"uv": [0.75, 9.375, 1, 10.375], "rotation": 90, "texture": "#2"}
			}
		},
		{
			"from": [3.3, 20.3, 10.4],
			"to": [4.3, 21.7, 12.4],
			"rotation": {"angle": -22.5, "axis": "y", "origin": [3, 21, 12]},
			"faces": {
				"north": {"uv": [4.75, 8.25, 5, 8.6], "rotation": 180, "texture": "#2"},
				"east": {"uv": [5, 8, 5.5, 8.35], "texture": "#2"},
				"south": {"uv": [4.75, 8.25, 5, 8.6], "rotation": 180, "texture": "#2"},
				"west": {"uv": [5, 8, 5.5, 8.35], "rotation": 180, "texture": "#2"},
				"up": {"uv": [5.5, 8, 6, 8.25], "rotation": 90, "texture": "#2"},
				"down": {"uv": [6, 8, 5.5, 8.25], "rotation": 90, "texture": "#2"}
			}
		},
		{
			"from": [5, 13.5, 3.2],
			"to": [10, 14.6, 4.2],
			"rotation": {"angle": 0, "axis": "y", "origin": [4, 14, 4]},
			"faces": {
				"north": {"uv": [1, 10.625, 1.25, 9.375], "rotation": 90, "texture": "#2"},
				"east": {"uv": [2.25, 9.875, 2, 10.125], "texture": "#2"},
				"south": {"uv": [1, 10.625, 1.25, 9.375], "rotation": 90, "texture": "#2"},
				"west": {"uv": [2.25, 9.875, 2, 10.125], "rotation": 180, "texture": "#2"},
				"up": {"uv": [6.5, 13, 6.25, 14.25], "rotation": 90, "texture": "#2"},
				"down": {"uv": [1, 9.375, 0.75, 10.625], "rotation": 90, "texture": "#2"}
			}
		},
		{
			"from": [4.3, 13.3, 3.6],
			"to": [5.3, 14.7, 5.6],
			"rotation": {"angle": 22.5, "axis": "y", "origin": [4, 14, 4]},
			"faces": {
				"north": {"uv": [5, 8.25, 4.75, 8.625], "rotation": 180, "texture": "#2"},
				"east": {"uv": [5.5, 8, 5, 8.375], "texture": "#2"},
				"south": {"uv": [5, 8.25, 4.75, 8.625], "rotation": 180, "texture": "#2"},
				"west": {"uv": [5.5, 8, 5, 8.375], "rotation": 180, "texture": "#2"},
				"up": {"uv": [6, 8, 5.5, 8.25], "rotation": 90, "texture": "#2"},
				"down": {"uv": [5.5, 8, 6, 8.25], "rotation": 90, "texture": "#2"}
			}
		},
		{
			"from": [3.7, 13.2, 3.5],
			"to": [5.7, 14.8, 4.5],
			"rotation": {"angle": -45, "axis": "y", "origin": [4, 14, 4]},
			"faces": {
				"north": {"uv": [5, 9, 4.5, 9.375], "texture": "#2"},
				"east": {"uv": [5, 8.625, 4.75, 9], "rotation": 180, "texture": "#2"},
				"south": {"uv": [5, 9, 4.5, 9.375], "rotation": 180, "texture": "#2"},
				"west": {"uv": [5, 8.625, 4.75, 9], "rotation": 180, "texture": "#2"},
				"up": {"uv": [5, 8.625, 5.5, 8.375], "rotation": 180, "texture": "#2"},
				"down": {"uv": [5.5, 8.625, 5, 8.375], "texture": "#2"}
			}
		},
		{
			"from": [3.5, 13.1, 4.3],
			"to": [5.5, 14.9, 5.3],
			"rotation": {"angle": -22.5, "axis": "y", "origin": [4, 14, 4]},
			"faces": {
				"north": {"uv": [4, 8.5, 3.5, 9], "texture": "#2"},
				"east": {"uv": [3.5, 8.25, 4, 8], "rotation": 270, "texture": "#2"},
				"south": {"uv": [4, 8.5, 3.5, 9], "rotation": 180, "texture": "#2"},
				"west": {"uv": [3.5, 8.25, 4, 8], "rotation": 90, "texture": "#2"},
				"up": {"uv": [3.5, 8.5, 4, 8.25], "rotation": 180, "texture": "#2"},
				"down": {"uv": [4, 8.5, 3.5, 8.25], "texture": "#2"}
			}
		},
		{
			"from": [3.5, 10.1, 4.3],
			"to": [5.5, 11.9, 5.3],
			"rotation": {"angle": -22.5, "axis": "y", "origin": [4, 11, 4]},
			"faces": {
				"north": {"uv": [4, 8.5, 3.5, 9], "texture": "#2"},
				"east": {"uv": [3.5, 8.25, 4, 8], "rotation": 270, "texture": "#2"},
				"south": {"uv": [4, 8.5, 3.5, 9], "rotation": 180, "texture": "#2"},
				"west": {"uv": [3.5, 8.25, 4, 8], "rotation": 90, "texture": "#2"},
				"up": {"uv": [3.5, 8.5, 4, 8.25], "rotation": 180, "texture": "#2"},
				"down": {"uv": [4, 8.5, 3.5, 8.25], "texture": "#2"}
			}
		},
		{
			"from": [3.7, 10.2, 3.5],
			"to": [5.7, 11.8, 4.5],
			"rotation": {"angle": -45, "axis": "y", "origin": [4, 11, 4]},
			"faces": {
				"north": {"uv": [5, 9, 4.5, 9.375], "texture": "#2"},
				"east": {"uv": [5, 8.625, 4.75, 9], "rotation": 180, "texture": "#2"},
				"south": {"uv": [5, 9, 4.5, 9.375], "rotation": 180, "texture": "#2"},
				"west": {"uv": [5, 8.625, 4.75, 9], "rotation": 180, "texture": "#2"},
				"up": {"uv": [5, 8.625, 5.5, 8.375], "rotation": 180, "texture": "#2"},
				"down": {"uv": [5.5, 8.625, 5, 8.375], "texture": "#2"}
			}
		},
		{
			"from": [4.3, 10.3, 3.6],
			"to": [5.3, 11.7, 5.6],
			"rotation": {"angle": 22.5, "axis": "y", "origin": [4, 11, 4]},
			"faces": {
				"north": {"uv": [5, 8.25, 4.75, 8.625], "rotation": 180, "texture": "#2"},
				"east": {"uv": [5.5, 8, 5, 8.375], "texture": "#2"},
				"south": {"uv": [5, 8.25, 4.75, 8.625], "rotation": 180, "texture": "#2"},
				"west": {"uv": [5.5, 8, 5, 8.375], "rotation": 180, "texture": "#2"},
				"up": {"uv": [6, 8, 5.5, 8.25], "rotation": 90, "texture": "#2"},
				"down": {"uv": [5.5, 8, 6, 8.25], "rotation": 90, "texture": "#2"}
			}
		},
		{
			"from": [5, 10.5, 3.2],
			"to": [11, 11.6, 4.2],
			"rotation": {"angle": 0, "axis": "y", "origin": [4, 11, 4]},
			"faces": {
				"north": {"uv": [1, 10.875, 1.25, 9.375], "rotation": 90, "texture": "#2"},
				"east": {"uv": [2.25, 9.875, 2, 10.125], "texture": "#2"},
				"south": {"uv": [1.25, 10.875, 1, 9.375], "rotation": 270, "texture": "#2"},
				"west": {"uv": [2.25, 10.125, 2, 9.875], "rotation": 180, "texture": "#2"},
				"up": {"uv": [6.5, 13, 6.25, 14.5], "rotation": 90, "texture": "#2"},
				"down": {"uv": [1, 9.375, 0.75, 10.875], "rotation": 90, "texture": "#2"}
			}
		},
		{
			"from": [7, 18, 9],
			"to": [9, 26, 11],
			"faces": {
				"north": {"uv": [0.5, 4, 1, 6], "texture": "#1"},
				"east": {"uv": [1, 4, 1.5, 6], "texture": "#1"},
				"south": {"uv": [1, 4, 0.5, 6], "texture": "#1"},
				"west": {"uv": [1, 4, 1.5, 6], "texture": "#1"},
				"up": {"uv": [7, 6.25, 6.5, 5.75], "texture": "#1"},
				"down": {"uv": [6.5, 6.5, 6, 7], "texture": "#1"}
			}
		},
		{
			"from": [7, 18, 5],
			"to": [9, 26, 7],
			"faces": {
				"north": {"uv": [0.5, 4, 1, 6], "texture": "#1"},
				"east": {"uv": [1, 4, 1.5, 6], "texture": "#1"},
				"south": {"uv": [1, 4, 0.5, 6], "texture": "#1"},
				"west": {"uv": [1, 4, 1.5, 6], "texture": "#1"},
				"up": {"uv": [7, 6.25, 6.5, 5.75], "texture": "#1"},
				"down": {"uv": [6.5, 6.5, 6, 7], "texture": "#1"}
			}
		},
		{
			"from": [7, 21, 8],
			"to": [12, 30, 8],
			"faces": {
				"north": {"uv": [11.75, 6.5, 10.5, 8.75], "texture": "#6"},
				"east": {"uv": [0, 0, 0, 2.25], "texture": "#6"},
				"south": {"uv": [10.5, 6.5, 11.75, 8.75], "texture": "#6"},
				"west": {"uv": [0, 0, 0, 2.25], "texture": "#6"},
				"up": {"uv": [0, 0, 1.25, 0], "texture": "#6"},
				"down": {"uv": [0, 0, 1.25, 0], "texture": "#6"}
			}
		},
		{
			"from": [7, 21, 4],
			"to": [12, 30, 4],
			"faces": {
				"north": {"uv": [11.75, 6.5, 10.5, 8.75], "texture": "#6"},
				"east": {"uv": [0, 0, 0, 2.25], "texture": "#6"},
				"south": {"uv": [10.5, 6.5, 11.75, 8.75], "texture": "#6"},
				"west": {"uv": [0, 0, 0, 2.25], "texture": "#6"},
				"up": {"uv": [0, 0, 1.25, 0], "texture": "#6"},
				"down": {"uv": [0, 0, 1.25, 0], "texture": "#6"}
			}
		},
		{
			"from": [7, 21, 12],
			"to": [12, 30, 12],
			"faces": {
				"north": {"uv": [11.75, 6.5, 10.5, 8.75], "texture": "#6"},
				"east": {"uv": [0, 0, 0, 2.25], "texture": "#6"},
				"south": {"uv": [10.5, 6.5, 11.75, 8.75], "texture": "#6"},
				"west": {"uv": [0, 0, 0, 2.25], "texture": "#6"},
				"up": {"uv": [0, 0, 1.25, 0], "texture": "#6"},
				"down": {"uv": [0, 0, 1.25, 0], "texture": "#6"}
			}
		}
	],
	"gui_light": "front",
	"display": {
		"thirdperson_righthand": {
			"rotation": [0, 90, 0],
			"translation": [0, 4.5, 1.75]
		},
		"thirdperson_lefthand": {
			"rotation": [0, 90, 0],
			"translation": [0, 4.5, 1.75]
		},
		"firstperson_righthand": {
			"rotation": [178.22, 64.26, 175.22],
			"translation": [0.5, 5, 0.5],
			"scale": [0.5, 0.5, 0.5]
		},
		"firstperson_lefthand": {
			"rotation": [178.22, 64.26, 175.22],
			"translation": [0.5, 5, 0.5],
			"scale": [0.5, 0.5, 0.5]
		},
		"ground": {
			"translation": [0, 2.25, 0],
			"scale": [0.5, 0.5, 0.5]
		},
		"gui": {
			"rotation": [0, 0, -45],
			"translation": [-1.25, -2.5, -2],
			"scale": [0.41, 0.41, 0.41]
		},
		"head": {
			"rotation": [-135.5, 0, 0],
			"translation": [0, 20.5, 4.75],
			"scale": [0, 0, 0]
		},
		"fixed": {
			"rotation": [-0.64, 0, -0.81],
			"translation": [5.5, -7, -10.25],
			"scale": [1.5, 1.5, 1.5]
		}
	},
	"groups": [
		0,
		{
			"name": "group",
			"origin": [10, 1.5, 8],
			"color": 0,
			"children": [1, 2, 3, 4, 5, 6, 7, 8]
		},
		9,
		10,
		11,
		12,
		13,
		14,
		15,
		16,
		17,
		18,
		19,
		20,
		21,
		22,
		23,
		24,
		25,
		26,
		27,
		28,
		{
			"name": "group",
			"origin": [8, 4, 6],
			"color": 0,
			"children": [29, 30, 31, 32, 33, 34, 35, 36, 37, 38, 39, 40]
		},
		{
			"name": "group",
			"origin": [8, 4, 6],
			"color": 0,
			"children": [41, 42, 43, 44, 45, 46, 47, 48, 49, 50, 51, 52, 53, 54, 55, 56, 57, 58, 59, 60, 61, 62, 63, 64, 65, 66, 67, 68]
		},
		69,
		70,
		71,
		72,
		73
	]
}