{
	"credit": "Made with Blockbench",
	"textures": {
		"1": "item/goblin_weapon_set/goblintex2",
		"2": "item/goblin_weapon_set/goblintex1",
		"3": "item/goblin_weapon_set/goblin_eye",
		"6": "item/goblin_weapon_set/rope_animation",
		"particle": "item/goblin_weapon_set/goblintex2"
	},
	"elements": [
		{
			"from": [8.47, 9.4, 5.65],
			"to": [11.29, 13.16, 5.65],
			"rotation": {"angle": 22.5, "axis": "y", "origin": [9.88, 11.28, 6.214]},
			"faces": {
				"north": {"uv": [7.5, 4.5, 6.5, 5.25], "rotation": 90, "texture": "#1"},
				"east": {"uv": [1, 0, 0, 0], "rotation": 270, "texture": "#1"},
				"south": {"uv": [6.5, 4.5, 7.5, 5.25], "rotation": 270, "texture": "#1"},
				"west": {"uv": [1, 0, 0, 0], "rotation": 270, "texture": "#1"},
				"up": {"uv": [0, 0, 0, 0.75], "rotation": 270, "texture": "#1"},
				"down": {"uv": [0, 0, 0, 0.75], "rotation": 270, "texture": "#1"}
			}
		},
		{
			"from": [10.914, 9.4, 5.18],
			"to": [13.734, 13.16, 5.18],
			"rotation": {"angle": 0, "axis": "y", "origin": [12.7, 11.28, 6.214]},
			"faces": {
				"north": {"uv": [7.5, 3, 6.5, 3.75], "rotation": 90, "texture": "#1"},
				"east": {"uv": [1, 0, 0, 0], "rotation": 270, "texture": "#1"},
				"south": {"uv": [6.5, 3, 7.5, 3.75], "rotation": 270, "texture": "#1"},
				"west": {"uv": [1, 0, 0, 0], "rotation": 270, "texture": "#1"},
				"up": {"uv": [0, 0, 0, 0.75], "rotation": 270, "texture": "#1"},
				"down": {"uv": [0, 0, 0, 0.75], "rotation": 270, "texture": "#1"}
			}
		},
		{
			"from": [8.47, 5.64, 5.65],
			"to": [11.29, 9.4, 5.65],
			"rotation": {"angle": 22.5, "axis": "y", "origin": [9.88, 7.52, 6.214]},
			"faces": {
				"north": {"uv": [7.5, 4.5, 6.5, 5.25], "rotation": 90, "texture": "#1"},
				"east": {"uv": [1, 0, 0, 0], "rotation": 270, "texture": "#1"},
				"south": {"uv": [6.5, 4.5, 7.5, 5.25], "rotation": 270, "texture": "#1"},
				"west": {"uv": [1, 0, 0, 0], "rotation": 270, "texture": "#1"},
				"up": {"uv": [0, 0, 0, 0.75], "rotation": 270, "texture": "#1"},
				"down": {"uv": [0, 0, 0, 0.75], "rotation": 270, "texture": "#1"}
			}
		},
		{
			"from": [10.914, 5.64, 5.18],
			"to": [13.734, 9.4, 5.18],
			"rotation": {"angle": 0, "axis": "y", "origin": [12.7, 7.52, 6.214]},
			"faces": {
				"north": {"uv": [7.5, 3, 6.5, 3.75], "rotation": 90, "texture": "#1"},
				"east": {"uv": [1, 0, 0, 0], "rotation": 270, "texture": "#1"},
				"south": {"uv": [6.5, 3, 7.5, 3.75], "rotation": 270, "texture": "#1"},
				"west": {"uv": [1, 0, 0, 0], "rotation": 270, "texture": "#1"},
				"up": {"uv": [0, 0, 0, 0.75], "rotation": 270, "texture": "#1"},
				"down": {"uv": [0, 0, 0, 0.75], "rotation": 270, "texture": "#1"}
			}
		},
		{
			"from": [10.914, 5.64, 10.82],
			"to": [13.734, 9.4, 10.82],
			"rotation": {"angle": 0, "axis": "y", "origin": [12.7, 7.52, 9.786]},
			"faces": {
				"north": {"uv": [6.5, 3.75, 7.5, 3], "rotation": 270, "texture": "#1"},
				"east": {"uv": [1, 0, 0, 0], "rotation": 270, "texture": "#1"},
				"south": {"uv": [7.5, 3.75, 6.5, 3], "rotation": 90, "texture": "#1"},
				"west": {"uv": [1, 0, 0, 0], "rotation": 270, "texture": "#1"},
				"up": {"uv": [0, 0, 0, 0.75], "rotation": 270, "texture": "#1"},
				"down": {"uv": [0, 0, 0, 0.75], "rotation": 270, "texture": "#1"}
			}
		},
		{
			"from": [8.47, 9.4, 10.35],
			"to": [11.29, 13.16, 10.35],
			"rotation": {"angle": -22.5, "axis": "y", "origin": [9.88, 11.28, 9.786]},
			"faces": {
				"north": {"uv": [6.5, 5.25, 7.5, 4.5], "rotation": 270, "texture": "#1"},
				"east": {"uv": [1, 0, 0, 0], "rotation": 270, "texture": "#1"},
				"south": {"uv": [7.5, 5.25, 6.5, 4.5], "rotation": 90, "texture": "#1"},
				"west": {"uv": [1, 0, 0, 0], "rotation": 270, "texture": "#1"},
				"up": {"uv": [0, 0, 0, 0.75], "rotation": 270, "texture": "#1"},
				"down": {"uv": [0, 0, 0, 0.75], "rotation": 270, "texture": "#1"}
			}
		},
		{
			"from": [10.914, 9.4, 10.82],
			"to": [13.734, 13.16, 10.82],
			"rotation": {"angle": 0, "axis": "y", "origin": [12.7, 11.28, 9.786]},
			"faces": {
				"north": {"uv": [6.5, 3.75, 7.5, 3], "rotation": 270, "texture": "#1"},
				"east": {"uv": [1, 0, 0, 0], "rotation": 270, "texture": "#1"},
				"south": {"uv": [7.5, 3.75, 6.5, 3], "rotation": 90, "texture": "#1"},
				"west": {"uv": [1, 0, 0, 0], "rotation": 270, "texture": "#1"},
				"up": {"uv": [0, 0, 0, 0.75], "rotation": 270, "texture": "#1"},
				"down": {"uv": [0, 0, 0, 0.75], "rotation": 270, "texture": "#1"}
			}
		},
		{
			"from": [8.47, 5.64, 10.35],
			"to": [11.29, 9.4, 10.35],
			"rotation": {"angle": -22.5, "axis": "y", "origin": [9.88, 7.52, 9.786]},
			"faces": {
				"north": {"uv": [6.5, 5.25, 7.5, 4.5], "rotation": 270, "texture": "#1"},
				"east": {"uv": [1, 0, 0, 0], "rotation": 270, "texture": "#1"},
				"south": {"uv": [7.5, 5.25, 6.5, 4.5], "rotation": 90, "texture": "#1"},
				"west": {"uv": [1, 0, 0, 0], "rotation": 270, "texture": "#1"},
				"up": {"uv": [0, 0, 0, 0.75], "rotation": 270, "texture": "#1"},
				"down": {"uv": [0, 0, 0, 0.75], "rotation": 270, "texture": "#1"}
			}
		},
		{
			"from": [19.75, 15.51, 5.18],
			"to": [25.39, 21.15, 10.82],
			"rotation": {"angle": 22.5, "axis": "z", "origin": [19.985, 13.63, 8]},
			"faces": {
				"north": {"uv": [6, 0, 7.5, 1.5], "rotation": 90, "texture": "#2"},
				"east": {"uv": [7.5, 1.5, 6, 0], "rotation": 90, "texture": "#2"},
				"south": {"uv": [6, 0, 7.5, 1.5], "rotation": 270, "texture": "#2"},
				"west": {"uv": [6, 0, 7.5, 1.5], "rotation": 90, "texture": "#2"},
				"up": {"uv": [6, 0, 7.5, 1.5], "rotation": 270, "texture": "#2"},
				"down": {"uv": [6, 0, 7.5, 1.5], "rotation": 270, "texture": "#2"}
			}
		},
		{
			"from": [22.1, 17.86, 2.36],
			"to": [23.04, 18.8, 4.24],
			"rotation": {"angle": 22.5, "axis": "z", "origin": [19.985, 13.63, 8]},
			"faces": {
				"north": {"uv": [8, 0, 8.25, 0.25], "rotation": 270, "texture": "#2"},
				"east": {"uv": [7.75, 1.5, 7.5, 1], "rotation": 270, "texture": "#2"},
				"south": {"uv": [8, 0, 8.25, 0.25], "rotation": 90, "texture": "#2"},
				"west": {"uv": [7.5, 1, 7.75, 1.5], "rotation": 270, "texture": "#2"},
				"up": {"uv": [7.75, 1.5, 8, 1], "rotation": 180, "texture": "#2"},
				"down": {"uv": [7.75, 1, 8, 1.5], "rotation": 180, "texture": "#2"}
			}
		},
		{
			"from": [21.63, 17.39, 4.24],
			"to": [23.51, 19.27, 5.18],
			"rotation": {"angle": 22.5, "axis": "z", "origin": [19.985, 13.63, 8]},
			"faces": {
				"north": {"uv": [7.5, 0, 8, 0.5], "rotation": 270, "texture": "#2"},
				"east": {"uv": [8, 0.5, 7.75, 1], "rotation": 180, "texture": "#2"},
				"south": {"uv": [7.5, 0, 8, 0.5], "rotation": 90, "texture": "#2"},
				"west": {"uv": [7.75, 0.5, 8, 1], "rotation": 180, "texture": "#2"},
				"up": {"uv": [7.5, 0.5, 7.75, 1], "rotation": 270, "texture": "#2"},
				"down": {"uv": [7.75, 0.5, 7.5, 1], "rotation": 270, "texture": "#2"}
			}
		},
		{
			"from": [22.1, 17.86, 11.76],
			"to": [23.04, 18.8, 13.64],
			"rotation": {"angle": 22.5, "axis": "z", "origin": [19.985, 13.63, 8]},
			"faces": {
				"north": {"uv": [8, 0.25, 8.25, 0], "rotation": 90, "texture": "#2"},
				"east": {"uv": [7.75, 1, 7.5, 1.5], "rotation": 270, "texture": "#2"},
				"south": {"uv": [8, 0.25, 8.25, 0], "rotation": 270, "texture": "#2"},
				"west": {"uv": [7.5, 1.5, 7.75, 1], "rotation": 270, "texture": "#2"},
				"up": {"uv": [7.75, 1, 8, 1.5], "rotation": 180, "texture": "#2"},
				"down": {"uv": [7.75, 1.5, 8, 1], "rotation": 180, "texture": "#2"}
			}
		},
		{
			"from": [21.63, 17.39, 10.82],
			"to": [23.51, 19.27, 11.76],
			"rotation": {"angle": 22.5, "axis": "z", "origin": [19.985, 13.63, 8]},
			"faces": {
				"north": {"uv": [7.5, 0.5, 8, 0], "rotation": 90, "texture": "#2"},
				"east": {"uv": [7.75, 0.5, 8, 1], "rotation": 180, "texture": "#2"},
				"south": {"uv": [7.5, 0.5, 8, 0], "rotation": 270, "texture": "#2"},
				"west": {"uv": [8, 0.5, 7.75, 1], "rotation": 180, "texture": "#2"},
				"up": {"uv": [7.75, 0.5, 7.5, 1], "rotation": 270, "texture": "#2"},
				"down": {"uv": [7.5, 0.5, 7.75, 1], "rotation": 270, "texture": "#2"}
			}
		},
		{
			"from": [25.39, 17.39, 7.06],
			"to": [26.33, 19.27, 8.94],
			"rotation": {"angle": 22.5, "axis": "z", "origin": [19.985, 13.63, 8]},
			"faces": {
				"north": {"uv": [7.75, 0.5, 8, 1], "rotation": 180, "texture": "#2"},
				"east": {"uv": [7.5, 0, 8, 0.5], "rotation": 270, "texture": "#2"},
				"south": {"uv": [8, 0.5, 7.75, 1], "rotation": 180, "texture": "#2"},
				"west": {"uv": [7.5, 0, 8, 0.5], "rotation": 90, "texture": "#2"},
				"up": {"uv": [7.5, 0.5, 7.75, 1], "texture": "#2"},
				"down": {"uv": [7.75, 0.5, 7.5, 1], "rotation": 180, "texture": "#2"}
			}
		},
		{
			"from": [26.33, 17.86, 7.53],
			"to": [28.21, 18.8, 8.47],
			"rotation": {"angle": 22.5, "axis": "z", "origin": [19.985, 13.63, 8]},
			"faces": {
				"north": {"uv": [7.5, 1, 7.75, 1.5], "rotation": 270, "texture": "#2"},
				"east": {"uv": [8, 0, 8.25, 0.25], "rotation": 270, "texture": "#2"},
				"south": {"uv": [7.75, 1.5, 7.5, 1], "rotation": 270, "texture": "#2"},
				"west": {"uv": [8, 0, 8.25, 0.25], "rotation": 90, "texture": "#2"},
				"up": {"uv": [7.75, 1.5, 8, 1], "rotation": 270, "texture": "#2"},
				"down": {"uv": [7.75, 1, 8, 1.5], "rotation": 90, "texture": "#2"}
			}
		},
		{
			"from": [22.1, 22.09, 7.53],
			"to": [23.04, 23.97, 8.47],
			"rotation": {"angle": 22.5, "axis": "z", "origin": [19.985, 13.63, 8]},
			"faces": {
				"north": {"uv": [7.75, 1, 8, 1.5], "texture": "#2"},
				"east": {"uv": [7.75, 1.5, 7.5, 1], "rotation": 180, "texture": "#2"},
				"south": {"uv": [7.75, 1.5, 8, 1], "rotation": 180, "texture": "#2"},
				"west": {"uv": [7.5, 1, 7.75, 1.5], "texture": "#2"},
				"up": {"uv": [8, 0, 8.25, 0.25], "rotation": 90, "texture": "#2"},
				"down": {"uv": [8, 0, 8.25, 0.25], "rotation": 90, "texture": "#2"}
			}
		},
		{
			"from": [21.63, 21.15, 7.06],
			"to": [23.51, 22.09, 8.94],
			"rotation": {"angle": 22.5, "axis": "z", "origin": [19.985, 13.63, 8]},
			"faces": {
				"north": {"uv": [7.75, 0.5, 7.5, 1], "rotation": 90, "texture": "#2"},
				"east": {"uv": [8, 0.5, 7.75, 1], "rotation": 90, "texture": "#2"},
				"south": {"uv": [7.5, 0.5, 7.75, 1], "rotation": 270, "texture": "#2"},
				"west": {"uv": [7.75, 0.5, 8, 1], "rotation": 270, "texture": "#2"},
				"up": {"uv": [7.5, 0, 8, 0.5], "rotation": 90, "texture": "#2"},
				"down": {"uv": [7.5, 0, 8, 0.5], "rotation": 90, "texture": "#2"}
			}
		},
		{
			"from": [22.1, 12.69, 7.53],
			"to": [23.04, 14.57, 8.47],
			"rotation": {"angle": 22.5, "axis": "z", "origin": [19.985, 13.63, 8]},
			"faces": {
				"north": {"uv": [7.75, 1.5, 8, 1], "texture": "#2"},
				"east": {"uv": [7.75, 1, 7.5, 1.5], "rotation": 180, "texture": "#2"},
				"south": {"uv": [7.75, 1, 8, 1.5], "rotation": 180, "texture": "#2"},
				"west": {"uv": [7.5, 1.5, 7.75, 1], "texture": "#2"},
				"up": {"uv": [8.25, 0, 8, 0.25], "rotation": 90, "texture": "#2"},
				"down": {"uv": [8.25, 0, 8, 0.25], "rotation": 90, "texture": "#2"}
			}
		},
		{
			"from": [21.63, 14.57, 7.06],
			"to": [23.51, 15.51, 8.94],
			"rotation": {"angle": 22.5, "axis": "z", "origin": [19.985, 13.63, 8]},
			"faces": {
				"north": {"uv": [7.5, 0.5, 7.75, 1], "rotation": 90, "texture": "#2"},
				"east": {"uv": [7.75, 0.5, 8, 1], "rotation": 90, "texture": "#2"},
				"south": {"uv": [7.75, 0.5, 7.5, 1], "rotation": 270, "texture": "#2"},
				"west": {"uv": [8, 0.5, 7.75, 1], "rotation": 270, "texture": "#2"},
				"up": {"uv": [8, 0, 7.5, 0.5], "rotation": 90, "texture": "#2"},
				"down": {"uv": [8, 0, 7.5, 0.5], "rotation": 90, "texture": "#2"}
			}
		},
		{
			"from": [18.81, 16.45, 6.12],
			"to": [19.75, 20.21, 9.88],
			"rotation": {"angle": 22.5, "axis": "z", "origin": [19.985, 13.63, 8]},
			"faces": {
				"north": {"uv": [5, 1, 6, 1.25], "rotation": 90, "texture": "#2"},
				"east": {"uv": [5, 0, 6, 1], "rotation": 180, "texture": "#2"},
				"south": {"uv": [5, 1, 6, 1.25], "rotation": 270, "texture": "#2"},
				"west": {"uv": [5, 0, 6, 1], "texture": "#2"},
				"up": {"uv": [5, 1, 6, 1.25], "rotation": 270, "texture": "#2"},
				"down": {"uv": [5, 1, 6, 1.25], "rotation": 270, "texture": "#2"}
			}
		},
		{
			"from": [16.93, 17.39, 5.18],
			"to": [19.75, 19.27, 6.12],
			"rotation": {"angle": 22.5, "axis": "z", "origin": [19.985, 13.63, 8]},
			"faces": {
				"north": {"uv": [5, 1.25, 5.5, 2], "rotation": 90, "texture": "#2"},
				"east": {"uv": [5.75, 1.25, 6, 1.75], "rotation": 180, "texture": "#2"},
				"south": {"uv": [5, 1.25, 5.5, 2], "rotation": 270, "texture": "#2"},
				"west": {"uv": [5.75, 1.25, 6, 1.75], "texture": "#2"},
				"up": {"uv": [5.5, 1.25, 5.75, 2], "rotation": 270, "texture": "#2"},
				"down": {"uv": [5.75, 1.25, 5.5, 2], "rotation": 270, "texture": "#2"}
			}
		},
		{
			"from": [16.93, 17.39, 9.88],
			"to": [19.75, 19.27, 10.82],
			"rotation": {"angle": 22.5, "axis": "z", "origin": [19.985, 13.63, 8]},
			"faces": {
				"north": {"uv": [5, 2, 5.5, 1.25], "rotation": 270, "texture": "#2"},
				"east": {"uv": [6, 1.25, 5.75, 1.75], "rotation": 180, "texture": "#2"},
				"south": {"uv": [5, 2, 5.5, 1.25], "rotation": 90, "texture": "#2"},
				"west": {"uv": [6, 1.25, 5.75, 1.75], "texture": "#2"},
				"up": {"uv": [5.75, 1.25, 5.5, 2], "rotation": 270, "texture": "#2"},
				"down": {"uv": [5.5, 1.25, 5.75, 2], "rotation": 270, "texture": "#2"}
			}
		},
		{
			"from": [8, 16.92, 8],
			"to": [17.4, 19.74, 8],
			"rotation": {"angle": 22.5, "axis": "z", "origin": [19.985, 13.63, 8]},
			"faces": {
				"north": {"uv": [1.5, 7.5, 4, 8.25], "texture": "#1"},
				"east": {"uv": [0, 0, 0, 0.75], "texture": "#1"},
				"south": {"uv": [1.5, 7.5, 4, 8.25], "texture": "#1"},
				"west": {"uv": [0, 0, 0, 0.75], "texture": "#1"},
				"up": {"uv": [1.5, 7.5, 4, 7.5], "texture": "#1"},
				"down": {"uv": [1.5, 7.5, 4, 7.5], "texture": "#1"}
			}
		},
		{
			"from": [15.99, 17.39, 6.12],
			"to": [16.93, 19.27, 9.88],
			"rotation": {"angle": 22.5, "axis": "z", "origin": [19.985, 13.63, 8]},
			"faces": {
				"north": {"uv": [5, 3, 5.5, 2.75], "rotation": 90, "texture": "#2"},
				"east": {"uv": [5, 2, 6, 2.5], "rotation": 180, "texture": "#2"},
				"south": {"uv": [5.5, 3, 5, 2.75], "rotation": 270, "texture": "#2"},
				"west": {"uv": [5, 2, 6, 2.5], "texture": "#2"},
				"up": {"uv": [6, 2.75, 5, 2.5], "rotation": 270, "texture": "#2"},
				"down": {"uv": [5, 2.75, 6, 2.5], "rotation": 270, "texture": "#2"}
			}
		},
		{
			"from": [7.53, 10.81, 10.82],
			"to": [8.47, 11.75, 13.64],
			"rotation": {"angle": 0, "axis": "y", "origin": [0.48, -2.82, 0.48]},
			"faces": {
				"north": {"uv": [4.75, 8, 5, 8.25], "rotation": 90, "texture": "#2"},
				"east": {"uv": [4, 8, 4.25, 8.75], "rotation": 90, "texture": "#2"},
				"south": {"uv": [4.75, 8, 5, 8.25], "rotation": 90, "texture": "#2"},
				"west": {"uv": [4, 8, 4.25, 8.75], "rotation": 270, "texture": "#2"},
				"up": {"uv": [4, 8, 4.25, 8.75], "texture": "#2"},
				"down": {"uv": [4, 8, 4.25, 8.75], "rotation": 180, "texture": "#2"}
			}
		},
		{
			"from": [7.06, 10.34, 9.88],
			"to": [8.94, 12.22, 10.82],
			"rotation": {"angle": 0, "axis": "y", "origin": [0.48, -2.82, 0.48]},
			"faces": {
				"north": {"uv": [4.25, 8.25, 4.75, 8.75], "rotation": 90, "texture": "#2"},
				"east": {"uv": [4.25, 8, 4.75, 8.25], "rotation": 90, "texture": "#2"},
				"south": {"uv": [4.25, 8.25, 4.75, 8.75], "rotation": 90, "texture": "#2"},
				"west": {"uv": [4.25, 8, 4.75, 8.25], "rotation": 270, "texture": "#2"},
				"up": {"uv": [4.25, 8, 4.75, 8.25], "texture": "#2"},
				"down": {"uv": [4.25, 8, 4.75, 8.25], "rotation": 180, "texture": "#2"}
			}
		},
		{
			"from": [7.06, 5.64, 9.88],
			"to": [8.94, 7.52, 10.82],
			"rotation": {"angle": 0, "axis": "y", "origin": [0.48, -2.82, 0.48]},
			"faces": {
				"north": {"uv": [4.25, 8.25, 4.75, 8.75], "rotation": 90, "texture": "#2"},
				"east": {"uv": [4.25, 8, 4.75, 8.25], "rotation": 90, "texture": "#2"},
				"south": {"uv": [4.25, 8.25, 4.75, 8.75], "rotation": 90, "texture": "#2"},
				"west": {"uv": [4.25, 8, 4.75, 8.25], "rotation": 270, "texture": "#2"},
				"up": {"uv": [4.25, 8, 4.75, 8.25], "texture": "#2"},
				"down": {"uv": [4.25, 8, 4.75, 8.25], "rotation": 180, "texture": "#2"}
			}
		},
		{
			"from": [7.53, 6.11, 10.82],
			"to": [8.47, 7.05, 13.64],
			"rotation": {"angle": 0, "axis": "y", "origin": [0.48, -2.82, 0.48]},
			"faces": {
				"north": {"uv": [4.75, 8, 5, 8.25], "rotation": 90, "texture": "#2"},
				"east": {"uv": [4, 8, 4.25, 8.75], "rotation": 90, "texture": "#2"},
				"south": {"uv": [4.75, 8, 5, 8.25], "rotation": 90, "texture": "#2"},
				"west": {"uv": [4, 8, 4.25, 8.75], "rotation": 270, "texture": "#2"},
				"up": {"uv": [4, 8, 4.25, 8.75], "texture": "#2"},
				"down": {"uv": [4, 8, 4.25, 8.75], "rotation": 180, "texture": "#2"}
			}
		},
		{
			"from": [7.53, 10.81, 2.36],
			"to": [8.47, 11.75, 5.18],
			"rotation": {"angle": 0, "axis": "y", "origin": [0.48, -2.82, 15.52]},
			"faces": {
				"north": {"uv": [4.75, 8.25, 5, 8], "rotation": 90, "texture": "#2"},
				"east": {"uv": [4, 8.75, 4.25, 8], "rotation": 90, "texture": "#2"},
				"south": {"uv": [4.75, 8.25, 5, 8], "rotation": 90, "texture": "#2"},
				"west": {"uv": [4, 8.75, 4.25, 8], "rotation": 270, "texture": "#2"},
				"up": {"uv": [4, 8.75, 4.25, 8], "texture": "#2"},
				"down": {"uv": [4, 8.75, 4.25, 8], "rotation": 180, "texture": "#2"}
			}
		},
		{
			"from": [7.06, 10.34, 5.18],
			"to": [8.94, 12.22, 6.12],
			"rotation": {"angle": 0, "axis": "y", "origin": [0.48, -2.82, 15.52]},
			"faces": {
				"north": {"uv": [4.25, 8.75, 4.75, 8.25], "rotation": 90, "texture": "#2"},
				"east": {"uv": [4.25, 8.25, 4.75, 8], "rotation": 90, "texture": "#2"},
				"south": {"uv": [4.25, 8.75, 4.75, 8.25], "rotation": 90, "texture": "#2"},
				"west": {"uv": [4.25, 8.25, 4.75, 8], "rotation": 270, "texture": "#2"},
				"up": {"uv": [4.25, 8.25, 4.75, 8], "texture": "#2"},
				"down": {"uv": [4.25, 8.25, 4.75, 8], "rotation": 180, "texture": "#2"}
			}
		},
		{
			"from": [7.06, 5.64, 5.18],
			"to": [8.94, 7.52, 6.12],
			"rotation": {"angle": 0, "axis": "y", "origin": [0.48, -2.82, 15.52]},
			"faces": {
				"north": {"uv": [4.25, 8.75, 4.75, 8.25], "rotation": 90, "texture": "#2"},
				"east": {"uv": [4.25, 8.25, 4.75, 8], "rotation": 90, "texture": "#2"},
				"south": {"uv": [4.25, 8.75, 4.75, 8.25], "rotation": 90, "texture": "#2"},
				"west": {"uv": [4.25, 8.25, 4.75, 8], "rotation": 270, "texture": "#2"},
				"up": {"uv": [4.25, 8.25, 4.75, 8], "texture": "#2"},
				"down": {"uv": [4.25, 8.25, 4.75, 8], "rotation": 180, "texture": "#2"}
			}
		},
		{
			"from": [7.53, 6.11, 2.36],
			"to": [8.47, 7.05, 5.18],
			"rotation": {"angle": 0, "axis": "y", "origin": [0.48, -2.82, 15.52]},
			"faces": {
				"north": {"uv": [4.75, 8.25, 5, 8], "rotation": 90, "texture": "#2"},
				"east": {"uv": [4, 8.75, 4.25, 8], "rotation": 90, "texture": "#2"},
				"south": {"uv": [4.75, 8.25, 5, 8], "rotation": 90, "texture": "#2"},
				"west": {"uv": [4, 8.75, 4.25, 8], "rotation": 270, "texture": "#2"},
				"up": {"uv": [4, 8.75, 4.25, 8], "texture": "#2"},
				"down": {"uv": [4, 8.75, 4.25, 8], "rotation": 180, "texture": "#2"}
			}
		},
		{
			"from": [6.59, 7.99, 4.24],
			"to": [8.94, 9.87, 6.12],
			"rotation": {"angle": 0, "axis": "y", "origin": [0.48, 0, 0.48]},
			"faces": {
				"north": {"uv": [0, 0.5, 0.625, 1], "texture": "#2"},
				"east": {"uv": [0.625, 0, 1.125, 0.5], "texture": "#2"},
				"south": {"uv": [0, 0.5, 0.625, 1], "texture": "#2"},
				"west": {"uv": [0.625, 0, 1.125, 0.5], "texture": "#2"},
				"up": {"uv": [0, 0, 0.625, 0.5], "texture": "#2"},
				"down": {"uv": [0, 0, 0.625, 0.5], "texture": "#2"}
			}
		},
		{
			"from": [4.24, 12.69, 4.24],
			"to": [6.12, 16.45, 5.18],
			"rotation": {"angle": 0, "axis": "y", "origin": [0.48, 0, 0.48]},
			"faces": {
				"north": {"uv": [0, 3.125, 0.5, 4.125], "texture": "#2"},
				"east": {"uv": [0.5, 3.125, 0.75, 4.125], "texture": "#2"},
				"south": {"uv": [0.5, 3.125, 0, 4.125], "texture": "#2"},
				"west": {"uv": [0.5, 3.125, 0.75, 4.125], "texture": "#2"},
				"up": {"uv": [0, 4.125, 0.5, 4.375], "texture": "#2"},
				"down": {"uv": [0, 4.125, 0.5, 4.375], "texture": "#2"}
			}
		},
		{
			"from": [4.146, 11.28, 4.052],
			"to": [6.026, 13.16, 5.462],
			"rotation": {"angle": -22.5, "axis": "z", "origin": [5.18, 12.69, 4.71]},
			"faces": {
				"north": {"uv": [0, 2.125, 0.5, 2.625], "texture": "#2"},
				"east": {"uv": [1.125, 1.5, 1.625, 2], "texture": "#2"},
				"south": {"uv": [0.5, 2.125, 0, 2.625], "texture": "#2"},
				"west": {"uv": [0.625, 2, 1.125, 2.5], "texture": "#2"},
				"up": {"uv": [0, 2.625, 0.5, 3.125], "texture": "#2"},
				"down": {"uv": [0, 2.625, 0.5, 3.125], "texture": "#2"}
			}
		},
		{
			"from": [3.676, 9.964, 3.864],
			"to": [5.556, 11.844, 5.65],
			"rotation": {"angle": 0, "axis": "y", "origin": [5.18, 12.69, 4.71]},
			"faces": {
				"north": {"uv": [1.125, 0, 1.625, 0.5], "texture": "#2"},
				"east": {"uv": [1.125, 2, 1.625, 2.5], "texture": "#2"},
				"south": {"uv": [1.625, 0, 1.125, 0.5], "texture": "#2"},
				"west": {"uv": [1.625, 0, 2.125, 0.5], "texture": "#2"},
				"up": {"uv": [1.25, 0.5, 1.75, 1], "texture": "#2"},
				"down": {"uv": [1.25, 0.5, 1.75, 1], "texture": "#2"}
			}
		},
		{
			"from": [6.026, 9.682, 3.77],
			"to": [7.906, 11.562, 5.744],
			"rotation": {"angle": -45, "axis": "z", "origin": [5.18, 12.69, 4.71]},
			"faces": {
				"north": {"uv": [0.75, 0.5, 1.25, 1], "rotation": 270, "texture": "#2"},
				"east": {"uv": [0.75, 0.5, 1.25, 1], "rotation": 270, "texture": "#2"},
				"south": {"uv": [0.75, 1, 1.25, 0.5], "rotation": 270, "texture": "#2"},
				"west": {"uv": [1.25, 1, 1.75, 1.5], "rotation": 270, "texture": "#2"},
				"up": {"uv": [1.625, 0.5, 2.125, 1], "rotation": 270, "texture": "#2"},
				"down": {"uv": [0.625, 2.5, 1.125, 3], "rotation": 270, "texture": "#2"}
			}
		},
		{
			"from": [6.496, 8.836, 3.676],
			"to": [8.376, 10.716, 5.838],
			"rotation": {"angle": -22.5, "axis": "z", "origin": [5.18, 12.69, 4.71]},
			"faces": {
				"north": {"uv": [0.625, 1, 1.125, 1.5], "rotation": 90, "texture": "#2"},
				"east": {"uv": [0, 1.5, 0.625, 2], "rotation": 180, "texture": "#2"},
				"south": {"uv": [1.125, 1, 0.625, 1.5], "rotation": 270, "texture": "#2"},
				"west": {"uv": [0, 1.5, 0.625, 2], "rotation": 180, "texture": "#2"},
				"up": {"uv": [0, 1, 0.625, 1.5], "rotation": 270, "texture": "#2"},
				"down": {"uv": [0, 1, 0.625, 1.5], "rotation": 270, "texture": "#2"}
			}
		},
		{
			"from": [3.958, 16.168, 4.334],
			"to": [5.65, 17.108, 5.086],
			"rotation": {"angle": 22.5, "axis": "z", "origin": [5.18, 17.39, 4.71]},
			"faces": {
				"north": {"uv": [0, 4.625, 0.5, 4.875], "texture": "#2"},
				"east": {"uv": [0.5, 4.375, 0.75, 4.625], "texture": "#2"},
				"south": {"uv": [0.5, 4.625, 0, 4.875], "texture": "#2"},
				"west": {"uv": [0.5, 4.375, 0.75, 4.625], "texture": "#2"},
				"up": {"uv": [0, 4.375, 0.5, 4.625], "texture": "#2"},
				"down": {"uv": [0, 4.375, 0.5, 4.625], "texture": "#2"}
			}
		},
		{
			"from": [4.24, 16.262, 4.428],
			"to": [5.65, 17.766, 4.992],
			"rotation": {"angle": -45, "axis": "z", "origin": [5.18, 17.39, 4.71]},
			"faces": {
				"north": {"uv": [0, 4.875, 0.375, 5.25], "rotation": 90, "texture": "#2"},
				"east": {"uv": [0, 5.25, 0.375, 5.375], "rotation": 270, "texture": "#2"},
				"south": {"uv": [0, 5.25, 0.375, 4.875], "rotation": 90, "texture": "#2"},
				"west": {"uv": [0, 5.25, 0.375, 5.375], "rotation": 270, "texture": "#2"},
				"up": {"uv": [0.375, 4.875, 0.5, 5.25], "rotation": 270, "texture": "#2"},
				"down": {"uv": [0.375, 4.875, 0.5, 5.25], "rotation": 270, "texture": "#2"}
			}
		},
		{
			"from": [3.112, 16.826, 4.522],
			"to": [4.522, 18.142, 4.898],
			"rotation": {"angle": -22.5, "axis": "z", "origin": [5.18, 17.39, 4.71]},
			"faces": {
				"north": {"uv": [0.625, 1.5, 1, 1.875], "rotation": 90, "texture": "#2"},
				"east": {"uv": [0.625, 1.875, 1, 2], "rotation": 270, "texture": "#2"},
				"south": {"uv": [0.625, 1.5, 1, 1.875], "rotation": 90, "texture": "#2"},
				"west": {"uv": [0.625, 1.875, 1, 2], "rotation": 270, "texture": "#2"},
				"up": {"uv": [1, 1.5, 1.125, 1.875], "rotation": 270, "texture": "#2"},
				"down": {"uv": [1, 1.5, 1.125, 1.875], "rotation": 270, "texture": "#2"}
			}
		},
		{
			"from": [2.89963, 10.1714, 4.24],
			"to": [4.77963, 11.1114, 5.18],
			"rotation": {"angle": 0, "axis": "y", "origin": [3.018, 10.45837, 4.33898]},
			"faces": {
				"north": {"uv": [0.5, 5.375, 0.25, 5.875], "rotation": 90, "texture": "#2"},
				"east": {"uv": [0.75, 5.625, 0.5, 5.375], "rotation": 180, "texture": "#2"},
				"south": {"uv": [0.5, 5.875, 0.25, 5.375], "rotation": 90, "texture": "#2"},
				"west": {"uv": [0.75, 5.625, 0.5, 5.375], "rotation": 180, "texture": "#2"},
				"up": {"uv": [0.25, 5.375, 0, 5.875], "rotation": 90, "texture": "#2"},
				"down": {"uv": [1.25, 5.375, 1, 5.875], "rotation": 90, "texture": "#2"}
			}
		},
		{
			"from": [2.36585, 10.26755, 4.334],
			"to": [3.30585, 11.01955, 5.086],
			"rotation": {"angle": -22.5, "axis": "z", "origin": [3.018, 10.45837, 4.33898]},
			"faces": {
				"north": {"uv": [0.75, 5.375, 1, 5.625], "rotation": 90, "texture": "#2"},
				"east": {"uv": [0.5, 5.625, 0.75, 5.875], "rotation": 270, "texture": "#2"},
				"south": {"uv": [1, 5.375, 0.75, 5.625], "rotation": 270, "texture": "#2"},
				"west": {"uv": [0.5, 5.625, 0.75, 5.875], "rotation": 270, "texture": "#2"},
				"up": {"uv": [0.75, 5.75, 1, 6], "rotation": 270, "texture": "#2"},
				"down": {"uv": [1.25, 5.375, 1.5, 5.625], "rotation": 270, "texture": "#2"}
			}
		},
		{
			"from": [1.95388, 10.3687, 4.522],
			"to": [2.42388, 10.8387, 4.898],
			"rotation": {"angle": -22.5, "axis": "z", "origin": [3.018, 10.45837, 4.33898]},
			"faces": {
				"north": {"uv": [0.875, 5.625, 0.75, 5.75], "rotation": 180, "texture": "#2"},
				"east": {"uv": [0.875, 5.625, 0.75, 5.75], "texture": "#2"},
				"south": {"uv": [0.875, 5.625, 0.75, 5.75], "texture": "#2"},
				"west": {"uv": [0.875, 5.625, 0.75, 5.75], "texture": "#2"},
				"up": {"uv": [0.875, 5.625, 0.75, 5.75], "texture": "#2"},
				"down": {"uv": [0.875, 5.625, 0.75, 5.75], "texture": "#2"}
			}
		},
		{
			"from": [2.89963, 12.9914, 4.24],
			"to": [4.77963, 13.9314, 5.18],
			"rotation": {"angle": -45, "axis": "z", "origin": [3.018, 13.27837, 4.33898]},
			"faces": {
				"north": {"uv": [0.5, 5.375, 0.25, 5.875], "rotation": 90, "texture": "#2"},
				"east": {"uv": [0.75, 5.625, 0.5, 5.375], "rotation": 180, "texture": "#2"},
				"south": {"uv": [0.5, 5.875, 0.25, 5.375], "rotation": 90, "texture": "#2"},
				"west": {"uv": [0.75, 5.625, 0.5, 5.375], "rotation": 180, "texture": "#2"},
				"up": {"uv": [0.25, 5.375, 0, 5.875], "rotation": 90, "texture": "#2"},
				"down": {"uv": [1.25, 5.375, 1, 5.875], "rotation": 90, "texture": "#2"}
			}
		},
		{
			"from": [2.82718, 12.99053, 4.334],
			"to": [3.57918, 13.93053, 5.086],
			"rotation": {"angle": 22.5, "axis": "z", "origin": [3.018, 13.27837, 4.33898]},
			"faces": {
				"north": {"uv": [0.75, 5.375, 1, 5.625], "texture": "#2"},
				"east": {"uv": [0.75, 5.75, 1, 6], "texture": "#2"},
				"south": {"uv": [1, 5.375, 0.75, 5.625], "texture": "#2"},
				"west": {"uv": [1.25, 5.375, 1.5, 5.625], "texture": "#2"},
				"up": {"uv": [0.5, 5.625, 0.75, 5.875], "texture": "#2"},
				"down": {"uv": [0.5, 5.625, 0.75, 5.875], "texture": "#2"}
			}
		},
		{
			"from": [2.92833, 13.8725, 4.522],
			"to": [3.39833, 14.3425, 4.898],
			"rotation": {"angle": 22.5, "axis": "z", "origin": [3.018, 13.27837, 4.33898]},
			"faces": {
				"north": {"uv": [0.875, 5.625, 0.75, 5.75], "rotation": 90, "texture": "#2"},
				"east": {"uv": [0.875, 5.625, 0.75, 5.75], "rotation": 90, "texture": "#2"},
				"south": {"uv": [0.875, 5.625, 0.75, 5.75], "rotation": 90, "texture": "#2"},
				"west": {"uv": [0.875, 5.625, 0.75, 5.75], "rotation": 90, "texture": "#2"},
				"up": {"uv": [0.875, 5.625, 0.75, 5.75], "rotation": 90, "texture": "#2"},
				"down": {"uv": [0.875, 5.625, 0.75, 5.75], "rotation": 90, "texture": "#2"}
			}
		},
		{
			"from": [6.59, 7.99, 9.88],
			"to": [8.94, 9.87, 11.76],
			"rotation": {"angle": 0, "axis": "y", "origin": [0.48, 0, 15.52]},
			"faces": {
				"north": {"uv": [0.625, 0.5, 0, 1], "texture": "#2"},
				"east": {"uv": [1.125, 0, 0.625, 0.5], "texture": "#2"},
				"south": {"uv": [0.625, 0.5, 0, 1], "texture": "#2"},
				"west": {"uv": [1.125, 0, 0.625, 0.5], "texture": "#2"},
				"up": {"uv": [0, 0.5, 0.625, 0], "texture": "#2"},
				"down": {"uv": [0, 0.5, 0.625, 0], "texture": "#2"}
			}
		},
		{
			"from": [4.24, 12.69, 10.82],
			"to": [6.12, 16.45, 11.76],
			"rotation": {"angle": 0, "axis": "y", "origin": [0.48, 0, 15.52]},
			"faces": {
				"north": {"uv": [0, 3.125, 0.5, 4.125], "texture": "#2"},
				"east": {"uv": [0.75, 3.125, 0.5, 4.125], "texture": "#2"},
				"south": {"uv": [0.5, 3.125, 0, 4.125], "texture": "#2"},
				"west": {"uv": [0.75, 3.125, 0.5, 4.125], "texture": "#2"},
				"up": {"uv": [0, 4.375, 0.5, 4.125], "texture": "#2"},
				"down": {"uv": [0, 4.375, 0.5, 4.125], "texture": "#2"}
			}
		},
		{
			"from": [4.146, 11.28, 10.538],
			"to": [6.026, 13.16, 11.948],
			"rotation": {"angle": -22.5, "axis": "z", "origin": [5.18, 12.69, 11.29]},
			"faces": {
				"north": {"uv": [0, 2.125, 0.5, 2.625], "texture": "#2"},
				"east": {"uv": [1.625, 1.5, 1.125, 2], "texture": "#2"},
				"south": {"uv": [0.5, 2.125, 0, 2.625], "texture": "#2"},
				"west": {"uv": [1.125, 2, 0.625, 2.5], "texture": "#2"},
				"up": {"uv": [0, 3.125, 0.5, 2.625], "texture": "#2"},
				"down": {"uv": [0, 3.125, 0.5, 2.625], "texture": "#2"}
			}
		},
		{
			"from": [3.676, 9.964, 10.35],
			"to": [5.556, 11.844, 12.136],
			"rotation": {"angle": 0, "axis": "y", "origin": [5.18, 12.69, 11.29]},
			"faces": {
				"north": {"uv": [1.125, 0, 1.625, 0.5], "texture": "#2"},
				"east": {"uv": [1.625, 2, 1.125, 2.5], "texture": "#2"},
				"south": {"uv": [1.625, 0, 1.125, 0.5], "texture": "#2"},
				"west": {"uv": [2.125, 0, 1.625, 0.5], "texture": "#2"},
				"up": {"uv": [1.25, 1, 1.75, 0.5], "texture": "#2"},
				"down": {"uv": [1.25, 1, 1.75, 0.5], "texture": "#2"}
			}
		},
		{
			"from": [6.026, 9.682, 10.256],
			"to": [7.906, 11.562, 12.23],
			"rotation": {"angle": -45, "axis": "z", "origin": [5.18, 12.69, 11.29]},
			"faces": {
				"north": {"uv": [0.75, 0.5, 1.25, 1], "rotation": 270, "texture": "#2"},
				"east": {"uv": [0.75, 1, 1.25, 0.5], "rotation": 270, "texture": "#2"},
				"south": {"uv": [0.75, 1, 1.25, 0.5], "rotation": 270, "texture": "#2"},
				"west": {"uv": [1.25, 1.5, 1.75, 1], "rotation": 270, "texture": "#2"},
				"up": {"uv": [2.125, 0.5, 1.625, 1], "rotation": 270, "texture": "#2"},
				"down": {"uv": [1.125, 2.5, 0.625, 3], "rotation": 270, "texture": "#2"}
			}
		},
		{
			"from": [6.496, 8.836, 10.162],
			"to": [8.376, 10.716, 12.324],
			"rotation": {"angle": -22.5, "axis": "z", "origin": [5.18, 12.69, 11.29]},
			"faces": {
				"north": {"uv": [1.125, 1.5, 0.625, 1], "rotation": 270, "texture": "#2"},
				"east": {"uv": [0.625, 1.5, 0, 2], "rotation": 180, "texture": "#2"},
				"south": {"uv": [0.625, 1.5, 1.125, 1], "rotation": 90, "texture": "#2"},
				"west": {"uv": [0.625, 1.5, 0, 2], "rotation": 180, "texture": "#2"},
				"up": {"uv": [0.625, 1, 0, 1.5], "rotation": 270, "texture": "#2"},
				"down": {"uv": [0.625, 1, 0, 1.5], "rotation": 270, "texture": "#2"}
			}
		},
		{
			"from": [3.958, 16.168, 10.914],
			"to": [5.65, 17.108, 11.666],
			"rotation": {"angle": 22.5, "axis": "z", "origin": [5.18, 17.39, 11.29]},
			"faces": {
				"north": {"uv": [0, 4.625, 0.5, 4.875], "texture": "#2"},
				"east": {"uv": [0.75, 4.375, 0.5, 4.625], "texture": "#2"},
				"south": {"uv": [0.5, 4.625, 0, 4.875], "texture": "#2"},
				"west": {"uv": [0.75, 4.375, 0.5, 4.625], "texture": "#2"},
				"up": {"uv": [0, 4.625, 0.5, 4.375], "texture": "#2"},
				"down": {"uv": [0, 4.625, 0.5, 4.375], "texture": "#2"}
			}
		},
		{
			"from": [4.24, 16.262, 11.008],
			"to": [5.65, 17.766, 11.572],
			"rotation": {"angle": -45, "axis": "z", "origin": [5.18, 17.39, 11.29]},
			"faces": {
				"north": {"uv": [0, 4.875, 0.375, 5.25], "rotation": 90, "texture": "#2"},
				"east": {"uv": [0, 5.375, 0.375, 5.25], "rotation": 270, "texture": "#2"},
				"south": {"uv": [0, 5.25, 0.375, 4.875], "rotation": 90, "texture": "#2"},
				"west": {"uv": [0, 5.375, 0.375, 5.25], "rotation": 270, "texture": "#2"},
				"up": {"uv": [0.5, 4.875, 0.375, 5.25], "rotation": 270, "texture": "#2"},
				"down": {"uv": [0.5, 4.875, 0.375, 5.25], "rotation": 270, "texture": "#2"}
			}
		},
		{
			"from": [3.112, 16.826, 11.102],
			"to": [4.522, 18.142, 11.478],
			"rotation": {"angle": -22.5, "axis": "z", "origin": [5.18, 17.39, 11.29]},
			"faces": {
				"north": {"uv": [0.625, 1.875, 1, 1.5], "rotation": 90, "texture": "#2"},
				"east": {"uv": [0.625, 2, 1, 1.875], "rotation": 270, "texture": "#2"},
				"south": {"uv": [0.625, 1.875, 1, 1.5], "rotation": 90, "texture": "#2"},
				"west": {"uv": [0.625, 2, 1, 1.875], "rotation": 270, "texture": "#2"},
				"up": {"uv": [1.125, 1.5, 1, 1.875], "rotation": 270, "texture": "#2"},
				"down": {"uv": [1.125, 1.5, 1, 1.875], "rotation": 270, "texture": "#2"}
			}
		},
		{
			"from": [2.89963, 12.9914, 10.82],
			"to": [4.77963, 13.9314, 11.76],
			"rotation": {"angle": -45, "axis": "z", "origin": [3.018, 13.27837, 11.66102]},
			"faces": {
				"north": {"uv": [0.5, 5.375, 0.25, 5.875], "rotation": 90, "texture": "#2"},
				"east": {"uv": [0.5, 5.625, 0.75, 5.375], "rotation": 180, "texture": "#2"},
				"south": {"uv": [0.5, 5.875, 0.25, 5.375], "rotation": 90, "texture": "#2"},
				"west": {"uv": [0.5, 5.625, 0.75, 5.375], "rotation": 180, "texture": "#2"},
				"up": {"uv": [0, 5.375, 0.25, 5.875], "rotation": 90, "texture": "#2"},
				"down": {"uv": [1, 5.375, 1.25, 5.875], "rotation": 90, "texture": "#2"}
			}
		},
		{
			"from": [2.82718, 12.99053, 10.914],
			"to": [3.57918, 13.93053, 11.666],
			"rotation": {"angle": 22.5, "axis": "z", "origin": [3.018, 13.27837, 11.66102]},
			"faces": {
				"north": {"uv": [0.75, 5.375, 1, 5.625], "texture": "#2"},
				"east": {"uv": [1, 5.75, 0.75, 6], "texture": "#2"},
				"south": {"uv": [1, 5.375, 0.75, 5.625], "texture": "#2"},
				"west": {"uv": [1.5, 5.375, 1.25, 5.625], "texture": "#2"},
				"up": {"uv": [0.5, 5.875, 0.75, 5.625], "texture": "#2"},
				"down": {"uv": [0.5, 5.875, 0.75, 5.625], "texture": "#2"}
			}
		},
		{
			"from": [2.92833, 13.8725, 11.102],
			"to": [3.39833, 14.3425, 11.478],
			"rotation": {"angle": 22.5, "axis": "z", "origin": [3.018, 13.27837, 11.66102]},
			"faces": {
				"north": {"uv": [0.875, 5.75, 0.75, 5.625], "rotation": 90, "texture": "#2"},
				"east": {"uv": [0.875, 5.75, 0.75, 5.625], "rotation": 90, "texture": "#2"},
				"south": {"uv": [0.875, 5.75, 0.75, 5.625], "rotation": 90, "texture": "#2"},
				"west": {"uv": [0.875, 5.75, 0.75, 5.625], "rotation": 90, "texture": "#2"},
				"up": {"uv": [0.75, 5.625, 0.875, 5.75], "rotation": 90, "texture": "#2"},
				"down": {"uv": [0.75, 5.625, 0.875, 5.75], "rotation": 90, "texture": "#2"}
			}
		},
		{
			"from": [2.89963, 10.1714, 10.82],
			"to": [4.77963, 11.1114, 11.76],
			"rotation": {"angle": 0, "axis": "y", "origin": [3.018, 10.45837, 11.66102]},
			"faces": {
				"north": {"uv": [0.5, 5.375, 0.25, 5.875], "rotation": 90, "texture": "#2"},
				"east": {"uv": [0.5, 5.625, 0.75, 5.375], "rotation": 180, "texture": "#2"},
				"south": {"uv": [0.5, 5.875, 0.25, 5.375], "rotation": 90, "texture": "#2"},
				"west": {"uv": [0.5, 5.625, 0.75, 5.375], "rotation": 180, "texture": "#2"},
				"up": {"uv": [0, 5.375, 0.25, 5.875], "rotation": 90, "texture": "#2"},
				"down": {"uv": [1, 5.375, 1.25, 5.875], "rotation": 90, "texture": "#2"}
			}
		},
		{
			"from": [2.36585, 10.26755, 10.914],
			"to": [3.30585, 11.01955, 11.666],
			"rotation": {"angle": -22.5, "axis": "z", "origin": [3.018, 10.45837, 11.66102]},
			"faces": {
				"north": {"uv": [1, 5.625, 0.75, 5.375], "rotation": 270, "texture": "#2"},
				"east": {"uv": [0.5, 5.875, 0.75, 5.625], "rotation": 270, "texture": "#2"},
				"south": {"uv": [0.75, 5.625, 1, 5.375], "rotation": 90, "texture": "#2"},
				"west": {"uv": [0.5, 5.875, 0.75, 5.625], "rotation": 270, "texture": "#2"},
				"up": {"uv": [1, 5.75, 0.75, 6], "rotation": 270, "texture": "#2"},
				"down": {"uv": [1.5, 5.375, 1.25, 5.625], "rotation": 270, "texture": "#2"}
			}
		},
		{
			"from": [1.95388, 10.3687, 11.102],
			"to": [2.42388, 10.8387, 11.478],
			"rotation": {"angle": -22.5, "axis": "z", "origin": [3.018, 10.45837, 11.66102]},
			"faces": {
				"north": {"uv": [0.75, 5.625, 0.875, 5.75], "texture": "#2"},
				"east": {"uv": [0.75, 5.625, 0.875, 5.75], "texture": "#2"},
				"south": {"uv": [0.75, 5.625, 0.875, 5.75], "rotation": 180, "texture": "#2"},
				"west": {"uv": [0.75, 5.625, 0.875, 5.75], "texture": "#2"},
				"up": {"uv": [0.875, 5.75, 0.75, 5.625], "texture": "#2"},
				"down": {"uv": [0.875, 5.75, 0.75, 5.625], "texture": "#2"}
			}
		},
		{
			"from": [10.82, -3.76, 7.06],
			"to": [12.7, 2.82, 8.94],
			"rotation": {"angle": 0, "axis": "y", "origin": [13.64, -6.58, 7.06]},
			"faces": {
				"north": {"uv": [5.5, 6, 5, 8], "texture": "#2"},
				"east": {"uv": [5.5, 6, 5, 8], "texture": "#2"},
				"south": {"uv": [5, 6, 5.5, 8], "texture": "#2"},
				"west": {"uv": [5.5, 6, 5, 8], "texture": "#2"},
				"up": {"uv": [8, 0.5, 8.5, 1], "texture": "#2"},
				"down": {"uv": [8, 0.5, 8.5, 1], "texture": "#2"}
			}
		},
		{
			"from": [9.034, -9.87, 7.154],
			"to": [10.914, -5.17, 8.846],
			"rotation": {"angle": -45, "axis": "z", "origin": [13.64, -6.58, 7.06]},
			"faces": {
				"north": {"uv": [0.5, 7.5, 0, 8.75], "texture": "#2"},
				"east": {"uv": [2, 7.5, 1.5, 8.75], "texture": "#2"},
				"south": {"uv": [0, 7.5, 0.5, 8.75], "texture": "#2"},
				"west": {"uv": [2, 7.5, 1.5, 8.75], "texture": "#2"},
				"up": {"uv": [8, 2.5, 8.5, 2], "texture": "#2"},
				"down": {"uv": [8, 2.5, 8.5, 3], "texture": "#2"}
			}
		},
		{
			"from": [9.034, -9.87, 7.154],
			"to": [10.914, -5.17, 8.846],
			"rotation": {"angle": -45, "axis": "z", "origin": [13.64, -6.58, 7.06]},
			"faces": {
				"north": {"uv": [0.5, 7.5, 0, 8.75], "texture": "#2"},
				"east": {"uv": [2, 7.5, 1.5, 8.75], "texture": "#2"},
				"south": {"uv": [0, 7.5, 0.5, 8.75], "texture": "#2"},
				"west": {"uv": [2, 7.5, 1.5, 8.75], "texture": "#2"},
				"up": {"uv": [8, 2.5, 8.5, 2], "texture": "#2"},
				"down": {"uv": [8, 2.5, 8.5, 3], "texture": "#2"}
			}
		},
		{
			"from": [14.486, 2.444, 7.154],
			"to": [16.366, 5.264, 8.846],
			"rotation": {"angle": 22.5, "axis": "z", "origin": [13.64, -6.58, 7.06]},
			"faces": {
				"north": {"uv": [2.5, 7, 2, 7.75], "texture": "#2"},
				"east": {"uv": [4, 7, 3.5, 7.75], "texture": "#2"},
				"south": {"uv": [2, 7, 2.5, 7.75], "texture": "#2"},
				"west": {"uv": [4, 7, 3.5, 7.75], "texture": "#2"},
				"up": {"uv": [8, 1.5, 8.5, 1], "texture": "#2"},
				"down": {"uv": [8, 1.5, 8.5, 2], "texture": "#2"}
			}
		},
		{
			"from": [4.24, 3.76, 6.12],
			"to": [11.76, 5.64, 9.88],
			"rotation": {"angle": 0, "axis": "y", "origin": [0.48, -2.82, 0.48]},
			"faces": {
				"north": {"uv": [7, 6.5, 9, 7], "texture": "#2"},
				"east": {"uv": [4, 7.5, 5, 8], "texture": "#2"},
				"south": {"uv": [9, 6.5, 7, 7], "texture": "#2"},
				"west": {"uv": [7, 7.5, 8, 8], "texture": "#2"},
				"up": {"uv": [8, 2.5, 6, 1.5], "texture": "#2"},
				"down": {"uv": [8, 2.5, 6, 1.5], "texture": "#2"}
			}
		},
		{
			"from": [6.12, 5.64, 6.12],
			"to": [9.88, 13.16, 9.88],
			"rotation": {"angle": 0, "axis": "y", "origin": [0.48, 0, 0.48]},
			"faces": {
				"north": {"uv": [4.5, 4.25, 3.5, 6.25], "texture": "#1"},
				"east": {"uv": [4.5, 0, 5.5, 2], "texture": "#1"},
				"south": {"uv": [3.5, 4.25, 4.5, 6.25], "texture": "#1"},
				"west": {"uv": [4.5, 0, 5.5, 2], "texture": "#1"},
				"up": {"uv": [6.5, 1, 5.5, 0], "texture": "#1"},
				"down": {"uv": [6.5, 1, 5.5, 2], "texture": "#1"}
			}
		},
		{
			"from": [7.06, -7.52, 7.06],
			"to": [8.94, 4.7, 8.94],
			"rotation": {"angle": 0, "axis": "y", "origin": [0.48, 0, 0.48]},
			"faces": {
				"north": {"uv": [5, 5.25, 4.5, 8.5], "texture": "#1"},
				"east": {"uv": [5, 5.25, 5.5, 8.5], "texture": "#1"},
				"south": {"uv": [4.5, 5.25, 5, 8.5], "texture": "#1"},
				"west": {"uv": [5, 5.25, 5.5, 8.5], "texture": "#1"},
				"up": {"uv": [7, 5.75, 6.5, 5.25], "texture": "#1"},
				"down": {"uv": [6, 6.5, 5.5, 7], "texture": "#1"}
			}
		},
		{
			"from": [-0.93, -7.99, 8],
			"to": [6.59, 7.05, 8],
			"rotation": {"angle": 0, "axis": "y", "origin": [15.52, 0, 0.48]},
			"faces": {
				"north": {"uv": [8, 0, 16, 16], "texture": "#6"},
				"east": {"uv": [0, 0, 0, 8], "texture": "#6"},
				"south": {"uv": [16, 0, 8, 16], "texture": "#6"},
				"west": {"uv": [0, 0, 0, 8], "texture": "#6"},
				"up": {"uv": [4, 0, 0, 0], "rotation": 180, "texture": "#6"},
				"down": {"uv": [4, 0, 0, 0], "rotation": 180, "texture": "#6"}
			}
		},
		{
			"from": [4.71498, 4.29465, 4.96265],
			"to": [5.65498, 5.23465, 6.84265],
			"rotation": {"angle": 0, "axis": "y", "origin": [5.368, 4.39363, 5.08102]},
			"faces": {
				"north": {"uv": [0.75, 5.375, 0.5, 5.625], "rotation": 90, "texture": "#2"},
				"east": {"uv": [1.25, 5.875, 1, 5.375], "rotation": 90, "texture": "#2"},
				"south": {"uv": [0.75, 5.375, 0.5, 5.625], "rotation": 270, "texture": "#2"},
				"west": {"uv": [0.25, 5.875, 0, 5.375], "rotation": 270, "texture": "#2"},
				"up": {"uv": [0.5, 5.375, 0.25, 5.875], "texture": "#2"},
				"down": {"uv": [0.5, 5.875, 0.25, 5.375], "texture": "#2"}
			}
		},
		{
			"from": [4.80682, 4.38865, 4.42887],
			"to": [5.55882, 5.14065, 5.36887],
			"rotation": {"angle": 22.5, "axis": "y", "origin": [5.368, 4.39363, 5.08102]},
			"faces": {
				"north": {"uv": [0.75, 5.625, 0.5, 5.875], "rotation": 180, "texture": "#2"},
				"east": {"uv": [1.25, 5.625, 1.5, 5.375], "rotation": 270, "texture": "#2"},
				"south": {"uv": [0.75, 5.625, 0.5, 5.875], "texture": "#2"},
				"west": {"uv": [0.75, 6, 1, 5.75], "rotation": 90, "texture": "#2"},
				"up": {"uv": [1, 5.625, 0.75, 5.375], "rotation": 180, "texture": "#2"},
				"down": {"uv": [0.75, 5.625, 1, 5.375], "texture": "#2"}
			}
		},
		{
			"from": [4.98767, 4.57665, 4.0169],
			"to": [5.45767, 4.95265, 4.4869],
			"rotation": {"angle": 22.5, "axis": "y", "origin": [5.368, 4.39363, 5.08102]},
			"faces": {
				"north": {"uv": [0.875, 5.75, 0.75, 5.625], "rotation": 270, "texture": "#2"},
				"east": {"uv": [0.75, 5.625, 0.875, 5.75], "texture": "#2"},
				"south": {"uv": [0.875, 5.75, 0.75, 5.625], "rotation": 90, "texture": "#2"},
				"west": {"uv": [0.75, 5.625, 0.875, 5.75], "rotation": 180, "texture": "#2"},
				"up": {"uv": [0.75, 5.625, 0.875, 5.75], "rotation": 270, "texture": "#2"},
				"down": {"uv": [0.75, 5.625, 0.875, 5.75], "rotation": 90, "texture": "#2"}
			}
		},
		{
			"from": [4.71498, 4.29465, 9.15735],
			"to": [5.65498, 5.23465, 11.03735],
			"rotation": {"angle": 0, "axis": "y", "origin": [5.368, 4.39363, 10.91898]},
			"faces": {
				"north": {"uv": [0.75, 5.625, 0.5, 5.375], "rotation": 270, "texture": "#2"},
				"east": {"uv": [1.25, 5.375, 1, 5.875], "rotation": 90, "texture": "#2"},
				"south": {"uv": [0.75, 5.625, 0.5, 5.375], "rotation": 90, "texture": "#2"},
				"west": {"uv": [0.25, 5.375, 0, 5.875], "rotation": 270, "texture": "#2"},
				"up": {"uv": [0.5, 5.875, 0.25, 5.375], "texture": "#2"},
				"down": {"uv": [0.5, 5.375, 0.25, 5.875], "texture": "#2"}
			}
		},
		{
			"from": [4.80682, 4.38865, 10.63113],
			"to": [5.55882, 5.14065, 11.57113],
			"rotation": {"angle": -22.5, "axis": "y", "origin": [5.368, 4.39363, 10.91898]},
			"faces": {
				"north": {"uv": [0.5, 5.625, 0.75, 5.875], "texture": "#2"},
				"east": {"uv": [1.25, 5.375, 1.5, 5.625], "rotation": 270, "texture": "#2"},
				"south": {"uv": [0.5, 5.625, 0.75, 5.875], "rotation": 180, "texture": "#2"},
				"west": {"uv": [0.75, 5.75, 1, 6], "rotation": 90, "texture": "#2"},
				"up": {"uv": [1, 5.375, 0.75, 5.625], "rotation": 180, "texture": "#2"},
				"down": {"uv": [0.75, 5.375, 1, 5.625], "texture": "#2"}
			}
		},
		{
			"from": [4.98767, 4.57665, 11.5131],
			"to": [5.45767, 4.95265, 11.9831],
			"rotation": {"angle": -22.5, "axis": "y", "origin": [5.368, 4.39363, 10.91898]},
			"faces": {
				"north": {"uv": [0.875, 5.625, 0.75, 5.75], "rotation": 90, "texture": "#2"},
				"east": {"uv": [0.875, 5.625, 0.75, 5.75], "texture": "#2"},
				"south": {"uv": [0.875, 5.625, 0.75, 5.75], "rotation": 270, "texture": "#2"},
				"west": {"uv": [0.875, 5.625, 0.75, 5.75], "rotation": 180, "texture": "#2"},
				"up": {"uv": [0.875, 5.625, 0.75, 5.75], "rotation": 270, "texture": "#2"},
				"down": {"uv": [0.875, 5.625, 0.75, 5.75], "rotation": 90, "texture": "#2"}
			}
		},
		{
			"from": [5.75, 13.15, 5.9],
			"to": [8.75, 16.15, 9.9],
			"rotation": {"angle": 0, "axis": "y", "origin": [7, 14.75, 7.9]},
			"faces": {
				"north": {"uv": [3.875, 12.125, 3.125, 11.375], "rotation": 180, "texture": "#2"},
				"east": {"uv": [3, 10.625, 2.25, 9.625], "rotation": 270, "texture": "#2"},
				"south": {"uv": [3.875, 11.375, 3.125, 12.125], "texture": "#2"},
				"west": {"uv": [3, 10.625, 2.25, 9.625], "rotation": 90, "texture": "#2"},
				"up": {"uv": [0, 10.5, 0.75, 9.5], "texture": "#2"},
				"down": {"uv": [0, 10.5, 0.75, 9.5], "texture": "#2"}
			}
		},
		{
			"from": [5.25, 13.25, 6.9],
			"to": [5.75, 16.25, 8.9],
			"rotation": {"angle": 0, "axis": "y", "origin": [5.25, 14.75, 7.9]},
			"faces": {
				"north": {"uv": [0, 9.5, 0.75, 9.375], "rotation": 270, "texture": "#2"},
				"east": {"uv": [4.625, 11.875, 3.875, 11.375], "rotation": 270, "texture": "#2"},
				"south": {"uv": [0, 9.5, 0.75, 9.375], "rotation": 90, "texture": "#2"},
				"west": {"uv": [4.625, 11.875, 3.875, 11.375], "rotation": 90, "texture": "#2"},
				"up": {"uv": [0.625, 11, 0.75, 10.5], "texture": "#2"},
				"down": {"uv": [0.625, 11, 0.75, 10.5], "texture": "#2"}
			}
		},
		{
			"from": [8.75, 15.65, 6.9],
			"to": [9.25, 16.15, 7.4],
			"rotation": {"angle": 0, "axis": "y", "origin": [8.75, 16.15, 6.9]},
			"faces": {
				"north": {"uv": [5, 13.625, 5.125, 13.75], "rotation": 270, "texture": "#2"},
				"east": {"uv": [5, 13.625, 5.125, 13.75], "texture": "#2"},
				"south": {"uv": [5, 13.625, 5.125, 13.75], "rotation": 90, "texture": "#2"},
				"west": {"uv": [5, 13.625, 5.125, 13.75], "rotation": 180, "texture": "#2"},
				"up": {"uv": [5, 13.75, 5.125, 13.625], "rotation": 270, "texture": "#2"},
				"down": {"uv": [5, 13.75, 5.125, 13.625], "rotation": 270, "texture": "#2"}
			}
		},
		{
			"from": [8.75, 15.65, 8.4],
			"to": [9.25, 16.15, 8.9],
			"rotation": {"angle": 0, "axis": "y", "origin": [8.75, 16.15, 8.9]},
			"faces": {
				"north": {"uv": [4.875, 13.5, 5, 13.625], "rotation": 270, "texture": "#2"},
				"east": {"uv": [4.875, 13.5, 5, 13.625], "texture": "#2"},
				"south": {"uv": [4.875, 13.5, 5, 13.625], "rotation": 90, "texture": "#2"},
				"west": {"uv": [4.875, 13.5, 5, 13.625], "rotation": 180, "texture": "#2"},
				"up": {"uv": [4.875, 13.625, 5, 13.5], "rotation": 270, "texture": "#2"},
				"down": {"uv": [4.875, 13.625, 5, 13.5], "rotation": 270, "texture": "#2"}
			}
		},
		{
			"from": [8.65, 14.25, 5.9],
			"to": [10.65, 15.25, 6.9],
			"rotation": {"angle": -45, "axis": "y", "origin": [9.75, 14.75, 5.9]},
			"faces": {
				"north": {"uv": [2.5, 11.5, 2, 11.75], "texture": "#2"},
				"east": {"uv": [2, 9.875, 2.25, 9.625], "texture": "#2"},
				"south": {"uv": [2.5, 11.25, 2, 11.5], "rotation": 180, "texture": "#2"},
				"west": {"uv": [2.25, 9.625, 2.5, 9.375], "rotation": 180, "texture": "#2"},
				"up": {"uv": [2, 12, 2.5, 11.75], "texture": "#2"},
				"down": {"uv": [2.5, 11.75, 3, 11.5], "texture": "#2"}
			}
		},
		{
			"from": [9.5, 15.65, 6.9],
			"to": [10, 16.15, 7.4],
			"rotation": {"angle": 0, "axis": "y", "origin": [9.75, 16.15, 6.9]},
			"faces": {
				"north": {"uv": [5, 13.5, 5.125, 13.625], "rotation": 270, "texture": "#2"},
				"east": {"uv": [5, 13.5, 5.125, 13.625], "texture": "#2"},
				"south": {"uv": [5, 13.5, 5.125, 13.625], "rotation": 90, "texture": "#2"},
				"west": {"uv": [5, 13.5, 5.125, 13.625], "rotation": 180, "texture": "#2"},
				"up": {"uv": [5, 13.625, 5.125, 13.5], "rotation": 270, "texture": "#2"},
				"down": {"uv": [5, 13.625, 5.125, 13.5], "rotation": 270, "texture": "#2"}
			}
		},
		{
			"from": [10, 13.25, 6.9],
			"to": [10.5, 16.25, 8.9],
			"rotation": {"angle": 0, "axis": "y", "origin": [10.25, 14.75, 7.9]},
			"faces": {
				"north": {"uv": [3.125, 12.125, 3, 11.375], "rotation": 180, "texture": "#2"},
				"east": {"uv": [2, 10.875, 1.5, 11.625], "texture": "#2"},
				"south": {"uv": [3.125, 12.125, 3, 11.375], "texture": "#2"},
				"west": {"uv": [2, 11.25, 2.75, 10.75], "rotation": 90, "texture": "#2"},
				"up": {"uv": [1.125, 11, 0.625, 11.125], "rotation": 270, "texture": "#2"},
				"down": {"uv": [1.125, 11, 0.625, 11.125], "rotation": 270, "texture": "#2"}
			}
		},
		{
			"from": [8.65, 14.25, 8.9],
			"to": [10.65, 15.25, 9.9],
			"rotation": {"angle": 45, "axis": "y", "origin": [9.75, 14.75, 9.9]},
			"faces": {
				"north": {"uv": [2.5, 11.5, 2, 11.25], "texture": "#2"},
				"east": {"uv": [2.25, 9.875, 2, 9.625], "texture": "#2"},
				"south": {"uv": [2.5, 11.75, 2, 11.5], "rotation": 180, "texture": "#2"},
				"west": {"uv": [2.5, 9.625, 2.25, 9.375], "rotation": 180, "texture": "#2"},
				"up": {"uv": [2, 11.75, 2.5, 12], "texture": "#2"},
				"down": {"uv": [2.5, 11.5, 3, 11.75], "texture": "#2"}
			}
		},
		{
			"from": [9.5, 15.75, 8.4],
			"to": [10, 16.25, 8.9],
			"rotation": {"angle": 0, "axis": "y", "origin": [8.625, 15.375, 8.26036]},
			"faces": {
				"north": {"uv": [5, 13.625, 5.125, 13.75], "rotation": 270, "texture": "#2"},
				"east": {"uv": [5, 13.625, 5.125, 13.75], "texture": "#2"},
				"south": {"uv": [5, 13.625, 5.125, 13.75], "rotation": 90, "texture": "#2"},
				"west": {"uv": [5, 13.625, 5.125, 13.75], "rotation": 180, "texture": "#2"},
				"up": {"uv": [5, 13.75, 5.125, 13.625], "rotation": 270, "texture": "#2"},
				"down": {"uv": [5, 13.75, 5.125, 13.625], "rotation": 270, "texture": "#2"}
			}
		},
		{
			"from": [2.3, 16.2, 2],
			"to": [10.3, 16.2, 14],
			"rotation": {"angle": 0, "axis": "y", "origin": [2.9, 22.5, 24]},
			"faces": {
				"north": {"uv": [14, 3, 2, 11], "rotation": 90, "texture": "#3"},
				"east": {"uv": [0, 0, 2.25, 0], "rotation": 180, "texture": "#3"},
				"south": {"uv": [14, 3, 2, 11], "rotation": 270, "texture": "#3"},
				"west": {"uv": [0, 0, 2.25, 0], "texture": "#3"},
				"up": {"uv": [14, 3, 2, 11], "rotation": 270, "texture": "#3"},
				"down": {"uv": [14, 3, 2, 11], "rotation": 270, "texture": "#3"}
			}
		}
	],
	"gui_light": "front",
	"display": {
		"thirdperson_righthand": {
			"rotation": [0, 89, 0],
			"translation": [0, 4.75, 1.25],
			"scale": [0.7, 0.7, 0.7]
		},
		"thirdperson_lefthand": {
			"rotation": [0, -90, 0],
			"translation": [0, 4.75, 1.25],
			"scale": [0.7, 0.7, 0.7]
		},
		"firstperson_righthand": {
			"rotation": [110.94, 80, 170],
			"translation": [0.5, 5, 1.75],
			"scale": [0.5, 0.5, 0.5]
		},
		"firstperson_lefthand": {
			"rotation": [110.94, -80, -170],
			"translation": [0.5, 5, 1.75],
			"scale": [0.5, 0.5, 0.5]
		},
		"ground": {
			"rotation": [-5.6, 4.34, -64.49],
			"translation": [0, 4, 0],
			"scale": [0.5, 0.5, 0.5]
		},
		"gui": {
			"rotation": [0, 0, -38.75],
			"translation": [-0.75, 0.25, -2],
			"scale": [0.36, 0.36, 0.36]
		},
		"head": {
			"rotation": [-135.5, 0, 0],
			"translation": [0, 20.5, 4.75],
			"scale": [0, 0, 0]
		},
		"fixed": {
			"rotation": [-179.03, 0.22, 180],
			"translation": [2, 1.5, -9.75],
			"scale": [1.5, 1.5, 1.5]
		}
	},
	"groups": [
		{
			"name": "group",
			"origin": [10, 1.5, 8],
			"color": 0,
			"children": [0, 1, 2, 3, 4, 5, 6, 7]
		},
		{
			"name": "group",
			"origin": [0, 0, 0],
			"color": 0,
			"children": [8, 9, 10, 11, 12, 13, 14, 15, 16, 17, 18, 19, 20, 21, 22, 23]
		},
		{
			"name": "group",
			"origin": [0, -3, 0],
			"color": 0,
			"children": [24, 25, 26, 27]
		},
		{
			"name": "group",
			"origin": [0, -3, 0],
			"color": 0,
			"children": [28, 29, 30, 31]
		},
		{
			"name": "Horn",
			"origin": [5, 18.5, 4.5],
			"color": 0,
			"children": [
				32,
				33,
				34,
				35,
				36,
				37,
				38,
				39,
				40,
				{
					"name": "group",
					"origin": [3.7, 15.2, 3.2],
					"color": 0,
					"children": [41, 42, 43]
				},
				{
					"name": "group",
					"origin": [3.7, 15.2, 3.2],
					"color": 0,
					"children": [44, 45, 46]
				}
			]
		},
		{
			"name": "Horn",
			"origin": [5, 18.5, 4.5],
			"color": 0,
			"children": [
				47,
				48,
				49,
				50,
				51,
				52,
				53,
				54,
				55,
				{
					"name": "group",
					"origin": [3.7, 15.2, 3.2],
					"color": 0,
					"children": [
						56,
						57,
						58,
						{
							"name": "group",
							"origin": [3.7, 15.2, 3.2],
							"color": 0,
							"children": [59, 60, 61]
						}
					]
				}
			]
		},
		{
			"name": "group",
			"origin": [0, 0, 0],
			"color": 0,
			"children": [
				62,
				63,
				64,
				65,
				66,
				67,
				68,
				69,
				{
					"name": "group",
					"origin": [3.7, 15.2, 3.2],
					"color": 0,
					"children": [70, 71, 72]
				},
				{
					"name": "group",
					"origin": [3.7, 15.2, 3.2],
					"color": 0,
					"children": [73, 74, 75]
				}
			]
		},
		{
			"name": "Skull",
			"origin": [9.66036, 2.875, 3.125],
			"color": 0,
			"children": [
				76,
				77,
				78,
				79,
				{
					"name": "group",
					"origin": [8.36036, 13.125, 10.775],
					"color": 0,
					"children": [80, 81, 82, 83, 84]
				}
			]
		},
		85
	]
}