{
	"credit": "Made with Blockbench",
	"textures": {
		"0": "item/goblin_weapon_set/goblintex1",
		"2": "item/goblin_weapon_set/goblintex2",
		"3": "item/goblin_weapon_set/goblin_eye",
		"4": "item/goblin_weapon_set/green_line2_animation",
		"particle": "item/goblin_weapon_set/goblintex1"
	},
	"elements": [
		{
			"from": [0, -8, 13],
			"to": [16, 16, 15],
			"rotation": {"angle": 0, "axis": "y", "origin": [0, 0, 6]},
			"faces": {
				"north": {"uv": [12, 10, 16, 16], "texture": "#2"},
				"east": {"uv": [11.5, 10, 12, 16], "texture": "#2"},
				"south": {"uv": [12, 10, 16, 16], "texture": "#2"},
				"west": {"uv": [11.5, 10, 12, 16], "texture": "#2"},
				"up": {"uv": [12, 9.5, 16, 10], "texture": "#2"},
				"down": {"uv": [12, 9.5, 16, 10], "texture": "#2"}
			}
		},
		{
			"from": [-4, -2, 13],
			"to": [-2, 20, 15],
			"rotation": {"angle": 0, "axis": "y", "origin": [16, 0, 6]},
			"faces": {
				"north": {"uv": [10, 10.5, 10.5, 16], "texture": "#2"},
				"east": {"uv": [9.5, 10.5, 10, 16], "texture": "#2"},
				"south": {"uv": [10, 10.5, 10.5, 16], "texture": "#2"},
				"west": {"uv": [10, 10.5, 9.5, 16], "texture": "#2"},
				"up": {"uv": [10.5, 8.75, 11, 9.25], "texture": "#2"},
				"down": {"uv": [10.5, 8.75, 11, 9.25], "texture": "#2"}
			}
		},
		{
			"from": [18, -2, 13],
			"to": [20, 20, 15],
			"rotation": {"angle": 0, "axis": "y", "origin": [0, 0, 6]},
			"faces": {
				"north": {"uv": [10.5, 10.5, 10, 16], "texture": "#2"},
				"east": {"uv": [9.5, 10.5, 10, 16], "texture": "#2"},
				"south": {"uv": [10.5, 10.5, 10, 16], "texture": "#2"},
				"west": {"uv": [10, 10.5, 9.5, 16], "texture": "#2"},
				"up": {"uv": [11, 8.75, 10.5, 9.25], "texture": "#2"},
				"down": {"uv": [11, 8.75, 10.5, 9.25], "texture": "#2"}
			}
		},
		{
			"from": [14.5, 6.5, 12],
			"to": [17.5, 7.5, 14],
			"rotation": {"angle": 0, "axis": "y", "origin": [8, -3.5, 13]},
			"faces": {
				"north": {"uv": [5.5, 1.25, 5.75, 2], "rotation": 270, "texture": "#0"},
				"east": {"uv": [5.75, 1.25, 6, 1.75], "rotation": 90, "texture": "#0"},
				"south": {"uv": [5.5, 1.25, 5.75, 2], "rotation": 90, "texture": "#0"},
				"west": {"uv": [5.75, 1.25, 6, 1.75], "rotation": 90, "texture": "#0"},
				"up": {"uv": [5, 1.25, 5.5, 2], "rotation": 90, "texture": "#0"},
				"down": {"uv": [5, 1.25, 5.5, 2], "rotation": 90, "texture": "#0"}
			}
		},
		{
			"from": [17.5, 2.5, 12],
			"to": [18.5, 6.5, 14],
			"rotation": {"angle": 0, "axis": "y", "origin": [8, -3.5, 13]},
			"faces": {
				"north": {"uv": [5, 2.5, 6, 2.75], "rotation": 270, "texture": "#0"},
				"east": {"uv": [5, 2, 6, 2.5], "rotation": 90, "texture": "#0"},
				"south": {"uv": [5, 2.5, 6, 2.75], "rotation": 90, "texture": "#0"},
				"west": {"uv": [5, 2, 6, 2.5], "rotation": 90, "texture": "#0"},
				"up": {"uv": [5, 2.75, 5.5, 3], "rotation": 90, "texture": "#0"},
				"down": {"uv": [5, 2.75, 5.5, 3], "rotation": 90, "texture": "#0"}
			}
		},
		{
			"from": [14.5, 1.5, 12],
			"to": [17.5, 2.5, 14],
			"rotation": {"angle": 0, "axis": "y", "origin": [8, -3.5, 13]},
			"faces": {
				"north": {"uv": [5.75, 1.25, 5.5, 2], "rotation": 270, "texture": "#0"},
				"east": {"uv": [6, 1.25, 5.75, 1.75], "rotation": 90, "texture": "#0"},
				"south": {"uv": [5.75, 1.25, 5.5, 2], "rotation": 90, "texture": "#0"},
				"west": {"uv": [6, 1.25, 5.75, 1.75], "rotation": 90, "texture": "#0"},
				"up": {"uv": [5, 2, 5.5, 1.25], "rotation": 270, "texture": "#0"},
				"down": {"uv": [5, 2, 5.5, 1.25], "rotation": 270, "texture": "#0"}
			}
		},
		{
			"from": [-2.5, 2.5, 12],
			"to": [-1.5, 6.5, 14],
			"rotation": {"angle": 0, "axis": "y", "origin": [8, -3.5, 13]},
			"faces": {
				"north": {"uv": [5, 2.75, 6, 2.5], "rotation": 270, "texture": "#0"},
				"east": {"uv": [5, 2.5, 6, 2], "rotation": 90, "texture": "#0"},
				"south": {"uv": [5, 2.75, 6, 2.5], "rotation": 90, "texture": "#0"},
				"west": {"uv": [5, 2.5, 6, 2], "rotation": 90, "texture": "#0"},
				"up": {"uv": [5, 3, 5.5, 2.75], "rotation": 90, "texture": "#0"},
				"down": {"uv": [5, 3, 5.5, 2.75], "rotation": 90, "texture": "#0"}
			}
		},
		{
			"from": [-1.5, 6.5, 12],
			"to": [1.5, 7.5, 14],
			"rotation": {"angle": 0, "axis": "y", "origin": [8, -3.5, 13]},
			"faces": {
				"north": {"uv": [5.5, 2, 5.75, 1.25], "rotation": 270, "texture": "#0"},
				"east": {"uv": [5.75, 1.75, 6, 1.25], "rotation": 90, "texture": "#0"},
				"south": {"uv": [5.5, 2, 5.75, 1.25], "rotation": 90, "texture": "#0"},
				"west": {"uv": [5.75, 1.75, 6, 1.25], "rotation": 90, "texture": "#0"},
				"up": {"uv": [5, 2, 5.5, 1.25], "rotation": 90, "texture": "#0"},
				"down": {"uv": [5, 2, 5.5, 1.25], "rotation": 90, "texture": "#0"}
			}
		},
		{
			"from": [-1.5, 1.5, 12],
			"to": [1.5, 2.5, 14],
			"rotation": {"angle": 0, "axis": "y", "origin": [8, -3.5, 13]},
			"faces": {
				"north": {"uv": [5.75, 2, 5.5, 1.25], "rotation": 270, "texture": "#0"},
				"east": {"uv": [6, 1.75, 5.75, 1.25], "rotation": 90, "texture": "#0"},
				"south": {"uv": [5.75, 2, 5.5, 1.25], "rotation": 90, "texture": "#0"},
				"west": {"uv": [6, 1.75, 5.75, 1.25], "rotation": 90, "texture": "#0"},
				"up": {"uv": [5, 1.25, 5.5, 2], "rotation": 270, "texture": "#0"},
				"down": {"uv": [5, 1.25, 5.5, 2], "rotation": 270, "texture": "#0"}
			}
		},
		{
			"from": [16, -7, 13],
			"to": [18, 18, 15],
			"rotation": {"angle": 0, "axis": "y", "origin": [0, 0, 6]},
			"faces": {
				"north": {"uv": [11, 9.75, 11.5, 16], "texture": "#2"},
				"east": {"uv": [10.5, 9.75, 11, 16], "texture": "#2"},
				"south": {"uv": [11, 9.75, 11.5, 16], "texture": "#2"},
				"west": {"uv": [10.5, 9.75, 11, 16], "texture": "#2"},
				"up": {"uv": [11.5, 9.5, 12, 10], "texture": "#2"},
				"down": {"uv": [11.5, 9.5, 12, 10], "texture": "#2"}
			}
		},
		{
			"from": [-2, -7, 13],
			"to": [0, 18, 15],
			"rotation": {"angle": 0, "axis": "y", "origin": [16, 0, 6]},
			"faces": {
				"north": {"uv": [11.5, 9.75, 11, 16], "texture": "#2"},
				"east": {"uv": [11, 9.75, 10.5, 16], "texture": "#2"},
				"south": {"uv": [11.5, 9.75, 11, 16], "texture": "#2"},
				"west": {"uv": [11, 9.75, 10.5, 16], "texture": "#2"},
				"up": {"uv": [12, 9.5, 11.5, 10], "texture": "#2"},
				"down": {"uv": [12, 9.5, 11.5, 10], "texture": "#2"}
			}
		},
		{
			"from": [-4.1, -6, 11.75],
			"to": [3.9, -2, 15.75],
			"rotation": {"angle": 0, "axis": "y", "origin": [8, -2.25, 21.75]},
			"faces": {
				"north": {"uv": [3.5, 4.25, 4.5, 6.25], "rotation": 270, "texture": "#2"},
				"east": {"uv": [6.5, 1, 5.5, 0], "rotation": 270, "texture": "#2"},
				"south": {"uv": [4.5, 4.25, 3.5, 6.25], "rotation": 90, "texture": "#2"},
				"west": {"uv": [6.5, 1, 5.5, 0], "rotation": 270, "texture": "#2"},
				"up": {"uv": [4.5, 0, 5.5, 2], "rotation": 90, "texture": "#2"},
				"down": {"uv": [4.5, 0, 5.5, 2], "rotation": 90, "texture": "#2"}
			}
		},
		{
			"from": [-2, -5, 12],
			"to": [1, -3, 12],
			"rotation": {"angle": -45, "axis": "y", "origin": [2, -7, 14]},
			"faces": {
				"north": {"uv": [7.5, 4.625, 8.25, 4.125], "texture": "#2"},
				"east": {"uv": [0, 0.5, 0, 0], "texture": "#2"},
				"south": {"uv": [8.25, 4.625, 7.5, 4.125], "texture": "#2"},
				"west": {"uv": [0, 0.5, 0, 0], "texture": "#2"},
				"up": {"uv": [8.25, 4.125, 7.5, 4.125], "texture": "#2"},
				"down": {"uv": [8.25, 4.125, 7.5, 4.125], "texture": "#2"}
			}
		},
		{
			"from": [-4, -5, 14],
			"to": [-1, -3, 14],
			"rotation": {"angle": -45, "axis": "y", "origin": [2, -7, 14]},
			"faces": {
				"north": {"uv": [7.5, 4.625, 8.25, 4.125], "texture": "#2"},
				"east": {"uv": [0, 0.5, 0, 0], "texture": "#2"},
				"south": {"uv": [8.25, 4.625, 7.5, 4.125], "texture": "#2"},
				"west": {"uv": [0, 0.5, 0, 0], "texture": "#2"},
				"up": {"uv": [8.25, 4.125, 7.5, 4.125], "texture": "#2"},
				"down": {"uv": [8.25, 4.125, 7.5, 4.125], "texture": "#2"}
			}
		},
		{
			"from": [-6, -5, 16],
			"to": [-3, -3, 16],
			"rotation": {"angle": -45, "axis": "y", "origin": [2, -7, 14]},
			"faces": {
				"north": {"uv": [7.5, 4.625, 8.25, 4.125], "texture": "#2"},
				"east": {"uv": [0, 0.5, 0, 0], "texture": "#2"},
				"south": {"uv": [8.25, 4.625, 7.5, 4.125], "texture": "#2"},
				"west": {"uv": [0, 0.5, 0, 0], "texture": "#2"},
				"up": {"uv": [8.25, 4.125, 7.5, 4.125], "texture": "#2"},
				"down": {"uv": [8.25, 4.125, 7.5, 4.125], "texture": "#2"}
			}
		},
		{
			"from": [2, -1, 11],
			"to": [14, 11, 13],
			"rotation": {"angle": 0, "axis": "y", "origin": [0, 0, 6]},
			"faces": {
				"north": {"uv": [13, 13, 16, 16], "texture": "#0"},
				"east": {"uv": [12.5, 13, 13, 16], "texture": "#0"},
				"south": {"uv": [13, 13, 16, 16], "texture": "#0"},
				"west": {"uv": [12.5, 13, 13, 16], "texture": "#0"},
				"up": {"uv": [13, 12.5, 16, 13], "texture": "#0"},
				"down": {"uv": [13, 12.5, 16, 13], "texture": "#0"}
			}
		},
		{
			"from": [7, -3.5, 10.9],
			"to": [13, 3.5, 10.9],
			"rotation": {"angle": 45, "axis": "z", "origin": [7, 1, 10.9]},
			"faces": {
				"north": {"uv": [5.5, 4.5, 11.5, 11.5], "texture": "#4"},
				"east": {"uv": [2, 3, 2, 11], "texture": "#4"},
				"south": {"uv": [11.5, 4.5, 5.5, 11.5], "texture": "#4"},
				"west": {"uv": [2, 3, 2, 11], "texture": "#4"},
				"up": {"uv": [0.14063, 0, 0, 0], "rotation": 180, "texture": "#4"},
				"down": {"uv": [0.14063, 0, 0, 0], "rotation": 180, "texture": "#4"}
			}
		},
		{
			"from": [-2, 6.5, 10.9],
			"to": [4, 13.5, 10.9],
			"rotation": {"angle": 45, "axis": "z", "origin": [7, 15, 10.9]},
			"faces": {
				"north": {"uv": [5.5, 11.5, 11.5, 4.5], "texture": "#4"},
				"east": {"uv": [2, 11, 2, 3], "texture": "#4"},
				"south": {"uv": [11.5, 11.5, 5.5, 4.5], "texture": "#4"},
				"west": {"uv": [2, 11, 2, 3], "texture": "#4"},
				"up": {"uv": [0.14063, 0, 0, 0], "rotation": 180, "texture": "#4"},
				"down": {"uv": [0.14063, 0, 0, 0], "rotation": 180, "texture": "#4"}
			}
		},
		{
			"from": [20, 6.4, 11.9],
			"to": [24, 9.4, 11.9],
			"rotation": {"angle": 0, "axis": "y", "origin": [22, 7.5, 13]},
			"faces": {
				"north": {"uv": [7.5, 3, 6.5, 3.75], "texture": "#2"},
				"east": {"uv": [0, 0, 0, 0.75], "texture": "#2"},
				"south": {"uv": [6.5, 3, 7.5, 3.75], "texture": "#2"},
				"west": {"uv": [0, 0, 0, 0.75], "texture": "#2"},
				"up": {"uv": [1, 0, 0, 0], "texture": "#2"},
				"down": {"uv": [1, 0, 0, 0], "texture": "#2"}
			}
		},
		{
			"from": [20, 9, 12.4],
			"to": [24, 12, 12.4],
			"rotation": {"angle": 22.5, "axis": "x", "origin": [22, 10.5, 13]},
			"faces": {
				"north": {"uv": [7.5, 4.5, 6.5, 5.25], "texture": "#2"},
				"east": {"uv": [0, 0, 0, 0.75], "texture": "#2"},
				"south": {"uv": [6.5, 4.5, 7.5, 5.25], "texture": "#2"},
				"west": {"uv": [0, 0, 0, 0.75], "texture": "#2"},
				"up": {"uv": [1, 0, 0, 0], "texture": "#2"},
				"down": {"uv": [1, 0, 0, 0], "texture": "#2"}
			}
		},
		{
			"from": [8, -6, 12.4],
			"to": [12, -3, 12.4],
			"rotation": {"angle": 22.5, "axis": "x", "origin": [10, -4.5, 13]},
			"faces": {
				"north": {"uv": [7.5, 4.5, 6.5, 5.25], "texture": "#2"},
				"east": {"uv": [0, 0, 0, 0.75], "texture": "#2"},
				"south": {"uv": [6.5, 4.5, 7.5, 5.25], "texture": "#2"},
				"west": {"uv": [0, 0, 0, 0.75], "texture": "#2"},
				"up": {"uv": [1, 0, 0, 0], "texture": "#2"},
				"down": {"uv": [1, 0, 0, 0], "texture": "#2"}
			}
		},
		{
			"from": [8, -8.6, 11.9],
			"to": [12, -5.6, 11.9],
			"rotation": {"angle": 0, "axis": "y", "origin": [10, -7.5, 13]},
			"faces": {
				"north": {"uv": [7.5, 3, 6.5, 3.75], "texture": "#2"},
				"east": {"uv": [0, 0, 0, 0.75], "texture": "#2"},
				"south": {"uv": [6.5, 3, 7.5, 3.75], "texture": "#2"},
				"west": {"uv": [0, 0, 0, 0.75], "texture": "#2"},
				"up": {"uv": [1, 0, 0, 0], "texture": "#2"},
				"down": {"uv": [1, 0, 0, 0], "texture": "#2"}
			}
		},
		{
			"from": [4, -6, 12.4],
			"to": [8, -3, 12.4],
			"rotation": {"angle": 22.5, "axis": "x", "origin": [6, -4.5, 13]},
			"faces": {
				"north": {"uv": [7.5, 4.5, 6.5, 5.25], "texture": "#2"},
				"east": {"uv": [0, 0, 0, 0.75], "texture": "#2"},
				"south": {"uv": [6.5, 4.5, 7.5, 5.25], "texture": "#2"},
				"west": {"uv": [0, 0, 0, 0.75], "texture": "#2"},
				"up": {"uv": [1, 0, 0, 0], "texture": "#2"},
				"down": {"uv": [1, 0, 0, 0], "texture": "#2"}
			}
		},
		{
			"from": [4, -8.6, 11.9],
			"to": [8, -5.6, 11.9],
			"rotation": {"angle": 0, "axis": "y", "origin": [6, -7.5, 13]},
			"faces": {
				"north": {"uv": [7.5, 3, 6.5, 3.75], "texture": "#2"},
				"east": {"uv": [0, 0, 0, 0.75], "texture": "#2"},
				"south": {"uv": [6.5, 3, 7.5, 3.75], "texture": "#2"},
				"west": {"uv": [0, 0, 0, 0.75], "texture": "#2"},
				"up": {"uv": [1, 0, 0, 0], "texture": "#2"},
				"down": {"uv": [1, 0, 0, 0], "texture": "#2"}
			}
		},
		{
			"from": [-8, 9, 12.4],
			"to": [-4, 12, 12.4],
			"rotation": {"angle": 22.5, "axis": "x", "origin": [-6, 10.5, 13]},
			"faces": {
				"north": {"uv": [7.5, 4.5, 6.5, 5.25], "texture": "#2"},
				"east": {"uv": [0, 0, 0, 0.75], "texture": "#2"},
				"south": {"uv": [6.5, 4.5, 7.5, 5.25], "texture": "#2"},
				"west": {"uv": [0, 0, 0, 0.75], "texture": "#2"},
				"up": {"uv": [1, 0, 0, 0], "texture": "#2"},
				"down": {"uv": [1, 0, 0, 0], "texture": "#2"}
			}
		},
		{
			"from": [-8, 6.4, 11.9],
			"to": [-4, 9.4, 11.9],
			"rotation": {"angle": 0, "axis": "y", "origin": [-6, 7.5, 13]},
			"faces": {
				"north": {"uv": [7.5, 3, 6.5, 3.75], "texture": "#2"},
				"east": {"uv": [0, 0, 0, 0.75], "texture": "#2"},
				"south": {"uv": [6.5, 3, 7.5, 3.75], "texture": "#2"},
				"west": {"uv": [0, 0, 0, 0.75], "texture": "#2"},
				"up": {"uv": [1, 0, 0, 0], "texture": "#2"},
				"down": {"uv": [1, 0, 0, 0], "texture": "#2"}
			}
		},
		{
			"from": [1, 0, 11],
			"to": [2, 10, 13],
			"rotation": {"angle": 0, "axis": "y", "origin": [0, 0, 6]},
			"faces": {
				"north": {"uv": [12.25, 13.5, 12.5, 16], "texture": "#0"},
				"east": {"uv": [11.75, 13.5, 12.25, 16], "texture": "#0"},
				"south": {"uv": [12.25, 13.5, 12.5, 16], "texture": "#0"},
				"west": {"uv": [11.75, 13.5, 12.25, 16], "texture": "#0"},
				"up": {"uv": [12, 13.25, 12.5, 13.5], "rotation": 90, "texture": "#0"},
				"down": {"uv": [12, 13.25, 12.5, 13.5], "rotation": 90, "texture": "#0"}
			}
		},
		{
			"from": [0, 1, 11],
			"to": [1, 9, 13],
			"rotation": {"angle": 0, "axis": "y", "origin": [0, 0, 6]},
			"faces": {
				"north": {"uv": [11.5, 14, 11.75, 16], "texture": "#0"},
				"east": {"uv": [11, 14, 11.5, 16], "texture": "#0"},
				"south": {"uv": [11.625, 14, 11.875, 16], "texture": "#0"},
				"west": {"uv": [11, 14, 11.5, 16], "texture": "#0"},
				"up": {"uv": [12, 13, 12.5, 13.25], "rotation": 90, "texture": "#0"},
				"down": {"uv": [12, 13, 12.5, 13.25], "rotation": 90, "texture": "#0"}
			}
		},
		{
			"from": [4, 12, 11],
			"to": [12, 13, 13],
			"rotation": {"angle": 0, "axis": "y", "origin": [0, 0, 6]},
			"faces": {
				"north": {"uv": [11.5, 14, 11.75, 16], "rotation": 270, "texture": "#0"},
				"east": {"uv": [12, 13, 12.5, 13.25], "rotation": 180, "texture": "#0"},
				"south": {"uv": [11.625, 14, 11.875, 16], "rotation": 90, "texture": "#0"},
				"west": {"uv": [12, 13, 12.5, 13.25], "rotation": 180, "texture": "#0"},
				"up": {"uv": [11, 14, 11.5, 16], "rotation": 90, "texture": "#0"},
				"down": {"uv": [11, 14, 11.5, 16], "rotation": 90, "texture": "#0"}
			}
		},
		{
			"from": [3, 11, 11],
			"to": [13, 12, 13],
			"rotation": {"angle": 0, "axis": "y", "origin": [0, 0, 6]},
			"faces": {
				"north": {"uv": [12.25, 13.5, 12.5, 16], "rotation": 270, "texture": "#0"},
				"east": {"uv": [12, 13.25, 12.5, 13.5], "rotation": 180, "texture": "#0"},
				"south": {"uv": [12.25, 13.5, 12.5, 16], "rotation": 90, "texture": "#0"},
				"west": {"uv": [12, 13.25, 12.5, 13.5], "rotation": 180, "texture": "#0"},
				"up": {"uv": [11.75, 13.5, 12.25, 16], "rotation": 90, "texture": "#0"},
				"down": {"uv": [11.75, 13.5, 12.25, 16], "rotation": 90, "texture": "#0"}
			}
		},
		{
			"from": [4, -3, 11],
			"to": [12, -2, 13],
			"rotation": {"angle": 0, "axis": "y", "origin": [0, 16, 6]},
			"faces": {
				"north": {"uv": [11.75, 14, 11.5, 16], "rotation": 270, "texture": "#0"},
				"east": {"uv": [12, 13.25, 12.5, 13], "rotation": 180, "texture": "#0"},
				"south": {"uv": [11.875, 14, 11.625, 16], "rotation": 90, "texture": "#0"},
				"west": {"uv": [12, 13.25, 12.5, 13], "rotation": 180, "texture": "#0"},
				"up": {"uv": [11.5, 14, 11, 16], "rotation": 90, "texture": "#0"},
				"down": {"uv": [11.5, 14, 11, 16], "rotation": 90, "texture": "#0"}
			}
		},
		{
			"from": [3, -2, 11],
			"to": [13, -1, 13],
			"rotation": {"angle": 0, "axis": "y", "origin": [0, 16, 6]},
			"faces": {
				"north": {"uv": [12.5, 13.5, 12.25, 16], "rotation": 270, "texture": "#0"},
				"east": {"uv": [12, 13.5, 12.5, 13.25], "rotation": 180, "texture": "#0"},
				"south": {"uv": [12.5, 13.5, 12.25, 16], "rotation": 90, "texture": "#0"},
				"west": {"uv": [12, 13.5, 12.5, 13.25], "rotation": 180, "texture": "#0"},
				"up": {"uv": [12.25, 13.5, 11.75, 16], "rotation": 90, "texture": "#0"},
				"down": {"uv": [12.25, 13.5, 11.75, 16], "rotation": 90, "texture": "#0"}
			}
		},
		{
			"from": [15, 1, 11],
			"to": [16, 9, 13],
			"rotation": {"angle": 0, "axis": "y", "origin": [16, 0, 6]},
			"faces": {
				"north": {"uv": [11.75, 14, 11.5, 16], "texture": "#0"},
				"east": {"uv": [11.5, 14, 11, 16], "texture": "#0"},
				"south": {"uv": [11.875, 14, 11.625, 16], "texture": "#0"},
				"west": {"uv": [11.5, 14, 11, 16], "texture": "#0"},
				"up": {"uv": [12, 13.25, 12.5, 13], "rotation": 90, "texture": "#0"},
				"down": {"uv": [12, 13.25, 12.5, 13], "rotation": 90, "texture": "#0"}
			}
		},
		{
			"from": [14, 0, 11],
			"to": [15, 10, 13],
			"rotation": {"angle": 0, "axis": "y", "origin": [16, 0, 6]},
			"faces": {
				"north": {"uv": [12.5, 13.5, 12.25, 16], "texture": "#0"},
				"east": {"uv": [12.25, 13.5, 11.75, 16], "texture": "#0"},
				"south": {"uv": [12.5, 13.5, 12.25, 16], "texture": "#0"},
				"west": {"uv": [12.25, 13.5, 11.75, 16], "texture": "#0"},
				"up": {"uv": [12, 13.5, 12.5, 13.25], "rotation": 90, "texture": "#0"},
				"down": {"uv": [12, 13.5, 12.5, 13.25], "rotation": 90, "texture": "#0"}
			}
		},
		{
			"from": [12.1, -6, 11.75],
			"to": [20.1, -2, 15.75],
			"rotation": {"angle": 0, "axis": "y", "origin": [8, -2.25, 21.75]},
			"faces": {
				"north": {"uv": [3.5, 6.25, 4.5, 4.25], "rotation": 270, "texture": "#2"},
				"east": {"uv": [6.5, 0, 5.5, 1], "rotation": 270, "texture": "#2"},
				"south": {"uv": [4.5, 6.25, 3.5, 4.25], "rotation": 90, "texture": "#2"},
				"west": {"uv": [6.5, 0, 5.5, 1], "rotation": 270, "texture": "#2"},
				"up": {"uv": [4.5, 2, 5.5, 0], "rotation": 90, "texture": "#2"},
				"down": {"uv": [4.5, 2, 5.5, 0], "rotation": 90, "texture": "#2"}
			}
		},
		{
			"from": [15, -5, 12],
			"to": [18, -3, 12],
			"rotation": {"angle": 45, "axis": "y", "origin": [14, -7, 14]},
			"faces": {
				"north": {"uv": [8.25, 4.625, 7.5, 4.125], "texture": "#2"},
				"east": {"uv": [0, 0.5, 0, 0], "texture": "#2"},
				"south": {"uv": [7.5, 4.625, 8.25, 4.125], "texture": "#2"},
				"west": {"uv": [0, 0.5, 0, 0], "texture": "#2"},
				"up": {"uv": [7.5, 4.125, 8.25, 4.125], "texture": "#2"},
				"down": {"uv": [7.5, 4.125, 8.25, 4.125], "texture": "#2"}
			}
		},
		{
			"from": [17, -5, 14],
			"to": [20, -3, 14],
			"rotation": {"angle": 45, "axis": "y", "origin": [14, -7, 14]},
			"faces": {
				"north": {"uv": [8.25, 4.625, 7.5, 4.125], "texture": "#2"},
				"east": {"uv": [0, 0.5, 0, 0], "texture": "#2"},
				"south": {"uv": [7.5, 4.625, 8.25, 4.125], "texture": "#2"},
				"west": {"uv": [0, 0.5, 0, 0], "texture": "#2"},
				"up": {"uv": [7.5, 4.125, 8.25, 4.125], "texture": "#2"},
				"down": {"uv": [7.5, 4.125, 8.25, 4.125], "texture": "#2"}
			}
		},
		{
			"from": [19, -5, 16],
			"to": [22, -3, 16],
			"rotation": {"angle": 45, "axis": "y", "origin": [14, -7, 14]},
			"faces": {
				"north": {"uv": [8.25, 4.625, 7.5, 4.125], "texture": "#2"},
				"east": {"uv": [0, 0.5, 0, 0], "texture": "#2"},
				"south": {"uv": [7.5, 4.625, 8.25, 4.125], "texture": "#2"},
				"west": {"uv": [0, 0.5, 0, 0], "texture": "#2"},
				"up": {"uv": [7.5, 4.125, 8.25, 4.125], "texture": "#2"},
				"down": {"uv": [7.5, 4.125, 8.25, 4.125], "texture": "#2"}
			}
		},
		{
			"from": [-6, 12, 16],
			"to": [-3, 14, 16],
			"rotation": {"angle": -45, "axis": "y", "origin": [2, 16, 14]},
			"faces": {
				"north": {"uv": [7.5, 4.125, 8.25, 4.625], "texture": "#2"},
				"east": {"uv": [0, 0, 0, 0.5], "texture": "#2"},
				"south": {"uv": [8.25, 4.125, 7.5, 4.625], "texture": "#2"},
				"west": {"uv": [0, 0, 0, 0.5], "texture": "#2"},
				"up": {"uv": [8.25, 4.125, 7.5, 4.125], "texture": "#2"},
				"down": {"uv": [8.25, 4.125, 7.5, 4.125], "texture": "#2"}
			}
		},
		{
			"from": [12.1, 12, 12.75],
			"to": [25.1, 14, 14.75],
			"rotation": {"angle": 0, "axis": "y", "origin": [8, 11.25, 21.75]},
			"faces": {
				"north": {"uv": [0.5, 7.25, 1, 4], "rotation": 90, "texture": "#2"},
				"east": {"uv": [6.5, 6.25, 7, 5.75], "rotation": 270, "texture": "#2"},
				"south": {"uv": [1, 4, 0.5, 7.25], "rotation": 90, "texture": "#2"},
				"west": {"uv": [13, 10.5, 13.5, 11], "rotation": 270, "texture": "#2"},
				"up": {"uv": [1.5, 4, 1, 7.25], "rotation": 90, "texture": "#2"},
				"down": {"uv": [1.5, 4, 1, 7.25], "rotation": 90, "texture": "#2"}
			}
		},
		{
			"from": [12.1, 11, 11.75],
			"to": [20.1, 15, 15.75],
			"rotation": {"angle": 0, "axis": "y", "origin": [8, 11.25, 21.75]},
			"faces": {
				"north": {"uv": [4.5, 6.25, 3.5, 4.25], "rotation": 270, "texture": "#2"},
				"east": {"uv": [5.5, 0, 6.5, 1], "rotation": 270, "texture": "#2"},
				"south": {"uv": [3.5, 6.25, 4.5, 4.25], "rotation": 90, "texture": "#2"},
				"west": {"uv": [5.5, 0, 6.5, 1], "rotation": 270, "texture": "#2"},
				"up": {"uv": [5.5, 2, 4.5, 0], "rotation": 90, "texture": "#2"},
				"down": {"uv": [5.5, 2, 4.5, 0], "rotation": 90, "texture": "#2"}
			}
		},
		{
			"from": [-4.1, 11, 11.75],
			"to": [3.9, 15, 15.75],
			"rotation": {"angle": 0, "axis": "y", "origin": [8, 11.25, 21.75]},
			"faces": {
				"north": {"uv": [4.5, 4.25, 3.5, 6.25], "rotation": 270, "texture": "#2"},
				"east": {"uv": [5.5, 1, 6.5, 0], "rotation": 270, "texture": "#2"},
				"south": {"uv": [3.5, 4.25, 4.5, 6.25], "rotation": 90, "texture": "#2"},
				"west": {"uv": [5.5, 1, 6.5, 0], "rotation": 270, "texture": "#2"},
				"up": {"uv": [5.5, 0, 4.5, 2], "rotation": 90, "texture": "#2"},
				"down": {"uv": [5.5, 0, 4.5, 2], "rotation": 90, "texture": "#2"}
			}
		},
		{
			"from": [-9.1, 12, 12.75],
			"to": [3.9, 14, 14.75],
			"rotation": {"angle": 0, "axis": "y", "origin": [8, 11.25, 21.75]},
			"faces": {
				"north": {"uv": [0.5, 4, 1, 7.25], "rotation": 90, "texture": "#2"},
				"east": {"uv": [13, 11, 13.5, 10.5], "rotation": 270, "texture": "#2"},
				"south": {"uv": [1, 7.25, 0.5, 4], "rotation": 90, "texture": "#2"},
				"west": {"uv": [6.5, 5.75, 7, 6.25], "rotation": 270, "texture": "#2"},
				"up": {"uv": [1.5, 7.25, 1, 4], "rotation": 90, "texture": "#2"},
				"down": {"uv": [1.5, 7.25, 1, 4], "rotation": 90, "texture": "#2"}
			}
		},
		{
			"from": [17, 12, 14],
			"to": [20, 14, 14],
			"rotation": {"angle": 45, "axis": "y", "origin": [14, 16, 14]},
			"faces": {
				"north": {"uv": [8.25, 4.125, 7.5, 4.625], "texture": "#2"},
				"east": {"uv": [0, 0, 0, 0.5], "texture": "#2"},
				"south": {"uv": [7.5, 4.125, 8.25, 4.625], "texture": "#2"},
				"west": {"uv": [0, 0, 0, 0.5], "texture": "#2"},
				"up": {"uv": [7.5, 4.125, 8.25, 4.125], "texture": "#2"},
				"down": {"uv": [7.5, 4.125, 8.25, 4.125], "texture": "#2"}
			}
		},
		{
			"from": [19, 12, 16],
			"to": [22, 14, 16],
			"rotation": {"angle": 45, "axis": "y", "origin": [14, 16, 14]},
			"faces": {
				"north": {"uv": [8.25, 4.125, 7.5, 4.625], "texture": "#2"},
				"east": {"uv": [0, 0, 0, 0.5], "texture": "#2"},
				"south": {"uv": [7.5, 4.125, 8.25, 4.625], "texture": "#2"},
				"west": {"uv": [0, 0, 0, 0.5], "texture": "#2"},
				"up": {"uv": [7.5, 4.125, 8.25, 4.125], "texture": "#2"},
				"down": {"uv": [7.5, 4.125, 8.25, 4.125], "texture": "#2"}
			}
		},
		{
			"from": [15, 12, 12],
			"to": [18, 14, 12],
			"rotation": {"angle": 45, "axis": "y", "origin": [14, 16, 14]},
			"faces": {
				"north": {"uv": [8.25, 4.125, 7.5, 4.625], "texture": "#2"},
				"east": {"uv": [0, 0, 0, 0.5], "texture": "#2"},
				"south": {"uv": [7.5, 4.125, 8.25, 4.625], "texture": "#2"},
				"west": {"uv": [0, 0, 0, 0.5], "texture": "#2"},
				"up": {"uv": [7.5, 4.125, 8.25, 4.125], "texture": "#2"},
				"down": {"uv": [7.5, 4.125, 8.25, 4.125], "texture": "#2"}
			}
		},
		{
			"from": [-4, 12, 14],
			"to": [-1, 14, 14],
			"rotation": {"angle": -45, "axis": "y", "origin": [2, 16, 14]},
			"faces": {
				"north": {"uv": [7.5, 4.125, 8.25, 4.625], "texture": "#2"},
				"east": {"uv": [0, 0, 0, 0.5], "texture": "#2"},
				"south": {"uv": [8.25, 4.125, 7.5, 4.625], "texture": "#2"},
				"west": {"uv": [0, 0, 0, 0.5], "texture": "#2"},
				"up": {"uv": [8.25, 4.125, 7.5, 4.125], "texture": "#2"},
				"down": {"uv": [8.25, 4.125, 7.5, 4.125], "texture": "#2"}
			}
		},
		{
			"from": [-2, 12, 12],
			"to": [1, 14, 12],
			"rotation": {"angle": -45, "axis": "y", "origin": [2, 16, 14]},
			"faces": {
				"north": {"uv": [7.5, 4.125, 8.25, 4.625], "texture": "#2"},
				"east": {"uv": [0, 0, 0, 0.5], "texture": "#2"},
				"south": {"uv": [8.25, 4.125, 7.5, 4.625], "texture": "#2"},
				"west": {"uv": [0, 0, 0, 0.5], "texture": "#2"},
				"up": {"uv": [8.25, 4.125, 7.5, 4.125], "texture": "#2"},
				"down": {"uv": [8.25, 4.125, 7.5, 4.125], "texture": "#2"}
			}
		},
		{
			"from": [2, -10, 13.2],
			"to": [3, -8, 14.2],
			"rotation": {"angle": 0, "axis": "y", "origin": [-0.4, -11.2, 11.2]},
			"faces": {
				"north": {"uv": [8.5, 7.5, 8.25, 7], "rotation": 180, "texture": "#0"},
				"east": {"uv": [8.25, 7, 8, 7.5], "rotation": 180, "texture": "#0"},
				"south": {"uv": [8.5, 7.75, 8, 7.5], "rotation": 90, "texture": "#0"},
				"west": {"uv": [8.25, 7.5, 8, 7], "texture": "#0"},
				"up": {"uv": [8.75, 7.25, 8.5, 7], "rotation": 180, "texture": "#0"},
				"down": {"uv": [8.75, 7.25, 8.5, 7], "texture": "#0"}
			}
		},
		{
			"from": [2.1, -11.7, 13.6],
			"to": [2.9, -10.7, 14.4],
			"rotation": {"angle": -22.5, "axis": "x", "origin": [-0.3, -11.2, 11.2]},
			"faces": {
				"north": {"uv": [9, 7.25, 8.75, 7], "texture": "#0"},
				"east": {"uv": [9, 7.25, 8.75, 7.5], "rotation": 180, "texture": "#0"},
				"south": {"uv": [8.75, 7.25, 8.5, 7.5], "rotation": 90, "texture": "#0"},
				"west": {"uv": [8.75, 7.25, 9, 7.5], "rotation": 180, "texture": "#0"},
				"up": {"uv": [8.75, 7.5, 8.5, 7.25], "rotation": 90, "texture": "#0"},
				"down": {"uv": [8.75, 7.5, 8.5, 7.25], "rotation": 270, "texture": "#0"}
			}
		},
		{
			"from": [2.3, -12.1, 13.8],
			"to": [2.7, -11.6, 14.3],
			"rotation": {"angle": -22.5, "axis": "x", "origin": [-0.3, -11.2, 11.3]},
			"faces": {
				"north": {"uv": [9.125, 7.25, 9, 7.125], "rotation": 90, "texture": "#0"},
				"east": {"uv": [9.125, 7, 9.25, 7.125], "rotation": 90, "texture": "#0"},
				"south": {"uv": [9.125, 7.25, 9, 7.125], "rotation": 90, "texture": "#0"},
				"west": {"uv": [9.125, 7, 9.25, 7.125], "rotation": 270, "texture": "#0"},
				"up": {"uv": [9.125, 7.125, 9, 7], "rotation": 180, "texture": "#0"},
				"down": {"uv": [9.125, 7.125, 9, 7], "texture": "#0"}
			}
		},
		{
			"from": [6, -10, 13.2],
			"to": [7, -8, 14.2],
			"rotation": {"angle": 0, "axis": "y", "origin": [3.6, -11.2, 11.2]},
			"faces": {
				"north": {"uv": [8.5, 7.5, 8.25, 7], "rotation": 180, "texture": "#0"},
				"east": {"uv": [8.25, 7, 8, 7.5], "rotation": 180, "texture": "#0"},
				"south": {"uv": [8.5, 7.75, 8, 7.5], "rotation": 90, "texture": "#0"},
				"west": {"uv": [8.25, 7.5, 8, 7], "texture": "#0"},
				"up": {"uv": [8.75, 7.25, 8.5, 7], "rotation": 180, "texture": "#0"},
				"down": {"uv": [8.75, 7.25, 8.5, 7], "texture": "#0"}
			}
		},
		{
			"from": [6.1, -11.7, 13.6],
			"to": [6.9, -10.7, 14.4],
			"rotation": {"angle": -22.5, "axis": "x", "origin": [3.7, -11.2, 11.2]},
			"faces": {
				"north": {"uv": [9, 7.25, 8.75, 7], "texture": "#0"},
				"east": {"uv": [9, 7.25, 8.75, 7.5], "rotation": 180, "texture": "#0"},
				"south": {"uv": [8.75, 7.25, 8.5, 7.5], "rotation": 90, "texture": "#0"},
				"west": {"uv": [8.75, 7.25, 9, 7.5], "rotation": 180, "texture": "#0"},
				"up": {"uv": [8.75, 7.5, 8.5, 7.25], "rotation": 90, "texture": "#0"},
				"down": {"uv": [8.75, 7.5, 8.5, 7.25], "rotation": 270, "texture": "#0"}
			}
		},
		{
			"from": [6.3, -12.1, 13.8],
			"to": [6.7, -11.6, 14.3],
			"rotation": {"angle": -22.5, "axis": "x", "origin": [3.7, -11.2, 11.3]},
			"faces": {
				"north": {"uv": [9.125, 7.25, 9, 7.125], "rotation": 90, "texture": "#0"},
				"east": {"uv": [9.125, 7, 9.25, 7.125], "rotation": 90, "texture": "#0"},
				"south": {"uv": [9.125, 7.25, 9, 7.125], "rotation": 90, "texture": "#0"},
				"west": {"uv": [9.125, 7, 9.25, 7.125], "rotation": 270, "texture": "#0"},
				"up": {"uv": [9.125, 7.125, 9, 7], "rotation": 180, "texture": "#0"},
				"down": {"uv": [9.125, 7.125, 9, 7], "texture": "#0"}
			}
		},
		{
			"from": [13, -10, 13.2],
			"to": [14, -8, 14.2],
			"rotation": {"angle": 0, "axis": "y", "origin": [10.6, -11.2, 11.2]},
			"faces": {
				"north": {"uv": [8.5, 7.5, 8.25, 7], "rotation": 180, "texture": "#0"},
				"east": {"uv": [8.25, 7, 8, 7.5], "rotation": 180, "texture": "#0"},
				"south": {"uv": [8.5, 7.75, 8, 7.5], "rotation": 90, "texture": "#0"},
				"west": {"uv": [8.25, 7.5, 8, 7], "texture": "#0"},
				"up": {"uv": [8.75, 7.25, 8.5, 7], "rotation": 180, "texture": "#0"},
				"down": {"uv": [8.75, 7.25, 8.5, 7], "texture": "#0"}
			}
		},
		{
			"from": [13.1, -11.7, 13.6],
			"to": [13.9, -10.7, 14.4],
			"rotation": {"angle": -22.5, "axis": "x", "origin": [10.7, -11.2, 11.2]},
			"faces": {
				"north": {"uv": [9, 7.25, 8.75, 7], "texture": "#0"},
				"east": {"uv": [9, 7.25, 8.75, 7.5], "rotation": 180, "texture": "#0"},
				"south": {"uv": [8.75, 7.25, 8.5, 7.5], "rotation": 90, "texture": "#0"},
				"west": {"uv": [8.75, 7.25, 9, 7.5], "rotation": 180, "texture": "#0"},
				"up": {"uv": [8.75, 7.5, 8.5, 7.25], "rotation": 90, "texture": "#0"},
				"down": {"uv": [8.75, 7.5, 8.5, 7.25], "rotation": 270, "texture": "#0"}
			}
		},
		{
			"from": [13.3, -12.1, 13.8],
			"to": [13.7, -11.6, 14.3],
			"rotation": {"angle": -22.5, "axis": "x", "origin": [10.7, -11.2, 11.3]},
			"faces": {
				"north": {"uv": [9.125, 7.25, 9, 7.125], "rotation": 90, "texture": "#0"},
				"east": {"uv": [9.125, 7, 9.25, 7.125], "rotation": 90, "texture": "#0"},
				"south": {"uv": [9.125, 7.25, 9, 7.125], "rotation": 90, "texture": "#0"},
				"west": {"uv": [9.125, 7, 9.25, 7.125], "rotation": 270, "texture": "#0"},
				"up": {"uv": [9.125, 7.125, 9, 7], "rotation": 180, "texture": "#0"},
				"down": {"uv": [9.125, 7.125, 9, 7], "texture": "#0"}
			}
		},
		{
			"from": [9, -10, 13.2],
			"to": [10, -8, 14.2],
			"rotation": {"angle": 0, "axis": "y", "origin": [6.6, -11.2, 11.2]},
			"faces": {
				"north": {"uv": [8.5, 7.5, 8.25, 7], "rotation": 180, "texture": "#0"},
				"east": {"uv": [8.25, 7, 8, 7.5], "rotation": 180, "texture": "#0"},
				"south": {"uv": [8.5, 7.75, 8, 7.5], "rotation": 90, "texture": "#0"},
				"west": {"uv": [8.25, 7.5, 8, 7], "texture": "#0"},
				"up": {"uv": [8.75, 7.25, 8.5, 7], "rotation": 180, "texture": "#0"},
				"down": {"uv": [8.75, 7.25, 8.5, 7], "texture": "#0"}
			}
		},
		{
			"from": [9.1, -11.7, 13.6],
			"to": [9.9, -10.7, 14.4],
			"rotation": {"angle": -22.5, "axis": "x", "origin": [6.7, -11.2, 11.2]},
			"faces": {
				"north": {"uv": [9, 7.25, 8.75, 7], "texture": "#0"},
				"east": {"uv": [9, 7.25, 8.75, 7.5], "rotation": 180, "texture": "#0"},
				"south": {"uv": [8.75, 7.25, 8.5, 7.5], "rotation": 90, "texture": "#0"},
				"west": {"uv": [8.75, 7.25, 9, 7.5], "rotation": 180, "texture": "#0"},
				"up": {"uv": [8.75, 7.5, 8.5, 7.25], "rotation": 90, "texture": "#0"},
				"down": {"uv": [8.75, 7.5, 8.5, 7.25], "rotation": 270, "texture": "#0"}
			}
		},
		{
			"from": [9.3, -12.1, 13.8],
			"to": [9.7, -11.6, 14.3],
			"rotation": {"angle": -22.5, "axis": "x", "origin": [6.7, -11.2, 11.3]},
			"faces": {
				"north": {"uv": [9.125, 7.25, 9, 7.125], "rotation": 90, "texture": "#0"},
				"east": {"uv": [9.125, 7, 9.25, 7.125], "rotation": 90, "texture": "#0"},
				"south": {"uv": [9.125, 7.25, 9, 7.125], "rotation": 90, "texture": "#0"},
				"west": {"uv": [9.125, 7, 9.25, 7.125], "rotation": 270, "texture": "#0"},
				"up": {"uv": [9.125, 7.125, 9, 7], "rotation": 180, "texture": "#0"},
				"down": {"uv": [9.125, 7.125, 9, 7], "texture": "#0"}
			}
		},
		{
			"from": [7.5, -1, 12],
			"to": [8.5, 11, 13],
			"rotation": {"angle": -45, "axis": "x", "origin": [0, 0, 6]},
			"faces": {
				"north": {"uv": [7.5, 11.75, 7.75, 14.75], "texture": "#0"},
				"east": {"uv": [7.75, 11.75, 8, 14.75], "texture": "#0"},
				"south": {"uv": [7.5, 11.75, 7.75, 14.75], "texture": "#0"},
				"west": {"uv": [8, 11.75, 7.75, 14.75], "texture": "#0"},
				"up": {"uv": [0, 0, 0.25, 0.25], "rotation": 90, "texture": "#0"},
				"down": {"uv": [0, 0, 0.25, 0.25], "rotation": 270, "texture": "#0"}
			}
		},
		{
			"from": [8, -4, 11],
			"to": [8, 0, 14],
			"rotation": {"angle": -45, "axis": "x", "origin": [0, 0, 6]},
			"faces": {
				"north": {"uv": [0, 0, 0, 1], "texture": "#0"},
				"east": {"uv": [2, 5, 2.75, 6], "texture": "#0"},
				"south": {"uv": [0, 0, 0, 1], "texture": "#0"},
				"west": {"uv": [2, 5, 2.75, 6], "texture": "#0"},
				"up": {"uv": [0, 0, 0.75, 0], "rotation": 90, "texture": "#0"},
				"down": {"uv": [0, 0, 0.75, 0], "rotation": 270, "texture": "#0"}
			}
		},
		{
			"from": [8, 10, 10],
			"to": [8, 14, 15],
			"rotation": {"angle": -45, "axis": "x", "origin": [0, 0, 6]},
			"faces": {
				"north": {"uv": [0, 0, 0, 1], "texture": "#0"},
				"east": {"uv": [2.75, 5, 4, 6], "texture": "#0"},
				"south": {"uv": [0, 0, 0, 1], "texture": "#0"},
				"west": {"uv": [2.75, 5, 4, 6], "texture": "#0"},
				"up": {"uv": [0, 0, 1.25, 0], "rotation": 90, "texture": "#0"},
				"down": {"uv": [0, 0, 1.25, 0], "rotation": 270, "texture": "#0"}
			}
		},
		{
			"from": [-1.32923, 16.17077, 12],
			"to": [2.67077, 18.17077, 13],
			"rotation": {"angle": 0, "axis": "y", "origin": [1.84713, 17.32364, 12.25]},
			"faces": {
				"north": {"uv": [0, 4.125, 0.5, 3.125], "rotation": 270, "texture": "#0"},
				"east": {"uv": [0.5, 4.375, 0, 4.125], "rotation": 270, "texture": "#0"},
				"south": {"uv": [0.5, 4.125, 0, 3.125], "rotation": 90, "texture": "#0"},
				"west": {"uv": [0.5, 4.375, 0, 4.125], "rotation": 270, "texture": "#0"},
				"up": {"uv": [0.75, 4.125, 0.5, 3.125], "rotation": 90, "texture": "#0"},
				"down": {"uv": [0.75, 4.125, 0.5, 3.125], "rotation": 90, "texture": "#0"}
			}
		},
		{
			"from": [2.04957, 15.96721, 11.7],
			"to": [4.04957, 17.96721, 13.2],
			"rotation": {"angle": 22.5, "axis": "z", "origin": [1.84713, 17.32364, 12.25]},
			"faces": {
				"north": {"uv": [0, 2.625, 0.5, 2.125], "rotation": 270, "texture": "#0"},
				"east": {"uv": [0.5, 3.125, 0, 2.625], "rotation": 270, "texture": "#0"},
				"south": {"uv": [0.5, 2.625, 0, 2.125], "rotation": 90, "texture": "#0"},
				"west": {"uv": [0.5, 3.125, 0, 2.625], "rotation": 270, "texture": "#0"},
				"up": {"uv": [1.125, 2.5, 0.625, 2], "rotation": 90, "texture": "#0"},
				"down": {"uv": [1.625, 2, 1.125, 1.5], "rotation": 90, "texture": "#0"}
			}
		},
		{
			"from": [3.57077, 16.77077, 11.5],
			"to": [5.57077, 18.77077, 13.4],
			"rotation": {"angle": 0, "axis": "y", "origin": [1.84713, 17.32364, 12.25]},
			"faces": {
				"north": {"uv": [1.125, 0.5, 1.625, 0], "rotation": 270, "texture": "#0"},
				"east": {"uv": [1.75, 1, 1.25, 0.5], "rotation": 270, "texture": "#0"},
				"south": {"uv": [1.625, 0.5, 1.125, 0], "rotation": 90, "texture": "#0"},
				"west": {"uv": [1.75, 1, 1.25, 0.5], "rotation": 270, "texture": "#0"},
				"up": {"uv": [2.125, 0.5, 1.625, 0], "rotation": 90, "texture": "#0"},
				"down": {"uv": [1.625, 2.5, 1.125, 2], "rotation": 90, "texture": "#0"}
			}
		},
		{
			"from": [3.52144, 13.73314, 11.4],
			"to": [5.52144, 15.73314, 13.5],
			"rotation": {"angle": 45, "axis": "z", "origin": [1.84713, 17.32364, 12.25]},
			"faces": {
				"north": {"uv": [1.25, 0.5, 0.75, 1], "rotation": 180, "texture": "#0"},
				"east": {"uv": [1.125, 3, 0.625, 2.5], "rotation": 180, "texture": "#0"},
				"south": {"uv": [1.25, 1, 0.75, 0.5], "texture": "#0"},
				"west": {"uv": [2.125, 1, 1.625, 0.5], "rotation": 180, "texture": "#0"},
				"up": {"uv": [1.75, 1.5, 1.25, 1], "texture": "#0"},
				"down": {"uv": [1.25, 1, 0.75, 0.5], "texture": "#0"}
			}
		},
		{
			"from": [4.64957, 13.46721, 11.3],
			"to": [6.64957, 15.46721, 13.6],
			"rotation": {"angle": 22.5, "axis": "z", "origin": [1.84713, 17.32364, 12.25]},
			"faces": {
				"north": {"uv": [0.625, 1.5, 1.125, 1], "rotation": 180, "texture": "#0"},
				"east": {"uv": [0.625, 1.5, 0, 1], "rotation": 180, "texture": "#0"},
				"south": {"uv": [1.125, 1.5, 0.625, 1], "rotation": 180, "texture": "#0"},
				"west": {"uv": [0.625, 1.5, 0, 1], "rotation": 180, "texture": "#0"},
				"up": {"uv": [0.625, 2, 0, 1.5], "rotation": 270, "texture": "#0"},
				"down": {"uv": [0.625, 2, 0, 1.5], "rotation": 270, "texture": "#0"}
			}
		},
		{
			"from": [-1.65282, 15.08418, 12.1],
			"to": [-0.65282, 16.88418, 12.9],
			"rotation": {"angle": -22.5, "axis": "z", "origin": [1.84713, 17.32364, 12.25]},
			"faces": {
				"north": {"uv": [0, 4.875, 0.5, 4.625], "rotation": 270, "texture": "#0"},
				"east": {"uv": [0.5, 4.625, 0, 4.375], "rotation": 270, "texture": "#0"},
				"south": {"uv": [0.5, 4.875, 0, 4.625], "rotation": 90, "texture": "#0"},
				"west": {"uv": [0.5, 4.625, 0, 4.375], "rotation": 270, "texture": "#0"},
				"up": {"uv": [0.75, 4.625, 0.5, 4.375], "rotation": 90, "texture": "#0"},
				"down": {"uv": [0.75, 4.625, 0.5, 4.375], "rotation": 90, "texture": "#0"}
			}
		},
		{
			"from": [-1.6141, 19.66868, 12.2],
			"to": [-0.0141, 21.16868, 12.8],
			"rotation": {"angle": 45, "axis": "z", "origin": [1.84713, 17.32364, 12.25]},
			"faces": {
				"north": {"uv": [0.375, 4.875, 0, 5.25], "texture": "#0"},
				"east": {"uv": [0.5, 5.25, 0.375, 4.875], "rotation": 180, "texture": "#0"},
				"south": {"uv": [0.375, 5.25, 0, 4.875], "rotation": 180, "texture": "#0"},
				"west": {"uv": [0.5, 5.25, 0.375, 4.875], "rotation": 180, "texture": "#0"},
				"up": {"uv": [0.375, 5.375, 0, 5.25], "texture": "#0"},
				"down": {"uv": [0.375, 5.375, 0, 5.25], "texture": "#0"}
			}
		},
		{
			"from": [-2.86982, 19.48063, 12.3],
			"to": [-1.46982, 20.98063, 12.7],
			"rotation": {"angle": 22.5, "axis": "z", "origin": [1.84713, 17.32364, 12.25]},
			"faces": {
				"north": {"uv": [1, 1.875, 0.625, 1.5], "texture": "#0"},
				"east": {"uv": [1.125, 1.875, 1, 1.5], "rotation": 180, "texture": "#0"},
				"south": {"uv": [1, 1.875, 0.625, 1.5], "rotation": 180, "texture": "#0"},
				"west": {"uv": [1.125, 1.875, 1, 1.5], "rotation": 180, "texture": "#0"},
				"up": {"uv": [1, 2, 0.625, 1.875], "texture": "#0"},
				"down": {"uv": [1, 2, 0.625, 1.875], "texture": "#0"}
			}
		},
		{
			"from": [13.32923, 16.17077, 12],
			"to": [17.32923, 18.17077, 13],
			"rotation": {"angle": 0, "axis": "y", "origin": [14.15287, 17.32364, 12.25]},
			"faces": {
				"north": {"uv": [0, 3.125, 0.5, 4.125], "rotation": 270, "texture": "#0"},
				"east": {"uv": [0.5, 4.125, 0, 4.375], "rotation": 270, "texture": "#0"},
				"south": {"uv": [0.5, 3.125, 0, 4.125], "rotation": 90, "texture": "#0"},
				"west": {"uv": [0.5, 4.125, 0, 4.375], "rotation": 270, "texture": "#0"},
				"up": {"uv": [0.75, 3.125, 0.5, 4.125], "rotation": 90, "texture": "#0"},
				"down": {"uv": [0.75, 3.125, 0.5, 4.125], "rotation": 90, "texture": "#0"}
			}
		},
		{
			"from": [11.95043, 15.96721, 11.7],
			"to": [13.95043, 17.96721, 13.2],
			"rotation": {"angle": -22.5, "axis": "z", "origin": [14.15287, 17.32364, 12.25]},
			"faces": {
				"north": {"uv": [0, 2.125, 0.5, 2.625], "rotation": 270, "texture": "#0"},
				"east": {"uv": [0.5, 2.625, 0, 3.125], "rotation": 270, "texture": "#0"},
				"south": {"uv": [0.5, 2.125, 0, 2.625], "rotation": 90, "texture": "#0"},
				"west": {"uv": [0.5, 2.625, 0, 3.125], "rotation": 270, "texture": "#0"},
				"up": {"uv": [1.125, 2, 0.625, 2.5], "rotation": 90, "texture": "#0"},
				"down": {"uv": [1.625, 1.5, 1.125, 2], "rotation": 90, "texture": "#0"}
			}
		},
		{
			"from": [10.42923, 16.77077, 11.5],
			"to": [12.42923, 18.77077, 13.4],
			"rotation": {"angle": 0, "axis": "y", "origin": [14.15287, 17.32364, 12.25]},
			"faces": {
				"north": {"uv": [1.125, 0, 1.625, 0.5], "rotation": 270, "texture": "#0"},
				"east": {"uv": [1.75, 0.5, 1.25, 1], "rotation": 270, "texture": "#0"},
				"south": {"uv": [1.625, 0, 1.125, 0.5], "rotation": 90, "texture": "#0"},
				"west": {"uv": [1.75, 0.5, 1.25, 1], "rotation": 270, "texture": "#0"},
				"up": {"uv": [2.125, 0, 1.625, 0.5], "rotation": 90, "texture": "#0"},
				"down": {"uv": [1.625, 2, 1.125, 2.5], "rotation": 90, "texture": "#0"}
			}
		},
		{
			"from": [10.47856, 13.73314, 11.4],
			"to": [12.47856, 15.73314, 13.5],
			"rotation": {"angle": -45, "axis": "z", "origin": [14.15287, 17.32364, 12.25]},
			"faces": {
				"north": {"uv": [0.75, 0.5, 1.25, 1], "rotation": 180, "texture": "#0"},
				"east": {"uv": [1.625, 1, 2.125, 0.5], "rotation": 180, "texture": "#0"},
				"south": {"uv": [0.75, 1, 1.25, 0.5], "texture": "#0"},
				"west": {"uv": [0.625, 3, 1.125, 2.5], "rotation": 180, "texture": "#0"},
				"up": {"uv": [1.25, 1.5, 1.75, 1], "texture": "#0"},
				"down": {"uv": [0.75, 1, 1.25, 0.5], "texture": "#0"}
			}
		},
		{
			"from": [9.35043, 13.46721, 11.3],
			"to": [11.35043, 15.46721, 13.6],
			"rotation": {"angle": -22.5, "axis": "z", "origin": [14.15287, 17.32364, 12.25]},
			"faces": {
				"north": {"uv": [1.125, 1.5, 0.625, 1], "rotation": 180, "texture": "#0"},
				"east": {"uv": [0, 1.5, 0.625, 1], "rotation": 180, "texture": "#0"},
				"south": {"uv": [0.625, 1.5, 1.125, 1], "rotation": 180, "texture": "#0"},
				"west": {"uv": [0, 1.5, 0.625, 1], "rotation": 180, "texture": "#0"},
				"up": {"uv": [0.625, 1.5, 0, 2], "rotation": 270, "texture": "#0"},
				"down": {"uv": [0.625, 1.5, 0, 2], "rotation": 270, "texture": "#0"}
			}
		},
		{
			"from": [16.65282, 15.08418, 12.1],
			"to": [17.65282, 16.88418, 12.9],
			"rotation": {"angle": 22.5, "axis": "z", "origin": [14.15287, 17.32364, 12.25]},
			"faces": {
				"north": {"uv": [0, 4.625, 0.5, 4.875], "rotation": 270, "texture": "#0"},
				"east": {"uv": [0.5, 4.375, 0, 4.625], "rotation": 270, "texture": "#0"},
				"south": {"uv": [0.5, 4.625, 0, 4.875], "rotation": 90, "texture": "#0"},
				"west": {"uv": [0.5, 4.375, 0, 4.625], "rotation": 270, "texture": "#0"},
				"up": {"uv": [0.75, 4.375, 0.5, 4.625], "rotation": 90, "texture": "#0"},
				"down": {"uv": [0.75, 4.375, 0.5, 4.625], "rotation": 90, "texture": "#0"}
			}
		},
		{
			"from": [16.0141, 19.66868, 12.2],
			"to": [17.6141, 21.16868, 12.8],
			"rotation": {"angle": -45, "axis": "z", "origin": [14.15287, 17.32364, 12.25]},
			"faces": {
				"north": {"uv": [0, 4.875, 0.375, 5.25], "texture": "#0"},
				"east": {"uv": [0.375, 5.25, 0.5, 4.875], "rotation": 180, "texture": "#0"},
				"south": {"uv": [0, 5.25, 0.375, 4.875], "rotation": 180, "texture": "#0"},
				"west": {"uv": [0.375, 5.25, 0.5, 4.875], "rotation": 180, "texture": "#0"},
				"up": {"uv": [0, 5.375, 0.375, 5.25], "texture": "#0"},
				"down": {"uv": [0, 5.375, 0.375, 5.25], "texture": "#0"}
			}
		},
		{
			"from": [17.46982, 19.48063, 12.3],
			"to": [18.86982, 20.98063, 12.7],
			"rotation": {"angle": -22.5, "axis": "z", "origin": [14.15287, 17.32364, 12.25]},
			"faces": {
				"north": {"uv": [0.625, 1.875, 1, 1.5], "texture": "#0"},
				"east": {"uv": [1, 1.875, 1.125, 1.5], "rotation": 180, "texture": "#0"},
				"south": {"uv": [0.625, 1.875, 1, 1.5], "rotation": 180, "texture": "#0"},
				"west": {"uv": [1, 1.875, 1.125, 1.5], "rotation": 180, "texture": "#0"},
				"up": {"uv": [0.625, 2, 1, 1.875], "texture": "#0"},
				"down": {"uv": [0.625, 2, 1, 1.875], "texture": "#0"}
			}
		},
		{
			"from": [4.35013, 17.5967, 12],
			"to": [5.35013, 19.5967, 13],
			"rotation": {"angle": 0, "axis": "y", "origin": [1.84713, 17.32364, 12.25]},
			"faces": {
				"north": {"uv": [0.25, 5.375, 0.5, 5.875], "texture": "#0"},
				"east": {"uv": [1, 5.875, 1.25, 5.375], "texture": "#0"},
				"south": {"uv": [0.25, 5.875, 0.5, 5.375], "rotation": 180, "texture": "#0"},
				"west": {"uv": [0, 5.875, 0.25, 5.375], "texture": "#0"},
				"up": {"uv": [0.5, 5.375, 0.75, 5.625], "rotation": 270, "texture": "#0"},
				"down": {"uv": [0.5, 5.375, 0.75, 5.625], "rotation": 270, "texture": "#0"}
			}
		},
		{
			"from": [5.02611, 17.7774, 12.1],
			"to": [5.82611, 18.7774, 12.9],
			"rotation": {"angle": 22.5, "axis": "z", "origin": [1.84713, 17.32364, 12.25]},
			"faces": {
				"north": {"uv": [0.75, 5.625, 1, 5.375], "rotation": 180, "texture": "#0"},
				"east": {"uv": [1.5, 5.625, 1.25, 5.375], "rotation": 180, "texture": "#0"},
				"south": {"uv": [1, 5.625, 0.75, 5.375], "rotation": 180, "texture": "#0"},
				"west": {"uv": [1, 6, 0.75, 5.75], "rotation": 180, "texture": "#0"},
				"up": {"uv": [0.75, 5.875, 0.5, 5.625], "texture": "#0"},
				"down": {"uv": [0.75, 5.875, 0.5, 5.625], "texture": "#0"}
			}
		},
		{
			"from": [5.21849, 18.71567, 12.3],
			"to": [5.71849, 19.21567, 12.7],
			"rotation": {"angle": 22.5, "axis": "z", "origin": [1.84713, 17.32364, 12.25]},
			"faces": {
				"north": {"uv": [0.75, 5.75, 0.875, 5.625], "rotation": 270, "texture": "#0"},
				"east": {"uv": [0.75, 5.75, 0.875, 5.625], "rotation": 270, "texture": "#0"},
				"south": {"uv": [0.75, 5.75, 0.875, 5.625], "rotation": 270, "texture": "#0"},
				"west": {"uv": [0.75, 5.75, 0.875, 5.625], "rotation": 270, "texture": "#0"},
				"up": {"uv": [0.75, 5.75, 0.875, 5.625], "rotation": 90, "texture": "#0"},
				"down": {"uv": [0.75, 5.75, 0.875, 5.625], "rotation": 90, "texture": "#0"}
			}
		},
		{
			"from": [10.64987, 17.5967, 12],
			"to": [11.64987, 19.5967, 13],
			"rotation": {"angle": 0, "axis": "y", "origin": [14.15287, 17.32364, 12.25]},
			"faces": {
				"north": {"uv": [0.5, 5.375, 0.25, 5.875], "texture": "#0"},
				"east": {"uv": [0.25, 5.875, 0, 5.375], "texture": "#0"},
				"south": {"uv": [0.5, 5.875, 0.25, 5.375], "rotation": 180, "texture": "#0"},
				"west": {"uv": [1.25, 5.875, 1, 5.375], "texture": "#0"},
				"up": {"uv": [0.5, 5.625, 0.75, 5.375], "rotation": 270, "texture": "#0"},
				"down": {"uv": [0.5, 5.625, 0.75, 5.375], "rotation": 270, "texture": "#0"}
			}
		},
		{
			"from": [10.17389, 17.7774, 12.1],
			"to": [10.97389, 18.7774, 12.9],
			"rotation": {"angle": -22.5, "axis": "z", "origin": [14.15287, 17.32364, 12.25]},
			"faces": {
				"north": {"uv": [1, 5.625, 0.75, 5.375], "rotation": 180, "texture": "#0"},
				"east": {"uv": [0.75, 6, 1, 5.75], "rotation": 180, "texture": "#0"},
				"south": {"uv": [0.75, 5.625, 1, 5.375], "rotation": 180, "texture": "#0"},
				"west": {"uv": [1.25, 5.625, 1.5, 5.375], "rotation": 180, "texture": "#0"},
				"up": {"uv": [0.5, 5.875, 0.75, 5.625], "texture": "#0"},
				"down": {"uv": [0.5, 5.875, 0.75, 5.625], "texture": "#0"}
			}
		},
		{
			"from": [10.28151, 18.71567, 12.3],
			"to": [10.78151, 19.21567, 12.7],
			"rotation": {"angle": -22.5, "axis": "z", "origin": [14.15287, 17.32364, 12.25]},
			"faces": {
				"north": {"uv": [0.75, 5.625, 0.875, 5.75], "rotation": 270, "texture": "#0"},
				"east": {"uv": [0.75, 5.625, 0.875, 5.75], "rotation": 270, "texture": "#0"},
				"south": {"uv": [0.75, 5.625, 0.875, 5.75], "rotation": 270, "texture": "#0"},
				"west": {"uv": [0.75, 5.625, 0.875, 5.75], "rotation": 270, "texture": "#0"},
				"up": {"uv": [0.75, 5.625, 0.875, 5.75], "rotation": 90, "texture": "#0"},
				"down": {"uv": [0.75, 5.625, 0.875, 5.75], "rotation": 90, "texture": "#0"}
			}
		},
		{
			"from": [2.81048, 16.82802, 12],
			"to": [3.81048, 18.82802, 13],
			"rotation": {"angle": 45, "axis": "z", "origin": [1.84713, 17.32364, 12.25]},
			"faces": {
				"north": {"uv": [0.25, 5.375, 0.5, 5.875], "texture": "#0"},
				"east": {"uv": [1, 5.875, 1.25, 5.375], "texture": "#0"},
				"south": {"uv": [0.25, 5.875, 0.5, 5.375], "rotation": 180, "texture": "#0"},
				"west": {"uv": [0, 5.875, 0.25, 5.375], "texture": "#0"},
				"up": {"uv": [0.5, 5.375, 0.75, 5.625], "rotation": 270, "texture": "#0"},
				"down": {"uv": [0.5, 5.375, 0.75, 5.625], "rotation": 270, "texture": "#0"}
			}
		},
		{
			"from": [0.51434, 18.78599, 12.1],
			"to": [1.51434, 19.58599, 12.9],
			"rotation": {"angle": -22.5, "axis": "z", "origin": [1.84713, 17.32364, 12.25]},
			"faces": {
				"north": {"uv": [0.75, 5.625, 1, 5.375], "rotation": 270, "texture": "#0"},
				"east": {"uv": [0.75, 5.875, 0.5, 5.625], "rotation": 270, "texture": "#0"},
				"south": {"uv": [1, 5.625, 0.75, 5.375], "rotation": 90, "texture": "#0"},
				"west": {"uv": [0.75, 5.875, 0.5, 5.625], "rotation": 270, "texture": "#0"},
				"up": {"uv": [1.5, 5.625, 1.25, 5.375], "rotation": 90, "texture": "#0"},
				"down": {"uv": [1, 6, 0.75, 5.75], "rotation": 90, "texture": "#0"}
			}
		},
		{
			"from": [0.07607, 18.97838, 12.3],
			"to": [0.57607, 19.47838, 12.7],
			"rotation": {"angle": -22.5, "axis": "z", "origin": [1.84713, 17.32364, 12.25]},
			"faces": {
				"north": {"uv": [0.75, 5.75, 0.875, 5.625], "texture": "#0"},
				"east": {"uv": [0.75, 5.75, 0.875, 5.625], "texture": "#0"},
				"south": {"uv": [0.75, 5.75, 0.875, 5.625], "rotation": 180, "texture": "#0"},
				"west": {"uv": [0.75, 5.75, 0.875, 5.625], "texture": "#0"},
				"up": {"uv": [0.75, 5.75, 0.875, 5.625], "rotation": 180, "texture": "#0"},
				"down": {"uv": [0.75, 5.75, 0.875, 5.625], "rotation": 180, "texture": "#0"}
			}
		},
		{
			"from": [12.18952, 16.82802, 12],
			"to": [13.18952, 18.82802, 13],
			"rotation": {"angle": -45, "axis": "z", "origin": [14.15287, 17.32364, 12.25]},
			"faces": {
				"north": {"uv": [0.5, 5.375, 0.25, 5.875], "texture": "#0"},
				"east": {"uv": [0.25, 5.875, 0, 5.375], "texture": "#0"},
				"south": {"uv": [0.5, 5.875, 0.25, 5.375], "rotation": 180, "texture": "#0"},
				"west": {"uv": [1.25, 5.875, 1, 5.375], "texture": "#0"},
				"up": {"uv": [0.5, 5.625, 0.75, 5.375], "rotation": 270, "texture": "#0"},
				"down": {"uv": [0.5, 5.625, 0.75, 5.375], "rotation": 270, "texture": "#0"}
			}
		},
		{
			"from": [14.48566, 18.78599, 12.1],
			"to": [15.48566, 19.58599, 12.9],
			"rotation": {"angle": 22.5, "axis": "z", "origin": [14.15287, 17.32364, 12.25]},
			"faces": {
				"north": {"uv": [0.75, 5.375, 1, 5.625], "rotation": 270, "texture": "#0"},
				"east": {"uv": [0.75, 5.625, 0.5, 5.875], "rotation": 270, "texture": "#0"},
				"south": {"uv": [1, 5.375, 0.75, 5.625], "rotation": 90, "texture": "#0"},
				"west": {"uv": [0.75, 5.625, 0.5, 5.875], "rotation": 270, "texture": "#0"},
				"up": {"uv": [1.5, 5.375, 1.25, 5.625], "rotation": 90, "texture": "#0"},
				"down": {"uv": [1, 5.75, 0.75, 6], "rotation": 90, "texture": "#0"}
			}
		},
		{
			"from": [15.42393, 18.97838, 12.3],
			"to": [15.92393, 19.47838, 12.7],
			"rotation": {"angle": 22.5, "axis": "z", "origin": [14.15287, 17.32364, 12.25]},
			"faces": {
				"north": {"uv": [0.875, 5.75, 0.75, 5.625], "texture": "#0"},
				"east": {"uv": [0.875, 5.75, 0.75, 5.625], "texture": "#0"},
				"south": {"uv": [0.875, 5.75, 0.75, 5.625], "rotation": 180, "texture": "#0"},
				"west": {"uv": [0.875, 5.75, 0.75, 5.625], "texture": "#0"},
				"up": {"uv": [0.875, 5.75, 0.75, 5.625], "rotation": 180, "texture": "#0"},
				"down": {"uv": [0.875, 5.75, 0.75, 5.625], "rotation": 180, "texture": "#0"}
			}
		},
		{
			"from": [6, 15, 10],
			"to": [10, 18, 13],
			"rotation": {"angle": 0, "axis": "y", "origin": [8, 16.75, 11.4]},
			"faces": {
				"north": {"uv": [0, 10.5, 0.75, 9.5], "rotation": 90, "texture": "#0"},
				"east": {"uv": [3.875, 11.375, 3.125, 12.125], "rotation": 90, "texture": "#0"},
				"south": {"uv": [0, 10.5, 0.75, 9.5], "rotation": 90, "texture": "#0"},
				"west": {"uv": [3.875, 12.125, 3.125, 11.375], "rotation": 90, "texture": "#0"},
				"up": {"uv": [3, 10.625, 2.25, 9.625], "rotation": 90, "texture": "#0"},
				"down": {"uv": [3, 10.625, 2.25, 9.625], "rotation": 90, "texture": "#0"}
			}
		},
		{
			"from": [7, 18, 9.9],
			"to": [9, 18.5, 12.9],
			"rotation": {"angle": 0, "axis": "y", "origin": [8, 18.5, 11.4]},
			"faces": {
				"north": {"uv": [0.625, 11, 0.75, 10.5], "rotation": 90, "texture": "#0"},
				"east": {"uv": [0, 9.5, 0.75, 9.375], "rotation": 180, "texture": "#0"},
				"south": {"uv": [0.625, 11, 0.75, 10.5], "rotation": 90, "texture": "#0"},
				"west": {"uv": [0, 9.5, 0.75, 9.375], "rotation": 180, "texture": "#0"},
				"up": {"uv": [4.625, 11.875, 3.875, 11.375], "rotation": 90, "texture": "#0"},
				"down": {"uv": [4.625, 11.875, 3.875, 11.375], "rotation": 90, "texture": "#0"}
			}
		},
		{
			"from": [7, 14.5, 10],
			"to": [7.5, 15, 10.5],
			"rotation": {"angle": 0, "axis": "y", "origin": [7, 15, 10]},
			"faces": {
				"north": {"uv": [5, 13.75, 5.125, 13.625], "texture": "#0"},
				"east": {"uv": [5, 13.625, 5.125, 13.75], "rotation": 180, "texture": "#0"},
				"south": {"uv": [5, 13.75, 5.125, 13.625], "texture": "#0"},
				"west": {"uv": [5, 13.625, 5.125, 13.75], "rotation": 180, "texture": "#0"},
				"up": {"uv": [5, 13.625, 5.125, 13.75], "rotation": 180, "texture": "#0"},
				"down": {"uv": [5, 13.625, 5.125, 13.75], "rotation": 180, "texture": "#0"}
			}
		},
		{
			"from": [8.5, 14.5, 10],
			"to": [9, 15, 10.5],
			"rotation": {"angle": 0, "axis": "y", "origin": [9, 15, 10]},
			"faces": {
				"north": {"uv": [4.875, 13.625, 5, 13.5], "texture": "#0"},
				"east": {"uv": [4.875, 13.5, 5, 13.625], "rotation": 180, "texture": "#0"},
				"south": {"uv": [4.875, 13.625, 5, 13.5], "texture": "#0"},
				"west": {"uv": [4.875, 13.5, 5, 13.625], "rotation": 180, "texture": "#0"},
				"up": {"uv": [4.875, 13.5, 5, 13.625], "rotation": 180, "texture": "#0"},
				"down": {"uv": [4.875, 13.5, 5, 13.625], "rotation": 180, "texture": "#0"}
			}
		},
		{
			"from": [2, 13.5, 9.9],
			"to": [14, 21.5, 9.9],
			"faces": {
				"north": {"uv": [2, 3, 14, 11], "texture": "#3"},
				"east": {"uv": [2, 3, 14, 11], "texture": "#3"},
				"south": {"uv": [2, 3, 14, 11], "texture": "#3"},
				"west": {"uv": [2, 3, 14, 11], "texture": "#3"},
				"up": {"uv": [0, 0, 0.14063, 0], "rotation": 180, "texture": "#3"},
				"down": {"uv": [0, 0, 0.14063, 0], "rotation": 180, "texture": "#3"}
			}
		},
		{
			"from": [6, 13.1, 10.9],
			"to": [7, 15.1, 11.9],
			"rotation": {"angle": 45, "axis": "z", "origin": [6, 14, 11.4]},
			"faces": {
				"north": {"uv": [2, 12, 2.5, 11.75], "rotation": 90, "texture": "#0"},
				"east": {"uv": [2.5, 11.25, 2, 11.5], "rotation": 270, "texture": "#0"},
				"south": {"uv": [2.5, 11.75, 3, 11.5], "rotation": 90, "texture": "#0"},
				"west": {"uv": [2.5, 11.5, 2, 11.75], "rotation": 270, "texture": "#0"},
				"up": {"uv": [2.25, 9.625, 2.5, 9.375], "rotation": 180, "texture": "#0"},
				"down": {"uv": [2, 9.875, 2.25, 9.625], "rotation": 180, "texture": "#0"}
			}
		},
		{
			"from": [7, 13.75, 10],
			"to": [7.5, 14.25, 10.5],
			"rotation": {"angle": 0, "axis": "y", "origin": [7, 14, 10]},
			"faces": {
				"north": {"uv": [5, 13.625, 5.125, 13.5], "texture": "#0"},
				"east": {"uv": [5, 13.5, 5.125, 13.625], "rotation": 180, "texture": "#0"},
				"south": {"uv": [5, 13.625, 5.125, 13.5], "texture": "#0"},
				"west": {"uv": [5, 13.5, 5.125, 13.625], "rotation": 180, "texture": "#0"},
				"up": {"uv": [5, 13.5, 5.125, 13.625], "rotation": 180, "texture": "#0"},
				"down": {"uv": [5, 13.5, 5.125, 13.625], "rotation": 180, "texture": "#0"}
			}
		},
		{
			"from": [7, 13.25, 9.9],
			"to": [9, 13.75, 12.9],
			"rotation": {"angle": 0, "axis": "y", "origin": [8, 13.5, 11.4]},
			"faces": {
				"north": {"uv": [1.125, 11, 0.625, 11.125], "texture": "#0"},
				"east": {"uv": [3.125, 12.125, 3, 11.375], "rotation": 90, "texture": "#0"},
				"south": {"uv": [1.125, 11, 0.625, 11.125], "texture": "#0"},
				"west": {"uv": [3.125, 12.125, 3, 11.375], "rotation": 90, "texture": "#0"},
				"up": {"uv": [2, 11.25, 2.75, 10.75], "rotation": 90, "texture": "#0"},
				"down": {"uv": [2, 10.875, 1.5, 11.625], "rotation": 180, "texture": "#0"}
			}
		},
		{
			"from": [9, 13.1, 10.9],
			"to": [10, 15.1, 11.9],
			"rotation": {"angle": -45, "axis": "z", "origin": [10, 14, 11.4]},
			"faces": {
				"north": {"uv": [2, 11.75, 2.5, 12], "rotation": 90, "texture": "#0"},
				"east": {"uv": [2.5, 11.75, 2, 11.5], "rotation": 270, "texture": "#0"},
				"south": {"uv": [2.5, 11.5, 3, 11.75], "rotation": 90, "texture": "#0"},
				"west": {"uv": [2.5, 11.5, 2, 11.25], "rotation": 270, "texture": "#0"},
				"up": {"uv": [2.5, 9.625, 2.25, 9.375], "rotation": 180, "texture": "#0"},
				"down": {"uv": [2.25, 9.875, 2, 9.625], "rotation": 180, "texture": "#0"}
			}
		},
		{
			"from": [8.5, 13.75, 9.9],
			"to": [9, 14.25, 10.4],
			"rotation": {"angle": 0, "axis": "y", "origin": [8.36036, 15.125, 10.775]},
			"faces": {
				"north": {"uv": [5, 13.75, 5.125, 13.625], "texture": "#0"},
				"east": {"uv": [5, 13.625, 5.125, 13.75], "rotation": 180, "texture": "#0"},
				"south": {"uv": [5, 13.75, 5.125, 13.625], "texture": "#0"},
				"west": {"uv": [5, 13.625, 5.125, 13.75], "rotation": 180, "texture": "#0"},
				"up": {"uv": [5, 13.625, 5.125, 13.75], "rotation": 180, "texture": "#0"},
				"down": {"uv": [5, 13.625, 5.125, 13.75], "rotation": 180, "texture": "#0"}
			}
		}
	],
	"gui_light": "front",
	"display": {
		"thirdperson_righthand": {
			"rotation": [78, -89, -17.34],
			"translation": [6.25, -2.5, 3.75],
			"scale": [0.7, 0.7, 0.7]
		},
		"thirdperson_lefthand": {
			"rotation": [78, -89, -17.34],
			"translation": [6.25, -2.5, 3.75],
			"scale": [0.7, 0.7, 0.7]
		},
		"firstperson_righthand": {
			"rotation": [78, -89, -17.34],
			"translation": [6.25, -2.5, 3.75],
			"scale": [0.7, 0.7, 0.7]
		},
		"firstperson_lefthand": {
			"rotation": [78, -89, -17.34],
			"translation": [6.25, -2.5, 3.75],
			"scale": [0.7, 0.7, 0.7]
		},
		"ground": {
			"translation": [0, 5.25, -3],
			"scale": [0.5, 0.5, 0.5]
		},
		"gui": {
			"rotation": [-36, -160, -45],
			"translation": [0.25, 1.5, -2],
			"scale": [0.36, 0.36, 0.36]
		},
		"head": {
			"rotation": [-135.5, 0, 0],
			"translation": [0, 20.5, 4.75],
			"scale": [0, 0, 0]
		},
		"fixed": {
			"translation": [0, 3.75, -11.75],
			"scale": [1.5, 1.5, 1.5]
		}
	},
	"groups": [
		0,
		1,
		2,
		3,
		4,
		5,
		6,
		7,
		8,
		9,
		10,
		{
			"name": "group",
			"origin": [-6, 0.5, 7],
			"color": 0,
			"children": [11, 12, 13, 14]
		},
		{
			"name": "ArrowTarget",
			"origin": [16, 0, 0],
			"color": 0,
			"children": [15, 16, 17, 18, 19, 20, 21, 22, 23, 24, 25, 26, 27, 28, 29, 30, 31, 32, 33]
		},
		{
			"name": "group",
			"origin": [-6, 0.5, 7],
			"color": 0,
			"children": [34, 35, 36, 37]
		},
		{
			"name": "group",
			"origin": [2, 16, 8],
			"color": 0,
			"children": [38, 39, 40, 41, 42, 43, 44, 45, 46, 47]
		},
		{
			"name": "group",
			"origin": [14.7, -10.2, 5.3],
			"color": 0,
			"children": [48, 49, 50]
		},
		{
			"name": "group",
			"origin": [14.7, -10.2, 5.3],
			"color": 0,
			"children": [51, 52, 53]
		},
		{
			"name": "Finger",
			"origin": [14.7, -10.2, 5.3],
			"color": 0,
			"children": [54, 55, 56]
		},
		{
			"name": "group",
			"origin": [14.7, -10.2, 5.3],
			"color": 0,
			"children": [57, 58, 59]
		},
		{
			"name": "Arrow",
			"origin": [0, 0, 0],
			"color": 0,
			"children": [60, 61, 62]
		},
		{
			"name": "Horn",
			"origin": [5, 18.5, 4.5],
			"color": 0,
			"children": [
				63,
				64,
				65,
				66,
				67,
				68,
				69,
				70,
				71,
				72,
				73,
				74,
				75,
				76,
				77,
				78,
				{
					"name": "group",
					"origin": [3.7, 15.2, 3.2],
					"color": 0,
					"children": [79, 80, 81, 82, 83, 84]
				},
				{
					"name": "group",
					"origin": [3.7, 15.2, 3.2],
					"color": 0,
					"children": [85, 86, 87, 88, 89, 90]
				}
			]
		},
		{
			"name": "Skull",
			"origin": [9.66036, 2.875, 3.125],
			"color": 0,
			"children": [
				91,
				92,
				93,
				94,
				95,
				{
					"name": "group",
					"origin": [8.36036, 13.125, 10.775],
					"color": 0,
					"children": [96, 97, 98, 99, 100]
				}
			]
		}
	]
}