{
	"credit": "by w11shes",
	"textures": {
		"0": "item/necromancer_assortment/halloween_fishing_rod",
		"1": "item/necromancer_assortment/halloween_particle",
		"particle": "item/necromancer_assortment/halloween_fishing_rod"
	},
	"elements": [
		{
			"from": [5.525, -11.0638, -6.39205],
			"to": [9.525, -7.0638, -2.39205],
			"rotation": {"angle": -45, "axis": "x", "origin": [7.525, 4, 8]},
			"faces": {
				"north": {"uv": [9.5, 1.5, 11.5, 3.5], "texture": "#0"},
				"east": {"uv": [6.5, 7.5, 8.5, 9.5], "texture": "#0"},
				"south": {"uv": [8.5, 7.5, 10.5, 9.5], "texture": "#0"},
				"west": {"uv": [8.5, 7.5, 6.5, 9.5], "texture": "#0"},
				"up": {"uv": [11.5, 5.5, 9.5, 3.5], "rotation": 90, "texture": "#0"},
				"down": {"uv": [11.5, 5.5, 9.5, 7.5], "rotation": 270, "texture": "#0"}
			}
		},
		{
			"from": [5.86088, -12, 6.33588],
			"to": [9.86088, -10, 10.33588],
			"rotation": {"angle": -45, "axis": "y", "origin": [7.525, 4, 8]},
			"faces": {
				"north": {"uv": [11.5, 11.5, 13.5, 12.5], "texture": "#0"},
				"east": {"uv": [11.5, 11.5, 13.5, 12.5], "texture": "#0"},
				"south": {"uv": [11.5, 11.5, 13.5, 12.5], "texture": "#0"},
				"west": {"uv": [11.5, 11.5, 13.5, 12.5], "texture": "#0"},
				"up": {"uv": [8.5, 11.5, 6.5, 9.5], "rotation": 90, "texture": "#0"},
				"down": {"uv": [10.5, 9.5, 8.5, 11.5], "rotation": 270, "texture": "#0"}
			}
		},
		{
			"from": [5.86088, 19, 6.33588],
			"to": [9.86088, 21, 10.33588],
			"rotation": {"angle": -45, "axis": "y", "origin": [7.525, 4, 8]},
			"faces": {
				"north": {"uv": [11.5, 11.5, 13.5, 12.5], "texture": "#0"},
				"east": {"uv": [11.5, 11.5, 13.5, 12.5], "texture": "#0"},
				"south": {"uv": [11.5, 11.5, 13.5, 12.5], "texture": "#0"},
				"west": {"uv": [11.5, 11.5, 13.5, 12.5], "texture": "#0"},
				"up": {"uv": [8.5, 11.5, 6.5, 9.5], "rotation": 90, "texture": "#0"},
				"down": {"uv": [10.5, 9.5, 8.5, 11.5], "rotation": 270, "texture": "#0"}
			}
		},
		{
			"from": [5.86088, 5, 6.33588],
			"to": [9.86088, 7, 10.33588],
			"rotation": {"angle": -45, "axis": "y", "origin": [7.525, 4, 8]},
			"faces": {
				"north": {"uv": [11.5, 11.5, 13.5, 12.5], "texture": "#0"},
				"east": {"uv": [11.5, 11.5, 13.5, 12.5], "texture": "#0"},
				"south": {"uv": [11.5, 11.5, 13.5, 12.5], "texture": "#0"},
				"west": {"uv": [11.5, 11.5, 13.5, 12.5], "texture": "#0"},
				"up": {"uv": [8.5, 11.5, 6.5, 9.5], "rotation": 90, "texture": "#0"},
				"down": {"uv": [10.5, 9.5, 8.5, 11.5], "rotation": 270, "texture": "#0"}
			}
		},
		{
			"from": [5.86088, 12, 6.33588],
			"to": [9.86088, 14, 10.33588],
			"rotation": {"angle": -45, "axis": "y", "origin": [7.525, 4, 8]},
			"faces": {
				"north": {"uv": [11.5, 11.5, 13.5, 12.5], "texture": "#0"},
				"east": {"uv": [11.5, 11.5, 13.5, 12.5], "texture": "#0"},
				"south": {"uv": [11.5, 11.5, 13.5, 12.5], "texture": "#0"},
				"west": {"uv": [11.5, 11.5, 13.5, 12.5], "texture": "#0"},
				"up": {"uv": [8.5, 11.5, 6.5, 9.5], "rotation": 90, "texture": "#0"},
				"down": {"uv": [10.5, 9.5, 8.5, 11.5], "rotation": 270, "texture": "#0"}
			}
		},
		{
			"from": [6.525, -10, 7.475],
			"to": [8.525, 19, 9.475],
			"rotation": {"angle": 0, "axis": "y", "origin": [7.525, 4, 8]},
			"faces": {
				"north": {"uv": [13.5, 1.5, 14.5, 16], "texture": "#0"},
				"east": {"uv": [3, 1.5, 4, 16], "texture": "#0"},
				"south": {"uv": [14.5, 1.5, 15.5, 16], "texture": "#0"},
				"west": {"uv": [4, 1.5, 3, 16], "texture": "#0"}
			}
		},
		{
			"from": [6.025, -6.2605, 2.23968],
			"to": [9.025, -2.2605, 6.23968],
			"rotation": {"angle": -45, "axis": "x", "origin": [7.525, 4, 8]},
			"faces": {
				"north": {"uv": [6, 11.5, 7.5, 13.5], "texture": "#0"},
				"east": {"uv": [4, 10.5, 6, 12.5], "texture": "#0"},
				"south": {"uv": [11.5, 5.5, 13, 7.5], "texture": "#0"},
				"west": {"uv": [6, 10.5, 4, 12.5], "texture": "#0"},
				"up": {"uv": [9.5, 13, 7.5, 11.5], "rotation": 90, "texture": "#0"},
				"down": {"uv": [11.5, 11.5, 9.5, 13], "rotation": 270, "texture": "#0"}
			}
		},
		{
			"from": [4.525, -1.35806, 1.78232],
			"to": [10.525, 4.64194, 6.78232],
			"rotation": {"angle": -45, "axis": "x", "origin": [7.525, 4, 8]},
			"faces": {
				"north": {"uv": [4, 4.5, 7, 7.5], "texture": "#0"},
				"east": {"uv": [7, 1.5, 9.5, 4.5], "texture": "#0"},
				"south": {"uv": [4, 1.5, 7, 4.5], "texture": "#0"},
				"west": {"uv": [9.5, 1.5, 7, 4.5], "texture": "#0"},
				"up": {"uv": [9.5, 7.5, 7, 4.5], "rotation": 90, "texture": "#0"},
				"down": {"uv": [6.5, 7.5, 4, 10.5], "rotation": 270, "texture": "#0"}
			}
		},
		{
			"from": [11.275, 5.39194, 7.53232],
			"to": [3.775, -2.10806, 1.03232],
			"rotation": {"angle": -45, "axis": "x", "origin": [7.525, 4, 8]},
			"faces": {
				"north": {"uv": [14.5, 0, 16, 1.5], "texture": "#0"},
				"east": {"uv": [14.5, 0, 16, 1.5], "texture": "#0"},
				"south": {"uv": [14.5, 0, 16, 1.5], "texture": "#0"},
				"west": {"uv": [14.5, 0, 16, 1.5], "texture": "#0"},
				"up": {"uv": [14.5, 0, 16, 1.5], "rotation": 90, "texture": "#0"},
				"down": {"uv": [14.5, 0, 16, 1.5], "rotation": 270, "texture": "#0"}
			}
		},
		{
			"from": [5.525, 0.64194, 6.78232],
			"to": [9.525, 4.64194, 7.78232],
			"rotation": {"angle": -45, "axis": "x", "origin": [7.525, 4, 8]},
			"faces": {
				"east": {"uv": [4, 12.5, 4.5, 14.5], "texture": "#0"},
				"south": {"uv": [10.5, 7.5, 12.5, 9.5], "texture": "#0"},
				"west": {"uv": [4, 12.5, 4.5, 14.5], "texture": "#0"},
				"up": {"uv": [5, 14.5, 4.5, 12.5], "rotation": 90, "texture": "#0"}
			}
		},
		{
			"from": [5.505, 0.5, 9.475],
			"to": [9.555, 4.5, 11.475],
			"rotation": {"angle": 0, "axis": "y", "origin": [7.525, 4, 8]},
			"faces": {
				"north": {"uv": [11.5, 3.5, 13.5, 5.5], "texture": "#0"},
				"east": {"uv": [1, 12, 0, 14], "texture": "#0"},
				"south": {"uv": [11.5, 1.5, 13.5, 3.5], "texture": "#0"},
				"west": {"uv": [0, 12, 1, 14], "texture": "#0"},
				"up": {"uv": [2, 14, 1, 12], "rotation": 90, "texture": "#0"},
				"down": {"uv": [3, 12, 2, 14], "rotation": 270, "texture": "#0"}
			}
		},
		{
			"from": [10.055, 4.98, 11.975],
			"to": [5.055, -0.02, 8.975],
			"rotation": {"angle": 0, "axis": "y", "origin": [7.525, 4, 8]},
			"faces": {
				"north": {"uv": [14.5, 0, 16, 1.5], "texture": "#0"},
				"east": {"uv": [14.5, 0, 16, 1.5], "texture": "#0"},
				"south": {"uv": [14.5, 0, 16, 1.5], "texture": "#0"},
				"west": {"uv": [14.5, 0, 16, 1.5], "texture": "#0"},
				"up": {"uv": [14.5, 0, 16, 1.5], "rotation": 90, "texture": "#0"},
				"down": {"uv": [14.5, 0, 16, 1.5], "rotation": 270, "texture": "#0"}
			}
		},
		{
			"from": [7.475, -4, 10.275],
			"to": [7.525, 20, 16.275],
			"rotation": {"angle": 0, "axis": "y", "origin": [7.525, 4, 8]},
			"faces": {
				"east": {"uv": [0, 0, 3, 12], "texture": "#0"},
				"west": {"uv": [3, 0, 0, 12], "texture": "#0"}
			}
		},
		{
			"from": [6.525, 21, 7.475],
			"to": [8.525, 23, 9.475],
			"rotation": {"angle": 0, "axis": "y", "origin": [7.525, 4, 8]},
			"faces": {
				"north": {"uv": [13, 0, 14, 1], "texture": "#0"},
				"east": {"uv": [10.5, 9.5, 11.5, 10.5], "texture": "#0"},
				"south": {"uv": [3, 0, 4, 1], "texture": "#0"},
				"west": {"uv": [11.5, 9.5, 10.5, 10.5], "texture": "#0"},
				"up": {"uv": [12, 0, 13, 1], "rotation": 90, "texture": "#0"}
			}
		},
		{
			"from": [10.875, 1.95, 4.825],
			"to": [11.675, 2.75, 5.625],
			"shade": false,
			"rotation": {"angle": 0, "axis": "y", "origin": [7.525, 4, 8]},
			"faces": {
				"north": {"uv": [4, 14, 6, 16], "rotation": 270, "texture": "#1"},
				"east": {"uv": [4, 14, 6, 16], "rotation": 90, "texture": "#1"},
				"south": {"uv": [4, 14, 6, 16], "rotation": 270, "texture": "#1"},
				"west": {"uv": [4, 14, 6, 16], "rotation": 270, "texture": "#1"},
				"up": {"uv": [4, 14, 6, 16], "texture": "#1"},
				"down": {"uv": [4, 14, 6, 16], "rotation": 180, "texture": "#1"}
			}
		},
		{
			"from": [12.025, 3.1, 5.975],
			"to": [10.525, 1.6, 4.475],
			"shade": false,
			"rotation": {"angle": 0, "axis": "y", "origin": [7.525, 4, 8]},
			"faces": {
				"north": {"uv": [6, 14, 8, 16], "rotation": 270, "texture": "#1"},
				"east": {"uv": [6, 14, 8, 16], "rotation": 90, "texture": "#1"},
				"south": {"uv": [6, 14, 8, 16], "rotation": 270, "texture": "#1"},
				"west": {"uv": [6, 14, 8, 16], "rotation": 270, "texture": "#1"},
				"up": {"uv": [6, 14, 8, 16], "texture": "#1"},
				"down": {"uv": [6, 14, 8, 16], "rotation": 180, "texture": "#1"}
			}
		},
		{
			"from": [10.825, 1.9, 4.275],
			"to": [11.725, 2.8, 5.175],
			"shade": false,
			"rotation": {"angle": 0, "axis": "y", "origin": [7.525, 4, 8]},
			"faces": {
				"north": {"uv": [4, 12, 6, 14], "rotation": 270, "texture": "#1"},
				"east": {"uv": [4, 12, 6, 14], "rotation": 90, "texture": "#1"},
				"south": {"uv": [4, 12, 6, 14], "rotation": 270, "texture": "#1"},
				"west": {"uv": [4, 12, 6, 14], "rotation": 270, "texture": "#1"},
				"up": {"uv": [4, 12, 6, 14], "texture": "#1"},
				"down": {"uv": [4, 12, 6, 14], "rotation": 180, "texture": "#1"}
			}
		},
		{
			"from": [12.025, 3.1, 5.475],
			"to": [10.525, 1.6, 3.975],
			"shade": false,
			"rotation": {"angle": 0, "axis": "y", "origin": [7.525, 4, 8]},
			"faces": {
				"north": {"uv": [6, 12, 8, 14], "rotation": 270, "texture": "#1"},
				"east": {"uv": [6, 12, 8, 14], "rotation": 90, "texture": "#1"},
				"south": {"uv": [6, 12, 8, 14], "rotation": 270, "texture": "#1"},
				"west": {"uv": [6, 12, 8, 14], "rotation": 270, "texture": "#1"},
				"up": {"uv": [6, 12, 8, 14], "texture": "#1"},
				"down": {"uv": [6, 12, 8, 14], "rotation": 180, "texture": "#1"}
			}
		},
		{
			"from": [10.775, 1.85, 3.225],
			"to": [11.775, 2.85, 4.225],
			"shade": false,
			"rotation": {"angle": 0, "axis": "y", "origin": [7.525, 4, 8]},
			"faces": {
				"north": {"uv": [4, 10, 6, 12], "rotation": 270, "texture": "#1"},
				"east": {"uv": [4, 10, 6, 12], "rotation": 90, "texture": "#1"},
				"south": {"uv": [4, 10, 6, 12], "rotation": 270, "texture": "#1"},
				"west": {"uv": [4, 10, 6, 12], "rotation": 270, "texture": "#1"},
				"up": {"uv": [4, 10, 6, 12], "texture": "#1"},
				"down": {"uv": [4, 10, 6, 12], "rotation": 180, "texture": "#1"}
			}
		},
		{
			"from": [12.025, 3.1, 4.475],
			"to": [10.525, 1.6, 2.975],
			"shade": false,
			"rotation": {"angle": 0, "axis": "y", "origin": [7.525, 4, 8]},
			"faces": {
				"north": {"uv": [6, 10, 8, 12], "rotation": 270, "texture": "#1"},
				"east": {"uv": [6, 10, 8, 12], "rotation": 90, "texture": "#1"},
				"south": {"uv": [6, 10, 8, 12], "rotation": 270, "texture": "#1"},
				"west": {"uv": [6, 10, 8, 12], "rotation": 270, "texture": "#1"},
				"up": {"uv": [6, 10, 8, 12], "texture": "#1"},
				"down": {"uv": [6, 10, 8, 12], "rotation": 180, "texture": "#1"}
			}
		},
		{
			"from": [10.775, 1.85, 2.725],
			"to": [11.775, 2.85, 3.725],
			"shade": false,
			"rotation": {"angle": 0, "axis": "y", "origin": [7.525, 4, 8]},
			"faces": {
				"north": {"uv": [4, 8, 6, 10], "rotation": 270, "texture": "#1"},
				"east": {"uv": [4, 8, 6, 10], "rotation": 90, "texture": "#1"},
				"south": {"uv": [4, 8, 6, 10], "rotation": 270, "texture": "#1"},
				"west": {"uv": [4, 8, 6, 10], "rotation": 270, "texture": "#1"},
				"up": {"uv": [4, 8, 6, 10], "texture": "#1"},
				"down": {"uv": [4, 8, 6, 10], "rotation": 180, "texture": "#1"}
			}
		},
		{
			"from": [12.025, 3.1, 3.975],
			"to": [10.525, 1.6, 2.475],
			"shade": false,
			"rotation": {"angle": 0, "axis": "y", "origin": [7.525, 4, 8]},
			"faces": {
				"north": {"uv": [6, 8, 8, 10], "rotation": 270, "texture": "#1"},
				"east": {"uv": [6, 8, 8, 10], "rotation": 90, "texture": "#1"},
				"south": {"uv": [6, 8, 8, 10], "rotation": 270, "texture": "#1"},
				"west": {"uv": [6, 8, 8, 10], "rotation": 270, "texture": "#1"},
				"up": {"uv": [6, 8, 8, 10], "texture": "#1"},
				"down": {"uv": [6, 8, 8, 10], "rotation": 180, "texture": "#1"}
			}
		},
		{
			"from": [10.775, 1.85, 2.225],
			"to": [11.775, 2.85, 3.225],
			"shade": false,
			"rotation": {"angle": 0, "axis": "y", "origin": [7.525, 4, 8]},
			"faces": {
				"north": {"uv": [4, 6, 6, 8], "rotation": 270, "texture": "#1"},
				"east": {"uv": [4, 6, 6, 8], "rotation": 90, "texture": "#1"},
				"south": {"uv": [4, 6, 6, 8], "rotation": 270, "texture": "#1"},
				"west": {"uv": [4, 6, 6, 8], "rotation": 270, "texture": "#1"},
				"up": {"uv": [4, 6, 6, 8], "texture": "#1"},
				"down": {"uv": [4, 6, 6, 8], "rotation": 180, "texture": "#1"}
			}
		},
		{
			"from": [12.025, 3.1, 3.475],
			"to": [10.525, 1.6, 1.975],
			"shade": false,
			"rotation": {"angle": 0, "axis": "y", "origin": [7.525, 4, 8]},
			"faces": {
				"north": {"uv": [6, 6, 8, 8], "rotation": 270, "texture": "#1"},
				"east": {"uv": [6, 6, 8, 8], "rotation": 90, "texture": "#1"},
				"south": {"uv": [6, 6, 8, 8], "rotation": 270, "texture": "#1"},
				"west": {"uv": [6, 6, 8, 8], "rotation": 270, "texture": "#1"},
				"up": {"uv": [6, 6, 8, 8], "texture": "#1"},
				"down": {"uv": [6, 6, 8, 8], "rotation": 180, "texture": "#1"}
			}
		},
		{
			"from": [10.825, 1.9, 1.775],
			"to": [11.725, 2.8, 2.675],
			"shade": false,
			"rotation": {"angle": 0, "axis": "y", "origin": [7.525, 4, 8]},
			"faces": {
				"north": {"uv": [4, 4, 6, 6], "rotation": 270, "texture": "#1"},
				"east": {"uv": [4, 4, 6, 6], "rotation": 90, "texture": "#1"},
				"south": {"uv": [4, 4, 6, 6], "rotation": 270, "texture": "#1"},
				"west": {"uv": [4, 4, 6, 6], "rotation": 270, "texture": "#1"},
				"up": {"uv": [4, 4, 6, 6], "texture": "#1"},
				"down": {"uv": [4, 4, 6, 6], "rotation": 180, "texture": "#1"}
			}
		},
		{
			"from": [12.025, 3.1, 2.975],
			"to": [10.525, 1.6, 1.475],
			"shade": false,
			"rotation": {"angle": 0, "axis": "y", "origin": [7.525, 4, 8]},
			"faces": {
				"north": {"uv": [6, 4, 8, 6], "rotation": 270, "texture": "#1"},
				"east": {"uv": [6, 4, 8, 6], "rotation": 90, "texture": "#1"},
				"south": {"uv": [6, 4, 8, 6], "rotation": 270, "texture": "#1"},
				"west": {"uv": [6, 4, 8, 6], "rotation": 270, "texture": "#1"},
				"up": {"uv": [6, 4, 8, 6], "texture": "#1"},
				"down": {"uv": [6, 4, 8, 6], "rotation": 180, "texture": "#1"}
			}
		},
		{
			"from": [10.875, 1.95, 1.325],
			"to": [11.675, 2.75, 2.125],
			"shade": false,
			"rotation": {"angle": 0, "axis": "y", "origin": [7.525, 4, 8]},
			"faces": {
				"north": {"uv": [4, 2, 6, 4], "rotation": 270, "texture": "#1"},
				"east": {"uv": [4, 2, 6, 4], "rotation": 90, "texture": "#1"},
				"south": {"uv": [4, 2, 6, 4], "rotation": 270, "texture": "#1"},
				"west": {"uv": [4, 2, 6, 4], "rotation": 270, "texture": "#1"},
				"up": {"uv": [4, 2, 6, 4], "texture": "#1"},
				"down": {"uv": [4, 2, 6, 4], "rotation": 180, "texture": "#1"}
			}
		},
		{
			"from": [12.025, 3.1, 2.475],
			"to": [10.525, 1.6, 0.975],
			"shade": false,
			"rotation": {"angle": 0, "axis": "y", "origin": [7.525, 4, 8]},
			"faces": {
				"north": {"uv": [6, 2, 8, 4], "rotation": 270, "texture": "#1"},
				"east": {"uv": [6, 2, 8, 4], "rotation": 90, "texture": "#1"},
				"south": {"uv": [6, 2, 8, 4], "rotation": 270, "texture": "#1"},
				"west": {"uv": [6, 2, 8, 4], "rotation": 270, "texture": "#1"},
				"up": {"uv": [6, 2, 8, 4], "texture": "#1"},
				"down": {"uv": [6, 2, 8, 4], "rotation": 180, "texture": "#1"}
			}
		},
		{
			"from": [3.375, 1.95, 4.825],
			"to": [4.175, 2.75, 5.625],
			"shade": false,
			"rotation": {"angle": 0, "axis": "y", "origin": [7.525, 4, 8]},
			"faces": {
				"north": {"uv": [12, 14, 14, 16], "rotation": 270, "texture": "#1"},
				"east": {"uv": [12, 14, 14, 16], "rotation": 90, "texture": "#1"},
				"south": {"uv": [12, 14, 14, 16], "rotation": 270, "texture": "#1"},
				"west": {"uv": [12, 14, 14, 16], "rotation": 270, "texture": "#1"},
				"up": {"uv": [12, 14, 14, 16], "texture": "#1"},
				"down": {"uv": [12, 14, 14, 16], "rotation": 180, "texture": "#1"}
			}
		},
		{
			"from": [4.525, 3.1, 5.975],
			"to": [3.025, 1.6, 4.475],
			"shade": false,
			"rotation": {"angle": 0, "axis": "y", "origin": [7.525, 4, 8]},
			"faces": {
				"north": {"uv": [14, 14, 16, 16], "rotation": 270, "texture": "#1"},
				"east": {"uv": [14, 14, 16, 16], "rotation": 90, "texture": "#1"},
				"south": {"uv": [14, 14, 16, 16], "rotation": 270, "texture": "#1"},
				"west": {"uv": [14, 14, 16, 16], "rotation": 270, "texture": "#1"},
				"up": {"uv": [14, 14, 16, 16], "texture": "#1"},
				"down": {"uv": [14, 14, 16, 16], "rotation": 180, "texture": "#1"}
			}
		},
		{
			"from": [3.325, 1.9, 4.275],
			"to": [4.225, 2.8, 5.175],
			"shade": false,
			"rotation": {"angle": 0, "axis": "y", "origin": [7.525, 4, 8]},
			"faces": {
				"north": {"uv": [12, 12, 14, 14], "rotation": 270, "texture": "#1"},
				"east": {"uv": [12, 12, 14, 14], "rotation": 90, "texture": "#1"},
				"south": {"uv": [12, 12, 14, 14], "rotation": 270, "texture": "#1"},
				"west": {"uv": [12, 12, 14, 14], "rotation": 270, "texture": "#1"},
				"up": {"uv": [12, 12, 14, 14], "texture": "#1"},
				"down": {"uv": [12, 12, 14, 14], "rotation": 180, "texture": "#1"}
			}
		},
		{
			"from": [4.525, 3.1, 5.475],
			"to": [3.025, 1.6, 3.975],
			"shade": false,
			"rotation": {"angle": 0, "axis": "y", "origin": [7.525, 4, 8]},
			"faces": {
				"north": {"uv": [14, 12, 16, 14], "rotation": 270, "texture": "#1"},
				"east": {"uv": [14, 12, 16, 14], "rotation": 90, "texture": "#1"},
				"south": {"uv": [14, 12, 16, 14], "rotation": 270, "texture": "#1"},
				"west": {"uv": [14, 12, 16, 14], "rotation": 270, "texture": "#1"},
				"up": {"uv": [14, 12, 16, 14], "texture": "#1"},
				"down": {"uv": [14, 12, 16, 14], "rotation": 180, "texture": "#1"}
			}
		},
		{
			"from": [3.275, 1.85, 3.725],
			"to": [4.275, 2.85, 4.725],
			"shade": false,
			"rotation": {"angle": 0, "axis": "y", "origin": [7.525, 4, 8]},
			"faces": {
				"north": {"uv": [12, 10, 14, 12], "rotation": 270, "texture": "#1"},
				"east": {"uv": [12, 10, 14, 12], "rotation": 90, "texture": "#1"},
				"south": {"uv": [12, 10, 14, 12], "rotation": 270, "texture": "#1"},
				"west": {"uv": [12, 10, 14, 12], "rotation": 270, "texture": "#1"},
				"up": {"uv": [12, 10, 14, 12], "texture": "#1"},
				"down": {"uv": [12, 10, 14, 12], "rotation": 180, "texture": "#1"}
			}
		},
		{
			"from": [4.525, 3.1, 4.975],
			"to": [3.025, 1.6, 3.475],
			"shade": false,
			"rotation": {"angle": 0, "axis": "y", "origin": [7.525, 4, 8]},
			"faces": {
				"north": {"uv": [14, 10, 16, 12], "rotation": 270, "texture": "#1"},
				"east": {"uv": [14, 10, 16, 12], "rotation": 90, "texture": "#1"},
				"south": {"uv": [14, 10, 16, 12], "rotation": 270, "texture": "#1"},
				"west": {"uv": [14, 10, 16, 12], "rotation": 270, "texture": "#1"},
				"up": {"uv": [14, 10, 16, 12], "texture": "#1"},
				"down": {"uv": [14, 10, 16, 12], "rotation": 180, "texture": "#1"}
			}
		},
		{
			"from": [3.275, 1.85, 3.225],
			"to": [4.275, 2.85, 4.225],
			"shade": false,
			"rotation": {"angle": 0, "axis": "y", "origin": [7.525, 4, 8]},
			"faces": {
				"north": {"uv": [12, 8, 14, 10], "rotation": 270, "texture": "#1"},
				"east": {"uv": [12, 8, 14, 10], "rotation": 90, "texture": "#1"},
				"south": {"uv": [12, 8, 14, 10], "rotation": 270, "texture": "#1"},
				"west": {"uv": [12, 8, 14, 10], "rotation": 270, "texture": "#1"},
				"up": {"uv": [12, 8, 14, 10], "texture": "#1"},
				"down": {"uv": [12, 8, 14, 10], "rotation": 180, "texture": "#1"}
			}
		},
		{
			"from": [4.525, 3.1, 4.475],
			"to": [3.025, 1.6, 2.975],
			"shade": false,
			"rotation": {"angle": 0, "axis": "y", "origin": [7.525, 4, 8]},
			"faces": {
				"north": {"uv": [14, 8, 16, 10], "rotation": 270, "texture": "#1"},
				"east": {"uv": [14, 8, 16, 10], "rotation": 90, "texture": "#1"},
				"south": {"uv": [14, 8, 16, 10], "rotation": 270, "texture": "#1"},
				"west": {"uv": [14, 8, 16, 10], "rotation": 270, "texture": "#1"},
				"up": {"uv": [14, 8, 16, 10], "texture": "#1"},
				"down": {"uv": [14, 8, 16, 10], "rotation": 180, "texture": "#1"}
			}
		},
		{
			"from": [3.275, 1.85, 2.725],
			"to": [4.275, 2.85, 3.725],
			"shade": false,
			"rotation": {"angle": 0, "axis": "y", "origin": [7.525, 4, 8]},
			"faces": {
				"north": {"uv": [12, 6, 14, 8], "rotation": 270, "texture": "#1"},
				"east": {"uv": [12, 6, 14, 8], "rotation": 90, "texture": "#1"},
				"south": {"uv": [12, 6, 14, 8], "rotation": 270, "texture": "#1"},
				"west": {"uv": [12, 6, 14, 8], "rotation": 270, "texture": "#1"},
				"up": {"uv": [12, 6, 14, 8], "texture": "#1"},
				"down": {"uv": [12, 6, 14, 8], "rotation": 180, "texture": "#1"}
			}
		},
		{
			"from": [4.525, 3.1, 3.975],
			"to": [3.025, 1.6, 2.475],
			"shade": false,
			"rotation": {"angle": 0, "axis": "y", "origin": [7.525, 4, 8]},
			"faces": {
				"north": {"uv": [14, 6, 16, 8], "rotation": 270, "texture": "#1"},
				"east": {"uv": [14, 6, 16, 8], "rotation": 90, "texture": "#1"},
				"south": {"uv": [14, 6, 16, 8], "rotation": 270, "texture": "#1"},
				"west": {"uv": [14, 6, 16, 8], "rotation": 270, "texture": "#1"},
				"up": {"uv": [14, 6, 16, 8], "texture": "#1"},
				"down": {"uv": [14, 6, 16, 8], "rotation": 180, "texture": "#1"}
			}
		},
		{
			"from": [3.325, 1.9, 2.275],
			"to": [4.225, 2.8, 3.175],
			"shade": false,
			"rotation": {"angle": 0, "axis": "y", "origin": [7.525, 4, 8]},
			"faces": {
				"north": {"uv": [12, 4, 14, 6], "rotation": 270, "texture": "#1"},
				"east": {"uv": [12, 4, 14, 6], "rotation": 90, "texture": "#1"},
				"south": {"uv": [12, 4, 14, 6], "rotation": 270, "texture": "#1"},
				"west": {"uv": [12, 4, 14, 6], "rotation": 270, "texture": "#1"},
				"up": {"uv": [12, 4, 14, 6], "texture": "#1"},
				"down": {"uv": [12, 4, 14, 6], "rotation": 180, "texture": "#1"}
			}
		},
		{
			"from": [4.525, 3.1, 3.475],
			"to": [3.025, 1.6, 1.975],
			"shade": false,
			"rotation": {"angle": 0, "axis": "y", "origin": [7.525, 4, 8]},
			"faces": {
				"north": {"uv": [14, 4, 16, 6], "rotation": 270, "texture": "#1"},
				"east": {"uv": [14, 4, 16, 6], "rotation": 90, "texture": "#1"},
				"south": {"uv": [14, 4, 16, 6], "rotation": 270, "texture": "#1"},
				"west": {"uv": [14, 4, 16, 6], "rotation": 270, "texture": "#1"},
				"up": {"uv": [14, 4, 16, 6], "texture": "#1"},
				"down": {"uv": [14, 4, 16, 6], "rotation": 180, "texture": "#1"}
			}
		},
		{
			"from": [3.375, 1.95, 1.825],
			"to": [4.175, 2.75, 2.625],
			"shade": false,
			"rotation": {"angle": 0, "axis": "y", "origin": [7.525, 4, 8]},
			"faces": {
				"north": {"uv": [12, 2, 14, 4], "rotation": 270, "texture": "#1"},
				"east": {"uv": [12, 2, 14, 4], "rotation": 90, "texture": "#1"},
				"south": {"uv": [12, 2, 14, 4], "rotation": 270, "texture": "#1"},
				"west": {"uv": [12, 2, 14, 4], "rotation": 270, "texture": "#1"},
				"up": {"uv": [12, 2, 14, 4], "texture": "#1"},
				"down": {"uv": [12, 2, 14, 4], "rotation": 180, "texture": "#1"}
			}
		},
		{
			"from": [4.525, 3.1, 2.975],
			"to": [3.025, 1.6, 1.475],
			"shade": false,
			"rotation": {"angle": 0, "axis": "y", "origin": [7.525, 4, 8]},
			"faces": {
				"north": {"uv": [14, 2, 16, 4], "rotation": 270, "texture": "#1"},
				"east": {"uv": [14, 2, 16, 4], "rotation": 90, "texture": "#1"},
				"south": {"uv": [14, 2, 16, 4], "rotation": 270, "texture": "#1"},
				"west": {"uv": [14, 2, 16, 4], "rotation": 270, "texture": "#1"},
				"up": {"uv": [14, 2, 16, 4], "texture": "#1"},
				"down": {"uv": [14, 2, 16, 4], "rotation": 180, "texture": "#1"}
			}
		}
	],
	"gui_light": "front",
	"display": {
		"thirdperson_righthand": {
			"rotation": [167.09, -9.91, 176.39],
			"translation": [-1.25, 6.75, -0.25],
			"scale": [0.6, 0.6, 0.6]
		},
		"thirdperson_lefthand": {
			"rotation": [167.09, -9.91, 176.39],
			"translation": [-1.25, 6.75, -0.25],
			"scale": [0.6, 0.6, 0.6]
		},
		"firstperson_righthand": {
			"rotation": [137, 23, 178],
			"translation": [3.75, 3.5, -0.25],
			"scale": [0.54883, 0.54883, 0.54883]
		},
		"firstperson_lefthand": {
			"rotation": [137, 23, 178],
			"translation": [3.75, 3.5, -0.25],
			"scale": [0.54883, 0.54883, 0.54883]
		},
		"ground": {
			"rotation": [94, 85, 0],
			"translation": [0, 2.25, 3.75],
			"scale": [0.5, 0.5, 0.5]
		},
		"gui": {
			"rotation": [135, -47, 110],
			"translation": [-1, 1.75, 0],
			"scale": [0.49547, 0.49547, 0.49547]
		},
		"head": {
			"rotation": [90, 22, 90],
			"translation": [0.5, 12, 0.25],
			"scale": [0.7, 0.7, 0.7]
		},
		"fixed": {
			"rotation": [0, 90, 0],
			"translation": [-2, 1, -2.5],
			"scale": [1.42109, 1.42109, 1.42109]
		}
	},
	"groups": [
		0,
		1,
		2,
		3,
		4,
		5,
		6,
		7,
		8,
		9,
		10,
		11,
		12,
		13,
		{
			"name": "particles",
			"origin": [8, 8, 8],
			"color": 0,
			"boneType": "",
			"children": [
				{
					"name": "particles1",
					"origin": [0, 0, 0],
					"color": 0,
					"boneType": "",
					"children": [
						{
							"name": "particle1",
							"origin": [0, 0, 0],
							"color": 0,
							"boneType": "",
							"children": [14, 15]
						},
						{
							"name": "particle2",
							"origin": [0, 0, 0],
							"color": 0,
							"boneType": "",
							"children": [16, 17]
						},
						{
							"name": "particle3",
							"origin": [0, 0, 0],
							"color": 0,
							"boneType": "",
							"children": [18, 19]
						},
						{
							"name": "particle4",
							"origin": [0, 0, 0],
							"color": 0,
							"boneType": "",
							"children": [20, 21]
						},
						{
							"name": "particle5",
							"origin": [0, 0, 0],
							"color": 0,
							"boneType": "",
							"children": [22, 23]
						},
						{
							"name": "particle6",
							"origin": [0, 0, 0],
							"color": 0,
							"boneType": "",
							"children": [24, 25]
						},
						{
							"name": "particle7",
							"origin": [0, 0, 0],
							"color": 0,
							"boneType": "",
							"children": [26, 27]
						}
					]
				},
				{
					"name": "particles2",
					"origin": [0, 0, 0],
					"color": 0,
					"boneType": "",
					"children": [
						{
							"name": "particle1",
							"origin": [0, 0, 0],
							"color": 0,
							"boneType": "",
							"children": [28, 29]
						},
						{
							"name": "particle2",
							"origin": [0, 0, 0],
							"color": 0,
							"boneType": "",
							"children": [30, 31]
						},
						{
							"name": "particle3",
							"origin": [0, 0, 0],
							"color": 0,
							"boneType": "",
							"children": [32, 33]
						},
						{
							"name": "particle4",
							"origin": [0, 0, 0],
							"color": 0,
							"boneType": "",
							"children": [34, 35]
						},
						{
							"name": "particle5",
							"origin": [0, 0, 0],
							"color": 0,
							"boneType": "",
							"children": [36, 37]
						},
						{
							"name": "particle6",
							"origin": [0, 0, 0],
							"color": 0,
							"boneType": "",
							"children": [38, 39]
						},
						{
							"name": "particle7",
							"origin": [0, 0, 0],
							"color": 0,
							"boneType": "",
							"children": [40, 41]
						}
					]
				}
			]
		}
	]
}