{"textures":{"0":"item/meg/horse_magma"},"elements":[{"from":[5.6,-1.1000004,-1.2000008],"to":[5.6,10.9,4.799999],"faces":{"east":{"uv":[4.0625,5.4375,3.6875,4.6875],"tintindex":0,"rotation":0,"texture":"#0"},"west":{"uv":[3.6875,5.4375,4.0625,4.6875],"tintindex":0,"rotation":0,"texture":"#0"}}},{"from":[5.6,-3.1000004,4.799999],"to":[11.6,8.9,10.799999],"faces":{"east":{"uv":[4.25,2.0,4.625,2.75],"tintindex":0,"rotation":0,"texture":"#0"},"south":{"uv":[1.5,4.375,1.875,5.125],"tintindex":0,"rotation":0,"texture":"#0"},"north":{"uv":[1.0625,4.25,1.4375,5.0],"tintindex":0,"rotation":0,"texture":"#0"},"west":{"uv":[1.9375,4.375,2.3125,5.125],"tintindex":0,"rotation":0,"texture":"#0"},"up":{"uv":[0.375,6.5625,0.0,6.1875],"tintindex":0,"rotation":0,"texture":"#0"},"down":{"uv":[6.5625,2.5625,6.1875,2.9375],"tintindex":0,"rotation":0,"texture":"#0"}}}]}