{"textures":{"1":"item/meg/body_grey"},"elements":[{"from":[4.0,-4.0,6.0],"to":[12.0,8.0,10.0],"faces":{"east":{"uv":[0.5,0.625,0.625,1.0],"tintindex":0,"rotation":0,"texture":"#1"},"south":{"uv":[1.0,0.625,1.25,1.0],"tintindex":0,"rotation":0,"texture":"#1"},"north":{"uv":[0.625,0.625,0.875,1.0],"tintindex":0,"rotation":0,"texture":"#1"},"west":{"uv":[0.875,0.625,1.0,1.0],"tintindex":0,"rotation":0,"texture":"#1"},"up":{"uv":[0.875,0.625,0.625,0.5],"tintindex":0,"rotation":0,"texture":"#1"},"down":{"uv":[1.125,0.5,0.875,0.625],"tintindex":0,"rotation":0,"texture":"#1"}}}]}