{"textures":{"0":"item/meg/kfx_valentine"},"elements":[{"from":[4.0,-4.0,6.0],"to":[12.0,8.0,10.0],"faces":{"east":{"uv":[6.0,11.0,6.5,12.5],"tintindex":0,"rotation":0,"texture":"#0"},"south":{"uv":[4.0,8.5,5.0,10.0],"tintindex":0,"rotation":0,"texture":"#0"},"north":{"uv":[3.0,8.5,4.0,10.0],"tintindex":0,"rotation":0,"texture":"#0"},"west":{"uv":[11.125,0.0,11.625,1.5],"tintindex":0,"rotation":0,"texture":"#0"},"up":{"uv":[4.625,12.0,3.625,11.5],"tintindex":0,"rotation":0,"texture":"#0"},"down":{"uv":[12.5,4.0,11.5,4.5],"tintindex":0,"rotation":0,"texture":"#0"}}},{"from":[3.5,-4.5,5.5],"to":[12.5,8.5,10.5],"faces":{"east":{"uv":[10.875,2.25,11.375,3.75],"tintindex":0,"rotation":0,"texture":"#0"},"south":{"uv":[2.0,8.5,3.0,10.0],"tintindex":0,"rotation":0,"texture":"#0"},"north":{"uv":[1.0,8.5,2.0,10.0],"tintindex":0,"rotation":0,"texture":"#0"},"west":{"uv":[2.5,10.875,3.0,12.375],"tintindex":0,"rotation":0,"texture":"#0"},"up":{"uv":[11.0,4.375,10.0,3.875],"tintindex":0,"rotation":0,"texture":"#0"},"down":{"uv":[12.5,3.5,11.5,4.0],"tintindex":0,"rotation":0,"texture":"#0"}}},{"from":[3.25,-4.75,5.25],"to":[12.75,8.75,10.75],"faces":{"east":{"uv":[3.0,10.0,3.5,11.5],"tintindex":0,"rotation":0,"texture":"#0"},"south":{"uv":[0.0,8.5,1.0,10.0],"tintindex":0,"rotation":0,"texture":"#0"},"north":{"uv":[7.5,7.25,8.5,8.75],"tintindex":0,"rotation":0,"texture":"#0"},"west":{"uv":[3.5,10.0,4.0,11.5],"tintindex":0,"rotation":0,"texture":"#0"},"up":{"uv":[9.75,7.25,8.75,6.75],"tintindex":0,"rotation":0,"texture":"#0"},"down":{"uv":[10.875,6.25,9.875,6.75],"tintindex":0,"rotation":0,"texture":"#0"}}}]}