{"textures":{"0":"item/meg/kfx_valentine"},"elements":[{"from":[5.4666667,-4.25,5.5],"to":[10.466667,8.75,10.5],"faces":{"east":{"uv":[7.0,10.625,6.5,12.125],"tintindex":0,"rotation":0,"texture":"#0"},"south":{"uv":[7.875,10.25,7.375,11.75],"tintindex":0,"rotation":0,"texture":"#0"},"north":{"uv":[4.5,10.0,4.0,11.5],"tintindex":0,"rotation":0,"texture":"#0"},"west":{"uv":[5.0,10.0,4.5,11.5],"tintindex":0,"rotation":0,"texture":"#0"},"up":{"uv":[12.0,2.0,12.5,1.5],"tintindex":0,"rotation":0,"texture":"#0"},"down":{"uv":[4.0,12.0,4.5,12.5],"tintindex":0,"rotation":0,"texture":"#0"}}},{"from":[6.0666666,-3.75,6.0],"to":[10.066667,8.25,10.0],"faces":{"east":{"uv":[11.0,3.75,11.5,5.25],"tintindex":0,"rotation":0,"texture":"#0"},"south":{"uv":[5.0,11.0,5.5,12.5],"tintindex":0,"rotation":0,"texture":"#0"},"north":{"uv":[0.5,11.0,1.0,12.5],"tintindex":0,"rotation":0,"texture":"#0"},"west":{"uv":[5.5,11.0,6.0,12.5],"tintindex":0,"rotation":0,"texture":"#0"},"up":{"uv":[2.0,12.75,1.5,12.25],"tintindex":0,"rotation":0,"texture":"#0"},"down":{"uv":[12.75,2.0,12.25,2.5],"tintindex":0,"rotation":0,"texture":"#0"}}},{"from":[5.2166667,-4.5,5.25],"to":[10.716667,9.0,10.75],"faces":{"east":{"uv":[8.875,10.75,8.375,12.25],"tintindex":0,"rotation":0,"texture":"#0"},"south":{"uv":[8.375,10.75,7.875,12.25],"tintindex":0,"rotation":0,"texture":"#0"},"north":{"uv":[1.5,10.75,1.0,12.25],"tintindex":0,"rotation":0,"texture":"#0"},"west":{"uv":[2.0,10.75,1.5,12.25],"tintindex":0,"rotation":0,"texture":"#0"},"up":{"uv":[12.0,7.0,12.5,6.5],"tintindex":0,"rotation":0,"texture":"#0"},"down":{"uv":[12.0,7.0,12.5,7.5],"tintindex":0,"rotation":0,"texture":"#0"}}}]}