{"textures":{"0":"item/meg/kfx_valentine"},"elements":[{"from":[0.3284273,12.671574,6.75],"to":[7.3284273,18.671574,13.75],"faces":{"east":{"uv":[11.0,5.25,11.875,6.0],"tintindex":0,"rotation":0,"texture":"#0"},"south":{"uv":[11.125,1.5,12.0,2.25],"tintindex":0,"rotation":0,"texture":"#0"},"north":{"uv":[10.0,3.125,10.875,3.875],"tintindex":0,"rotation":0,"texture":"#0"},"west":{"uv":[11.375,2.25,12.25,3.0],"tintindex":0,"rotation":0,"texture":"#0"},"up":{"uv":[3.0,10.875,2.125,10.0],"tintindex":0,"rotation":0,"texture":"#0"},"down":{"uv":[10.875,2.25,10.0,3.125],"tintindex":0,"rotation":0,"texture":"#0"}},"rotation":{"origin":[3.8284273,15.671574,11.5],"angle":22.5,"axis":"z"}},{"from":[-4.585125,15.935431,5.2869115],"to":[7.414875,18.435432,7.7869115],"faces":{"east":{"uv":[12.5,6.375,12.8125,6.6875],"tintindex":0,"rotation":0,"texture":"#0"},"south":{"uv":[13.0,7.875,11.5,8.1875],"tintindex":0,"rotation":0,"texture":"#0"},"north":{"uv":[13.0,7.875,11.5,8.1875],"tintindex":0,"rotation":0,"texture":"#0"},"west":{"uv":[12.5,6.75,12.8125,7.0625],"tintindex":0,"rotation":0,"texture":"#0"},"up":{"uv":[11.5,7.875,13.0,8.1875],"tintindex":0,"rotation":0,"texture":"#0"},"down":{"uv":[11.5,7.875,13.0,8.1875],"tintindex":0,"rotation":0,"texture":"#0"}},"rotation":{"origin":[2.9826288,18.442059,6.5369115],"angle":-45.0,"axis":"z"}},{"from":[3.7435555,12.474535,5.5369115],"to":[5.743555,22.474537,7.5369115],"faces":{"east":{"uv":[7.5,11.75,7.75,13.0],"tintindex":0,"rotation":0,"texture":"#0"},"south":{"uv":[10.625,11.75,10.875,13.0],"tintindex":0,"rotation":0,"texture":"#0"},"north":{"uv":[7.25,11.75,7.5,13.0],"tintindex":0,"rotation":0,"texture":"#0"},"west":{"uv":[10.875,11.75,11.125,13.0],"tintindex":0,"rotation":0,"texture":"#0"},"up":{"uv":[12.125,5.75,11.875,6.0],"tintindex":0,"rotation":0,"texture":"#0"},"down":{"uv":[12.125,5.75,11.875,6.0],"tintindex":0,"rotation":0,"texture":"#0"}},"rotation":{"origin":[2.9826288,18.442059,6.5369115],"angle":22.5,"axis":"z"}},{"from":[7.558712,18.05,6.5369115],"to":[11.558712,22.05,6.5369115],"faces":{"south":{"uv":[12.0,12.0,12.5,12.5],"tintindex":0,"rotation":0,"texture":"#0"},"north":{"uv":[12.0,11.5,12.5,12.0],"tintindex":0,"rotation":0,"texture":"#0"}},"rotation":{"origin":[10.058712,20.05,6.5369115],"angle":22.5,"axis":"z"}},{"from":[8.671573,12.671574,6.75],"to":[15.671573,18.671574,13.75],"faces":{"east":{"uv":[12.25,2.25,11.375,3.0],"tintindex":0,"rotation":0,"texture":"#0"},"south":{"uv":[12.0,1.5,11.125,2.25],"tintindex":0,"rotation":0,"texture":"#0"},"north":{"uv":[10.875,3.125,10.0,3.875],"tintindex":0,"rotation":0,"texture":"#0"},"west":{"uv":[11.875,5.25,11.0,6.0],"tintindex":0,"rotation":0,"texture":"#0"},"up":{"uv":[2.125,10.875,3.0,10.0],"tintindex":0,"rotation":0,"texture":"#0"},"down":{"uv":[10.0,2.25,10.875,3.125],"tintindex":0,"rotation":0,"texture":"#0"}},"rotation":{"origin":[12.171573,15.671574,11.5],"angle":-22.5,"axis":"z"}},{"from":[1.3786798,14.139465,3.0],"to":[2.7786798,16.964466,12.0],"faces":{"east":{"uv":[11.5,9.25,12.625,9.625],"tintindex":0,"rotation":0,"texture":"#0"},"south":{"uv":[4.375,12.5,4.5625,12.875],"tintindex":0,"rotation":0,"texture":"#0"},"north":{"uv":[8.25,8.75,8.4375,9.125],"tintindex":0,"rotation":0,"texture":"#0"},"west":{"uv":[11.5,9.625,12.625,10.0],"tintindex":0,"rotation":0,"texture":"#0"},"up":{"uv":[2.1875,13.5,2.0,12.375],"tintindex":0,"rotation":0,"texture":"#0"},"down":{"uv":[2.4375,12.375,2.25,13.5],"tintindex":0,"rotation":0,"texture":"#0"}},"rotation":{"origin":[2.3786798,12.964466,7.5],"angle":-45.0,"axis":"z"}},{"from":[10.996,7.496,2.996],"to":[13.504,14.504,12.004],"faces":{"east":{"uv":[11.0,5.375,9.875,6.25],"tintindex":0,"rotation":0,"texture":"#0"},"south":{"uv":[3.9375,12.0,3.625,12.875],"tintindex":0,"rotation":0,"texture":"#0"},"north":{"uv":[11.1875,7.75,10.875,8.625],"tintindex":0,"rotation":0,"texture":"#0"},"west":{"uv":[11.0,4.5,9.875,5.375],"tintindex":0,"rotation":0,"texture":"#0"},"up":{"uv":[4.625,12.625,4.9375,11.5],"tintindex":0,"rotation":0,"texture":"#0"},"down":{"uv":[11.625,0.0,11.9375,1.125],"tintindex":0,"rotation":0,"texture":"#0"}}},{"from":[3.498,7.998,3.998],"to":[12.502,15.502,12.002],"faces":{"east":{"uv":[9.75,9.875,10.75,10.8125],"tintindex":0,"rotation":0,"texture":"#0"},"south":{"uv":[9.75,7.75,10.875,8.6875],"tintindex":0,"rotation":0,"texture":"#0"},"north":{"uv":[9.75,6.75,10.875,7.6875],"tintindex":0,"rotation":0,"texture":"#0"},"west":{"uv":[0.0,10.0,1.0,10.9375],"tintindex":0,"rotation":0,"texture":"#0"},"up":{"uv":[9.875,5.75,8.75,4.75],"tintindex":0,"rotation":0,"texture":"#0"},"down":{"uv":[9.875,5.75,8.75,6.75],"tintindex":0,"rotation":0,"texture":"#0"}}},{"from":[13.22132,14.139465,3.0],"to":[14.621321,16.964466,12.0],"faces":{"east":{"uv":[12.625,9.625,11.5,10.0],"tintindex":0,"rotation":0,"texture":"#0"},"south":{"uv":[4.5625,12.5,4.375,12.875],"tintindex":0,"rotation":0,"texture":"#0"},"north":{"uv":[8.4375,8.75,8.25,9.125],"tintindex":0,"rotation":0,"texture":"#0"},"west":{"uv":[12.625,9.25,11.5,9.625],"tintindex":0,"rotation":0,"texture":"#0"},"up":{"uv":[2.0,13.5,2.1875,12.375],"tintindex":0,"rotation":0,"texture":"#0"},"down":{"uv":[2.25,12.375,2.4375,13.5],"tintindex":0,"rotation":0,"texture":"#0"}},"rotation":{"origin":[13.621321,12.964466,7.5],"angle":45.0,"axis":"z"}},{"from":[4.494,12.494,2.994],"to":[11.506,16.506,12.006],"faces":{"east":{"uv":[11.375,3.0,12.5,3.5],"tintindex":0,"rotation":0,"texture":"#0"},"south":{"uv":[11.5,8.75,12.375,9.25],"tintindex":0,"rotation":0,"texture":"#0"},"north":{"uv":[11.5,8.25,12.375,8.75],"tintindex":0,"rotation":0,"texture":"#0"},"west":{"uv":[11.375,6.0,12.5,6.5],"tintindex":0,"rotation":0,"texture":"#0"},"up":{"uv":[7.375,10.625,6.5,9.5],"tintindex":0,"rotation":0,"texture":"#0"},"down":{"uv":[10.625,8.75,9.75,9.875],"tintindex":0,"rotation":0,"texture":"#0"}}},{"from":[9.058712,15.049999,4.5369115],"to":[13.058712,18.05,8.536911],"faces":{"east":{"uv":[9.375,12.375,9.875,12.75],"tintindex":0,"rotation":0,"texture":"#0"},"south":{"uv":[9.875,12.375,10.375,12.75],"tintindex":0,"rotation":0,"texture":"#0"},"north":{"uv":[12.375,8.875,12.875,9.25],"tintindex":0,"rotation":0,"texture":"#0"},"west":{"uv":[0.0,12.5,0.5,12.875],"tintindex":0,"rotation":0,"texture":"#0"},"up":{"uv":[12.5,11.5,12.0,11.0],"tintindex":0,"rotation":0,"texture":"#0"},"down":{"uv":[12.0,12.0,11.5,12.5],"tintindex":0,"rotation":0,"texture":"#0"}},"rotation":{"origin":[12.058712,15.549999,7.0369115],"angle":-22.5,"axis":"z"}},{"from":[2.496,7.496,2.996],"to":[5.004,14.504,12.004],"faces":{"east":{"uv":[9.875,4.5,11.0,5.375],"tintindex":0,"rotation":0,"texture":"#0"},"south":{"uv":[3.625,12.0,3.9375,12.875],"tintindex":0,"rotation":0,"texture":"#0"},"north":{"uv":[10.875,7.75,11.1875,8.625],"tintindex":0,"rotation":0,"texture":"#0"},"west":{"uv":[9.875,5.375,11.0,6.25],"tintindex":0,"rotation":0,"texture":"#0"},"up":{"uv":[4.9375,12.625,4.625,11.5],"tintindex":0,"rotation":0,"texture":"#0"},"down":{"uv":[11.9375,0.0,11.625,1.125],"tintindex":0,"rotation":0,"texture":"#0"}}}]}