{"textures":{"0":"item/meg/kfx_valentine"},"elements":[{"from":[5.5,-4.5,5.5],"to":[10.5,8.5,10.5],"faces":{"east":{"uv":[4.5,10.0,5.0,11.5],"tintindex":0,"rotation":0,"texture":"#0"},"south":{"uv":[7.375,10.25,7.875,11.75],"tintindex":0,"rotation":0,"texture":"#0"},"north":{"uv":[4.0,10.0,4.5,11.5],"tintindex":0,"rotation":0,"texture":"#0"},"west":{"uv":[6.5,10.625,7.0,12.125],"tintindex":0,"rotation":0,"texture":"#0"},"up":{"uv":[12.5,2.0,12.0,1.5],"tintindex":0,"rotation":0,"texture":"#0"},"down":{"uv":[4.5,12.0,4.0,12.5],"tintindex":0,"rotation":0,"texture":"#0"}}},{"from":[5.25,-4.75,5.25],"to":[10.75,8.75,10.75],"faces":{"east":{"uv":[1.5,10.75,2.0,12.25],"tintindex":0,"rotation":0,"texture":"#0"},"south":{"uv":[7.875,10.75,8.375,12.25],"tintindex":0,"rotation":0,"texture":"#0"},"north":{"uv":[1.0,10.75,1.5,12.25],"tintindex":0,"rotation":0,"texture":"#0"},"west":{"uv":[8.375,10.75,8.875,12.25],"tintindex":0,"rotation":0,"texture":"#0"},"up":{"uv":[12.5,7.0,12.0,6.5],"tintindex":0,"rotation":0,"texture":"#0"},"down":{"uv":[12.5,7.0,12.0,7.5],"tintindex":0,"rotation":0,"texture":"#0"}}},{"from":[5.9,-4.0,6.0],"to":[9.9,8.0,10.0],"faces":{"east":{"uv":[6.0,11.0,5.5,12.5],"tintindex":0,"rotation":0,"texture":"#0"},"south":{"uv":[5.5,11.0,5.0,12.5],"tintindex":0,"rotation":0,"texture":"#0"},"north":{"uv":[1.0,11.0,0.5,12.5],"tintindex":0,"rotation":0,"texture":"#0"},"west":{"uv":[11.5,3.75,11.0,5.25],"tintindex":0,"rotation":0,"texture":"#0"},"up":{"uv":[1.5,12.75,2.0,12.25],"tintindex":0,"rotation":0,"texture":"#0"},"down":{"uv":[12.25,2.0,12.75,2.5],"tintindex":0,"rotation":0,"texture":"#0"}}}]}