{
  "display": {
    "firstperson_lefthand": {
      "rotation": [
        0,
        180,
        5
      ],
      "scale": [
        1.25,
        1.25,
        1.25
      ],
      "translation": [
        10,
        0,
        -10
      ]
    },
    "firstperson_righthand": {
      "rotation": [
        0,
        180,
        5
      ],
      "scale": [
        1.25,
        1.25,
        1.25
      ],
      "translation": [
        -10,
        2,
        -10
      ]
    },
    "fixed": {
      "rotation": [
        0,
        180,
        0
      ],
      "scale": [
        0.5,
        0.5,
        0.5
      ],
      "translation": [
        -2,
        4,
        -5
      ]
    },
    "ground": {
      "rotation": [
        0,
        0,
        0
      ],
      "scale": [
        0.25,
        0.25,
        0.25
      ],
      "translation": [
        4,
        4,
        2
      ]
    },
    "gui": {
      "rotation": [
        15,
        -25,
        -5
      ],
      "scale": [
        0.65,
        0.65,
        0.65
      ],
      "translation": [
        2,
        3,
        0
      ]
    },
    "thirdperson_lefthand": {
      "rotation": [
        0,
        90,
        0
      ],
      "scale": [
        1,
        1,
        1
      ],
      "translation": [
        10,
        6,
        12
      ]
    },
    "thirdperson_righthand": {
      "rotation": [
        0,
        90,
        0
      ],
      "scale": [
        1,
        1,
        1
      ],
      "translation": [
        10,
        6,
        -4
      ]
    }
  },
  "gui_light": "front",
  "overrides": [
    {
      "model": "item/shield_blocking",
      "predicate": {
        "blocking": 1
      }
    },
    {
      "model": "goblin_weapon_set/shield",
      "predicate": {
        "custom_model_data": 1
      }
    },
    {
      "model": "goblin_weapon_set/shield_blocking",
      "predicate": {
        "blocking": 1,
        "custom_model_data": 1
      }
    },
    {
      "predicate": {
        "custom_model_data": 2
      },
      "model": "necromancer_assortment/shield"
    },
    {
      "predicate": {
        "blocking": 1,
        "custom_model_data": 2
      },
      "model": "necromancer_assortment/shield_blocking"
    },
    {
      "predicate": {
        "custom_model_data": 3
      },
      "model": "rogue_assortment/rogue_shield"
    },
    {
      "predicate": {
        "blocking": 1,
        "custom_model_data": 3
      },
      "model": "rogue_assortment/rogue_shield_blocking"
    },
    {
      "model": "warrior_weapon_assortment/shield",
      "predicate": {
        "custom_model_data": 4
      }
    },
    {
      "model": "warrior_weapon_assortment/shield_blocking",
      "predicate": {
        "blocking": 1,
        "custom_model_data": 4
      }
    },
    {
      "model": "warrior_weapon_assortment/warrior_shield",
      "predicate": {
        "custom_model_data": 5
      }
    },
    {
      "model": "warrior_weapon_assortment/warrior_shield_blocking",
      "predicate": {
        "blocking": 1,
        "custom_model_data": 5
      }
    },
    {
      "predicate": {
        "custom_model_data": 6
      },
      "model": "wukong_animated/shield"
    },
    {
      "predicate": {
        "blocking": 1,
        "custom_model_data": 6
      },
      "model": "wukong_animated/shield_blocking"
    },
    {
      "predicate": {
        "custom_model_data": 7
      },
      "model": "valentine_sweets_animated/shield"
    },
    {
      "predicate": {
        "blocking": 1,
        "custom_model_data": 7
      },
      "model": "valentine_sweets_animated/shield_blocking"
    }
  ],
  "parent": "builtin/entity",
  "textures": {
    "particle": "block/dark_oak_planks"
  }
}