{"textures":{"0":"item/meg/horse_pegasus"},"elements":[{"from":[6.0,-1.5,6.0],"to":[10.0,8.5,10.0],"faces":{"east":{"uv":[7.0,7.25,7.25,7.875],"tintindex":0,"rotation":0,"texture":"#0"},"south":{"uv":[7.3125,0.0,7.5625,0.625],"tintindex":0,"rotation":0,"texture":"#0"},"north":{"uv":[7.125,3.1875,7.375,3.8125],"tintindex":0,"rotation":0,"texture":"#0"},"west":{"uv":[7.3125,5.1875,7.5625,5.8125],"tintindex":0,"rotation":0,"texture":"#0"},"up":{"uv":[6.5625,8.3125,6.3125,8.0625],"tintindex":0,"rotation":0,"texture":"#0"},"down":{"uv":[6.875,8.0625,6.625,8.3125],"tintindex":0,"rotation":0,"texture":"#0"}}},{"from":[5.0,-3.5,5.0000005],"to":[11.0,-1.5,11.0],"faces":{"east":{"uv":[8.1875,4.5,8.5625,4.625],"tintindex":0,"rotation":0,"texture":"#0"},"south":{"uv":[8.1875,4.6875,8.5625,4.8125],"tintindex":0,"rotation":0,"texture":"#0"},"north":{"uv":[8.1875,4.3125,8.5625,4.4375],"tintindex":0,"rotation":0,"texture":"#0"},"west":{"uv":[8.1875,4.875,8.5625,5.0],"tintindex":0,"rotation":0,"texture":"#0"},"up":{"uv":[3.1875,7.9375,2.8125,7.5625],"tintindex":0,"rotation":0,"texture":"#0"},"down":{"uv":[3.625,7.5625,3.25,7.9375],"tintindex":0,"rotation":0,"texture":"#0"}}}]}