{"textures":{"0":"item/meg/horse_pegasus"},"elements":[{"from":[5.25,-2.0,6.125],"to":[9.25,8.0,10.125],"faces":{"east":{"uv":[1.75,7.375,2.0,8.0],"tintindex":0,"rotation":0,"texture":"#0"},"south":{"uv":[6.375,7.375,6.625,8.0],"tintindex":0,"rotation":0,"texture":"#0"},"north":{"uv":[7.3125,7.25,7.5625,7.875],"tintindex":0,"rotation":0,"texture":"#0"},"west":{"uv":[6.6875,7.375,6.9375,8.0],"tintindex":0,"rotation":0,"texture":"#0"},"up":{"uv":[8.3125,7.4375,8.0625,7.1875],"tintindex":0,"rotation":0,"texture":"#0"},"down":{"uv":[8.25,8.0625,8.0,8.3125],"tintindex":0,"rotation":0,"texture":"#0"}}},{"from":[4.25,-4.0,5.125],"to":[10.25,-2.0,11.125],"faces":{"east":{"uv":[8.25,0.75,8.625,0.875],"tintindex":0,"rotation":0,"texture":"#0"},"south":{"uv":[8.25,0.9375,8.625,1.0625],"tintindex":0,"rotation":0,"texture":"#0"},"north":{"uv":[8.1875,5.875,8.5625,6.0],"tintindex":0,"rotation":0,"texture":"#0"},"west":{"uv":[8.25,1.125,8.625,1.25],"tintindex":0,"rotation":0,"texture":"#0"},"up":{"uv":[7.9375,7.1875,7.5625,6.8125],"tintindex":0,"rotation":0,"texture":"#0"},"down":{"uv":[8.0,0.0,7.625,0.375],"tintindex":0,"rotation":0,"texture":"#0"}}}]}