{
	"credit": "Made with Blockbench",
	"textures": {
		"0": "item/goblin_weapon_set/goblintex1",
		"1": "item/goblin_weapon_set/goblintex2",
		"2": "item/goblin_weapon_set/goblintex3",
		"3": "item/goblin_weapon_set/pink_smoke",
		"4": "item/goblin_weapon_set/green_smoke",
		"particle": "item/goblin_weapon_set/goblintex1"
	},
	"elements": [
		{
			"from": [8, 7, -13],
			"to": [9, 8, -1],
			"faces": {
				"north": {"uv": [0, 0, 0.25, 0.25], "texture": "#0"},
				"east": {"uv": [7.5, 11.75, 7.75, 14.75], "rotation": 270, "texture": "#0"},
				"south": {"uv": [0, 0, 0.25, 0.25], "rotation": 180, "texture": "#0"},
				"west": {"uv": [7.5, 11.75, 7.75, 14.75], "rotation": 90, "texture": "#0"},
				"up": {"uv": [8, 11.75, 7.75, 14.75], "rotation": 180, "texture": "#0"},
				"down": {"uv": [7.75, 11.75, 8, 14.75], "texture": "#0"}
			}
		},
		{
			"from": [5.5, 7.5, -1],
			"to": [10.5, 7.5, 3],
			"faces": {
				"north": {"uv": [0, 0, 1.25, 0], "rotation": 180, "texture": "#0"},
				"east": {"uv": [0, 0, 0, 1], "rotation": 270, "texture": "#0"},
				"south": {"uv": [0, 0, 1.25, 0], "texture": "#0"},
				"west": {"uv": [0, 0, 0, 1], "rotation": 90, "texture": "#0"},
				"up": {"uv": [2.75, 5, 4, 6], "rotation": 180, "texture": "#0"},
				"down": {"uv": [2.75, 5, 4, 6], "texture": "#0"}
			}
		},
		{
			"from": [7, 7.5, -16],
			"to": [10, 7.5, -12],
			"faces": {
				"north": {"uv": [0, 0, 0.75, 0], "texture": "#0"},
				"east": {"uv": [0, 0, 0, 1], "rotation": 270, "texture": "#0"},
				"south": {"uv": [0, 0, 0.75, 0], "rotation": 180, "texture": "#0"},
				"west": {"uv": [0, 0, 0, 1], "rotation": 90, "texture": "#0"},
				"up": {"uv": [2, 5, 2.75, 6], "rotation": 180, "texture": "#0"},
				"down": {"uv": [2, 5, 2.75, 6], "texture": "#0"}
			}
		},
		{
			"from": [7, 8, -7],
			"to": [9, 9, 7],
			"faces": {
				"north": {"uv": [15.5, 3.5, 16, 3.75], "texture": "#2"},
				"east": {"uv": [15.5, 0, 15.25, 3.5], "rotation": 90, "texture": "#2"},
				"south": {"uv": [15.5, 3.5, 16, 3.75], "texture": "#2"},
				"west": {"uv": [15.25, 0, 15.5, 3.5], "rotation": 90, "texture": "#2"},
				"up": {"uv": [15.5, 0, 16, 3.5], "texture": "#2"},
				"down": {"uv": [15.5, 0, 16, 3.5], "texture": "#2"}
			}
		},
		{
			"from": [7, 6, -7],
			"to": [9, 7, 7],
			"faces": {
				"north": {"uv": [15.5, 3.5, 16, 3.75], "texture": "#2"},
				"east": {"uv": [15.5, 0, 15.25, 3.5], "rotation": 90, "texture": "#2"},
				"south": {"uv": [15.5, 3.5, 16, 3.75], "texture": "#2"},
				"west": {"uv": [15.25, 0, 15.5, 3.5], "rotation": 90, "texture": "#2"},
				"up": {"uv": [15.5, 0, 16, 3.5], "texture": "#2"},
				"down": {"uv": [15.5, 0, 16, 3.5], "texture": "#2"}
			}
		},
		{
			"from": [6, 7, 2],
			"to": [10, 8, 5],
			"faces": {
				"north": {"uv": [12.75, 2.75, 13.75, 3], "texture": "#1"},
				"east": {"uv": [12.75, 3, 13.5, 3.25], "texture": "#1"},
				"south": {"uv": [12.75, 2.75, 13.75, 3], "texture": "#1"},
				"west": {"uv": [12.75, 3, 13.5, 3.25], "texture": "#1"},
				"up": {"uv": [12.75, 3.25, 13.5, 4.25], "rotation": 90, "texture": "#1"},
				"down": {"uv": [12.75, 3.25, 13.5, 4.25], "rotation": 90, "texture": "#1"}
			}
		},
		{
			"from": [3, 7.9, -8],
			"to": [13, 11.1, -7],
			"rotation": {"angle": 0, "axis": "y", "origin": [0, 2, 0]},
			"faces": {
				"north": {"uv": [8, 5, 10.5, 5.75], "texture": "#1"},
				"east": {"uv": [9.625, 6.5, 10.375, 6.75], "rotation": 90, "texture": "#1"},
				"south": {"uv": [8, 5, 10.5, 5.75], "texture": "#1"},
				"west": {"uv": [9.625, 6.5, 10.375, 6.75], "rotation": 90, "texture": "#1"},
				"up": {"uv": [12.25, 4.75, 12.5, 7.25], "rotation": 90, "texture": "#1"},
				"down": {"uv": [12.25, 4.75, 12.5, 7.25], "rotation": 90, "texture": "#1"}
			}
		},
		{
			"from": [12, 8, -9.8],
			"to": [18, 11, -8.8],
			"rotation": {"angle": -22.5, "axis": "y", "origin": [8, 9.5, -8]},
			"faces": {
				"north": {"uv": [4.75, 8.5, 6.25, 9.25], "texture": "#1"},
				"east": {"uv": [4.75, 9.25, 5, 10], "texture": "#1"},
				"south": {"uv": [4.75, 8.5, 6.25, 9.25], "texture": "#1"},
				"west": {"uv": [4.75, 9.25, 5, 10], "texture": "#1"},
				"up": {"uv": [4.75, 10, 5, 11.5], "rotation": 90, "texture": "#1"},
				"down": {"uv": [4.75, 10, 5, 11.5], "rotation": 90, "texture": "#1"}
			}
		},
		{
			"from": [-2, 8, -9.8],
			"to": [4, 11, -8.8],
			"rotation": {"angle": 22.5, "axis": "y", "origin": [8, 9.5, -8]},
			"faces": {
				"north": {"uv": [6.25, 8.5, 4.75, 9.25], "texture": "#1"},
				"east": {"uv": [5, 9.25, 4.75, 10], "texture": "#1"},
				"south": {"uv": [6.25, 8.5, 4.75, 9.25], "texture": "#1"},
				"west": {"uv": [5, 9.25, 4.75, 10], "texture": "#1"},
				"up": {"uv": [4.75, 11.5, 5, 10], "rotation": 90, "texture": "#1"},
				"down": {"uv": [4.75, 11.5, 5, 10], "rotation": 90, "texture": "#1"}
			}
		},
		{
			"from": [17.743, 8.1, -6.68665],
			"to": [18.743, 10.1, -0.68665],
			"rotation": {"angle": 22.5, "axis": "y", "origin": [19.243, 7.5, -3.68665]},
			"faces": {
				"north": {"uv": [6, 10.75, 6.5, 11], "rotation": 90, "texture": "#1"},
				"east": {"uv": [5, 9.25, 6.5, 9.75], "texture": "#1"},
				"south": {"uv": [6, 10.75, 6.5, 11], "rotation": 90, "texture": "#1"},
				"west": {"uv": [5, 9.25, 6.5, 9.75], "texture": "#1"},
				"up": {"uv": [6.5, 10.75, 6.75, 12.25], "rotation": 180, "texture": "#1"},
				"down": {"uv": [6.5, 10.75, 6.75, 12.25], "texture": "#1"}
			}
		},
		{
			"from": [-2, 4, -9.8],
			"to": [4, 7, -8.8],
			"rotation": {"angle": 22.5, "axis": "y", "origin": [8, 5.5, -8]},
			"faces": {
				"north": {"uv": [6.25, 9.25, 4.75, 8.5], "texture": "#1"},
				"east": {"uv": [5, 10, 4.75, 9.25], "texture": "#1"},
				"south": {"uv": [6.25, 9.25, 4.75, 8.5], "texture": "#1"},
				"west": {"uv": [5, 10, 4.75, 9.25], "texture": "#1"},
				"up": {"uv": [5, 11.5, 4.75, 10], "rotation": 90, "texture": "#1"},
				"down": {"uv": [5, 11.5, 4.75, 10], "rotation": 90, "texture": "#1"}
			}
		},
		{
			"from": [3, 3.9, -8],
			"to": [13, 7.1, -7],
			"rotation": {"angle": 0, "axis": "y", "origin": [0, 13, 0]},
			"faces": {
				"north": {"uv": [8, 5.75, 10.5, 5], "texture": "#1"},
				"east": {"uv": [10.375, 6.5, 9.625, 6.75], "rotation": 90, "texture": "#1"},
				"south": {"uv": [8, 5.75, 10.5, 5], "texture": "#1"},
				"west": {"uv": [10.375, 6.5, 9.625, 6.75], "rotation": 90, "texture": "#1"},
				"up": {"uv": [12.5, 4.75, 12.25, 7.25], "rotation": 90, "texture": "#1"},
				"down": {"uv": [12.5, 4.75, 12.25, 7.25], "rotation": 90, "texture": "#1"}
			}
		},
		{
			"from": [12, 4, -9.8],
			"to": [18, 7, -8.8],
			"rotation": {"angle": -22.5, "axis": "y", "origin": [8, 5.5, -8]},
			"faces": {
				"north": {"uv": [4.75, 9.25, 6.25, 8.5], "texture": "#1"},
				"east": {"uv": [4.75, 10, 5, 9.25], "texture": "#1"},
				"south": {"uv": [4.75, 9.25, 6.25, 8.5], "texture": "#1"},
				"west": {"uv": [4.75, 10, 5, 9.25], "texture": "#1"},
				"up": {"uv": [5, 10, 4.75, 11.5], "rotation": 90, "texture": "#1"},
				"down": {"uv": [5, 10, 4.75, 11.5], "rotation": 90, "texture": "#1"}
			}
		},
		{
			"from": [17.743, 4.9, -6.68665],
			"to": [18.743, 6.9, -0.68665],
			"rotation": {"angle": 22.5, "axis": "y", "origin": [19.243, 7.5, -3.68665]},
			"faces": {
				"north": {"uv": [6.5, 10.75, 6, 11], "rotation": 90, "texture": "#1"},
				"east": {"uv": [5, 9.75, 6.5, 9.25], "texture": "#1"},
				"south": {"uv": [6.5, 10.75, 6, 11], "rotation": 90, "texture": "#1"},
				"west": {"uv": [5, 9.75, 6.5, 9.25], "texture": "#1"},
				"up": {"uv": [6.75, 10.75, 6.5, 12.25], "rotation": 180, "texture": "#1"},
				"down": {"uv": [6.75, 10.75, 6.5, 12.25], "texture": "#1"}
			}
		},
		{
			"from": [19, 9, -10.4],
			"to": [20, 9, 3.1],
			"rotation": {"angle": -45, "axis": "y", "origin": [8, 9.5, -8]},
			"faces": {
				"north": {"uv": [12.5, 7.5, 12.75, 7.5], "texture": "#1"},
				"east": {"uv": [12, 8, 12, 11.375], "rotation": 90, "texture": "#1"},
				"south": {"uv": [12.5, 7.5, 12.75, 7.5], "texture": "#1"},
				"west": {"uv": [12, 8, 12, 11.375], "rotation": 90, "texture": "#1"},
				"up": {"uv": [12.5, 4.125, 12.75, 7.5], "texture": "#1"},
				"down": {"uv": [12.75, 7.5, 12.5, 4.125], "texture": "#1"}
			}
		},
		{
			"from": [19, 6, -10.4],
			"to": [20, 6, 3.1],
			"rotation": {"angle": -45, "axis": "y", "origin": [8, 9.5, -8]},
			"faces": {
				"north": {"uv": [12.5, 7.5, 12.75, 7.5], "texture": "#1"},
				"east": {"uv": [12, 8, 12, 11.375], "rotation": 90, "texture": "#1"},
				"south": {"uv": [12.5, 7.5, 12.75, 7.5], "texture": "#1"},
				"west": {"uv": [12, 8, 12, 11.375], "rotation": 90, "texture": "#1"},
				"up": {"uv": [12.5, 4.125, 12.75, 7.5], "texture": "#1"},
				"down": {"uv": [12.75, 7.5, 12.5, 4.125], "texture": "#1"}
			}
		},
		{
			"from": [7, 9, -4.5],
			"to": [9, 10, -2.5],
			"rotation": {"angle": 0, "axis": "y", "origin": [8, 11.25, 15.75]},
			"faces": {
				"north": {"uv": [4.75, 8.25, 4.25, 8], "texture": "#0"},
				"east": {"uv": [4.75, 8.25, 4.25, 8], "texture": "#0"},
				"south": {"uv": [4.75, 8.25, 4.25, 8], "texture": "#0"},
				"west": {"uv": [4.75, 8.25, 4.25, 8], "texture": "#0"},
				"up": {"uv": [4.75, 8.75, 4.25, 8.25], "rotation": 90, "texture": "#0"},
				"down": {"uv": [4.75, 8.75, 4.25, 8.25], "rotation": 270, "texture": "#0"}
			}
		},
		{
			"from": [7.5, 10, -4],
			"to": [8.5, 13, -3],
			"rotation": {"angle": 0, "axis": "y", "origin": [8, 11.25, 15.75]},
			"faces": {
				"north": {"uv": [4.25, 8.75, 4, 8], "texture": "#0"},
				"east": {"uv": [4.25, 8.75, 4, 8], "texture": "#0"},
				"south": {"uv": [4.25, 8.75, 4, 8], "texture": "#0"},
				"west": {"uv": [4.25, 8.75, 4, 8], "texture": "#0"},
				"up": {"uv": [5, 8.25, 4.75, 8], "rotation": 90, "texture": "#0"},
				"down": {"uv": [5, 8.25, 4.75, 8], "rotation": 270, "texture": "#0"}
			}
		},
		{
			"from": [19, 5.5, -12.4],
			"to": [20, 9.5, -9.4],
			"rotation": {"angle": -45, "axis": "y", "origin": [8, 5.5, -8]},
			"faces": {
				"north": {"uv": [7.25, 7.75, 8.25, 8], "rotation": 90, "texture": "#1"},
				"east": {"uv": [6, 9.75, 6.75, 10.75], "texture": "#1"},
				"south": {"uv": [7.25, 7.75, 8.25, 8], "rotation": 90, "texture": "#1"},
				"west": {"uv": [6, 9.75, 6.75, 10.75], "texture": "#1"},
				"up": {"uv": [6.5, 9, 6.75, 9.75], "texture": "#1"},
				"down": {"uv": [6.5, 9, 6.75, 9.75], "texture": "#1"}
			}
		},
		{
			"from": [-2.743, 8.1, -6.68665],
			"to": [-1.743, 10.1, -0.68665],
			"rotation": {"angle": -22.5, "axis": "y", "origin": [-3.243, 7.5, -3.68665]},
			"faces": {
				"north": {"uv": [6, 11, 6.5, 10.75], "rotation": 90, "texture": "#1"},
				"east": {"uv": [6.5, 9.25, 5, 9.75], "texture": "#1"},
				"south": {"uv": [6, 11, 6.5, 10.75], "rotation": 90, "texture": "#1"},
				"west": {"uv": [6.5, 9.25, 5, 9.75], "texture": "#1"},
				"up": {"uv": [6.75, 10.75, 6.5, 12.25], "rotation": 180, "texture": "#1"},
				"down": {"uv": [6.75, 10.75, 6.5, 12.25], "texture": "#1"}
			}
		},
		{
			"from": [-4, 9, -10.4],
			"to": [-3, 9, 3.1],
			"rotation": {"angle": 45, "axis": "y", "origin": [8, 9.5, -8]},
			"faces": {
				"north": {"uv": [12.75, 7.5, 12.5, 7.5], "texture": "#1"},
				"east": {"uv": [12, 11.375, 12, 8], "rotation": 90, "texture": "#1"},
				"south": {"uv": [12.75, 7.5, 12.5, 7.5], "texture": "#1"},
				"west": {"uv": [12, 11.375, 12, 8], "rotation": 90, "texture": "#1"},
				"up": {"uv": [12.75, 4.125, 12.5, 7.5], "texture": "#1"},
				"down": {"uv": [12.5, 7.5, 12.75, 4.125], "texture": "#1"}
			}
		},
		{
			"from": [-4, 5.5, -12.4],
			"to": [-3, 9.5, -9.4],
			"rotation": {"angle": 45, "axis": "y", "origin": [8, 5.5, -8]},
			"faces": {
				"north": {"uv": [7.25, 8, 8.25, 7.75], "rotation": 90, "texture": "#1"},
				"east": {"uv": [6.75, 9.75, 6, 10.75], "texture": "#1"},
				"south": {"uv": [7.25, 8, 8.25, 7.75], "rotation": 90, "texture": "#1"},
				"west": {"uv": [6.75, 9.75, 6, 10.75], "texture": "#1"},
				"up": {"uv": [6.75, 9, 6.5, 9.75], "texture": "#1"},
				"down": {"uv": [6.75, 9, 6.5, 9.75], "texture": "#1"}
			}
		},
		{
			"from": [-2.743, 4.9, -6.68665],
			"to": [-1.743, 6.9, -0.68665],
			"rotation": {"angle": -22.5, "axis": "y", "origin": [-3.243, 7.5, -3.68665]},
			"faces": {
				"north": {"uv": [6.5, 11, 6, 10.75], "rotation": 90, "texture": "#1"},
				"east": {"uv": [6.5, 9.75, 5, 9.25], "texture": "#1"},
				"south": {"uv": [6.5, 11, 6, 10.75], "rotation": 90, "texture": "#1"},
				"west": {"uv": [6.5, 9.75, 5, 9.25], "texture": "#1"},
				"up": {"uv": [6.5, 10.75, 6.75, 12.25], "rotation": 180, "texture": "#1"},
				"down": {"uv": [6.5, 10.75, 6.75, 12.25], "texture": "#1"}
			}
		},
		{
			"from": [-4, 6, -10.4],
			"to": [-3, 6, 3.1],
			"rotation": {"angle": 45, "axis": "y", "origin": [8, 9.5, -8]},
			"faces": {
				"north": {"uv": [12.75, 7.5, 12.5, 7.5], "texture": "#1"},
				"east": {"uv": [12, 11.375, 12, 8], "rotation": 90, "texture": "#1"},
				"south": {"uv": [12.75, 7.5, 12.5, 7.5], "texture": "#1"},
				"west": {"uv": [12, 11.375, 12, 8], "rotation": 90, "texture": "#1"},
				"up": {"uv": [12.75, 4.125, 12.5, 7.5], "texture": "#1"},
				"down": {"uv": [12.5, 7.5, 12.75, 4.125], "texture": "#1"}
			}
		},
		{
			"from": [9, 5, 5],
			"to": [10, 11, 7],
			"faces": {
				"north": {"uv": [6.75, 8.5, 7, 10], "texture": "#1"},
				"east": {"uv": [6.5, 8, 8, 8.5], "rotation": 90, "texture": "#1"},
				"south": {"uv": [6.75, 8.5, 7, 10], "texture": "#1"},
				"west": {"uv": [6.5, 8, 8, 8.5], "rotation": 90, "texture": "#1"},
				"up": {"uv": [6.75, 10, 7, 10.5], "texture": "#1"},
				"down": {"uv": [6.5, 8.5, 6.75, 9], "texture": "#1"}
			}
		},
		{
			"from": [6, 5, 5],
			"to": [7, 11, 7],
			"faces": {
				"north": {"uv": [6.75, 8.5, 7, 10], "texture": "#1"},
				"east": {"uv": [6.5, 8, 8, 8.5], "rotation": 90, "texture": "#1"},
				"south": {"uv": [6.75, 8.5, 7, 10], "texture": "#1"},
				"west": {"uv": [6.5, 8, 8, 8.5], "rotation": 90, "texture": "#1"},
				"up": {"uv": [6.75, 10, 7, 10.5], "texture": "#1"},
				"down": {"uv": [6.5, 8.5, 6.75, 9], "texture": "#1"}
			}
		},
		{
			"from": [5, 5, 7],
			"to": [11, 10, 17],
			"faces": {
				"north": {"uv": [13.75, 2.5, 15.25, 3.75], "texture": "#2"},
				"east": {"uv": [14, 2.5, 15.25, 0], "rotation": 90, "texture": "#2"},
				"south": {"uv": [13.75, 2.5, 15.25, 3.75], "texture": "#2"},
				"west": {"uv": [14, 0, 15.25, 2.5], "rotation": 90, "texture": "#2"},
				"up": {"uv": [12.5, 0, 14, 2.5], "texture": "#2"},
				"down": {"uv": [12.5, 2.5, 14, 0], "texture": "#2"}
			}
		},
		{
			"from": [7, 3, 12],
			"to": [9, 4, 18],
			"rotation": {"angle": 0, "axis": "y", "origin": [0, -1, 0]},
			"faces": {
				"north": {"uv": [9, 7.75, 9.5, 8], "texture": "#1"},
				"east": {"uv": [8, 8, 9.5, 8.25], "texture": "#1"},
				"south": {"uv": [9, 7.75, 9.5, 8], "texture": "#1"},
				"west": {"uv": [9.5, 8, 8, 8.25], "texture": "#1"},
				"up": {"uv": [7.5, 10.75, 7, 9.25], "texture": "#1"},
				"down": {"uv": [7, 9.25, 7.5, 10.75], "texture": "#1"}
			}
		},
		{
			"from": [6.9, 10.3, 0.7],
			"to": [9.1, 11.3, 5.7],
			"rotation": {"angle": 45, "axis": "x", "origin": [0, -1, 0]},
			"faces": {
				"north": {"uv": [7.5, 8.5, 8, 8.75], "texture": "#1"},
				"east": {"uv": [8.25, 7.75, 9.5, 8], "texture": "#1"},
				"south": {"uv": [7.5, 8.5, 8, 8.75], "texture": "#1"},
				"west": {"uv": [9.5, 7.75, 8.25, 8], "texture": "#1"},
				"up": {"uv": [7, 8.5, 7.5, 9.75], "texture": "#1"},
				"down": {"uv": [7, 8.5, 7.5, 9.75], "texture": "#1"}
			}
		},
		{
			"from": [6.1, 5.4, 17],
			"to": [9.9, 7.4, 21],
			"rotation": {"angle": 45, "axis": "x", "origin": [8, 8, 19]},
			"faces": {
				"north": {"uv": [9.5, 9, 10.5, 9.5], "texture": "#1"},
				"east": {"uv": [9.5, 9, 10.5, 9.5], "texture": "#1"},
				"south": {"uv": [9.5, 9, 10.5, 9.5], "texture": "#1"},
				"west": {"uv": [10.5, 9, 9.5, 9.5], "texture": "#1"},
				"up": {"uv": [9.5, 9.5, 10.5, 10.5], "texture": "#1"},
				"down": {"uv": [9.5, 10.5, 10.5, 9.5], "texture": "#1"}
			}
		},
		{
			"from": [6, 0.2, 17.1],
			"to": [10, 6.2, 20.1],
			"rotation": {"angle": 0, "axis": "y", "origin": [8, 8, 19]},
			"faces": {
				"north": {"uv": [9.5, 9, 10.5, 7.5], "rotation": 180, "texture": "#1"},
				"east": {"uv": [10.5, 7.25, 12, 8], "rotation": 270, "texture": "#1"},
				"south": {"uv": [9.5, 7.5, 10.5, 9], "texture": "#1"},
				"west": {"uv": [12, 7.25, 10.5, 8], "rotation": 90, "texture": "#1"},
				"up": {"uv": [10.5, 8, 11.5, 8.75], "rotation": 180, "texture": "#1"},
				"down": {"uv": [10.5, 8, 11.5, 8.75], "texture": "#1"}
			}
		},
		{
			"from": [6.1, -0.8, 20.1],
			"to": [9.9, 1.2, 23.1],
			"rotation": {"angle": 22.5, "axis": "x", "origin": [8, 8, 19]},
			"faces": {
				"north": {"uv": [11.5, 8, 12, 9], "rotation": 90, "texture": "#1"},
				"east": {"uv": [12.5, 7.25, 12, 8], "rotation": 270, "texture": "#1"},
				"south": {"uv": [11.5, 8, 12, 9], "rotation": 90, "texture": "#1"},
				"west": {"uv": [12, 7.25, 12.5, 8], "rotation": 90, "texture": "#1"},
				"up": {"uv": [9.375, 6.75, 10.375, 7.5], "rotation": 180, "texture": "#1"},
				"down": {"uv": [9.375, 6.75, 10.375, 7.5], "texture": "#1"}
			}
		},
		{
			"from": [5.8, -0.5, 23.1],
			"to": [10.2, 1.5, 26.1],
			"rotation": {"angle": 45, "axis": "x", "origin": [8, 8, 19]},
			"faces": {
				"north": {"uv": [10.5, 5, 11.6, 4.5], "rotation": 180, "texture": "#1"},
				"east": {"uv": [12, 6.5, 11.5, 7.25], "rotation": 270, "texture": "#1"},
				"south": {"uv": [10.5, 4.5, 11.6, 5], "texture": "#1"},
				"west": {"uv": [11.5, 6.5, 12, 7.25], "rotation": 90, "texture": "#1"},
				"up": {"uv": [10.375, 6.5, 11.5, 7.25], "rotation": 180, "texture": "#1"},
				"down": {"uv": [10.375, 6.5, 11.5, 7.25], "texture": "#1"}
			}
		},
		{
			"from": [3, 6.5, 11],
			"to": [5, 8.5, 13],
			"faces": {
				"north": {"uv": [13.75, 3, 13.25, 2.5], "texture": "#2"},
				"east": {"uv": [13.25, 2.5, 13.75, 3], "texture": "#2"},
				"south": {"uv": [13.25, 2.5, 13.75, 3], "texture": "#2"},
				"west": {"uv": [14.375, 1, 14.875, 1.5], "texture": "#2"},
				"up": {"uv": [13.25, 2.5, 13.75, 3], "texture": "#2"},
				"down": {"uv": [13.25, 2.5, 13.75, 3], "texture": "#2"}
			}
		},
		{
			"from": [11, 6.5, 11],
			"to": [13, 8.5, 13],
			"rotation": {"angle": 0, "axis": "y", "origin": [16, 0, 0]},
			"faces": {
				"north": {"uv": [13.25, 3, 13.75, 2.5], "texture": "#2"},
				"east": {"uv": [14.875, 1, 14.375, 1.5], "texture": "#2"},
				"south": {"uv": [13.75, 2.5, 13.25, 3], "texture": "#2"},
				"west": {"uv": [13.75, 2.5, 13.25, 3], "texture": "#2"},
				"up": {"uv": [13.75, 2.5, 13.25, 3], "texture": "#2"},
				"down": {"uv": [13.75, 2.5, 13.25, 3], "texture": "#2"}
			}
		},
		{
			"from": [4, 2, -7.8],
			"to": [5, 4, -6.8],
			"rotation": {"angle": 0, "axis": "y", "origin": [1.6, 0.8, -9.8]},
			"faces": {
				"north": {"uv": [8.5, 7.5, 8.25, 7], "rotation": 180, "texture": "#0"},
				"east": {"uv": [8.25, 7, 8, 7.5], "rotation": 180, "texture": "#0"},
				"south": {"uv": [8.5, 7.75, 8, 7.5], "rotation": 90, "texture": "#0"},
				"west": {"uv": [8.25, 7.5, 8, 7], "texture": "#0"},
				"up": {"uv": [8.75, 7.25, 8.5, 7], "rotation": 180, "texture": "#0"},
				"down": {"uv": [8.75, 7.25, 8.5, 7], "texture": "#0"}
			}
		},
		{
			"from": [4.1, 0.3, -7.4],
			"to": [4.9, 1.3, -6.6],
			"rotation": {"angle": -22.5, "axis": "x", "origin": [1.7, 0.8, -9.8]},
			"faces": {
				"north": {"uv": [9, 7.25, 8.75, 7], "texture": "#0"},
				"east": {"uv": [9, 7.25, 8.75, 7.5], "rotation": 180, "texture": "#0"},
				"south": {"uv": [8.75, 7.25, 8.5, 7.5], "rotation": 90, "texture": "#0"},
				"west": {"uv": [8.75, 7.25, 9, 7.5], "rotation": 180, "texture": "#0"},
				"up": {"uv": [8.75, 7.5, 8.5, 7.25], "rotation": 90, "texture": "#0"},
				"down": {"uv": [8.75, 7.5, 8.5, 7.25], "rotation": 270, "texture": "#0"}
			}
		},
		{
			"from": [4.3, -0.1, -7.2],
			"to": [4.7, 0.4, -6.7],
			"rotation": {"angle": -22.5, "axis": "x", "origin": [1.7, 0.8, -9.7]},
			"faces": {
				"north": {"uv": [9.125, 7.25, 9, 7.125], "rotation": 90, "texture": "#0"},
				"east": {"uv": [9.125, 7, 9.25, 7.125], "rotation": 90, "texture": "#0"},
				"south": {"uv": [9.125, 7.25, 9, 7.125], "rotation": 90, "texture": "#0"},
				"west": {"uv": [9.125, 7, 9.25, 7.125], "rotation": 270, "texture": "#0"},
				"up": {"uv": [9.125, 7.125, 9, 7], "rotation": 180, "texture": "#0"},
				"down": {"uv": [9.125, 7.125, 9, 7], "texture": "#0"}
			}
		},
		{
			"from": [6, 2, -7.8],
			"to": [7, 4, -6.8],
			"rotation": {"angle": 0, "axis": "y", "origin": [3.6, 0.8, -9.8]},
			"faces": {
				"north": {"uv": [8.5, 7.5, 8.25, 7], "rotation": 180, "texture": "#0"},
				"east": {"uv": [8.25, 7, 8, 7.5], "rotation": 180, "texture": "#0"},
				"south": {"uv": [8.5, 7.75, 8, 7.5], "rotation": 90, "texture": "#0"},
				"west": {"uv": [8.25, 7.5, 8, 7], "texture": "#0"},
				"up": {"uv": [8.75, 7.25, 8.5, 7], "rotation": 180, "texture": "#0"},
				"down": {"uv": [8.75, 7.25, 8.5, 7], "texture": "#0"}
			}
		},
		{
			"from": [6.1, 0.3, -7.4],
			"to": [6.9, 1.3, -6.6],
			"rotation": {"angle": -22.5, "axis": "x", "origin": [3.7, 0.8, -9.8]},
			"faces": {
				"north": {"uv": [9, 7.25, 8.75, 7], "texture": "#0"},
				"east": {"uv": [9, 7.25, 8.75, 7.5], "rotation": 180, "texture": "#0"},
				"south": {"uv": [8.75, 7.25, 8.5, 7.5], "rotation": 90, "texture": "#0"},
				"west": {"uv": [8.75, 7.25, 9, 7.5], "rotation": 180, "texture": "#0"},
				"up": {"uv": [8.75, 7.5, 8.5, 7.25], "rotation": 90, "texture": "#0"},
				"down": {"uv": [8.75, 7.5, 8.5, 7.25], "rotation": 270, "texture": "#0"}
			}
		},
		{
			"from": [6.3, -0.1, -7.2],
			"to": [6.7, 0.4, -6.7],
			"rotation": {"angle": -22.5, "axis": "x", "origin": [3.7, 0.8, -9.7]},
			"faces": {
				"north": {"uv": [9.125, 7.25, 9, 7.125], "rotation": 90, "texture": "#0"},
				"east": {"uv": [9.125, 7, 9.25, 7.125], "rotation": 90, "texture": "#0"},
				"south": {"uv": [9.125, 7.25, 9, 7.125], "rotation": 90, "texture": "#0"},
				"west": {"uv": [9.125, 7, 9.25, 7.125], "rotation": 270, "texture": "#0"},
				"up": {"uv": [9.125, 7.125, 9, 7], "rotation": 180, "texture": "#0"},
				"down": {"uv": [9.125, 7.125, 9, 7], "texture": "#0"}
			}
		},
		{
			"from": [9, 2, -7.8],
			"to": [10, 4, -6.8],
			"rotation": {"angle": 0, "axis": "y", "origin": [6.6, 0.8, -9.8]},
			"faces": {
				"north": {"uv": [8.5, 7.5, 8.25, 7], "rotation": 180, "texture": "#0"},
				"east": {"uv": [8.25, 7, 8, 7.5], "rotation": 180, "texture": "#0"},
				"south": {"uv": [8.5, 7.75, 8, 7.5], "rotation": 90, "texture": "#0"},
				"west": {"uv": [8.25, 7.5, 8, 7], "texture": "#0"},
				"up": {"uv": [8.75, 7.25, 8.5, 7], "rotation": 180, "texture": "#0"},
				"down": {"uv": [8.75, 7.25, 8.5, 7], "texture": "#0"}
			}
		},
		{
			"from": [9.1, 0.3, -7.4],
			"to": [9.9, 1.3, -6.6],
			"rotation": {"angle": -22.5, "axis": "x", "origin": [6.7, 0.8, -9.8]},
			"faces": {
				"north": {"uv": [9, 7.25, 8.75, 7], "texture": "#0"},
				"east": {"uv": [9, 7.25, 8.75, 7.5], "rotation": 180, "texture": "#0"},
				"south": {"uv": [8.75, 7.25, 8.5, 7.5], "rotation": 90, "texture": "#0"},
				"west": {"uv": [8.75, 7.25, 9, 7.5], "rotation": 180, "texture": "#0"},
				"up": {"uv": [8.75, 7.5, 8.5, 7.25], "rotation": 90, "texture": "#0"},
				"down": {"uv": [8.75, 7.5, 8.5, 7.25], "rotation": 270, "texture": "#0"}
			}
		},
		{
			"from": [9.3, -0.1, -7.2],
			"to": [9.7, 0.4, -6.7],
			"rotation": {"angle": -22.5, "axis": "x", "origin": [6.7, 0.8, -9.7]},
			"faces": {
				"north": {"uv": [9.125, 7.25, 9, 7.125], "rotation": 90, "texture": "#0"},
				"east": {"uv": [9.125, 7, 9.25, 7.125], "rotation": 90, "texture": "#0"},
				"south": {"uv": [9.125, 7.25, 9, 7.125], "rotation": 90, "texture": "#0"},
				"west": {"uv": [9.125, 7, 9.25, 7.125], "rotation": 270, "texture": "#0"},
				"up": {"uv": [9.125, 7.125, 9, 7], "rotation": 180, "texture": "#0"},
				"down": {"uv": [9.125, 7.125, 9, 7], "texture": "#0"}
			}
		},
		{
			"from": [11, 2, -7.8],
			"to": [12, 4, -6.8],
			"rotation": {"angle": 0, "axis": "y", "origin": [8.6, 0.8, -9.8]},
			"faces": {
				"north": {"uv": [8.5, 7.5, 8.25, 7], "rotation": 180, "texture": "#0"},
				"east": {"uv": [8.25, 7, 8, 7.5], "rotation": 180, "texture": "#0"},
				"south": {"uv": [8.5, 7.75, 8, 7.5], "rotation": 90, "texture": "#0"},
				"west": {"uv": [8.25, 7.5, 8, 7], "texture": "#0"},
				"up": {"uv": [8.75, 7.25, 8.5, 7], "rotation": 180, "texture": "#0"},
				"down": {"uv": [8.75, 7.25, 8.5, 7], "texture": "#0"}
			}
		},
		{
			"from": [11.1, 0.3, -7.4],
			"to": [11.9, 1.3, -6.6],
			"rotation": {"angle": -22.5, "axis": "x", "origin": [8.7, 0.8, -9.8]},
			"faces": {
				"north": {"uv": [9, 7.25, 8.75, 7], "texture": "#0"},
				"east": {"uv": [9, 7.25, 8.75, 7.5], "rotation": 180, "texture": "#0"},
				"south": {"uv": [8.75, 7.25, 8.5, 7.5], "rotation": 90, "texture": "#0"},
				"west": {"uv": [8.75, 7.25, 9, 7.5], "rotation": 180, "texture": "#0"},
				"up": {"uv": [8.75, 7.5, 8.5, 7.25], "rotation": 90, "texture": "#0"},
				"down": {"uv": [8.75, 7.5, 8.5, 7.25], "rotation": 270, "texture": "#0"}
			}
		},
		{
			"from": [11.3, -0.1, -7.2],
			"to": [11.7, 0.4, -6.7],
			"rotation": {"angle": -22.5, "axis": "x", "origin": [8.7, 0.8, -9.7]},
			"faces": {
				"north": {"uv": [9.125, 7.25, 9, 7.125], "rotation": 90, "texture": "#0"},
				"east": {"uv": [9.125, 7, 9.25, 7.125], "rotation": 90, "texture": "#0"},
				"south": {"uv": [9.125, 7.25, 9, 7.125], "rotation": 90, "texture": "#0"},
				"west": {"uv": [9.125, 7, 9.25, 7.125], "rotation": 270, "texture": "#0"},
				"up": {"uv": [9.125, 7.125, 9, 7], "rotation": 180, "texture": "#0"},
				"down": {"uv": [9.125, 7.125, 9, 7], "texture": "#0"}
			}
		},
		{
			"from": [6.52071, 8.75, -10.1],
			"to": [10.52071, 11.75, -7.1],
			"rotation": {"angle": 0, "axis": "y", "origin": [8.86036, 8.625, -9.225]},
			"faces": {
				"north": {"uv": [0, 10.5, 0.75, 9.5], "rotation": 90, "texture": "#0"},
				"east": {"uv": [3.875, 11.375, 3.125, 12.125], "rotation": 90, "texture": "#0"},
				"south": {"uv": [0, 10.5, 0.75, 9.5], "rotation": 90, "texture": "#0"},
				"west": {"uv": [3.875, 12.125, 3.125, 11.375], "rotation": 90, "texture": "#0"},
				"up": {"uv": [3, 10.625, 2.25, 9.625], "rotation": 90, "texture": "#0"},
				"down": {"uv": [3, 10.625, 2.25, 9.625], "rotation": 90, "texture": "#0"}
			}
		},
		{
			"from": [7.52071, 11.75, -10.1],
			"to": [9.52071, 12.25, -7.1],
			"rotation": {"angle": 0, "axis": "y", "origin": [8.86036, 8.625, -9.225]},
			"faces": {
				"north": {"uv": [0.625, 11, 0.75, 10.5], "rotation": 90, "texture": "#0"},
				"east": {"uv": [0, 9.5, 0.75, 9.375], "rotation": 180, "texture": "#0"},
				"south": {"uv": [0.625, 11, 0.75, 10.5], "rotation": 90, "texture": "#0"},
				"west": {"uv": [0, 9.5, 0.75, 9.375], "rotation": 180, "texture": "#0"},
				"up": {"uv": [4.625, 11.875, 3.875, 11.375], "rotation": 90, "texture": "#0"},
				"down": {"uv": [4.625, 11.875, 3.875, 11.375], "rotation": 90, "texture": "#0"}
			}
		},
		{
			"from": [7.52071, 5.75, -10.1],
			"to": [9.52071, 6.25, -7.1],
			"rotation": {"angle": 0, "axis": "y", "origin": [8.86036, 7.625, -9.225]},
			"faces": {
				"north": {"uv": [1.125, 11, 0.625, 11.125], "texture": "#0"},
				"east": {"uv": [3.125, 12.125, 3, 11.375], "rotation": 90, "texture": "#0"},
				"south": {"uv": [1.125, 11, 0.625, 11.125], "texture": "#0"},
				"west": {"uv": [3.125, 12.125, 3, 11.375], "rotation": 90, "texture": "#0"},
				"up": {"uv": [2, 11.25, 2.75, 10.75], "rotation": 90, "texture": "#0"},
				"down": {"uv": [2, 10.875, 1.5, 11.625], "rotation": 180, "texture": "#0"}
			}
		},
		{
			"from": [6.52071, 8.25, -10.1],
			"to": [7.02071, 8.75, -9.6],
			"rotation": {"angle": 0, "axis": "y", "origin": [8.86036, 8.625, -9.225]},
			"faces": {
				"north": {"uv": [4.875, 13.375, 5, 13.25], "texture": "#0"},
				"east": {"uv": [5.125, 13.375, 5, 13.25], "rotation": 180, "texture": "#0"},
				"south": {"uv": [4.875, 13.375, 5, 13.25], "texture": "#0"},
				"west": {"uv": [5.125, 13.375, 5, 13.25], "rotation": 180, "texture": "#0"},
				"up": {"uv": [4.875, 13.375, 5, 13.5], "rotation": 180, "texture": "#0"},
				"down": {"uv": [4.875, 13.375, 5, 13.5], "rotation": 180, "texture": "#0"}
			}
		},
		{
			"from": [6.52071, 7.75, -10.1],
			"to": [7.02071, 8.25, -9.6],
			"rotation": {"angle": 0, "axis": "y", "origin": [8.86036, 8.625, -9.225]},
			"faces": {
				"north": {"uv": [4.875, 13.375, 5, 13.25], "texture": "#0"},
				"east": {"uv": [5.125, 13.375, 5, 13.25], "rotation": 180, "texture": "#0"},
				"south": {"uv": [4.875, 13.375, 5, 13.25], "texture": "#0"},
				"west": {"uv": [5.125, 13.375, 5, 13.25], "rotation": 180, "texture": "#0"},
				"up": {"uv": [4.875, 13.375, 5, 13.5], "rotation": 180, "texture": "#0"},
				"down": {"uv": [4.875, 13.375, 5, 13.5], "rotation": 180, "texture": "#0"}
			}
		},
		{
			"from": [10.02071, 8.25, -10.1],
			"to": [10.52071, 8.75, -9.6],
			"rotation": {"angle": 0, "axis": "y", "origin": [8.86036, 8.625, -9.225]},
			"faces": {
				"north": {"uv": [4.875, 13.375, 5, 13.25], "texture": "#0"},
				"east": {"uv": [5.125, 13.375, 5, 13.25], "rotation": 180, "texture": "#0"},
				"south": {"uv": [4.875, 13.375, 5, 13.25], "texture": "#0"},
				"west": {"uv": [5.125, 13.375, 5, 13.25], "rotation": 180, "texture": "#0"},
				"up": {"uv": [4.875, 13.375, 5, 13.5], "rotation": 180, "texture": "#0"},
				"down": {"uv": [4.875, 13.375, 5, 13.5], "rotation": 180, "texture": "#0"}
			}
		},
		{
			"from": [10.02071, 7.75, -10.1],
			"to": [10.52071, 8.25, -9.6],
			"rotation": {"angle": 0, "axis": "y", "origin": [8.86036, 8.625, -9.225]},
			"faces": {
				"north": {"uv": [4.875, 13.375, 5, 13.25], "texture": "#0"},
				"east": {"uv": [5.125, 13.375, 5, 13.25], "rotation": 180, "texture": "#0"},
				"south": {"uv": [4.875, 13.375, 5, 13.25], "texture": "#0"},
				"west": {"uv": [5.125, 13.375, 5, 13.25], "rotation": 180, "texture": "#0"},
				"up": {"uv": [4.875, 13.375, 5, 13.5], "rotation": 180, "texture": "#0"},
				"down": {"uv": [4.875, 13.375, 5, 13.5], "rotation": 180, "texture": "#0"}
			}
		},
		{
			"from": [7.5, 8.25, -10.1],
			"to": [8, 8.75, -9.6],
			"rotation": {"angle": 0, "axis": "y", "origin": [8.86036, 8.625, -9.225]},
			"faces": {
				"north": {"uv": [5, 13.75, 5.125, 13.625], "texture": "#0"},
				"east": {"uv": [5, 13.625, 5.125, 13.75], "rotation": 180, "texture": "#0"},
				"south": {"uv": [5, 13.75, 5.125, 13.625], "texture": "#0"},
				"west": {"uv": [5, 13.625, 5.125, 13.75], "rotation": 180, "texture": "#0"},
				"up": {"uv": [5, 13.625, 5.125, 13.75], "rotation": 180, "texture": "#0"},
				"down": {"uv": [5, 13.625, 5.125, 13.75], "rotation": 180, "texture": "#0"}
			}
		},
		{
			"from": [9, 8.25, -10.1],
			"to": [9.5, 8.75, -9.6],
			"rotation": {"angle": 0, "axis": "y", "origin": [8.86036, 8.625, -9.225]},
			"faces": {
				"north": {"uv": [4.875, 13.625, 5, 13.5], "texture": "#0"},
				"east": {"uv": [4.875, 13.5, 5, 13.625], "rotation": 180, "texture": "#0"},
				"south": {"uv": [4.875, 13.625, 5, 13.5], "texture": "#0"},
				"west": {"uv": [4.875, 13.5, 5, 13.625], "rotation": 180, "texture": "#0"},
				"up": {"uv": [4.875, 13.5, 5, 13.625], "rotation": 180, "texture": "#0"},
				"down": {"uv": [4.875, 13.5, 5, 13.625], "rotation": 180, "texture": "#0"}
			}
		},
		{
			"from": [7.5, 6.25, -10.1],
			"to": [8, 6.75, -9.6],
			"rotation": {"angle": 0, "axis": "y", "origin": [8.86036, 7.625, -9.225]},
			"faces": {
				"north": {"uv": [5, 13.625, 5.125, 13.5], "texture": "#0"},
				"east": {"uv": [5, 13.5, 5.125, 13.625], "rotation": 180, "texture": "#0"},
				"south": {"uv": [5, 13.625, 5.125, 13.5], "texture": "#0"},
				"west": {"uv": [5, 13.5, 5.125, 13.625], "rotation": 180, "texture": "#0"},
				"up": {"uv": [5, 13.5, 5.125, 13.625], "rotation": 180, "texture": "#0"},
				"down": {"uv": [5, 13.5, 5.125, 13.625], "rotation": 180, "texture": "#0"}
			}
		},
		{
			"from": [9, 6.25, -10.1],
			"to": [9.5, 6.75, -9.6],
			"rotation": {"angle": 0, "axis": "y", "origin": [8.86036, 7.625, -9.225]},
			"faces": {
				"north": {"uv": [5, 13.75, 5.125, 13.625], "texture": "#0"},
				"east": {"uv": [5, 13.625, 5.125, 13.75], "rotation": 180, "texture": "#0"},
				"south": {"uv": [5, 13.75, 5.125, 13.625], "texture": "#0"},
				"west": {"uv": [5, 13.625, 5.125, 13.75], "rotation": 180, "texture": "#0"},
				"up": {"uv": [5, 13.625, 5.125, 13.75], "rotation": 180, "texture": "#0"},
				"down": {"uv": [5, 13.625, 5.125, 13.75], "rotation": 180, "texture": "#0"}
			}
		},
		{
			"from": [9.69957, 6.82678, -9.1],
			"to": [10.69957, 8.82678, -8.1],
			"rotation": {"angle": -45, "axis": "z", "origin": [8.86036, 7.625, -9.225]},
			"faces": {
				"north": {"uv": [2, 11.75, 2.5, 12], "rotation": 90, "texture": "#0"},
				"east": {"uv": [2.5, 11.75, 2, 11.5], "rotation": 270, "texture": "#0"},
				"south": {"uv": [2.5, 11.5, 3, 11.75], "rotation": 90, "texture": "#0"},
				"west": {"uv": [2.5, 11.5, 2, 11.25], "rotation": 270, "texture": "#0"},
				"up": {"uv": [2.5, 9.625, 2.25, 9.375], "rotation": 180, "texture": "#0"},
				"down": {"uv": [2.25, 9.875, 2, 9.625], "rotation": 180, "texture": "#0"}
			}
		},
		{
			"from": [6.30043, 6.82678, -9.1],
			"to": [7.30043, 8.82678, -8.1],
			"rotation": {"angle": 45, "axis": "z", "origin": [8.13964, 7.625, -9.225]},
			"faces": {
				"north": {"uv": [2, 12, 2.5, 11.75], "rotation": 90, "texture": "#0"},
				"east": {"uv": [2.5, 11.25, 2, 11.5], "rotation": 270, "texture": "#0"},
				"south": {"uv": [2, 12, 2.5, 11.75], "rotation": 90, "texture": "#0"},
				"west": {"uv": [2.5, 11.5, 2, 11.75], "rotation": 270, "texture": "#0"},
				"up": {"uv": [2.25, 9.625, 2.5, 9.375], "rotation": 180, "texture": "#0"},
				"down": {"uv": [2, 9.875, 2.25, 9.625], "rotation": 180, "texture": "#0"}
			}
		},
		{
			"from": [9, -1, 14],
			"to": [11, 5, 16],
			"rotation": {"angle": 45, "axis": "z", "origin": [0, 0, 0]},
			"faces": {
				"north": {"uv": [0.5, 11.625, 1, 13.125], "texture": "#0"},
				"east": {"uv": [0, 11.625, 0.5, 13.125], "texture": "#0"},
				"south": {"uv": [1, 11.625, 0.5, 13.125], "texture": "#0"},
				"west": {"uv": [0.5, 11.625, 0, 13.125], "texture": "#0"},
				"up": {"uv": [0.625, 11.125, 1.125, 11.625], "texture": "#0"},
				"down": {"uv": [0.625, 11.125, 1.125, 11.625], "texture": "#0"}
			}
		},
		{
			"from": [9.2, -1.5, 14.2],
			"to": [10.8, -1, 15.8],
			"rotation": {"angle": 45, "axis": "z", "origin": [0, 0, 0]},
			"faces": {
				"north": {"uv": [2.875, 12.5, 3.25, 12.625], "texture": "#0"},
				"east": {"uv": [2.875, 13, 3.25, 13.125], "texture": "#0"},
				"south": {"uv": [2.875, 12.5, 3.25, 12.625], "texture": "#0"},
				"west": {"uv": [2.875, 13, 3.25, 13.125], "texture": "#0"},
				"up": {"uv": [2.875, 12.625, 3.25, 13], "texture": "#0"},
				"down": {"uv": [2.875, 12.625, 3.25, 13], "texture": "#0"}
			}
		},
		{
			"from": [8.3, 5, 13.2],
			"to": [11.8, 5.5, 16.8],
			"rotation": {"angle": 45, "axis": "z", "origin": [0, 0, 0]},
			"faces": {
				"north": {"uv": [2.875, 12.125, 2, 12.25], "texture": "#0"},
				"east": {"uv": [2, 12, 2.875, 12.125], "texture": "#0"},
				"south": {"uv": [2, 12.125, 2.875, 12.25], "texture": "#0"},
				"west": {"uv": [2, 12, 2.875, 12.125], "texture": "#0"},
				"up": {"uv": [2, 12.25, 2.875, 13.125], "texture": "#0"},
				"down": {"uv": [2, 12.25, 2.875, 13.125], "texture": "#0"}
			}
		},
		{
			"from": [5, -1, 14],
			"to": [7, 5, 16],
			"rotation": {"angle": -45, "axis": "z", "origin": [16, 0, 0]},
			"faces": {
				"north": {"uv": [4, 9.625, 3.5, 11.125], "texture": "#0"},
				"east": {"uv": [3, 9.625, 3.5, 11.125], "texture": "#0"},
				"south": {"uv": [3.5, 9.625, 4, 11.125], "texture": "#0"},
				"west": {"uv": [3.5, 9.625, 3, 11.125], "texture": "#0"},
				"up": {"uv": [1.125, 11.125, 0.625, 11.625], "texture": "#0"},
				"down": {"uv": [1.125, 11.125, 0.625, 11.625], "texture": "#0"}
			}
		},
		{
			"from": [5.2, -1.5, 14.2],
			"to": [6.8, -1, 15.8],
			"rotation": {"angle": -45, "axis": "z", "origin": [16, 0, 0]},
			"faces": {
				"north": {"uv": [3.25, 12.5, 2.875, 12.625], "texture": "#0"},
				"east": {"uv": [3.25, 13, 2.875, 13.125], "texture": "#0"},
				"south": {"uv": [3.25, 12.5, 2.875, 12.625], "texture": "#0"},
				"west": {"uv": [3.25, 13, 2.875, 13.125], "texture": "#0"},
				"up": {"uv": [3.25, 12.625, 2.875, 13], "texture": "#0"},
				"down": {"uv": [3.25, 12.625, 2.875, 13], "texture": "#0"}
			}
		},
		{
			"from": [4.2, 5, 13.2],
			"to": [7.7, 5.5, 16.8],
			"rotation": {"angle": -45, "axis": "z", "origin": [16, 0, 0]},
			"faces": {
				"north": {"uv": [2, 12.125, 2.875, 12.25], "texture": "#0"},
				"east": {"uv": [2.875, 12, 2, 12.125], "texture": "#0"},
				"south": {"uv": [2.875, 12.125, 2, 12.25], "texture": "#0"},
				"west": {"uv": [2.875, 12, 2, 12.125], "texture": "#0"},
				"up": {"uv": [2.875, 12.25, 2, 13.125], "texture": "#0"},
				"down": {"uv": [2.875, 12.25, 2, 13.125], "texture": "#0"}
			}
		},
		{
			"from": [7, 14.5, 20],
			"to": [9, 15.5, 22],
			"rotation": {"angle": 45, "axis": "x", "origin": [19, 13.5, 11]},
			"faces": {
				"north": {"uv": [3.375, 12.875, 3.875, 13.125], "texture": "#0"},
				"east": {"uv": [3.375, 12.625, 3.875, 12.875], "texture": "#0"},
				"south": {"uv": [3.375, 12.875, 3.875, 13.125], "texture": "#0"},
				"west": {"uv": [3.875, 12.625, 3.375, 12.875], "texture": "#0"},
				"up": {"uv": [3.375, 12.125, 3.875, 12.625], "texture": "#0"},
				"down": {"uv": [3.375, 12.125, 3.875, 12.625], "texture": "#0"}
			}
		},
		{
			"from": [6.7, 15.5, 19.7],
			"to": [9.3, 16.5, 22.3],
			"rotation": {"angle": 45, "axis": "x", "origin": [19, 13.5, 11]},
			"faces": {
				"north": {"uv": [0.625, 10.5, 0, 10.75], "texture": "#0"},
				"east": {"uv": [0.625, 11.375, 0, 11.625], "texture": "#0"},
				"south": {"uv": [0.625, 10.5, 0, 10.75], "texture": "#0"},
				"west": {"uv": [0.625, 11.375, 0, 11.625], "texture": "#0"},
				"up": {"uv": [0, 10.75, 0.625, 11.375], "texture": "#0"},
				"down": {"uv": [0, 10.75, 0.625, 11.375], "texture": "#0"}
			}
		},
		{
			"from": [10.1, 0.4, 1],
			"to": [10.1, 3.4, 5],
			"rotation": {"angle": 0, "axis": "y", "origin": [9, 1.5, 3]},
			"faces": {
				"north": {"uv": [0, 0, 0, 0.75], "texture": "#1"},
				"east": {"uv": [7.5, 3, 6.5, 3.75], "texture": "#1"},
				"south": {"uv": [0, 0, 0, 0.75], "texture": "#1"},
				"west": {"uv": [6.5, 3, 7.5, 3.75], "texture": "#1"},
				"up": {"uv": [1, 0, 0, 0], "rotation": 90, "texture": "#1"},
				"down": {"uv": [1, 0, 0, 0], "rotation": 270, "texture": "#1"}
			}
		},
		{
			"from": [9.6, 3, 1],
			"to": [9.6, 6, 5],
			"rotation": {"angle": 22.5, "axis": "z", "origin": [9, 4.5, 3]},
			"faces": {
				"north": {"uv": [0, 0, 0, 0.75], "texture": "#1"},
				"east": {"uv": [7.5, 4.5, 6.5, 5.25], "texture": "#1"},
				"south": {"uv": [0, 0, 0, 0.75], "texture": "#1"},
				"west": {"uv": [6.5, 4.5, 7.5, 5.25], "texture": "#1"},
				"up": {"uv": [1, 0, 0, 0], "rotation": 90, "texture": "#1"},
				"down": {"uv": [1, 0, 0, 0], "rotation": 270, "texture": "#1"}
			}
		},
		{
			"from": [10.1, 0.4, -3],
			"to": [10.1, 3.4, 1],
			"rotation": {"angle": 0, "axis": "y", "origin": [9, 1.5, -1]},
			"faces": {
				"north": {"uv": [0, 0, 0, 0.75], "texture": "#1"},
				"east": {"uv": [7.5, 3, 6.5, 3.75], "texture": "#1"},
				"south": {"uv": [0, 0, 0, 0.75], "texture": "#1"},
				"west": {"uv": [6.5, 3, 7.5, 3.75], "texture": "#1"},
				"up": {"uv": [1, 0, 0, 0], "rotation": 90, "texture": "#1"},
				"down": {"uv": [1, 0, 0, 0], "rotation": 270, "texture": "#1"}
			}
		},
		{
			"from": [9.6, 3, -3],
			"to": [9.6, 6, 1],
			"rotation": {"angle": 22.5, "axis": "z", "origin": [9, 4.5, -1]},
			"faces": {
				"north": {"uv": [0, 0, 0, 0.75], "texture": "#1"},
				"east": {"uv": [7.5, 4.5, 6.5, 5.25], "texture": "#1"},
				"south": {"uv": [0, 0, 0, 0.75], "texture": "#1"},
				"west": {"uv": [6.5, 4.5, 7.5, 5.25], "texture": "#1"},
				"up": {"uv": [1, 0, 0, 0], "rotation": 90, "texture": "#1"},
				"down": {"uv": [1, 0, 0, 0], "rotation": 270, "texture": "#1"}
			}
		},
		{
			"from": [10.1, 0.4, -7],
			"to": [10.1, 3.4, -3],
			"rotation": {"angle": 0, "axis": "y", "origin": [9, 1.5, -5]},
			"faces": {
				"north": {"uv": [0, 0, 0, 0.75], "texture": "#1"},
				"east": {"uv": [7.5, 3, 6.5, 3.75], "texture": "#1"},
				"south": {"uv": [0, 0, 0, 0.75], "texture": "#1"},
				"west": {"uv": [6.5, 3, 7.5, 3.75], "texture": "#1"},
				"up": {"uv": [1, 0, 0, 0], "rotation": 90, "texture": "#1"},
				"down": {"uv": [1, 0, 0, 0], "rotation": 270, "texture": "#1"}
			}
		},
		{
			"from": [9.6, 3, -7],
			"to": [9.6, 6, -3],
			"rotation": {"angle": 22.5, "axis": "z", "origin": [9, 4.5, -5]},
			"faces": {
				"north": {"uv": [0, 0, 0, 0.75], "texture": "#1"},
				"east": {"uv": [7.5, 4.5, 6.5, 5.25], "texture": "#1"},
				"south": {"uv": [0, 0, 0, 0.75], "texture": "#1"},
				"west": {"uv": [6.5, 4.5, 7.5, 5.25], "texture": "#1"},
				"up": {"uv": [1, 0, 0, 0], "rotation": 90, "texture": "#1"},
				"down": {"uv": [1, 0, 0, 0], "rotation": 270, "texture": "#1"}
			}
		},
		{
			"from": [5.9, 0.4, -7],
			"to": [5.9, 3.4, -3],
			"rotation": {"angle": 0, "axis": "y", "origin": [7, 1.5, -5]},
			"faces": {
				"north": {"uv": [0, 0, 0, 0.75], "texture": "#1"},
				"east": {"uv": [7.5, 3, 6.5, 3.75], "texture": "#1"},
				"south": {"uv": [0, 0, 0, 0.75], "texture": "#1"},
				"west": {"uv": [6.5, 3, 7.5, 3.75], "texture": "#1"},
				"up": {"uv": [1, 0, 0, 0], "rotation": 90, "texture": "#1"},
				"down": {"uv": [1, 0, 0, 0], "rotation": 270, "texture": "#1"}
			}
		},
		{
			"from": [6.4, 3, -7],
			"to": [6.4, 6, -3],
			"rotation": {"angle": -22.5, "axis": "z", "origin": [7, 4.5, -5]},
			"faces": {
				"north": {"uv": [0, 0, 0, 0.75], "texture": "#1"},
				"east": {"uv": [7.5, 4.5, 6.5, 5.25], "texture": "#1"},
				"south": {"uv": [0, 0, 0, 0.75], "texture": "#1"},
				"west": {"uv": [6.5, 4.5, 7.5, 5.25], "texture": "#1"},
				"up": {"uv": [1, 0, 0, 0], "rotation": 90, "texture": "#1"},
				"down": {"uv": [1, 0, 0, 0], "rotation": 270, "texture": "#1"}
			}
		},
		{
			"from": [6.4, 3, -3],
			"to": [6.4, 6, 1],
			"rotation": {"angle": -22.5, "axis": "z", "origin": [7, 4.5, -1]},
			"faces": {
				"north": {"uv": [0, 0, 0, 0.75], "texture": "#1"},
				"east": {"uv": [7.5, 4.5, 6.5, 5.25], "texture": "#1"},
				"south": {"uv": [0, 0, 0, 0.75], "texture": "#1"},
				"west": {"uv": [6.5, 4.5, 7.5, 5.25], "texture": "#1"},
				"up": {"uv": [1, 0, 0, 0], "rotation": 90, "texture": "#1"},
				"down": {"uv": [1, 0, 0, 0], "rotation": 270, "texture": "#1"}
			}
		},
		{
			"from": [5.9, 0.4, -3],
			"to": [5.9, 3.4, 1],
			"rotation": {"angle": 0, "axis": "y", "origin": [7, 1.5, -1]},
			"faces": {
				"north": {"uv": [0, 0, 0, 0.75], "texture": "#1"},
				"east": {"uv": [7.5, 3, 6.5, 3.75], "texture": "#1"},
				"south": {"uv": [0, 0, 0, 0.75], "texture": "#1"},
				"west": {"uv": [6.5, 3, 7.5, 3.75], "texture": "#1"},
				"up": {"uv": [1, 0, 0, 0], "rotation": 90, "texture": "#1"},
				"down": {"uv": [1, 0, 0, 0], "rotation": 270, "texture": "#1"}
			}
		},
		{
			"from": [5.9, 0.4, 1],
			"to": [5.9, 3.4, 5],
			"rotation": {"angle": 0, "axis": "y", "origin": [7, 1.5, 3]},
			"faces": {
				"north": {"uv": [0, 0, 0, 0.75], "texture": "#1"},
				"east": {"uv": [7.5, 3, 6.5, 3.75], "texture": "#1"},
				"south": {"uv": [0, 0, 0, 0.75], "texture": "#1"},
				"west": {"uv": [6.5, 3, 7.5, 3.75], "texture": "#1"},
				"up": {"uv": [1, 0, 0, 0], "rotation": 90, "texture": "#1"},
				"down": {"uv": [1, 0, 0, 0], "rotation": 270, "texture": "#1"}
			}
		},
		{
			"from": [6.4, 3, 1],
			"to": [6.4, 6, 5],
			"rotation": {"angle": -22.5, "axis": "z", "origin": [7, 4.5, 3]},
			"faces": {
				"north": {"uv": [0, 0, 0, 0.75], "texture": "#1"},
				"east": {"uv": [7.5, 4.5, 6.5, 5.25], "texture": "#1"},
				"south": {"uv": [0, 0, 0, 0.75], "texture": "#1"},
				"west": {"uv": [6.5, 4.5, 7.5, 5.25], "texture": "#1"},
				"up": {"uv": [1, 0, 0, 0], "rotation": 90, "texture": "#1"},
				"down": {"uv": [1, 0, 0, 0], "rotation": 270, "texture": "#1"}
			}
		},
		{
			"from": [8.5, 8.5, 5],
			"to": [8.5, 11.5, 10],
			"rotation": {"angle": 0, "axis": "y", "origin": [3.5, 7, 13.5]},
			"faces": {
				"north": {"uv": [0, 0, 0.75, 0], "rotation": 270, "texture": "#0"},
				"east": {"uv": [11.125, 5.25, 11.875, 6.5], "rotation": 90, "texture": "#0"},
				"south": {"uv": [0, 0, 0.75, 0], "rotation": 90, "texture": "#0"},
				"west": {"uv": [11.125, 6.5, 11.875, 5.25], "rotation": 90, "texture": "#0"},
				"up": {"uv": [0, 0, 1.25, 0], "rotation": 90, "texture": "#0"},
				"down": {"uv": [0, 0, 1.25, 0], "rotation": 90, "texture": "#0"}
			}
		},
		{
			"from": [7.5, 8.5, 5],
			"to": [7.5, 11.5, 10],
			"rotation": {"angle": 0, "axis": "y", "origin": [3.5, 7, 13.5]},
			"faces": {
				"north": {"uv": [0, 0, 0.75, 0], "rotation": 270, "texture": "#0"},
				"east": {"uv": [6, 7, 6.75, 5.75], "rotation": 90, "texture": "#0"},
				"south": {"uv": [0, 0, 0.75, 0], "rotation": 90, "texture": "#0"},
				"west": {"uv": [6, 5.75, 6.75, 7], "rotation": 90, "texture": "#0"},
				"up": {"uv": [0, 0, 1.25, 0], "rotation": 90, "texture": "#0"},
				"down": {"uv": [0, 0, 1.25, 0], "rotation": 90, "texture": "#0"}
			}
		},
		{
			"from": [2, 7, 11],
			"to": [5, 7, 16],
			"rotation": {"angle": -22.5, "axis": "z", "origin": [3.5, 7, 13.5]},
			"faces": {
				"north": {"uv": [0, 0, 0.75, 0], "texture": "#0"},
				"east": {"uv": [0, 0, 1.25, 0], "texture": "#0"},
				"south": {"uv": [0, 0, 0.75, 0], "texture": "#0"},
				"west": {"uv": [0, 0, 1.25, 0], "texture": "#0"},
				"up": {"uv": [6, 5.75, 6.75, 7], "texture": "#0"},
				"down": {"uv": [6, 7, 6.75, 5.75], "texture": "#0"}
			}
		},
		{
			"from": [4, 8, 5],
			"to": [7, 8, 10],
			"rotation": {"angle": -22.5, "axis": "z", "origin": [4.5, 8, 7.5]},
			"faces": {
				"north": {"uv": [0, 0, 0.75, 0], "texture": "#0"},
				"east": {"uv": [0, 0, 1.25, 0], "texture": "#0"},
				"south": {"uv": [0, 0, 0.75, 0], "texture": "#0"},
				"west": {"uv": [0, 0, 1.25, 0], "texture": "#0"},
				"up": {"uv": [11.125, 5.375, 11.875, 6.625], "texture": "#0"},
				"down": {"uv": [11.125, 6.625, 11.875, 5.375], "texture": "#0"}
			}
		},
		{
			"from": [9, 8, 5],
			"to": [12, 8, 10],
			"rotation": {"angle": 22.5, "axis": "z", "origin": [11.5, 8, 7.5]},
			"faces": {
				"north": {"uv": [0.75, 0, 0, 0], "texture": "#0"},
				"east": {"uv": [1.25, 0, 0, 0], "texture": "#0"},
				"south": {"uv": [0.75, 0, 0, 0], "texture": "#0"},
				"west": {"uv": [1.25, 0, 0, 0], "texture": "#0"},
				"up": {"uv": [11.875, 5.375, 11.125, 6.625], "texture": "#0"},
				"down": {"uv": [11.875, 6.625, 11.125, 5.375], "texture": "#0"}
			}
		},
		{
			"from": [11, 7, 11],
			"to": [14, 7, 16],
			"rotation": {"angle": 22.5, "axis": "z", "origin": [12.5, 7, 13.5]},
			"faces": {
				"north": {"uv": [0.75, 0, 0, 0], "texture": "#0"},
				"east": {"uv": [1.25, 0, 0, 0], "texture": "#0"},
				"south": {"uv": [0.75, 0, 0, 0], "texture": "#0"},
				"west": {"uv": [1.25, 0, 0, 0], "texture": "#0"},
				"up": {"uv": [6.75, 5.75, 6, 7], "texture": "#0"},
				"down": {"uv": [6.75, 7, 6, 5.75], "texture": "#0"}
			}
		},
		{
			"from": [12, 5, -11],
			"to": [12, 21, -3],
			"rotation": {"angle": 22.5, "axis": "x", "origin": [0, 0, 0]},
			"faces": {
				"north": {"uv": [0, 0, 0, 8], "texture": "#2"},
				"east": {"uv": [12.5, 0, 10.5, 4], "texture": "#2"},
				"south": {"uv": [0, 0, 0, 8], "texture": "#2"},
				"west": {"uv": [10.5, 0, 12.5, 4], "texture": "#2"},
				"up": {"uv": [0, 0, 4, 0], "rotation": 270, "texture": "#2"},
				"down": {"uv": [0, 0, 4, 0], "rotation": 90, "texture": "#2"}
			}
		},
		{
			"from": [4, 5, -11],
			"to": [4, 21, -3],
			"rotation": {"angle": 22.5, "axis": "x", "origin": [16, 0, 0]},
			"faces": {
				"north": {"uv": [0, 0, 0, 8], "texture": "#2"},
				"east": {"uv": [12.5, 0, 10.5, 4], "texture": "#2"},
				"south": {"uv": [0, 0, 0, 8], "texture": "#2"},
				"west": {"uv": [10.5, 0, 12.5, 4], "texture": "#2"},
				"up": {"uv": [0, 0, 4, 0], "rotation": 270, "texture": "#2"},
				"down": {"uv": [0, 0, 4, 0], "rotation": 90, "texture": "#2"}
			}
		},
		{
			"from": [-2, 9, 15],
			"to": [5, 16, 15],
			"rotation": {"angle": 22.5, "axis": "z", "origin": [2, 10, 14]},
			"faces": {
				"north": {"uv": [1, 8.5, 8, 15.5], "texture": "#3"},
				"east": {"uv": [0, 13.25, 0, 18.25], "texture": "#3"},
				"south": {"uv": [8, 8.5, 1, 15.5], "texture": "#3"},
				"west": {"uv": [0, 13.25, 0, 18.25], "texture": "#3"},
				"up": {"uv": [0, 13.25, 0, 17.25], "rotation": 90, "texture": "#3"},
				"down": {"uv": [0, 13.25, 0, 17.25], "rotation": 270, "texture": "#3"}
			}
		},
		{
			"from": [11, 9, 15],
			"to": [18, 16, 15],
			"rotation": {"angle": -22.5, "axis": "z", "origin": [14, 10, 14]},
			"faces": {
				"north": {"uv": [8, 8.5, 1, 15.5], "texture": "#4"},
				"east": {"uv": [0, 13.25, 0, 18.25], "texture": "#4"},
				"south": {"uv": [1, 8.5, 8, 15.5], "texture": "#4"},
				"west": {"uv": [0, 13.25, 0, 18.25], "texture": "#4"},
				"up": {"uv": [0, 17.25, 0, 13.25], "rotation": 90, "texture": "#4"},
				"down": {"uv": [0, 17.25, 0, 13.25], "rotation": 270, "texture": "#4"}
			}
		}
	],
	"gui_light": "front",
	"display": {
		"thirdperson_righthand": {
			"translation": [0, 1.25, -2.75],
			"scale": [0.5, 0.5, 0.5]
		},
		"firstperson_righthand": {
			"translation": [5, 0, -1]
		},
		"firstperson_lefthand": {
			"translation": [5, 0, -1]
		},
		"ground": {
			"translation": [0, 7, 0],
			"scale": [0.4, 0.4, 0.4]
		},
		"gui": {
			"rotation": [30, 225, 0],
			"translation": [-1.5, 0.25, 0],
			"scale": [0.45, 0.45, 0.45]
		},
		"fixed": {
			"rotation": [97.78, 56.76, -96.53],
			"translation": [2, 0, -22.5],
			"scale": [1.5, 1.5, 1.5]
		}
	},
	"groups": [
		{
			"name": "Arrow",
			"origin": [0, 0, 0],
			"color": 0,
			"children": [0, 1, 2]
		},
		{
			"name": "group",
			"origin": [8, 8, 19],
			"color": 0,
			"children": [3, 4, 5, 6, 7, 8, 9, 10, 11, 12, 13, 14, 15, 16, 17, 18, 19, 20, 21, 22, 23, 24, 25, 26, 27, 28, 29, 30, 31, 32, 33, 34]
		},
		{
			"name": "group",
			"origin": [14.7, -10.2, 5.3],
			"color": 0,
			"children": [35, 36, 37, 38, 39, 40, 41, 42, 43, 44, 45, 46]
		},
		{
			"name": "Skull",
			"origin": [9.66036, 2.875, 3.125],
			"color": 0,
			"children": [47, 48, 49, 50, 51, 52, 53, 54, 55, 56, 57, 58, 59]
		},
		{
			"name": "Medicine",
			"origin": [0, 0, 0],
			"color": 0,
			"children": [60, 61, 62]
		},
		{
			"name": "Medicine",
			"origin": [0, 0, 0],
			"color": 0,
			"children": [63, 64, 65]
		},
		{
			"name": "group",
			"origin": [19, 13.5, 11],
			"color": 0,
			"children": [66, 67]
		},
		{
			"name": "group",
			"origin": [16, 0, 0],
			"color": 0,
			"children": [68, 69, 70, 71, 72, 73, 74, 75, 76, 77, 78, 79, 80, 81, 82, 83, 84, 85, 86, 87]
		},
		88,
		89
	]
}