{
	"credit": "Made with Blockbench",
	"textures": {
		"2": "item/magma/magma_np_set"
	},
	"elements": [
		{
			"from": [7.5, 1.1, 7.5],
			"to": [8.5, 16.1, 8.5],
			"rotation": {"angle": 0, "axis": "y", "origin": [7, 11.1, 7]},
			"faces": {
				"north": {"uv": [3.125, 6.25, 3.25, 8.125], "texture": "#2"},
				"east": {"uv": [2.5, 10, 2.625, 11.875], "texture": "#2"},
				"south": {"uv": [2.625, 10, 2.75, 11.875], "texture": "#2"},
				"west": {"uv": [2.75, 10, 2.875, 11.875], "texture": "#2"},
				"up": {"uv": [5.375, 12.5, 5.25, 12.375], "texture": "#2"},
				"down": {"uv": [12.5, 5.25, 12.375, 5.375], "texture": "#2"}
			}
		},
		{
			"from": [-0.158, 11.592, 7.892],
			"to": [16.158, 17.608, 8.108],
			"rotation": {"angle": 0, "axis": "y", "origin": [7, -0.15, 7]},
			"faces": {
				"north": {"uv": [5.5, 1.75, 7.5, 2.5], "texture": "#2"},
				"east": {"uv": [3.5, 11.25, 3.625, 12], "texture": "#2"},
				"south": {"uv": [4.75, 5.5, 6.75, 6.25], "texture": "#2"},
				"west": {"uv": [5.5, 11.25, 5.625, 12], "texture": "#2"},
				"up": {"uv": [11.125, 4.875, 9.125, 4.75], "texture": "#2"},
				"down": {"uv": [11.25, 5.75, 9.25, 5.875], "texture": "#2"}
			}
		},
		{
			"from": [0.02496, 9.68423, 7.894],
			"to": [5.08696, 12.69623, 8.106],
			"rotation": {"angle": 22.5, "axis": "z", "origin": [2.68096, 11.69023, 8]},
			"faces": {
				"north": {"uv": [6.75, 5.875, 7.375, 6.25], "texture": "#2"},
				"east": {"uv": [11.125, 12, 11.25, 12.375], "texture": "#2"},
				"south": {"uv": [10, 8.5, 10.625, 8.875], "texture": "#2"},
				"west": {"uv": [11.25, 12, 11.375, 12.375], "texture": "#2"},
				"up": {"uv": [12, 9.25, 11.375, 9.125], "texture": "#2"},
				"down": {"uv": [12, 10.25, 11.375, 10.375], "texture": "#2"}
			}
		},
		{
			"from": [1.85015, 8.06213, 7.9],
			"to": [5.42515, 11.61213, 8.1],
			"rotation": {"angle": -22.5, "axis": "z", "origin": [3.35015, 10.58713, 8]},
			"faces": {
				"north": {"uv": [10, 9.625, 10.5, 10.125], "texture": "#2"},
				"east": {"uv": [10.625, 11.75, 10.75, 12.25], "texture": "#2"},
				"south": {"uv": [1, 10.125, 1.5, 10.625], "texture": "#2"},
				"west": {"uv": [1.75, 11.875, 1.875, 12.375], "texture": "#2"},
				"up": {"uv": [12.375, 5.375, 11.875, 5.25], "texture": "#2"},
				"down": {"uv": [6.5, 11.875, 6, 12], "texture": "#2"}
			}
		},
		{
			"from": [10.57485, 8.06213, 7.9],
			"to": [14.14985, 11.61213, 8.1],
			"rotation": {"angle": 22.5, "axis": "z", "origin": [12.64985, 10.58713, 8]},
			"faces": {
				"north": {"uv": [10.5, 9.625, 10, 10.125], "texture": "#2"},
				"east": {"uv": [1.875, 11.875, 1.75, 12.375], "texture": "#2"},
				"south": {"uv": [1.5, 10.125, 1, 10.625], "texture": "#2"},
				"west": {"uv": [10.75, 11.75, 10.625, 12.25], "texture": "#2"},
				"up": {"uv": [11.875, 5.375, 12.375, 5.25], "texture": "#2"},
				"down": {"uv": [6, 11.875, 6.5, 12], "texture": "#2"}
			}
		},
		{
			"from": [10.91304, 9.68423, 7.894],
			"to": [15.97504, 12.69623, 8.106],
			"rotation": {"angle": -22.5, "axis": "z", "origin": [13.31904, 11.69023, 8]},
			"faces": {
				"north": {"uv": [7.375, 5.875, 6.75, 6.25], "texture": "#2"},
				"east": {"uv": [11.375, 12, 11.25, 12.375], "texture": "#2"},
				"south": {"uv": [10.625, 8.5, 10, 8.875], "texture": "#2"},
				"west": {"uv": [11.25, 12, 11.125, 12.375], "texture": "#2"},
				"up": {"uv": [11.375, 9.25, 12, 9.125], "texture": "#2"},
				"down": {"uv": [11.375, 10.25, 12, 10.375], "texture": "#2"}
			}
		},
		{
			"from": [4, 12.5, 7.75],
			"to": [12, 16.5, 8.25],
			"rotation": {"angle": 0, "axis": "y", "origin": [8.75, 2, 7]},
			"faces": {
				"north": {"uv": [0, 8.875, 1, 9.375], "texture": "#2"},
				"east": {"uv": [5.375, 11.5, 5.5, 12], "texture": "#2"},
				"south": {"uv": [8.875, 1.5, 9.875, 2], "texture": "#2"},
				"west": {"uv": [7, 11.5, 7.125, 12], "texture": "#2"},
				"up": {"uv": [11.75, 7.375, 10.75, 7.25], "texture": "#2"},
				"down": {"uv": [11.75, 7.375, 10.75, 7.5], "texture": "#2"}
			}
		},
		{
			"from": [0.992, 11.492, 7.742],
			"to": [4.008, 16.508, 8.258],
			"rotation": {"angle": 0, "axis": "y", "origin": [8.75, 1, 7]},
			"faces": {
				"north": {"uv": [3.375, 3.75, 3.75, 4.375], "texture": "#2"},
				"east": {"uv": [2.125, 11.5, 2.25, 12.125], "texture": "#2"},
				"south": {"uv": [6.375, 4.875, 6.75, 5.5], "texture": "#2"},
				"west": {"uv": [3.125, 11.5, 3.25, 12.125], "texture": "#2"},
				"up": {"uv": [12.25, 11.125, 11.875, 11], "texture": "#2"},
				"down": {"uv": [12.25, 11.125, 11.875, 11.25], "texture": "#2"}
			}
		},
		{
			"from": [1.39623, 9.47183, 7.744],
			"to": [4.30823, 11.98383, 8.256],
			"rotation": {"angle": 22.5, "axis": "z", "origin": [2.40223, 10.72783, 8]},
			"faces": {
				"north": {"uv": [6.875, 10.625, 7.25, 11], "texture": "#2"},
				"east": {"uv": [4.625, 5.875, 4.75, 6.25], "texture": "#2"},
				"south": {"uv": [7.25, 10.625, 7.625, 11], "texture": "#2"},
				"west": {"uv": [6.25, 4.125, 6.375, 4.5], "texture": "#2"},
				"up": {"uv": [12.25, 11.375, 11.875, 11.25], "texture": "#2"},
				"down": {"uv": [12.125, 11.875, 11.75, 12], "texture": "#2"}
			}
		},
		{
			"from": [2.22511, 8.63963, 7.75],
			"to": [4.27511, 10.68963, 8.25],
			"rotation": {"angle": -22.5, "axis": "z", "origin": [3.47511, 9.58963, 8]},
			"faces": {
				"north": {"uv": [10.25, 11.5, 10.5, 11.75], "texture": "#2"},
				"east": {"uv": [12.125, 2.375, 12.25, 2.625], "texture": "#2"},
				"south": {"uv": [11.5, 10.375, 11.75, 10.625], "texture": "#2"},
				"west": {"uv": [2.625, 12.125, 2.75, 12.375], "texture": "#2"},
				"up": {"uv": [12.375, 2.75, 12.125, 2.625], "texture": "#2"},
				"down": {"uv": [3, 12.125, 2.75, 12.25], "texture": "#2"}
			}
		},
		{
			"from": [11.72489, 8.63963, 7.75],
			"to": [13.77489, 10.68963, 8.25],
			"rotation": {"angle": 22.5, "axis": "z", "origin": [12.52489, 9.58963, 8]},
			"faces": {
				"north": {"uv": [10.5, 11.5, 10.25, 11.75], "texture": "#2"},
				"east": {"uv": [2.75, 12.125, 2.625, 12.375], "texture": "#2"},
				"south": {"uv": [11.75, 10.375, 11.5, 10.625], "texture": "#2"},
				"west": {"uv": [12.25, 2.375, 12.125, 2.625], "texture": "#2"},
				"up": {"uv": [12.125, 2.75, 12.375, 2.625], "texture": "#2"},
				"down": {"uv": [2.75, 12.125, 3, 12.25], "texture": "#2"}
			}
		},
		{
			"from": [11.69177, 9.47183, 7.744],
			"to": [14.60377, 11.98383, 8.256],
			"rotation": {"angle": -22.5, "axis": "z", "origin": [13.59777, 10.72783, 8]},
			"faces": {
				"north": {"uv": [7.25, 10.625, 6.875, 11], "texture": "#2"},
				"east": {"uv": [6.375, 4.125, 6.25, 4.5], "texture": "#2"},
				"south": {"uv": [7.625, 10.625, 7.25, 11], "texture": "#2"},
				"west": {"uv": [4.75, 5.875, 4.625, 6.25], "texture": "#2"},
				"up": {"uv": [11.875, 11.375, 12.25, 11.25], "texture": "#2"},
				"down": {"uv": [11.75, 11.875, 12.125, 12], "texture": "#2"}
			}
		},
		{
			"from": [11.992, 11.492, 7.742],
			"to": [15.008, 16.508, 8.258],
			"rotation": {"angle": 0, "axis": "y", "origin": [7.25, 1, 7]},
			"faces": {
				"north": {"uv": [3.75, 3.75, 3.375, 4.375], "texture": "#2"},
				"east": {"uv": [3.25, 11.5, 3.125, 12.125], "texture": "#2"},
				"south": {"uv": [6.75, 4.875, 6.375, 5.5], "texture": "#2"},
				"west": {"uv": [2.25, 11.5, 2.125, 12.125], "texture": "#2"},
				"up": {"uv": [11.875, 11.125, 12.25, 11], "texture": "#2"},
				"down": {"uv": [11.875, 11.125, 12.25, 11.25], "texture": "#2"}
			}
		},
		{
			"from": [2.42988, 16.35467, 7.7],
			"to": [4.37988, 17.17967, 8.3],
			"rotation": {"angle": 45, "axis": "z", "origin": [3.37988, 16.67967, 8]},
			"faces": {
				"north": {"uv": [12.125, 1.125, 12.375, 1.25], "texture": "#2"},
				"east": {"uv": [12.375, 5, 12.5, 5.125], "texture": "#2"},
				"south": {"uv": [1.25, 12.125, 1.5, 12.25], "texture": "#2"},
				"west": {"uv": [12.375, 5.125, 12.5, 5.25], "texture": "#2"},
				"up": {"uv": [12.375, 1.375, 12.125, 1.25], "texture": "#2"},
				"down": {"uv": [1.75, 12.125, 1.5, 12.25], "texture": "#2"}
			}
		},
		{
			"from": [3.55066, 16.41111, 7.494],
			"to": [5.56266, 17.92311, 8.506],
			"rotation": {"angle": 0, "axis": "y", "origin": [6.55666, 16.76711, 8]},
			"faces": {
				"north": {"uv": [11.5, 7.5, 11.75, 7.75], "texture": "#2"},
				"east": {"uv": [0.25, 12.125, 0.375, 12.375], "texture": "#2"},
				"south": {"uv": [11.5, 8.125, 11.75, 8.375], "texture": "#2"},
				"west": {"uv": [12.125, 0.25, 12.25, 0.5], "texture": "#2"},
				"up": {"uv": [1, 12.25, 0.75, 12.125], "texture": "#2"},
				"down": {"uv": [1.25, 12.125, 1, 12.25], "texture": "#2"}
			}
		},
		{
			"from": [7.25, 13.6, 7.25],
			"to": [8.75, 14.6, 8.75],
			"rotation": {"angle": 0, "axis": "y", "origin": [7, 10.1, 7]},
			"faces": {
				"north": {"uv": [2.125, 12.125, 2.375, 12.25], "texture": "#2"},
				"east": {"uv": [12.125, 2.125, 12.375, 2.25], "texture": "#2"},
				"south": {"uv": [12.125, 2.25, 12.375, 2.375], "texture": "#2"},
				"west": {"uv": [2.375, 12.125, 2.625, 12.25], "texture": "#2"},
				"up": {"uv": [11.75, 9.75, 11.5, 9.5], "texture": "#2"},
				"down": {"uv": [11.75, 9.75, 11.5, 10], "texture": "#2"}
			}
		},
		{
			"from": [5.04866, 15.75911, 7.492],
			"to": [8.06466, 17.77511, 8.508],
			"rotation": {"angle": -22.5, "axis": "z", "origin": [6.55666, 16.76711, 8]},
			"faces": {
				"north": {"uv": [11.125, 9.25, 11.5, 9.5], "texture": "#2"},
				"east": {"uv": [8.25, 11, 8.375, 11.25], "texture": "#2"},
				"south": {"uv": [11.125, 9.5, 11.5, 9.75], "texture": "#2"},
				"west": {"uv": [12.125, 0, 12.25, 0.25], "texture": "#2"},
				"up": {"uv": [3.75, 4.5, 3.375, 4.375], "texture": "#2"},
				"down": {"uv": [9.25, 5.375, 8.875, 5.5], "texture": "#2"}
			}
		},
		{
			"from": [7.54289, 15.35, 7],
			"to": [9.04289, 16.85, 9],
			"rotation": {"angle": -45, "axis": "z", "origin": [7.29289, 16.1, 8]},
			"faces": {
				"north": {"uv": [4.5, 11.5, 4.75, 11.75], "texture": "#2"},
				"east": {"uv": [5.125, 11.5, 5.375, 11.75], "texture": "#2"},
				"south": {"uv": [11.5, 5.375, 11.75, 5.625], "texture": "#2"},
				"west": {"uv": [11.5, 5.875, 11.75, 6.125], "texture": "#2"},
				"up": {"uv": [7, 11.75, 6.75, 11.5], "texture": "#2"},
				"down": {"uv": [11.75, 7, 11.5, 7.25], "texture": "#2"}
			}
		},
		{
			"from": [6.39289, 16.85, 7],
			"to": [7.54289, 18, 9],
			"rotation": {"angle": -45, "axis": "z", "origin": [7.29289, 16.1, 8]},
			"faces": {
				"north": {"uv": [4.5, 11.5, 4.75, 11.75], "texture": "#2"},
				"east": {"uv": [5.125, 11.5, 5.375, 11.75], "texture": "#2"},
				"south": {"uv": [11.5, 5.375, 11.75, 5.625], "texture": "#2"},
				"west": {"uv": [11.5, 5.875, 11.75, 6.125], "texture": "#2"},
				"up": {"uv": [7, 11.75, 6.75, 11.5], "texture": "#2"},
				"down": {"uv": [11.75, 7, 11.5, 7.25], "texture": "#2"}
			}
		},
		{
			"from": [6.5, 15.83744, 7.25],
			"to": [9.5, 18.83744, 8.75],
			"rotation": {"angle": -45, "axis": "z", "origin": [8, 17.33744, 8]},
			"faces": {
				"north": {"uv": [4.25, 5.875, 4.625, 6.25], "texture": "#2"},
				"east": {"uv": [8.875, 11.125, 9.125, 11.5], "texture": "#2"},
				"south": {"uv": [1, 7.125, 1.375, 7.5], "texture": "#2"},
				"west": {"uv": [11.125, 8.875, 11.375, 9.25], "texture": "#2"},
				"up": {"uv": [11.5, 5.625, 11.125, 5.375], "texture": "#2"},
				"down": {"uv": [11.5, 7, 11.125, 7.25], "texture": "#2"}
			}
		},
		{
			"from": [7.93534, 15.75911, 7.492],
			"to": [10.95134, 17.77511, 8.508],
			"rotation": {"angle": 22.5, "axis": "z", "origin": [9.44334, 16.76711, 8]},
			"faces": {
				"north": {"uv": [11.5, 9.25, 11.125, 9.5], "texture": "#2"},
				"east": {"uv": [12.25, 0, 12.125, 0.25], "texture": "#2"},
				"south": {"uv": [11.5, 9.5, 11.125, 9.75], "texture": "#2"},
				"west": {"uv": [8.375, 11, 8.25, 11.25], "texture": "#2"},
				"up": {"uv": [3.375, 4.5, 3.75, 4.375], "texture": "#2"},
				"down": {"uv": [8.875, 5.375, 9.25, 5.5], "texture": "#2"}
			}
		},
		{
			"from": [10.43734, 16.41111, 7.494],
			"to": [12.44934, 17.92311, 8.506],
			"rotation": {"angle": 0, "axis": "y", "origin": [9.44334, 16.76711, 8]},
			"faces": {
				"north": {"uv": [11.75, 7.5, 11.5, 7.75], "texture": "#2"},
				"east": {"uv": [12.25, 0.25, 12.125, 0.5], "texture": "#2"},
				"south": {"uv": [11.75, 8.125, 11.5, 8.375], "texture": "#2"},
				"west": {"uv": [0.375, 12.125, 0.25, 12.375], "texture": "#2"},
				"up": {"uv": [0.75, 12.25, 1, 12.125], "texture": "#2"},
				"down": {"uv": [1, 12.125, 1.25, 12.25], "texture": "#2"}
			}
		},
		{
			"from": [11.62012, 16.35467, 7.7],
			"to": [13.57012, 17.17967, 8.3],
			"rotation": {"angle": -45, "axis": "z", "origin": [12.62012, 16.67967, 8]},
			"faces": {
				"north": {"uv": [12.375, 1.125, 12.125, 1.25], "texture": "#2"},
				"east": {"uv": [12.5, 5.125, 12.375, 5.25], "texture": "#2"},
				"south": {"uv": [1.5, 12.125, 1.25, 12.25], "texture": "#2"},
				"west": {"uv": [12.5, 5, 12.375, 5.125], "texture": "#2"},
				"up": {"uv": [12.125, 1.375, 12.375, 1.25], "texture": "#2"},
				"down": {"uv": [1.5, 12.125, 1.75, 12.25], "texture": "#2"}
			}
		},
		{
			"from": [8.5, -0.9, 7.5],
			"to": [9.5, 0.35, 8.5],
			"rotation": {"angle": 0, "axis": "y", "origin": [8, -0.525, 8]},
			"faces": {
				"north": {"uv": [11.75, 8.375, 11.625, 8.5], "texture": "#2"},
				"east": {"uv": [11.75, 11.375, 11.625, 11.5], "texture": "#2"},
				"south": {"uv": [10.25, 11.625, 10.125, 11.75], "texture": "#2"},
				"west": {"uv": [9.5, 11.625, 9.375, 11.75], "texture": "#2"},
				"up": {"uv": [11.75, 0.375, 11.875, 0.25], "texture": "#2"},
				"down": {"uv": [2.375, 11.75, 2.5, 11.875], "texture": "#2"}
			}
		},
		{
			"from": [8.1985, -1.36939, 7.494],
			"to": [9.2105, -0.35739, 8.506],
			"rotation": {"angle": -45, "axis": "z", "origin": [8.7045, -0.98839, 8]},
			"faces": {
				"north": {"uv": [11.25, 11, 11.125, 11.125], "texture": "#2"},
				"east": {"uv": [11.75, 4.25, 11.625, 4.375], "texture": "#2"},
				"south": {"uv": [11.75, 2.625, 11.625, 2.75], "texture": "#2"},
				"west": {"uv": [11.625, 10.875, 11.5, 11], "texture": "#2"},
				"up": {"uv": [11.625, 6.25, 11.75, 6.125], "texture": "#2"},
				"down": {"uv": [11.625, 7.75, 11.75, 7.875], "texture": "#2"}
			}
		},
		{
			"from": [7.192, -1.61511, 7.492],
			"to": [8.808, -0.59911, 8.508],
			"rotation": {"angle": 0, "axis": "y", "origin": [8, -1.10711, 8]},
			"faces": {
				"north": {"uv": [2, 9.5, 2.25, 9.625], "texture": "#2"},
				"east": {"uv": [6.75, 10.875, 6.875, 11], "texture": "#2"},
				"south": {"uv": [2.875, 9.625, 3.125, 9.75], "texture": "#2"},
				"west": {"uv": [4.375, 11.125, 4.5, 11.25], "texture": "#2"},
				"up": {"uv": [12.125, 12.125, 11.875, 12], "texture": "#2"},
				"down": {"uv": [0.25, 12.125, 0, 12.25], "texture": "#2"}
			}
		},
		{
			"from": [6.7895, -1.36939, 7.494],
			"to": [7.8015, -0.35739, 8.506],
			"rotation": {"angle": 45, "axis": "z", "origin": [7.2955, -0.98839, 8]},
			"faces": {
				"north": {"uv": [11.125, 11, 11.25, 11.125], "texture": "#2"},
				"east": {"uv": [11.5, 10.875, 11.625, 11], "texture": "#2"},
				"south": {"uv": [11.625, 2.625, 11.75, 2.75], "texture": "#2"},
				"west": {"uv": [11.625, 4.25, 11.75, 4.375], "texture": "#2"},
				"up": {"uv": [11.75, 6.25, 11.625, 6.125], "texture": "#2"},
				"down": {"uv": [11.75, 7.75, 11.625, 7.875], "texture": "#2"}
			}
		},
		{
			"from": [6.5, -0.9, 7.5],
			"to": [7.5, 0.35, 8.5],
			"rotation": {"angle": 0, "axis": "y", "origin": [8, -0.525, 8]},
			"faces": {
				"north": {"uv": [11.625, 8.375, 11.75, 8.5], "texture": "#2"},
				"east": {"uv": [9.375, 11.625, 9.5, 11.75], "texture": "#2"},
				"south": {"uv": [10.125, 11.625, 10.25, 11.75], "texture": "#2"},
				"west": {"uv": [11.625, 11.375, 11.75, 11.5], "texture": "#2"},
				"up": {"uv": [11.875, 0.375, 11.75, 0.25], "texture": "#2"},
				"down": {"uv": [2.5, 11.75, 2.375, 11.875], "texture": "#2"}
			}
		},
		{
			"from": [7, -0.9, 7],
			"to": [9, 1.1, 9],
			"rotation": {"angle": 0, "axis": "y", "origin": [7, 1.1, 7]},
			"faces": {
				"north": {"uv": [7.25, 1.5, 7.5, 1.75], "texture": "#2"},
				"east": {"uv": [11.5, 0.625, 11.75, 0.875], "texture": "#2"},
				"south": {"uv": [11.5, 0.875, 11.75, 1.125], "texture": "#2"},
				"west": {"uv": [11.5, 2, 11.75, 2.25], "texture": "#2"},
				"up": {"uv": [11.75, 2.5, 11.5, 2.25], "texture": "#2"},
				"down": {"uv": [11.75, 4.375, 11.5, 4.625], "texture": "#2"}
			}
		}
	],
	"gui_light": "front",
	"display": {
		"thirdperson_righthand": {
			"rotation": [0, 90, 0],
			"translation": [0, 3.75, 2]
		},
		"thirdperson_lefthand": {
			"rotation": [0, 90, 0],
			"translation": [0, 3.5, 2]
		},
		"firstperson_righthand": {
			"rotation": [-78.61, -84.83, -86.42],
			"translation": [0.75, 5.5, 0],
			"scale": [0.87, 0.87, 0.87]
		},
		"firstperson_lefthand": {
			"rotation": [-78.61, -84.83, -86.42],
			"translation": [0.75, 5.5, 0],
			"scale": [0.87, 0.87, 0.87]
		},
		"ground": {
			"rotation": [0, 0, 45],
			"translation": [0, 4.25, 0],
			"scale": [0.4, 0.4, 0.4]
		},
		"gui": {
			"rotation": [-180, 0, -135],
			"translation": [-2, -2, 0],
			"scale": [0.77, 0.77, 0.77]
		},
		"head": {
			"scale": [0, 0, 0]
		},
		"fixed": {
			"translation": [0, 0, -1.25]
		}
	},
	"groups": [
		{
			"name": "magma_axe",
			"origin": [8, -2.20711, 8],
			"color": 0,
			"nbt": "{}",
			"children": [0, 1, 2, 3, 4, 5, 6, 7, 8, 9, 10, 11, 12, 13, 14, 15, 16, 17, 18, 19, 20, 21, 22, 23, 24, 25, 26, 27, 28]
		}
	]
}