{"textures":{"0":"item/meg/kfx_chinese_dragon"},"elements":[{"from":[4.0750003,-2.0,2.125],"to":[11.675,0.9500003,12.425],"faces":{"east":{"uv":[7.75,12.375,6.5,12.75],"tintindex":0,"rotation":0,"texture":"#0"},"south":{"uv":[13.5,3.5,12.5,3.875],"tintindex":0,"rotation":0,"texture":"#0"},"north":{"uv":[13.5,3.125,12.5,3.5],"tintindex":0,"rotation":0,"texture":"#0"},"west":{"uv":[6.5,12.375,5.25,12.75],"tintindex":0,"rotation":0,"texture":"#0"},"up":{"uv":[9.25,11.125,10.25,9.875],"tintindex":0,"rotation":0,"texture":"#0"},"down":{"uv":[1.25,10.0,2.25,11.25],"tintindex":0,"rotation":0,"texture":"#0"}}},{"from":[5.175,0.9500003,5.7749996],"to":[11.075,8.1,11.675],"faces":{"east":{"uv":[12.5,4.0,11.75,4.875],"tintindex":0,"rotation":0,"texture":"#0"},"south":{"uv":[12.5,3.125,11.75,4.0],"tintindex":0,"rotation":0,"texture":"#0"},"north":{"uv":[7.125,11.5,6.375,12.375],"tintindex":0,"rotation":0,"texture":"#0"},"west":{"uv":[12.25,8.125,11.5,9.0],"tintindex":0,"rotation":0,"texture":"#0"},"up":{"uv":[8.75,12.75,9.5,12.0],"tintindex":0,"rotation":0,"texture":"#0"},"down":{"uv":[12.0,9.875,12.75,10.625],"tintindex":0,"rotation":0,"texture":"#0"}}}]}