{"textures":{"0":"item/meg/kfx_chinese_dragon"},"elements":[{"from":[5.2,-1.8000002,3.5],"to":[10.799999,1.0,11.7],"faces":{"east":{"uv":[9.75,9.0,10.75,9.375],"tintindex":0,"rotation":0,"texture":"#0"},"south":{"uv":[6.25,12.75,7.0,13.125],"tintindex":0,"rotation":0,"texture":"#0"},"north":{"uv":[5.5,12.75,6.25,13.125],"tintindex":0,"rotation":0,"texture":"#0"},"west":{"uv":[2.625,12.5,3.625,12.875],"tintindex":0,"rotation":0,"texture":"#0"},"up":{"uv":[12.0,10.875,11.25,9.875],"tintindex":0,"rotation":0,"texture":"#0"},"down":{"uv":[11.375,11.25,10.625,12.25],"tintindex":0,"rotation":0,"texture":"#0"}}},{"from":[5.8999996,1.0,5.8],"to":[10.099999,7.8,11.0],"faces":{"east":{"uv":[12.25,8.125,12.875,9.0],"tintindex":0,"rotation":0,"texture":"#0"},"south":{"uv":[8.25,12.375,8.75,13.25],"tintindex":0,"rotation":0,"texture":"#0"},"north":{"uv":[7.75,12.375,8.25,13.25],"tintindex":0,"rotation":0,"texture":"#0"},"west":{"uv":[10.375,12.25,11.0,13.125],"tintindex":0,"rotation":0,"texture":"#0"},"up":{"uv":[13.0,4.75,12.5,4.125],"tintindex":0,"rotation":0,"texture":"#0"},"down":{"uv":[12.75,12.625,12.25,13.25],"tintindex":0,"rotation":0,"texture":"#0"}}}]}