{"textures":{"0":"item/meg/dragon_desert"},"elements":[{"from":[8.002344,10.257703,-8.291817],"to":[8.002344,15.257703,0.7081833],"faces":{"east":{"uv":[9.0,6.125,8.4375,6.4375],"tintindex":0,"rotation":0,"texture":"#0"},"west":{"uv":[8.4375,6.125,9.0,6.4375],"tintindex":0,"rotation":0,"texture":"#0"}}},{"from":[10.477344,18.785896,8.847279],"to":[12.477344,24.785896,10.847279],"faces":{"east":{"uv":[4.3125,10.0625,4.1875,10.4375],"tintindex":0,"rotation":0,"texture":"#0"},"south":{"uv":[4.125,10.0625,4.0,10.4375],"tintindex":0,"rotation":0,"texture":"#0"},"north":{"uv":[3.4375,10.0625,3.3125,10.4375],"tintindex":0,"rotation":0,"texture":"#0"},"west":{"uv":[3.9375,10.0625,3.8125,10.4375],"tintindex":0,"rotation":0,"texture":"#0"},"up":{"uv":[4.9375,10.4375,5.0625,10.3125],"tintindex":0,"rotation":0,"texture":"#0"},"down":{"uv":[5.125,10.3125,5.25,10.4375],"tintindex":0,"rotation":0,"texture":"#0"}},"rotation":{"origin":[11.477344,21.785896,9.847279],"angle":-22.5,"axis":"x"}},{"from":[-1.922656,11.812766,11.873085],"to":[0.077343464,13.812766,18.873085],"faces":{"east":{"uv":[9.875,2.8125,10.3125,2.9375],"tintindex":0,"rotation":0,"texture":"#0"},"south":{"uv":[10.25,10.125,10.375,10.25],"tintindex":0,"rotation":0,"texture":"#0"},"north":{"uv":[8.3125,10.25,8.4375,10.375],"tintindex":0,"rotation":0,"texture":"#0"},"west":{"uv":[9.875,3.0,10.3125,3.125],"tintindex":0,"rotation":0,"texture":"#0"},"up":{"uv":[6.375,10.125,6.25,9.6875],"tintindex":0,"rotation":0,"texture":"#0"},"down":{"uv":[5.5,9.8125,5.375,10.25],"tintindex":0,"rotation":0,"texture":"#0"}},"rotation":{"origin":[-0.92265606,12.812766,15.373085],"angle":-45.0,"axis":"x"}},{"from":[5.0023437,5.257703,-8.291817],"to":[11.002344,10.257703,0.7081833],"faces":{"east":{"uv":[8.4375,4.1875,9.0,4.5],"tintindex":0,"rotation":0,"texture":"#0"},"south":{"uv":[9.0625,6.125,9.4375,6.4375],"tintindex":0,"rotation":0,"texture":"#0"},"north":{"uv":[9.0625,5.75,9.4375,6.0625],"tintindex":0,"rotation":0,"texture":"#0"},"west":{"uv":[8.4375,4.5625,9.0,4.875],"tintindex":0,"rotation":0,"texture":"#0"},"up":{"uv":[1.875,8.8125,1.5,8.25],"tintindex":0,"rotation":0,"texture":"#0"},"down":{"uv":[2.3125,8.25,1.9375,8.8125],"tintindex":0,"rotation":0,"texture":"#0"}}},{"from":[10.573983,4.1055336,7.8982525],"to":[13.573983,7.1055336,12.8982525],"faces":{"east":{"uv":[7.75,5.25,7.4375,5.4375],"tintindex":0,"rotation":0,"texture":"#0"},"south":{"uv":[10.25,0.0,10.0625,0.1875],"tintindex":0,"rotation":0,"texture":"#0"},"north":{"uv":[10.125,7.5625,9.9375,7.75],"tintindex":0,"rotation":0,"texture":"#0"},"west":{"uv":[7.0625,6.1875,6.75,6.375],"tintindex":0,"rotation":0,"texture":"#0"},"up":{"uv":[3.625,9.9375,3.8125,9.625],"tintindex":0,"rotation":0,"texture":"#0"},"down":{"uv":[2.1875,9.6875,2.375,10.0],"tintindex":0,"rotation":0,"texture":"#0"}},"rotation":{"origin":[12.073983,5.6055336,10.3982525],"angle":22.5,"axis":"y"}},{"from":[4.5023437,2.8009949,-1.1015167],"to":[11.502344,11.800994,5.8984833],"faces":{"east":{"uv":[6.0625,7.75,6.5,8.3125],"tintindex":0,"rotation":0,"texture":"#0"},"south":{"uv":[0.0,7.8125,0.4375,8.375],"tintindex":0,"rotation":0,"texture":"#0"},"north":{"uv":[4.9375,7.6875,5.375,8.25],"tintindex":0,"rotation":0,"texture":"#0"},"west":{"uv":[7.875,0.875,8.3125,1.4375],"tintindex":0,"rotation":0,"texture":"#0"},"up":{"uv":[4.0625,8.8125,3.625,8.375],"tintindex":0,"rotation":0,"texture":"#0"},"down":{"uv":[6.5,8.375,6.0625,8.8125],"tintindex":0,"rotation":0,"texture":"#0"}},"rotation":{"origin":[8.002344,7.300995,2.3984833],"angle":-22.5,"axis":"x"}},{"from":[12.511963,9.080533,10.978012],"to":[17.511963,12.080533,13.978012],"faces":{"east":{"uv":[4.75,10.0625,4.5625,10.25],"tintindex":0,"rotation":0,"texture":"#0"},"south":{"uv":[2.75,9.6875,2.4375,9.875],"tintindex":0,"rotation":0,"texture":"#0"},"north":{"uv":[10.0,0.0,9.6875,0.1875],"tintindex":0,"rotation":0,"texture":"#0"},"west":{"uv":[10.25,3.875,10.0625,4.0625],"tintindex":0,"rotation":0,"texture":"#0"},"up":{"uv":[9.6875,4.0625,10.0,3.875],"tintindex":0,"rotation":0,"texture":"#0"},"down":{"uv":[5.875,9.6875,6.1875,9.875],"tintindex":0,"rotation":0,"texture":"#0"}},"rotation":{"origin":[15.011963,10.580533,12.478012],"angle":-22.5,"axis":"y"}},{"from":[10.573983,9.105535,7.8982525],"to":[13.573983,12.105535,12.8982525],"faces":{"east":{"uv":[7.75,5.25,7.4375,5.4375],"tintindex":0,"rotation":0,"texture":"#0"},"south":{"uv":[10.25,0.0,10.0625,0.1875],"tintindex":0,"rotation":0,"texture":"#0"},"north":{"uv":[10.125,7.5625,9.9375,7.75],"tintindex":0,"rotation":0,"texture":"#0"},"west":{"uv":[7.0625,6.1875,6.75,6.375],"tintindex":0,"rotation":0,"texture":"#0"},"up":{"uv":[3.625,9.9375,3.8125,9.625],"tintindex":0,"rotation":0,"texture":"#0"},"down":{"uv":[2.1875,9.6875,2.375,10.0],"tintindex":0,"rotation":0,"texture":"#0"}},"rotation":{"origin":[12.073983,10.605535,10.3982525],"angle":22.5,"axis":"y"}},{"from":[3.5023437,3.2577028,3.7081833],"to":[12.502344,13.257703,8.708183],"faces":{"east":{"uv":[3.25,8.3125,3.5625,8.9375],"tintindex":0,"rotation":0,"texture":"#0"},"south":{"uv":[0.0,7.125,0.5625,7.75],"tintindex":0,"rotation":0,"texture":"#0"},"north":{"uv":[6.75,5.5,7.3125,6.125],"tintindex":0,"rotation":0,"texture":"#0"},"west":{"uv":[4.9375,8.3125,5.25,8.9375],"tintindex":0,"rotation":0,"texture":"#0"},"up":{"uv":[8.9375,3.0625,8.375,2.75],"tintindex":0,"rotation":0,"texture":"#0"},"down":{"uv":[4.6875,8.4375,4.125,8.75],"tintindex":0,"rotation":0,"texture":"#0"}}},{"from":[2.430704,9.105535,7.8982525],"to":[5.430704,12.105535,12.8982525],"faces":{"east":{"uv":[6.75,6.1875,7.0625,6.375],"tintindex":0,"rotation":0,"texture":"#0"},"south":{"uv":[10.0625,0.0,10.25,0.1875],"tintindex":0,"rotation":0,"texture":"#0"},"north":{"uv":[9.9375,7.5625,10.125,7.75],"tintindex":0,"rotation":0,"texture":"#0"},"west":{"uv":[7.4375,5.25,7.75,5.4375],"tintindex":0,"rotation":0,"texture":"#0"},"up":{"uv":[3.8125,9.9375,3.625,9.625],"tintindex":0,"rotation":0,"texture":"#0"},"down":{"uv":[2.375,9.6875,2.1875,10.0],"tintindex":0,"rotation":0,"texture":"#0"}},"rotation":{"origin":[3.930704,10.605535,10.3982525],"angle":-22.5,"axis":"y"}},{"from":[15.927343,6.812767,11.873085],"to":[17.927345,8.812766,18.873085],"faces":{"east":{"uv":[10.3125,3.0,9.875,3.125],"tintindex":0,"rotation":0,"texture":"#0"},"south":{"uv":[10.375,10.125,10.25,10.25],"tintindex":0,"rotation":0,"texture":"#0"},"north":{"uv":[8.4375,10.25,8.3125,10.375],"tintindex":0,"rotation":0,"texture":"#0"},"west":{"uv":[10.3125,2.8125,9.875,2.9375],"tintindex":0,"rotation":0,"texture":"#0"},"up":{"uv":[6.25,10.125,6.375,9.6875],"tintindex":0,"rotation":0,"texture":"#0"},"down":{"uv":[5.375,9.8125,5.5,10.25],"tintindex":0,"rotation":0,"texture":"#0"}},"rotation":{"origin":[16.927345,7.812767,15.373085],"angle":-45.0,"axis":"x"}},{"from":[3.5273438,11.251981,6.2162323],"to":[7.5273438,15.251981,11.216232],"faces":{"east":{"uv":[4.8125,9.5,5.125,9.75],"tintindex":0,"rotation":0,"texture":"#0"},"south":{"uv":[8.875,9.5625,9.125,9.8125],"tintindex":0,"rotation":0,"texture":"#0"},"north":{"uv":[4.3125,9.5625,4.5625,9.8125],"tintindex":0,"rotation":0,"texture":"#0"},"west":{"uv":[5.1875,9.5,5.5,9.75],"tintindex":0,"rotation":0,"texture":"#0"},"up":{"uv":[3.5625,9.8125,3.3125,9.5],"tintindex":0,"rotation":0,"texture":"#0"},"down":{"uv":[5.8125,9.5,5.5625,9.8125],"tintindex":0,"rotation":0,"texture":"#0"}},"rotation":{"origin":[5.5273438,13.251981,8.716232],"angle":-45.0,"axis":"x"}},{"from":[12.511963,4.080534,10.978012],"to":[17.511963,7.080534,13.978012],"faces":{"east":{"uv":[4.75,10.0625,4.5625,10.25],"tintindex":0,"rotation":0,"texture":"#0"},"south":{"uv":[2.75,9.6875,2.4375,9.875],"tintindex":0,"rotation":0,"texture":"#0"},"north":{"uv":[10.0,0.0,9.6875,0.1875],"tintindex":0,"rotation":0,"texture":"#0"},"west":{"uv":[10.25,3.875,10.0625,4.0625],"tintindex":0,"rotation":0,"texture":"#0"},"up":{"uv":[9.6875,4.0625,10.0,3.875],"tintindex":0,"rotation":0,"texture":"#0"},"down":{"uv":[5.875,9.6875,6.1875,9.875],"tintindex":0,"rotation":0,"texture":"#0"}},"rotation":{"origin":[15.011963,5.580534,12.478012],"angle":-22.5,"axis":"y"}},{"from":[2.5023437,10.186814,-2.675541],"to":[4.5023437,12.186814,5.324459],"faces":{"east":{"uv":[9.5,6.25,10.0,6.375],"tintindex":0,"rotation":0,"texture":"#0"},"south":{"uv":[8.125,10.25,8.25,10.375],"tintindex":0,"rotation":0,"texture":"#0"},"north":{"uv":[7.9375,10.25,8.0625,10.375],"tintindex":0,"rotation":0,"texture":"#0"},"west":{"uv":[6.625,9.5,7.125,9.625],"tintindex":0,"rotation":0,"texture":"#0"},"up":{"uv":[5.0,6.125,4.875,5.625],"tintindex":0,"rotation":0,"texture":"#0"},"down":{"uv":[4.8125,6.5,4.6875,7.0],"tintindex":0,"rotation":0,"texture":"#0"}},"rotation":{"origin":[3.5023437,11.186814,1.3244591],"angle":-22.5,"axis":"x"}},{"from":[-1.922656,6.812767,11.873085],"to":[0.077343464,8.812766,18.873085],"faces":{"east":{"uv":[9.875,2.8125,10.3125,2.9375],"tintindex":0,"rotation":0,"texture":"#0"},"south":{"uv":[10.25,10.125,10.375,10.25],"tintindex":0,"rotation":0,"texture":"#0"},"north":{"uv":[8.3125,10.25,8.4375,10.375],"tintindex":0,"rotation":0,"texture":"#0"},"west":{"uv":[9.875,3.0,10.3125,3.125],"tintindex":0,"rotation":0,"texture":"#0"},"up":{"uv":[6.375,10.125,6.25,9.6875],"tintindex":0,"rotation":0,"texture":"#0"},"down":{"uv":[5.5,9.8125,5.375,10.25],"tintindex":0,"rotation":0,"texture":"#0"}},"rotation":{"origin":[-0.92265606,7.812767,15.373085],"angle":-45.0,"axis":"x"}},{"from":[15.927343,11.812766,11.873085],"to":[17.927345,13.812766,18.873085],"faces":{"east":{"uv":[10.3125,3.0,9.875,3.125],"tintindex":0,"rotation":0,"texture":"#0"},"south":{"uv":[10.375,10.125,10.25,10.25],"tintindex":0,"rotation":0,"texture":"#0"},"north":{"uv":[8.4375,10.25,8.3125,10.375],"tintindex":0,"rotation":0,"texture":"#0"},"west":{"uv":[10.3125,2.8125,9.875,2.9375],"tintindex":0,"rotation":0,"texture":"#0"},"up":{"uv":[6.25,10.125,6.375,9.6875],"tintindex":0,"rotation":0,"texture":"#0"},"down":{"uv":[5.375,9.8125,5.5,10.25],"tintindex":0,"rotation":0,"texture":"#0"}},"rotation":{"origin":[16.927345,12.812766,15.373085],"angle":-45.0,"axis":"x"}},{"from":[9.477344,14.699328,9.257561],"to":[12.477344,19.69933,12.257561],"faces":{"east":{"uv":[9.625,9.6875,9.4375,10.0],"tintindex":0,"rotation":0,"texture":"#0"},"south":{"uv":[9.875,9.3125,9.6875,9.625],"tintindex":0,"rotation":0,"texture":"#0"},"north":{"uv":[8.6875,9.6875,8.5,10.0],"tintindex":0,"rotation":0,"texture":"#0"},"west":{"uv":[9.375,9.6875,9.1875,10.0],"tintindex":0,"rotation":0,"texture":"#0"},"up":{"uv":[10.0625,6.3125,10.25,6.125],"tintindex":0,"rotation":0,"texture":"#0"},"down":{"uv":[6.4375,10.0625,6.625,10.25],"tintindex":0,"rotation":0,"texture":"#0"}},"rotation":{"origin":[10.977344,17.19933,10.757561],"angle":22.5,"axis":"x"}},{"from":[2.430704,4.1055336,7.8982525],"to":[5.430704,7.1055336,12.8982525],"faces":{"east":{"uv":[6.75,6.1875,7.0625,6.375],"tintindex":0,"rotation":0,"texture":"#0"},"south":{"uv":[10.0625,0.0,10.25,0.1875],"tintindex":0,"rotation":0,"texture":"#0"},"north":{"uv":[9.9375,7.5625,10.125,7.75],"tintindex":0,"rotation":0,"texture":"#0"},"west":{"uv":[7.4375,5.25,7.75,5.4375],"tintindex":0,"rotation":0,"texture":"#0"},"up":{"uv":[3.8125,9.9375,3.625,9.625],"tintindex":0,"rotation":0,"texture":"#0"},"down":{"uv":[2.375,9.6875,2.1875,10.0],"tintindex":0,"rotation":0,"texture":"#0"}},"rotation":{"origin":[3.930704,5.6055336,10.3982525],"angle":-22.5,"axis":"y"}},{"from":[-1.5072756,4.080534,10.978012],"to":[3.492724,7.080534,13.978012],"faces":{"east":{"uv":[10.0625,3.875,10.25,4.0625],"tintindex":0,"rotation":0,"texture":"#0"},"south":{"uv":[2.4375,9.6875,2.75,9.875],"tintindex":0,"rotation":0,"texture":"#0"},"north":{"uv":[9.6875,0.0,10.0,0.1875],"tintindex":0,"rotation":0,"texture":"#0"},"west":{"uv":[4.5625,10.0625,4.75,10.25],"tintindex":0,"rotation":0,"texture":"#0"},"up":{"uv":[10.0,4.0625,9.6875,3.875],"tintindex":0,"rotation":0,"texture":"#0"},"down":{"uv":[6.1875,9.6875,5.875,9.875],"tintindex":0,"rotation":0,"texture":"#0"}},"rotation":{"origin":[0.99272394,5.580534,12.478012],"angle":22.5,"axis":"y"}},{"from":[5.0023437,2.2577028,-8.291817],"to":[5.0023437,5.257703,0.7081833],"faces":{"east":{"uv":[9.8125,0.3125,9.25,0.5],"tintindex":0,"rotation":0,"texture":"#0"},"west":{"uv":[9.25,0.3125,9.8125,0.5],"tintindex":0,"rotation":0,"texture":"#0"}}},{"from":[-1.5072756,9.080533,10.978012],"to":[3.492724,12.080533,13.978012],"faces":{"east":{"uv":[10.0625,3.875,10.25,4.0625],"tintindex":0,"rotation":0,"texture":"#0"},"south":{"uv":[2.4375,9.6875,2.75,9.875],"tintindex":0,"rotation":0,"texture":"#0"},"north":{"uv":[9.6875,0.0,10.0,0.1875],"tintindex":0,"rotation":0,"texture":"#0"},"west":{"uv":[4.5625,10.0625,4.75,10.25],"tintindex":0,"rotation":0,"texture":"#0"},"up":{"uv":[10.0,4.0625,9.6875,3.875],"tintindex":0,"rotation":0,"texture":"#0"},"down":{"uv":[6.1875,9.6875,5.875,9.875],"tintindex":0,"rotation":0,"texture":"#0"}},"rotation":{"origin":[0.99272394,10.580533,12.478012],"angle":22.5,"axis":"y"}},{"from":[3.5023437,14.699328,9.257561],"to":[6.5023437,19.69933,12.257561],"faces":{"east":{"uv":[9.1875,9.6875,9.375,10.0],"tintindex":0,"rotation":0,"texture":"#0"},"south":{"uv":[9.6875,9.3125,9.875,9.625],"tintindex":0,"rotation":0,"texture":"#0"},"north":{"uv":[8.5,9.6875,8.6875,10.0],"tintindex":0,"rotation":0,"texture":"#0"},"west":{"uv":[9.4375,9.6875,9.625,10.0],"tintindex":0,"rotation":0,"texture":"#0"},"up":{"uv":[10.25,6.3125,10.0625,6.125],"tintindex":0,"rotation":0,"texture":"#0"},"down":{"uv":[6.625,10.0625,6.4375,10.25],"tintindex":0,"rotation":0,"texture":"#0"}},"rotation":{"origin":[5.0023437,17.19933,10.757561],"angle":22.5,"axis":"x"}},{"from":[11.502344,10.186814,-2.675541],"to":[13.502344,12.186814,5.324459],"faces":{"east":{"uv":[9.625,1.75,10.125,1.875],"tintindex":0,"rotation":0,"texture":"#0"},"south":{"uv":[7.5,10.3125,7.625,10.4375],"tintindex":0,"rotation":0,"texture":"#0"},"north":{"uv":[6.8125,10.3125,6.9375,10.4375],"tintindex":0,"rotation":0,"texture":"#0"},"west":{"uv":[9.625,7.8125,10.125,7.9375],"tintindex":0,"rotation":0,"texture":"#0"},"up":{"uv":[5.4375,8.8125,5.3125,8.3125],"tintindex":0,"rotation":0,"texture":"#0"},"down":{"uv":[1.0,8.375,0.875,8.875],"tintindex":0,"rotation":0,"texture":"#0"}},"rotation":{"origin":[12.502344,11.186814,1.3244591],"angle":-22.5,"axis":"x"}},{"from":[3.4773436,18.785896,8.847279],"to":[5.4773436,24.785896,10.847279],"faces":{"east":{"uv":[3.8125,10.0625,3.9375,10.4375],"tintindex":0,"rotation":0,"texture":"#0"},"south":{"uv":[4.0,10.0625,4.125,10.4375],"tintindex":0,"rotation":0,"texture":"#0"},"north":{"uv":[3.3125,10.0625,3.4375,10.4375],"tintindex":0,"rotation":0,"texture":"#0"},"west":{"uv":[4.1875,10.0625,4.3125,10.4375],"tintindex":0,"rotation":0,"texture":"#0"},"up":{"uv":[5.0625,10.4375,4.9375,10.3125],"tintindex":0,"rotation":0,"texture":"#0"},"down":{"uv":[5.25,10.3125,5.125,10.4375],"tintindex":0,"rotation":0,"texture":"#0"}},"rotation":{"origin":[4.4773436,21.785896,9.847279],"angle":-22.5,"axis":"x"}},{"from":[5.5023437,11.768151,-3.7803001],"to":[5.5023437,15.768151,3.2196999],"faces":{"east":{"uv":[9.625,0.0,9.1875,0.25],"tintindex":0,"rotation":0,"texture":"#0"},"west":{"uv":[9.1875,0.0,9.625,0.25],"tintindex":0,"rotation":0,"texture":"#0"}},"rotation":{"origin":[5.5023437,13.768151,-0.28030014],"angle":-22.5,"axis":"x"}},{"from":[11.002344,2.2577028,-8.291817],"to":[11.002344,5.257703,0.7081833],"faces":{"east":{"uv":[9.8125,0.3125,9.25,0.5],"tintindex":0,"rotation":0,"texture":"#0"},"west":{"uv":[9.25,0.3125,9.8125,0.5],"tintindex":0,"rotation":0,"texture":"#0"}}},{"from":[10.502344,11.768151,-3.7803001],"to":[10.502344,15.768151,3.2196999],"faces":{"east":{"uv":[9.625,0.0,9.1875,0.25],"tintindex":0,"rotation":0,"texture":"#0"},"west":{"uv":[9.1875,0.0,9.625,0.25],"tintindex":0,"rotation":0,"texture":"#0"}},"rotation":{"origin":[10.502344,13.768151,-0.28030014],"angle":-22.5,"axis":"x"}},{"from":[8.477344,11.251981,6.2162323],"to":[12.477344,15.251981,11.216232],"faces":{"east":{"uv":[5.5,9.5,5.1875,9.75],"tintindex":0,"rotation":0,"texture":"#0"},"south":{"uv":[9.125,9.5625,8.875,9.8125],"tintindex":0,"rotation":0,"texture":"#0"},"north":{"uv":[4.5625,9.5625,4.3125,9.8125],"tintindex":0,"rotation":0,"texture":"#0"},"west":{"uv":[5.125,9.5,4.8125,9.75],"tintindex":0,"rotation":0,"texture":"#0"},"up":{"uv":[3.3125,9.8125,3.5625,9.5],"tintindex":0,"rotation":0,"texture":"#0"},"down":{"uv":[5.5625,9.5,5.8125,9.8125],"tintindex":0,"rotation":0,"texture":"#0"}},"rotation":{"origin":[10.477344,13.251981,8.716232],"angle":-45.0,"axis":"x"}}]}