{"textures":{"0":"item/meg/ice_shatter"},"elements":[{"from":[6.0,-3.8500004,6.0],"to":[10.0,8.15,10.0],"faces":{"east":{"uv":[7.0,13.0,6.0,16.0],"tintindex":0,"rotation":0,"texture":"#0"},"south":{"uv":[8.0,13.0,7.0,16.0],"tintindex":0,"rotation":0,"texture":"#0"},"north":{"uv":[6.0,13.0,5.0,16.0],"tintindex":0,"rotation":0,"texture":"#0"},"west":{"uv":[5.0,13.0,4.0,16.0],"tintindex":0,"rotation":0,"texture":"#0"},"up":{"uv":[5.0,13.0,6.0,12.0],"tintindex":0,"rotation":0,"texture":"#0"},"down":{"uv":[6.0,12.0,7.0,13.0],"tintindex":0,"rotation":0,"texture":"#0"}}}]}