{"textures":{"0":"item/meg/ice_shatter"},"elements":[{"from":[4.0,-4.0,6.0],"to":[12.0,8.0,10.0],"faces":{"east":{"uv":[4.0,5.0,5.0,8.0],"tintindex":0,"rotation":0,"texture":"#0"},"south":{"uv":[8.0,5.0,10.0,8.0],"tintindex":0,"rotation":0,"texture":"#0"},"north":{"uv":[5.0,5.0,7.0,8.0],"tintindex":0,"rotation":0,"texture":"#0"},"west":{"uv":[7.0,5.0,8.0,8.0],"tintindex":0,"rotation":0,"texture":"#0"},"up":{"uv":[7.0,5.0,5.0,4.0],"tintindex":0,"rotation":0,"texture":"#0"},"down":{"uv":[9.0,4.0,7.0,5.0],"tintindex":0,"rotation":0,"texture":"#0"}}}]}