{
	"credit": "by w11shes",
	"textures": {
		"0": "item/warrior_weapon_assortment/sword"
	},
	"elements": [
		{
			"from": [6, -16, 6],
			"to": [10, -12, 10],
			"rotation": {"angle": 45, "axis": "z", "origin": [8, -14, 0]},
			"faces": {
				"north": {"uv": [7, 0, 9, 2], "texture": "#0"},
				"east": {"uv": [4, 10, 6, 8], "rotation": 90, "texture": "#0"},
				"south": {"uv": [9, 0, 7, 2], "texture": "#0"},
				"west": {"uv": [4, 6, 6, 8], "texture": "#0"},
				"up": {"uv": [6, 10, 4, 8], "texture": "#0"},
				"down": {"uv": [4, 6, 6, 8], "rotation": 90, "texture": "#0"}
			}
		},
		{
			"from": [7, -13, 7],
			"to": [9, -5, 9],
			"rotation": {"angle": 0, "axis": "y", "origin": [8, -9.5, 8]},
			"faces": {
				"north": {"uv": [3, 6, 4, 10], "texture": "#0"},
				"east": {"uv": [3, 6, 4, 10], "texture": "#0"},
				"south": {"uv": [3, 6, 4, 10], "texture": "#0"},
				"west": {"uv": [3, 6, 4, 10], "texture": "#0"}
			}
		},
		{
			"from": [5, -4, 7.5],
			"to": [11, 14, 8.5],
			"rotation": {"angle": 0, "axis": "y", "origin": [6.5, -20, 0]},
			"faces": {
				"north": {"uv": [0, 0, 3, 9], "texture": "#0"},
				"east": {"uv": [0, 0, 0.5, 9], "texture": "#0"},
				"south": {"uv": [3, 0, 0, 9], "texture": "#0"},
				"west": {"uv": [2.5, 0, 3, 9], "texture": "#0"},
				"up": {"uv": [3, 0, 0, 0.5], "texture": "#0"},
				"down": {"uv": [3, 8.5, 0, 9], "texture": "#0"}
			}
		},
		{
			"from": [5, 14, 8],
			"to": [11, 20, 8.05],
			"rotation": {"angle": 0, "axis": "y", "origin": [6.5, -14, 0]},
			"faces": {
				"north": {"uv": [3, 0, 6, 3], "texture": "#0"},
				"south": {"uv": [6, 0, 3, 3], "texture": "#0"}
			}
		},
		{
			"from": [5.5, -5, 6.5],
			"to": [10.5, 1, 9.5],
			"rotation": {"angle": 0, "axis": "y", "origin": [0, 0, 0.5]},
			"faces": {
				"north": {"uv": [3, 3, 5.5, 6], "texture": "#0"},
				"east": {"uv": [5.5, 3, 7, 6], "texture": "#0"},
				"south": {"uv": [3, 3, 5.5, 6], "texture": "#0"},
				"west": {"uv": [5.5, 3, 7, 6], "texture": "#0"},
				"up": {"uv": [9.5, 5.5, 7, 4], "texture": "#0"},
				"down": {"uv": [9.5, 5.5, 7, 7], "texture": "#0"}
			}
		},
		{
			"from": [1, -4, 7.48],
			"to": [5, 0, 8.52],
			"rotation": {"angle": -45, "axis": "z", "origin": [5, -4, 7.5]},
			"faces": {
				"north": {"uv": [7, 2, 9, 4], "texture": "#0"},
				"south": {"uv": [7, 4, 9, 2], "rotation": 180, "texture": "#0"},
				"west": {"uv": [8.5, 2, 9, 4], "texture": "#0"},
				"down": {"uv": [9, 3.5, 7, 4], "texture": "#0"}
			}
		},
		{
			"from": [11, -4, 7.48],
			"to": [15, 0, 8.52],
			"rotation": {"angle": 45, "axis": "z", "origin": [11, -4, 7.5]},
			"faces": {
				"north": {"uv": [11, 0, 9, 2], "texture": "#0"},
				"east": {"uv": [11, 0, 10.5, 2], "texture": "#0"},
				"south": {"uv": [11, 2, 9, 0], "rotation": 180, "texture": "#0"},
				"down": {"uv": [9, 1.5, 11, 2], "texture": "#0"}
			}
		}
	],
	"gui_light": "front",
	"display": {
		"thirdperson_righthand": {
			"rotation": [0, 90, 0],
			"translation": [0, 7.25, 1.5],
			"scale": [0.55, 0.55, 0.55]
		},
		"thirdperson_lefthand": {
			"rotation": [0, 90, 0],
			"translation": [0, 7.25, 1.5],
			"scale": [0.55, 0.55, 0.55]
		},
		"firstperson_righthand": {
			"rotation": [7.75, 90, 0],
			"translation": [5, 5.25, 0],
			"scale": [0.29883, 0.29883, 0.29883]
		},
		"firstperson_lefthand": {
			"rotation": [7.75, 90, 0],
			"translation": [5, 5.25, 0],
			"scale": [0.29883, 0.29883, 0.29883]
		},
		"ground": {
			"rotation": [0, 0, -45],
			"translation": [0, 9, 0],
			"scale": [0.45, 0.45, 0.45]
		},
		"gui": {
			"rotation": [0, 0, -45],
			"translation": [2.25, 2.25, 0],
			"scale": [0.55273, 0.55273, 0.55273]
		},
		"head": {
			"scale": [0, 0, 0]
		},
		"fixed": {
			"translation": [0, 8.25, -2.75],
			"scale": [1.4, 1.4, 1.4]
		}
	}
}