{
	"credit": "by w11shes",
	"textures": {
		"0": "item/warrior_weapon_assortment/warrior_bow"
	},
	"elements": [
		{
			"from": [7.02, 13, 5],
			"to": [8.98, 18, 7],
			"faces": {
				"north": {"uv": [9.5, 4, 10.5, 6.5], "texture": "#0"},
				"east": {"uv": [2.5, 10, 3.5, 12.5], "texture": "#0"},
				"south": {"uv": [3.5, 10, 4.5, 12.5], "texture": "#0"},
				"west": {"uv": [3.5, 10, 2.5, 12.5], "texture": "#0"}
			}
		},
		{
			"from": [6, 13.86313, 2.07559],
			"to": [10, 18.86313, 7.07559],
			"rotation": {"angle": 45, "axis": "x", "origin": [0, 13, 7]},
			"faces": {
				"north": {"uv": [0.5, 2.5, 2.5, 5], "texture": "#0"},
				"east": {"uv": [0.5, 0, 3, 2.5], "texture": "#0"},
				"south": {"uv": [2.5, 2.5, 4.5, 5], "texture": "#0"},
				"west": {"uv": [3, 0, 0.5, 2.5], "texture": "#0"},
				"up": {"uv": [5, 2.5, 3, 0], "texture": "#0"},
				"down": {"uv": [6.5, 2.5, 4.5, 5], "texture": "#0"}
			}
		},
		{
			"from": [7, 17.09241, 4.12825],
			"to": [9, 20.59241, 7.62825],
			"faces": {
				"north": {"uv": [9.5, 6.5, 10.5, 8.5], "texture": "#0"},
				"east": {"uv": [8.5, 2, 10.5, 4], "texture": "#0"},
				"west": {"uv": [10.5, 2, 8.5, 4], "texture": "#0"},
				"up": {"uv": [5.5, 12, 4.5, 10], "texture": "#0"}
			}
		},
		{
			"from": [6.48, 16.02573, 10.58839],
			"to": [9.52, 19.02573, 15.58839],
			"rotation": {"angle": -22.5, "axis": "x", "origin": [0, 13, 7]},
			"faces": {
				"east": {"uv": [7.5, 8.5, 10, 10], "texture": "#0"},
				"south": {"uv": [0.5, 9.5, 2, 11], "texture": "#0"},
				"west": {"uv": [10, 8.5, 7.5, 10], "texture": "#0"},
				"up": {"uv": [6.5, 2.5, 5, 0], "texture": "#0"},
				"down": {"uv": [2, 5, 0.5, 7.5], "texture": "#0"}
			}
		},
		{
			"from": [6.98, 15.73283, 10.88128],
			"to": [9.02, 17.73283, 16.88128],
			"rotation": {"angle": -22.5, "axis": "x", "origin": [0, 13, 7]},
			"faces": {
				"east": {"uv": [9.1, 0, 12, 1], "texture": "#0"},
				"west": {"uv": [12, 0, 9.1, 1], "texture": "#0"},
				"up": {"uv": [6.5, 12, 5.5, 9.1], "texture": "#0"},
				"down": {"uv": [7.5, 9.1, 6.5, 12], "texture": "#0"}
			}
		},
		{
			"from": [7, 21.91953, 10.05472],
			"to": [9, 23.91953, 12.05472],
			"rotation": {"angle": 22.5, "axis": "x", "origin": [0, 13, 7]},
			"faces": {
				"north": {"uv": [7.5, 10, 8.5, 11], "texture": "#0"},
				"east": {"uv": [8.5, 10, 9.5, 11], "texture": "#0"},
				"south": {"uv": [10, 8.5, 11, 9.5], "texture": "#0"},
				"west": {"uv": [9.5, 10, 8.5, 11], "texture": "#0"}
			}
		},
		{
			"from": [6, 17.04089, 16.79343],
			"to": [10, 21.04089, 20.79343],
			"rotation": {"angle": -22.5, "axis": "x", "origin": [0, 13, 7]},
			"faces": {
				"north": {"uv": [5.5, 5, 7.5, 7], "texture": "#0"},
				"east": {"uv": [6.5, 2.5, 8.5, 4.5], "texture": "#0"},
				"south": {"uv": [7, 0, 9, 2], "texture": "#0"},
				"west": {"uv": [8.5, 2.5, 6.5, 4.5], "texture": "#0"},
				"up": {"uv": [7.5, 9, 5.5, 7], "texture": "#0"},
				"down": {"uv": [2.5, 7.5, 0.5, 9.5], "texture": "#0"}
			}
		},
		{
			"from": [7.02, -2, 5],
			"to": [8.98, 3, 7],
			"faces": {
				"north": {"uv": [9.5, 6.5, 10.5, 4], "texture": "#0"},
				"east": {"uv": [2.5, 12.5, 3.5, 10], "texture": "#0"},
				"south": {"uv": [3.5, 12.5, 4.5, 10], "texture": "#0"},
				"west": {"uv": [3.5, 12.5, 2.5, 10], "texture": "#0"}
			}
		},
		{
			"from": [6, -2.86313, 2.07559],
			"to": [10, 2.13687, 7.07559],
			"rotation": {"angle": -45, "axis": "x", "origin": [0, 3, 7]},
			"faces": {
				"north": {"uv": [0.5, 5, 2.5, 2.5], "texture": "#0"},
				"east": {"uv": [0.5, 2.5, 3, 0], "texture": "#0"},
				"south": {"uv": [2.5, 5, 4.5, 2.5], "texture": "#0"},
				"west": {"uv": [3, 2.5, 0.5, 0], "texture": "#0"},
				"up": {"uv": [6.5, 5, 4.5, 2.5], "texture": "#0"},
				"down": {"uv": [5, 0, 3, 2.5], "texture": "#0"}
			}
		},
		{
			"from": [7, -4.59241, 4.12825],
			"to": [9, -1.09241, 7.62825],
			"faces": {
				"north": {"uv": [9.5, 8.5, 10.5, 6.5], "texture": "#0"},
				"east": {"uv": [8.5, 4, 10.5, 2], "texture": "#0"},
				"west": {"uv": [10.5, 4, 8.5, 2], "texture": "#0"},
				"down": {"uv": [5.5, 10, 4.5, 12], "texture": "#0"}
			}
		},
		{
			"from": [6.48, -3.02573, 10.58839],
			"to": [9.52, -0.02573, 15.58839],
			"rotation": {"angle": 22.5, "axis": "x", "origin": [0, 3, 7]},
			"faces": {
				"east": {"uv": [7.5, 10, 10, 8.5], "texture": "#0"},
				"south": {"uv": [0.5, 11, 2, 9.5], "texture": "#0"},
				"west": {"uv": [10, 10, 7.5, 8.5], "texture": "#0"},
				"up": {"uv": [2, 7.5, 0.5, 5], "texture": "#0"},
				"down": {"uv": [6.5, 0, 5, 2.5], "texture": "#0"}
			}
		},
		{
			"from": [6.98, -1.73283, 10.88128],
			"to": [9.02, 0.26717, 16.88128],
			"rotation": {"angle": 22.5, "axis": "x", "origin": [0, 3, 7]},
			"faces": {
				"east": {"uv": [9.1, 1, 12, 0], "texture": "#0"},
				"west": {"uv": [12, 1, 9.1, 0], "texture": "#0"},
				"up": {"uv": [7.5, 12, 6.5, 9.1], "texture": "#0"},
				"down": {"uv": [6.5, 9.1, 5.5, 12], "texture": "#0"}
			}
		},
		{
			"from": [7, -7.91953, 10.05472],
			"to": [9, -5.91953, 12.05472],
			"rotation": {"angle": -22.5, "axis": "x", "origin": [0, 3, 7]},
			"faces": {
				"north": {"uv": [7.5, 11, 8.5, 10], "texture": "#0"},
				"east": {"uv": [8.5, 11, 9.5, 10], "texture": "#0"},
				"south": {"uv": [10, 9.5, 11, 8.5], "texture": "#0"},
				"west": {"uv": [9.5, 11, 8.5, 10], "texture": "#0"}
			}
		},
		{
			"from": [6, -5.04089, 16.79343],
			"to": [10, -1.04089, 20.79343],
			"rotation": {"angle": 22.5, "axis": "x", "origin": [0, 3, 7]},
			"faces": {
				"north": {"uv": [5.5, 7, 7.5, 5], "texture": "#0"},
				"east": {"uv": [6.5, 4.5, 8.5, 2.5], "texture": "#0"},
				"south": {"uv": [7, 2, 9, 0], "texture": "#0"},
				"west": {"uv": [8.5, 4.5, 6.5, 2.5], "texture": "#0"},
				"up": {"uv": [2.5, 9.5, 0.5, 7.5], "texture": "#0"},
				"down": {"uv": [7.5, 7, 5.5, 9], "texture": "#0"}
			}
		},
		{
			"from": [7, 3, 5],
			"to": [9, 13, 7],
			"faces": {
				"north": {"uv": [2.5, 5, 3.5, 10], "texture": "#0"},
				"east": {"uv": [3.5, 5, 4.5, 10], "texture": "#0"},
				"south": {"uv": [4.5, 5, 5.5, 10], "texture": "#0"},
				"west": {"uv": [4.5, 5, 3.5, 10], "texture": "#0"}
			}
		},
		{
			"from": [6, 11, 4],
			"to": [10, 13, 8],
			"rotation": {"angle": -45, "axis": "y", "origin": [8, 0, 6]},
			"faces": {
				"north": {"uv": [9, 1, 11, 2], "texture": "#0"},
				"east": {"uv": [9, 1, 11, 2], "texture": "#0"},
				"south": {"uv": [9, 1, 11, 2], "texture": "#0"},
				"west": {"uv": [9, 1, 11, 2], "texture": "#0"},
				"up": {"uv": [9.5, 6.5, 7.5, 4.5], "texture": "#0"},
				"down": {"uv": [9.5, 6.5, 7.5, 8.5], "texture": "#0"}
			}
		},
		{
			"from": [6, 3, 4],
			"to": [10, 5, 8],
			"rotation": {"angle": -45, "axis": "y", "origin": [8, 0, 6]},
			"faces": {
				"north": {"uv": [9, 1, 11, 2], "texture": "#0"},
				"east": {"uv": [9, 1, 11, 2], "texture": "#0"},
				"south": {"uv": [9, 1, 11, 2], "texture": "#0"},
				"west": {"uv": [9, 1, 11, 2], "texture": "#0"},
				"up": {"uv": [9.5, 6.5, 7.5, 4.5], "texture": "#0"},
				"down": {"uv": [9.5, 6.5, 7.5, 8.5], "texture": "#0"}
			}
		},
		{
			"from": [8, 8, 19.8],
			"to": [8.05, 22, 20.8],
			"rotation": {"angle": -22.5, "axis": "x", "origin": [0, 8, 20.8]},
			"faces": {
				"east": {"uv": [0, 0, 0.5, 7], "texture": "#0"},
				"west": {"uv": [0, 0, 0.5, 7], "texture": "#0"}
			}
		},
		{
			"from": [8, -6, 19.8],
			"to": [8.05, 8, 20.8],
			"rotation": {"angle": 22.5, "axis": "x", "origin": [0, 8, 20.8]},
			"faces": {
				"east": {"uv": [0, 7, 0.5, 0], "texture": "#0"},
				"west": {"uv": [0, 7, 0.5, 0], "texture": "#0"}
			}
		},
		{
			"from": [6, 5.5, 0],
			"to": [6.05, 10.5, 20],
			"faces": {
				"east": {"uv": [5.5, 13.5, 15.5, 16], "texture": "#0"},
				"west": {"uv": [15.5, 13.5, 5.5, 16], "texture": "#0"}
			}
		},
		{
			"from": [3.525, 7.975, 0],
			"to": [8.525, 8.025, 20],
			"faces": {
				"up": {"uv": [5.5, 13.5, 15.5, 16], "rotation": 270, "texture": "#0"},
				"down": {"uv": [15.5, 13.5, 5.5, 16], "rotation": 270, "texture": "#0"}
			}
		},
		{
			"from": [5.5, 7.5, 3],
			"to": [6.5, 8.5, 19],
			"faces": {
				"north": {"uv": [13.5, 14.5, 14, 15], "texture": "#0"},
				"east": {"uv": [6, 14.5, 14, 15], "texture": "#0"},
				"south": {"uv": [6, 14.5, 6.5, 15], "texture": "#0"},
				"west": {"uv": [14, 14.5, 6, 15], "texture": "#0"},
				"up": {"uv": [14, 14.5, 6, 15], "rotation": 90, "texture": "#0"},
				"down": {"uv": [6, 14.5, 14, 15], "rotation": 90, "texture": "#0"}
			}
		}
	],
	"gui_light": "front",
	"display": {
		"thirdperson_righthand": {
			"translation": [0, -2, 2.5],
			"scale": [0.56641, 0.56641, 0.56641]
		},
		"thirdperson_lefthand": {
			"translation": [0, -2, 2.5],
			"scale": [0.56641, 0.56641, 0.56641]
		},
		"firstperson_righthand": {
			"rotation": [14, 0, 0],
			"translation": [4.5, 5.25, 0],
			"scale": [0.24219, 0.24219, 0.24219]
		},
		"firstperson_lefthand": {
			"rotation": [14, 0, 0],
			"translation": [4.5, 5.25, 0],
			"scale": [0.24219, 0.24219, 0.24219]
		},
		"ground": {
			"rotation": [45, 0, 0],
			"translation": [0, 6, 0],
			"scale": [0.45, 0.45, 0.45]
		},
		"gui": {
			"rotation": [90, 45, -90],
			"translation": [-1.75, 1.75, 0],
			"scale": [0.49414, 0.49414, 0.49414]
		},
		"head": {
			"scale": [0, 0, 0]
		},
		"fixed": {
			"rotation": [0, -90, 0],
			"translation": [3.5, 0, -2.75],
			"scale": [1.4, 1.4, 1.4]
		}
	},
	"groups": [
		0,
		1,
		2,
		3,
		4,
		5,
		6,
		7,
		8,
		9,
		10,
		11,
		12,
		13,
		14,
		15,
		16,
		17,
		18,
		{
			"name": "arrow",
			"origin": [0, 0, 0],
			"color": 0,
			"children": [19, 20, 21]
		}
	]
}