{
	"credit": "by w11shes",
	"textures": {
		"0": "item/warrior_weapon_assortment/warrior_crossbow"
	},
	"elements": [
		{
			"from": [6.5, 0, 0],
			"to": [9.5, 3, 20],
			"faces": {
				"north": {"uv": [4.5, 9, 6, 10.5], "texture": "#0"},
				"east": {"uv": [10, 0, 0, 1.5], "texture": "#0"},
				"south": {"uv": [6, 9, 7.5, 10.5], "texture": "#0"},
				"west": {"uv": [0, 0, 10, 1.5], "texture": "#0"},
				"up": {"uv": [1.5, 11.5, 0, 1.5], "texture": "#0"},
				"down": {"uv": [3, 1.5, 1.5, 11.5], "texture": "#0"}
			}
		},
		{
			"from": [1.5, 0, 0],
			"to": [6.5, 4, 3],
			"faces": {
				"north": {"uv": [3, 4.5, 5.5, 6.5], "texture": "#0"},
				"east": {"uv": [8.5, 1.5, 10, 3.5], "texture": "#0"},
				"south": {"uv": [5.5, 4.5, 8, 6.5], "texture": "#0"},
				"west": {"uv": [3, 8.5, 4.5, 10.5], "texture": "#0"},
				"up": {"uv": [7.5, 8, 5, 6.5], "texture": "#0"},
				"down": {"uv": [10, 6.5, 7.5, 8], "texture": "#0"}
			}
		},
		{
			"from": [1.5, 0.48, 0.5],
			"to": [3.5, 3.48, 7.5],
			"rotation": {"angle": -22.5, "axis": "y", "origin": [1.5, 0, 0.5]},
			"faces": {
				"east": {"uv": [3, 3, 6.5, 4.5], "texture": "#0"},
				"south": {"uv": [10, 7.5, 11, 9], "texture": "#0"},
				"west": {"uv": [3, 1.5, 6.5, 3], "texture": "#0"},
				"up": {"uv": [10, 4.5, 6.5, 3.5], "rotation": 270, "texture": "#0"},
				"down": {"uv": [11.5, 4.5, 8, 5.5], "rotation": 90, "texture": "#0"}
			}
		},
		{
			"from": [9.5, 0, 0],
			"to": [14.5, 4, 3],
			"faces": {
				"north": {"uv": [5.5, 4.5, 3, 6.5], "texture": "#0"},
				"east": {"uv": [4.5, 8.5, 3, 10.5], "texture": "#0"},
				"south": {"uv": [8, 4.5, 5.5, 6.5], "texture": "#0"},
				"west": {"uv": [10, 1.5, 8.5, 3.5], "texture": "#0"},
				"up": {"uv": [5, 8, 7.5, 6.5], "texture": "#0"},
				"down": {"uv": [7.5, 6.5, 10, 8], "texture": "#0"}
			}
		},
		{
			"from": [12.5, 0.48, 0.5],
			"to": [14.5, 3.48, 7.5],
			"rotation": {"angle": 22.5, "axis": "y", "origin": [14.5, 0, 0.5]},
			"faces": {
				"east": {"uv": [6.5, 1.5, 3, 3], "texture": "#0"},
				"south": {"uv": [11, 7.5, 10, 9], "texture": "#0"},
				"west": {"uv": [6.5, 3, 3, 4.5], "texture": "#0"},
				"up": {"uv": [6.5, 4.5, 10, 3.5], "rotation": 90, "texture": "#0"},
				"down": {"uv": [8, 4.5, 11.5, 5.5], "rotation": 270, "texture": "#0"}
			}
		},
		{
			"from": [7.5, 0, 7],
			"to": [8.5, 2, 14],
			"rotation": {"angle": 22.5, "axis": "x", "origin": [0, 0, 7]},
			"faces": {
				"east": {"uv": [8.5, 8, 5, 9], "texture": "#0"},
				"south": {"uv": [8, 8, 8.5, 9], "texture": "#0"},
				"west": {"uv": [5, 8, 8.5, 9], "texture": "#0"},
				"up": {"uv": [8.5, 8, 5, 8.5], "rotation": 90, "texture": "#0"},
				"down": {"uv": [8.5, 8.5, 5, 9], "rotation": 90, "texture": "#0"}
			}
		},
		{
			"from": [0, 3.01, 9.5],
			"to": [8, 3.015, 10.5],
			"rotation": {"angle": -22.5, "axis": "y", "origin": [8, 0, 10.5]},
			"faces": {
				"up": {"uv": [13, 6, 8, 5.5], "texture": "#0"},
				"down": {"uv": [13, 6, 8, 5.5], "texture": "#0"}
			}
		},
		{
			"from": [8, 3.01, 9.5],
			"to": [16, 3.015, 10.5],
			"rotation": {"angle": 22.5, "axis": "y", "origin": [8, 0, 10.5]},
			"faces": {
				"up": {"uv": [8, 6, 13, 5.5], "texture": "#0"},
				"down": {"uv": [8, 6, 13, 5.5], "texture": "#0"}
			}
		},
		{
			"from": [6, 1, -4],
			"to": [10, 3, 0],
			"faces": {
				"north": {"uv": [10, 0, 12, 1], "texture": "#0"},
				"east": {"uv": [10, 1, 12, 2], "texture": "#0"},
				"south": {"uv": [10, 2, 12, 3], "texture": "#0"},
				"west": {"uv": [10, 3, 12, 4], "texture": "#0"},
				"up": {"uv": [8.5, 3.5, 6.5, 1.5], "texture": "#0"},
				"down": {"uv": [5, 6.5, 3, 8.5], "texture": "#0"}
			}
		},
		{
			"from": [9, 3, -1],
			"to": [7, 1, -3],
			"faces": {
				"north": {"uv": [7, 1.5, 8, 2], "texture": "#0"},
				"east": {"uv": [8, 2, 8.5, 3], "rotation": 90, "texture": "#0"},
				"south": {"uv": [7, 3, 8, 3.5], "texture": "#0"},
				"west": {"uv": [6.5, 3, 7, 2], "rotation": 90, "texture": "#0"}
			}
		},
		{
			"from": [6.5, -2, 16],
			"to": [9.5, 0, 20],
			"faces": {
				"north": {"uv": [8.5, 10, 10, 11], "texture": "#0"},
				"east": {"uv": [12, 6.5, 10, 7.5], "texture": "#0"},
				"south": {"uv": [10, 9, 11.5, 10], "texture": "#0"},
				"west": {"uv": [10, 6.5, 12, 7.5], "texture": "#0"},
				"down": {"uv": [10, 8, 8.5, 10], "texture": "#0"}
			}
		}
	],
	"gui_light": "front",
	"display": {
		"thirdperson_righthand": {
			"translation": [0, 4, 1.25],
			"scale": [0.5, 0.5, 0.5]
		},
		"thirdperson_lefthand": {
			"translation": [0, 4, 1.25],
			"scale": [0.5, 0.5, 0.5]
		},
		"firstperson_righthand": {
			"translation": [1.75, 5.25, 1],
			"scale": [0.3418, 0.3418, 0.3418]
		},
		"firstperson_lefthand": {
			"translation": [1.75, 5.25, 1],
			"scale": [0.3418, 0.3418, 0.3418]
		},
		"ground": {
			"translation": [0, 6, 0],
			"scale": [0.5, 0.5, 0.5]
		},
		"gui": {
			"rotation": [90, 45, 0],
			"translation": [0.25, -0.25, 0],
			"scale": [0.75195, 0.75195, 0.75195]
		},
		"head": {
			"scale": [0, 0, 0]
		},
		"fixed": {
			"rotation": [90, 0, 0],
			"translation": [0, 0, 6],
			"scale": [1.3, 1.3, 1.3]
		}
	}
}