{"textures":{"0":"modelengine:entity/frog_green"},"elements":[{"from":[4.119296,5.75,4.1694164],"to":[11.994295,8.75,10.169416],"faces":{"east":{"uv":[14.75,1.375,14.0,1.75],"tintindex":0,"rotation":0,"texture":"#0"},"south":{"uv":[14.875,4.25,13.875,4.625],"tintindex":0,"rotation":0,"texture":"#0"},"north":{"uv":[5.125,13.875,4.125,14.25],"tintindex":0,"rotation":0,"texture":"#0"},"west":{"uv":[14.75,0.0,14.0,0.375],"tintindex":0,"rotation":0,"texture":"#0"},"up":{"uv":[8.625,13.5,9.625,12.75],"tintindex":0,"rotation":0,"texture":"#0"},"down":{"uv":[11.75,12.75,12.75,13.5],"tintindex":0,"rotation":0,"texture":"#0"}},"rotation":{"origin":[8.056796,7.25,7.1694164],"angle":-22.5,"axis":"y"}},{"from":[5.1285934,5.75,-7.033085],"to":[13.128593,5.75,4.9669156],"faces":{"up":{"uv":[7.875,10.25,8.875,8.75],"tintindex":0,"rotation":0,"texture":"#0"},"down":{"uv":[9.0,8.75,10.0,10.25],"tintindex":0,"rotation":0,"texture":"#0"}},"rotation":{"origin":[10.628593,6.5,4.7169156],"angle":-22.5,"axis":"y"}}]}