{
  "parent": "minecraft:item/handheld",
  "textures": {
    "layer0": "minecraft:item/diamond_pickaxe"
  },
  "overrides": [
    {
      "predicate": {
        "damage": 0
      },
      "model": "item/diamond_pickaxe"
    },
    {
      "predicate": {
        "custom_model_data": 1
      },
      "model": "necromancer_assortment/pickaxe"
    },
    {
      "predicate": {
        "custom_model_data": 2
      },
      "model": "rogue_assortment/rogue_pickaxe"
    },
    {
      "model": "goblin_weapon_set/pickaxe",
      "predicate": {
        "custom_model_data": 3
      }
    },
    {
      "predicate": {
        "custom_model_data": 4
      },
      "model": "valentine_sweets_animated/pickaxe"
    }
  ]
}