{"textures":{"2":"item/meg/azriel"},"elements":[{"from":[11.0,10.775127,5.3713202],"to":[15.5,11.775127,5.3713202],"faces":{"south":{"uv":[8.3125,0.9375,7.75,1.0625],"tintindex":0,"rotation":0,"texture":"#2"},"north":{"uv":[4.3125,3.0,3.75,3.125],"tintindex":0,"rotation":0,"texture":"#2"}}},{"from":[16.737438,10.262562,5.3713202],"to":[16.737438,13.762562,11.371321],"faces":{"east":{"uv":[9.5625,0.4375,8.8125,0.875],"tintindex":0,"rotation":0,"texture":"#2"},"west":{"uv":[8.8125,0.4375,9.5625,0.875],"tintindex":0,"rotation":0,"texture":"#2"}},"rotation":{"origin":[16.737438,12.012562,8.371321],"angle":-45.0,"axis":"z"}},{"from":[-2.6445694,13.116791,5.3713202],"to":[-2.6445694,16.61679,11.371321],"faces":{"east":{"uv":[8.875,3.5625,9.625,4.0],"tintindex":0,"rotation":0,"texture":"#2"},"west":{"uv":[9.625,3.5625,8.875,4.0],"tintindex":0,"rotation":0,"texture":"#2"}},"rotation":{"origin":[-2.6445694,14.866791,8.371321],"angle":22.5,"axis":"z"}},{"from":[0.5,4.7751274,5.3713202],"to":[15.5,10.775127,11.371321],"faces":{"east":{"uv":[8.4375,1.0625,7.6875,1.8125],"tintindex":0,"rotation":0,"texture":"#2"},"south":{"uv":[3.75,0.75,5.625,1.5],"tintindex":0,"rotation":0,"texture":"#2"},"north":{"uv":[3.75,0.0,5.625,0.75],"tintindex":0,"rotation":0,"texture":"#2"},"west":{"uv":[7.6875,1.0625,8.4375,1.8125],"tintindex":0,"rotation":0,"texture":"#2"},"up":{"uv":[5.625,2.25,3.75,1.5],"tintindex":0,"rotation":0,"texture":"#2"},"down":{"uv":[5.625,2.25,3.75,3.0],"tintindex":0,"rotation":0,"texture":"#2"}}},{"from":[0.5,2.641243,4.487437],"to":[15.5,5.141243,4.487437],"faces":{"south":{"uv":[9.5,2.9375,7.625,3.25],"tintindex":0,"rotation":0,"texture":"#2"},"north":{"uv":[7.625,2.9375,9.5,3.25],"tintindex":0,"rotation":0,"texture":"#2"}},"rotation":{"origin":[8.0,3.891243,4.487437],"angle":45.0,"axis":"x"}},{"from":[-3.0,2.5,16.5],"to":[18.0,23.5,16.5],"faces":{"south":{"uv":[2.625,0.0,0.0,2.625],"tintindex":0,"rotation":0,"texture":"#2"},"north":{"uv":[0.0,0.0,2.625,2.625],"tintindex":0,"rotation":0,"texture":"#2"}}},{"from":[18.64457,13.116791,5.3713202],"to":[18.64457,16.61679,11.371321],"faces":{"east":{"uv":[8.875,3.5625,9.625,4.0],"tintindex":0,"rotation":0,"texture":"#2"},"west":{"uv":[9.625,3.5625,8.875,4.0],"tintindex":0,"rotation":0,"texture":"#2"}},"rotation":{"origin":[18.64457,14.866791,8.371321],"angle":-22.5,"axis":"z"}},{"from":[0.5,10.775127,5.3713202],"to":[5.0,11.775127,5.3713202],"faces":{"south":{"uv":[7.75,0.9375,8.3125,1.0625],"tintindex":0,"rotation":0,"texture":"#2"},"north":{"uv":[3.75,3.0,4.3125,3.125],"tintindex":0,"rotation":0,"texture":"#2"}}},{"from":[-0.73743725,10.262562,5.3713202],"to":[-0.73743725,13.762562,11.371321],"faces":{"east":{"uv":[9.5625,0.4375,8.8125,0.875],"tintindex":0,"rotation":0,"texture":"#2"},"west":{"uv":[8.8125,0.4375,9.5625,0.875],"tintindex":0,"rotation":0,"texture":"#2"}},"rotation":{"origin":[-0.73743725,12.012562,8.371321],"angle":45.0,"axis":"z"}},{"from":[0.5,-0.768343,13.666959],"to":[15.5,5.231659,13.666959],"faces":{"south":{"uv":[6.5,3.0,4.625,3.75],"tintindex":0,"rotation":0,"texture":"#2"},"north":{"uv":[4.625,3.0,6.5,3.75],"tintindex":0,"rotation":0,"texture":"#2"}},"rotation":{"origin":[8.0,-0.768343,13.666959],"angle":-22.5,"axis":"x"}}]}