{"textures":{"0":"item/meg/horse_unicorn"},"elements":[{"from":[5.579167,2.1147861,2.4141555],"to":[11.579166,13.114786,11.414156],"faces":{"east":{"uv":[2.875,6.625,4.0,8.0],"tintindex":0,"rotation":0,"texture":"#0"},"south":{"uv":[9.375,4.625,10.125,6.0],"tintindex":0,"rotation":0,"texture":"#0"},"north":{"uv":[1.75,9.125,2.5,10.5],"tintindex":0,"rotation":0,"texture":"#0"},"west":{"uv":[4.125,6.625,5.25,8.0],"tintindex":0,"rotation":0,"texture":"#0"},"up":{"uv":[9.125,10.75,8.375,9.625],"tintindex":0,"rotation":0,"texture":"#0"},"down":{"uv":[10.0,9.625,9.25,10.75],"tintindex":0,"rotation":0,"texture":"#0"}},"rotation":{"origin":[13.579166,6.8138046,-2.8045025],"angle":22.5,"axis":"x"}}]}