{
	"credit": "Made with Blockbench",
	"texture_size": [32, 32],
	"textures": {
		"0": "item/heartandbloodtheme/heartpickaxe",
		"particle": "item/heartandbloodtheme/heartpickaxe"

	},
	"elements": [
		{
			"from": [6.75, 4.7793, 0.62549],
			"to": [9.25, 6.7793, 2.62549],
			"rotation": {"angle": -45, "axis": "x", "origin": [8, 12.15758, 7.99088]},
			"faces": {
				"north": {"uv": [5, 1, 6.25, 2], "texture": "#0"},
				"east": {"uv": [6, 6, 7, 7], "texture": "#0"},
				"south": {"uv": [1.5, 5, 2.75, 6], "texture": "#0"},
				"west": {"uv": [0, 6.5, 1, 7.5], "texture": "#0"},
				"up": {"uv": [6.25, 3, 5, 2], "texture": "#0"},
				"down": {"uv": [6.25, 3, 5, 4], "texture": "#0"}
			}
		},
		{
			"from": [7, 10.3293, 9.67549],
			"to": [9, 12.3293, 11.67549],
			"rotation": {"angle": -45, "axis": "x", "origin": [8, 8.65758, 7.99088]},
			"faces": {
				"north": {"uv": [6.5, 1, 7.5, 2], "texture": "#0"},
				"east": {"uv": [6.5, 2, 7.5, 3], "texture": "#0"},
				"south": {"uv": [6.5, 3, 7.5, 4], "texture": "#0"},
				"west": {"uv": [1, 7, 2, 8], "texture": "#0"},
				"up": {"uv": [3, 8, 2, 7], "texture": "#0"},
				"down": {"uv": [5.5, 7, 4.5, 8], "texture": "#0"}
			}
		},
		{
			"from": [7, 10.3293, 11.67549],
			"to": [9, 12.3293, 12.67549],
			"rotation": {"angle": -45, "axis": "x", "origin": [8, 8.65758, 7.99088]},
			"faces": {
				"north": {"uv": [5.5, 7, 6.5, 8], "texture": "#0"},
				"east": {"uv": [8, 8, 8.5, 9], "texture": "#0"},
				"south": {"uv": [7, 6, 8, 7], "texture": "#0"},
				"west": {"uv": [0, 8.5, 0.5, 9.5], "texture": "#0"},
				"up": {"uv": [6, 4.5, 5, 4], "texture": "#0"},
				"down": {"uv": [9.5, 0, 8.5, 0.5], "texture": "#0"}
			}
		},
		{
			"from": [7, 12.3293, 9.67549],
			"to": [9, 13.3293, 11.67549],
			"rotation": {"angle": -45, "axis": "x", "origin": [8, 8.65758, 7.99088]},
			"faces": {
				"north": {"uv": [8.5, 0.5, 9.5, 1], "texture": "#0"},
				"east": {"uv": [8.5, 1, 9.5, 1.5], "texture": "#0"},
				"south": {"uv": [8.5, 1.5, 9.5, 2], "texture": "#0"},
				"west": {"uv": [8.5, 2, 9.5, 2.5], "texture": "#0"},
				"up": {"uv": [7.5, 8, 6.5, 7], "texture": "#0"},
				"down": {"uv": [1, 7.5, 0, 8.5], "texture": "#0"}
			}
		},
		{
			"from": [7.25, 3.5, 7.25],
			"to": [8.75, 11.5, 8.75],
			"rotation": {"angle": 0, "axis": "y", "origin": [8, 12.15758, 7.99088]},
			"faces": {
				"north": {"uv": [0, 0, 0.75, 4], "texture": "#0"},
				"east": {"uv": [1, 0, 1.75, 4], "texture": "#0"},
				"south": {"uv": [2, 0, 2.75, 4], "texture": "#0"},
				"west": {"uv": [3, 0, 3.75, 4], "texture": "#0"},
				"up": {"uv": [5.75, 8.75, 5, 8], "texture": "#0"},
				"down": {"uv": [6.75, 8, 6, 8.75], "texture": "#0"}
			}
		},
		{
			"from": [8, 0.1, 6.5],
			"to": [8, 3.1, 9.5],
			"rotation": {"angle": 0, "axis": "y", "origin": [8, 12.15758, 7.99088]},
			"faces": {
				"north": {"uv": [0, 0, 0, 1.5], "texture": "#0"},
				"east": {"uv": [4.5, 4.5, 6, 6], "texture": "#0"},
				"south": {"uv": [0, 0, 0, 1.5], "texture": "#0"},
				"west": {"uv": [0, 5, 1.5, 6.5], "texture": "#0"},
				"up": {"uv": [0, 1.5, 0, 0], "texture": "#0"},
				"down": {"uv": [0, 0, 0, 1.5], "texture": "#0"}
			}
		},
		{
			"from": [6.975, 4.75, 7.03964],
			"to": [8.975, 5.75, 9.03964],
			"rotation": {"angle": 0, "axis": "y", "origin": [8, 10, 7.96464]},
			"faces": {
				"north": {"uv": [8.5, 2.5, 9.5, 3], "texture": "#0"},
				"east": {"uv": [8.5, 3, 9.5, 3.5], "texture": "#0"},
				"south": {"uv": [8.5, 3.5, 9.5, 4], "texture": "#0"},
				"west": {"uv": [8.5, 4, 9.5, 4.5], "texture": "#0"},
				"up": {"uv": [8.5, 1, 7.5, 0], "texture": "#0"},
				"down": {"uv": [8.5, 1, 7.5, 2], "texture": "#0"}
			}
		},
		{
			"from": [7.5, 12.31034, 12.35776],
			"to": [7.5, 13.81034, 13.35776],
			"rotation": {"angle": 22.5, "axis": "x", "origin": [8, 8.65758, 7.99088]},
			"faces": {
				"north": {"uv": [0, 0, 0, 0.75], "texture": "#0"},
				"east": {"uv": [0.5, 8.5, 1, 9.25], "texture": "#0"},
				"south": {"uv": [0, 0, 0, 0.75], "texture": "#0"},
				"west": {"uv": [8.5, 4.5, 9, 5.25], "texture": "#0"},
				"up": {"uv": [0, 0.5, 0, 0], "texture": "#0"},
				"down": {"uv": [0, 0, 0, 0.5], "texture": "#0"}
			}
		},
		{
			"from": [7.5, 12.31034, 9.35776],
			"to": [8.5, 13.81034, 12.35776],
			"rotation": {"angle": 22.5, "axis": "x", "origin": [8, 8.65758, 7.99088]},
			"faces": {
				"north": {"uv": [8.5, 7, 9, 7.75], "texture": "#0"},
				"east": {"uv": [1.5, 6, 3, 6.75], "texture": "#0"},
				"south": {"uv": [8.5, 8, 9, 8.75], "texture": "#0"},
				"west": {"uv": [6, 4, 7.5, 4.75], "texture": "#0"},
				"up": {"uv": [3.5, 6.5, 3, 5], "texture": "#0"},
				"down": {"uv": [3.5, 6.5, 3, 8], "texture": "#0"}
			}
		},
		{
			"from": [7.5, 10.31034, 9.35776],
			"to": [7.5, 12.31034, 11.35776],
			"rotation": {"angle": 22.5, "axis": "x", "origin": [8, 8.65758, 7.99088]},
			"faces": {
				"north": {"uv": [0, 0, 0, 1], "texture": "#0"},
				"east": {"uv": [7.5, 2, 8.5, 3], "texture": "#0"},
				"south": {"uv": [0, 0, 0, 1], "texture": "#0"},
				"west": {"uv": [7.5, 3, 8.5, 4], "texture": "#0"},
				"up": {"uv": [0, 1, 0, 0], "texture": "#0"},
				"down": {"uv": [0, 0, 0, 1], "texture": "#0"}
			}
		},
		{
			"from": [8.5, 10.31034, 9.35776],
			"to": [8.5, 12.31034, 11.35776],
			"rotation": {"angle": 22.5, "axis": "x", "origin": [8, 8.65758, 7.99088]},
			"faces": {
				"north": {"uv": [0, 0, 0, 1], "texture": "#0"},
				"east": {"uv": [7.5, 4, 8.5, 5], "texture": "#0"},
				"south": {"uv": [0, 0, 0, 1], "texture": "#0"},
				"west": {"uv": [7.5, 5, 8.5, 6], "texture": "#0"},
				"up": {"uv": [0, 1, 0, 0], "texture": "#0"},
				"down": {"uv": [0, 0, 0, 1], "texture": "#0"}
			}
		},
		{
			"from": [8.5, 12.31034, 12.35776],
			"to": [8.5, 13.81034, 13.35776],
			"rotation": {"angle": 22.5, "axis": "x", "origin": [8, 8.65758, 7.99088]},
			"faces": {
				"north": {"uv": [0, 0, 0, 0.75], "texture": "#0"},
				"east": {"uv": [1, 9, 1.5, 9.75], "texture": "#0"},
				"south": {"uv": [0, 0, 0, 0.75], "texture": "#0"},
				"west": {"uv": [1.5, 9, 2, 9.75], "texture": "#0"},
				"up": {"uv": [0, 0.5, 0, 0], "texture": "#0"},
				"down": {"uv": [0, 0, 0, 0.5], "texture": "#0"}
			}
		},
		{
			"from": [7.5, 13.81034, 12.35776],
			"to": [8.5, 13.81034, 13.35776],
			"rotation": {"angle": 22.5, "axis": "x", "origin": [8, 8.65758, 7.99088]},
			"faces": {
				"north": {"uv": [0, 0, 0.5, 0], "texture": "#0"},
				"east": {"uv": [0, 0, 0.5, 0], "texture": "#0"},
				"south": {"uv": [0, 0, 0.5, 0], "texture": "#0"},
				"west": {"uv": [0, 0, 0.5, 0], "texture": "#0"},
				"up": {"uv": [4, 4.5, 3.5, 4], "texture": "#0"},
				"down": {"uv": [1.5, 6.5, 1, 7], "texture": "#0"}
			}
		},
		{
			"from": [7.25, 11.5, 4.75],
			"to": [8.75, 13, 11.25],
			"rotation": {"angle": 0, "axis": "y", "origin": [8, 8.65758, 7.99088]},
			"faces": {
				"north": {"uv": [8, 6, 8.75, 6.75], "texture": "#0"},
				"east": {"uv": [0, 4, 3.25, 4.75], "texture": "#0"},
				"south": {"uv": [7, 8, 7.75, 8.75], "texture": "#0"},
				"west": {"uv": [4, 0, 7.25, 0.75], "texture": "#0"},
				"up": {"uv": [4.75, 4.25, 4, 1], "texture": "#0"},
				"down": {"uv": [4.25, 4.5, 3.5, 7.75], "texture": "#0"}
			}
		},
		{
			"from": [7.5, 12.37324, 3.69331],
			"to": [8.5, 13.87324, 6.69331],
			"rotation": {"angle": -22.5, "axis": "x", "origin": [8, 8.65758, 7.99088]},
			"faces": {
				"north": {"uv": [2, 9, 2.5, 9.75], "texture": "#0"},
				"east": {"uv": [4.5, 6, 6, 6.75], "texture": "#0"},
				"south": {"uv": [2.5, 9, 3, 9.75], "texture": "#0"},
				"west": {"uv": [6, 5, 7.5, 5.75], "texture": "#0"},
				"up": {"uv": [4.5, 9.5, 4, 8], "texture": "#0"},
				"down": {"uv": [5, 8, 4.5, 9.5], "texture": "#0"}
			}
		},
		{
			"from": [7.5, 10.37324, 4.69331],
			"to": [7.5, 12.37324, 6.69331],
			"rotation": {"angle": -22.5, "axis": "x", "origin": [8, 8.65758, 7.99088]},
			"faces": {
				"north": {"uv": [0, 0, 0, 1], "texture": "#0"},
				"east": {"uv": [7.5, 7, 8.5, 8], "texture": "#0"},
				"south": {"uv": [0, 0, 0, 1], "texture": "#0"},
				"west": {"uv": [1, 8, 2, 9], "texture": "#0"},
				"up": {"uv": [0, 1, 0, 0], "texture": "#0"},
				"down": {"uv": [0, 0, 0, 1], "texture": "#0"}
			}
		},
		{
			"from": [8.5, 10.37324, 4.69331],
			"to": [8.5, 12.37324, 6.69331],
			"rotation": {"angle": -22.5, "axis": "x", "origin": [8, 8.65758, 7.99088]},
			"faces": {
				"north": {"uv": [0, 0, 0, 1], "texture": "#0"},
				"east": {"uv": [2, 8, 3, 9], "texture": "#0"},
				"south": {"uv": [0, 0, 0, 1], "texture": "#0"},
				"west": {"uv": [3, 8, 4, 9], "texture": "#0"},
				"up": {"uv": [0, 1, 0, 0], "texture": "#0"},
				"down": {"uv": [0, 0, 0, 1], "texture": "#0"}
			}
		},
		{
			"from": [8.5, 12.37324, 2.69331],
			"to": [8.5, 13.87324, 3.69331],
			"rotation": {"angle": -22.5, "axis": "x", "origin": [8, 8.65758, 7.99088]},
			"faces": {
				"north": {"uv": [0, 0, 0, 0.75], "texture": "#0"},
				"east": {"uv": [3, 9, 3.5, 9.75], "texture": "#0"},
				"south": {"uv": [0, 0, 0, 0.75], "texture": "#0"},
				"west": {"uv": [3.5, 9, 4, 9.75], "texture": "#0"},
				"up": {"uv": [0, 0.5, 0, 0], "texture": "#0"},
				"down": {"uv": [0, 0, 0, 0.5], "texture": "#0"}
			}
		},
		{
			"from": [7.5, 13.87324, 2.69331],
			"to": [8.5, 13.87324, 3.69331],
			"rotation": {"angle": -22.5, "axis": "x", "origin": [8, 8.65758, 7.99088]},
			"faces": {
				"north": {"uv": [0, 0, 0.5, 0], "texture": "#0"},
				"east": {"uv": [0, 0, 0.5, 0], "texture": "#0"},
				"south": {"uv": [0, 0, 0.5, 0], "texture": "#0"},
				"west": {"uv": [0, 0, 0.5, 0], "texture": "#0"},
				"up": {"uv": [9, 6, 8.5, 5.5], "texture": "#0"},
				"down": {"uv": [6, 9, 5.5, 9.5], "texture": "#0"}
			}
		},
		{
			"from": [7.5, 12.37324, 2.69331],
			"to": [7.5, 13.87324, 3.69331],
			"rotation": {"angle": -22.5, "axis": "x", "origin": [8, 8.65758, 7.99088]},
			"faces": {
				"north": {"uv": [0, 0, 0, 0.75], "texture": "#0"},
				"east": {"uv": [9, 4.5, 9.5, 5.25], "texture": "#0"},
				"south": {"uv": [0, 0, 0, 0.75], "texture": "#0"},
				"west": {"uv": [5, 9, 5.5, 9.75], "texture": "#0"},
				"up": {"uv": [0, 0.5, 0, 0], "texture": "#0"},
				"down": {"uv": [0, 0, 0, 0.5], "texture": "#0"}
			}
		}
	],
	"display": {
		"thirdperson_righthand": {
			"translation": [0, -1, 0],
			"scale": [1.3, 1.3, 1.3]
		},
		"thirdperson_lefthand": {
			"translation": [0, -1, 0],
			"scale": [1.3, 1.3, 1.3]
		},
		"firstperson_righthand": {
			"translation": [0, 3, 0]
		},
		"firstperson_lefthand": {
			"translation": [0, 3, 0]
		},
		"ground": {
			"translation": [0, 5, 0]
		},
		"gui": {
			"rotation": [100, 45, -90],
			"translation": [-0.5, -0.5, 0],
			"scale": [1.1, 1.1, 1.1]
		},
		"fixed": {
			"rotation": [-90, 45, 90]
		}
	},
	"groups": [
		{
			"name": "heartpickaxe",
			"origin": [8, 14.25, 6.25],
			"color": 0,
			"children": [0, 1, 2, 3, 4, 5, 6, 7, 8, 9, 10, 11, 12, 13, 14, 15, 16, 17, 18, 19]
		}
	]
}