{
	"credit": "Made with Blockbench",
	"texture_size": [32, 32],
	"textures": {
		"1": "item/heartandbloodtheme/heartaxe"
	},
	"elements": [
		{
			"from": [7.25, 2.25, 7.25],
			"to": [8.75, 11.25, 8.75],
			"rotation": {"angle": 0, "axis": "y", "origin": [8, 9.28661, 5.5]},
			"faces": {
				"north": {"uv": [0, 0, 0.75, 4.5], "texture": "#1"},
				"east": {"uv": [1, 0, 1.75, 4.5], "texture": "#1"},
				"south": {"uv": [2, 0, 2.75, 4.5], "texture": "#1"},
				"west": {"uv": [3, 0, 3.75, 4.5], "texture": "#1"},
				"up": {"uv": [10.75, 0.75, 10, 0], "texture": "#1"},
				"down": {"uv": [1.25, 10, 0.5, 10.75], "texture": "#1"}
			}
		},
		{
			"from": [8, -1.5, 6.5],
			"to": [8, 1.5, 9.5],
			"rotation": {"angle": 0, "axis": "y", "origin": [8, 9.28661, 5.5]},
			"faces": {
				"north": {"uv": [0, 0, 0, 1.5], "texture": "#1"},
				"east": {"uv": [0, 4.5, 1.5, 6], "texture": "#1"},
				"south": {"uv": [0, 0, 0, 1.5], "texture": "#1"},
				"west": {"uv": [1.5, 4.5, 3, 6], "texture": "#1"},
				"up": {"uv": [0, 1.5, 0, 0], "texture": "#1"},
				"down": {"uv": [0, 0, 0, 1.5], "texture": "#1"}
			}
		},
		{
			"from": [7.25, 16.75, 7.25],
			"to": [8.75, 17.75, 9.25],
			"rotation": {"angle": 45, "axis": "x", "origin": [8, 16, 8]},
			"faces": {
				"north": {"uv": [4.5, 10, 5.25, 10.5], "texture": "#1"},
				"east": {"uv": [6.5, 1.5, 7.5, 2], "texture": "#1"},
				"south": {"uv": [10, 5, 10.75, 5.5], "texture": "#1"},
				"west": {"uv": [10, 1, 11, 1.5], "texture": "#1"},
				"up": {"uv": [8.75, 9.5, 8, 8.5], "texture": "#1"},
				"down": {"uv": [0.75, 9, 0, 10], "texture": "#1"}
			}
		},
		{
			"from": [7.25, 14.75, 7.25],
			"to": [8.75, 16.75, 9.25],
			"rotation": {"angle": 45, "axis": "x", "origin": [8, 16, 8]},
			"faces": {
				"north": {"uv": [9, 0, 9.75, 1], "texture": "#1"},
				"east": {"uv": [4, 7, 5, 8], "texture": "#1"},
				"south": {"uv": [1, 9, 1.75, 10], "texture": "#1"},
				"west": {"uv": [5, 7, 6, 8], "texture": "#1"},
				"up": {"uv": [2.75, 10, 2, 9], "texture": "#1"},
				"down": {"uv": [3.75, 9, 3, 10], "texture": "#1"}
			}
		},
		{
			"from": [7.25, 14.75, 6.25],
			"to": [8.75, 16.75, 7.25],
			"rotation": {"angle": 45, "axis": "x", "origin": [8, 16, 8]},
			"faces": {
				"north": {"uv": [9, 3, 9.75, 4], "texture": "#1"},
				"east": {"uv": [1.5, 7, 2, 8], "texture": "#1"},
				"south": {"uv": [4, 9, 4.75, 10], "texture": "#1"},
				"west": {"uv": [1.5, 10, 2, 11], "texture": "#1"},
				"up": {"uv": [10.75, 6, 10, 5.5], "texture": "#1"},
				"down": {"uv": [10.75, 6, 10, 6.5], "texture": "#1"}
			}
		},
		{
			"from": [7, 11.25, 7],
			"to": [9, 15.25, 9],
			"rotation": {"angle": 0, "axis": "y", "origin": [8, 10.03661, 5.5]},
			"faces": {
				"north": {"uv": [3, 4.5, 4, 6.5], "texture": "#1"},
				"east": {"uv": [4, 5, 5, 7], "texture": "#1"},
				"south": {"uv": [5, 5, 6, 7], "texture": "#1"},
				"west": {"uv": [5.5, 0, 6.5, 2], "texture": "#1"},
				"up": {"uv": [8.5, 2.5, 7.5, 1.5], "texture": "#1"},
				"down": {"uv": [8.5, 2.5, 7.5, 3.5], "texture": "#1"}
			}
		},
		{
			"from": [6.75, 3.25, 6.75],
			"to": [9.25, 4.25, 9.25],
			"rotation": {"angle": 0, "axis": "y", "origin": [8, 8.03661, 5.5]},
			"faces": {
				"north": {"uv": [9.5, 2.5, 10.75, 3], "texture": "#1"},
				"east": {"uv": [8, 9.5, 9.25, 10], "texture": "#1"},
				"south": {"uv": [9.5, 8, 10.75, 8.5], "texture": "#1"},
				"west": {"uv": [9.5, 8.5, 10.75, 9], "texture": "#1"},
				"up": {"uv": [7.25, 6.25, 6, 5], "texture": "#1"},
				"down": {"uv": [7.75, 0, 6.5, 1.25], "texture": "#1"}
			}
		},
		{
			"from": [7.5, 12.75, 9],
			"to": [8.5, 14.75, 10.5],
			"rotation": {"angle": 0, "axis": "y", "origin": [8, 10.03661, 5]},
			"faces": {
				"north": {"uv": [10, 1.5, 10.5, 2.5], "texture": "#1"},
				"east": {"uv": [9, 4, 9.75, 5], "texture": "#1"},
				"south": {"uv": [2, 10, 2.5, 11], "texture": "#1"},
				"west": {"uv": [5, 9, 5.75, 10], "texture": "#1"},
				"up": {"uv": [6, 10.75, 5.5, 10], "texture": "#1"},
				"down": {"uv": [10.5, 6.5, 10, 7.25], "texture": "#1"}
			}
		},
		{
			"from": [7, 12.75, 9.75],
			"to": [9, 14.75, 11.75],
			"rotation": {"angle": 45, "axis": "x", "origin": [8, 13.75, 10.75]},
			"faces": {
				"north": {"uv": [7.5, 3.5, 8.5, 4.5], "texture": "#1"},
				"east": {"uv": [7.5, 4.5, 8.5, 5.5], "texture": "#1"},
				"south": {"uv": [7.5, 5.5, 8.5, 6.5], "texture": "#1"},
				"west": {"uv": [6, 7.5, 7, 8.5], "texture": "#1"},
				"up": {"uv": [8.5, 7.5, 7.5, 6.5], "texture": "#1"},
				"down": {"uv": [8, 7.5, 7, 8.5], "texture": "#1"}
			}
		},
		{
			"from": [7, 14.75, 11.75],
			"to": [9, 14.75, 13.75],
			"rotation": {"angle": 45, "axis": "x", "origin": [8, 13.75, 10.75]},
			"faces": {
				"north": {"uv": [0, 0, 1, 0], "texture": "#1"},
				"east": {"uv": [0, 0, 1, 0], "texture": "#1"},
				"south": {"uv": [0, 0, 1, 0], "texture": "#1"},
				"west": {"uv": [0, 0, 1, 0], "texture": "#1"},
				"up": {"uv": [1, 9, 0, 8], "texture": "#1"},
				"down": {"uv": [9, 0, 8, 1], "texture": "#1"}
			}
		},
		{
			"from": [7.45, 11.25, 1.75],
			"to": [8.45, 16.25, 4.25],
			"rotation": {"angle": 0, "axis": "y", "origin": [7.95, 11.03661, 4.25]},
			"faces": {
				"north": {"uv": [3, 6.5, 3.5, 9], "texture": "#1"},
				"east": {"uv": [4, 0, 5.25, 2.5], "texture": "#1"},
				"south": {"uv": [3.5, 6.5, 4, 9], "texture": "#1"},
				"west": {"uv": [4, 2.5, 5.25, 5], "texture": "#1"},
				"up": {"uv": [10, 10.25, 9.5, 9], "texture": "#1"},
				"down": {"uv": [0.5, 10, 0, 11.25], "texture": "#1"}
			}
		},
		{
			"from": [7.9, 10.85, 0.85],
			"to": [7.9, 16.65, 1.85],
			"rotation": {"angle": 0, "axis": "y", "origin": [8, 11.03661, 4.25]},
			"faces": {
				"north": {"uv": [0, 0, 0, 3], "texture": "#1"},
				"east": {"uv": [2, 6, 2.5, 9], "texture": "#1"},
				"south": {"uv": [0, 0, 0, 3], "texture": "#1"},
				"west": {"uv": [2.5, 6, 3, 9], "texture": "#1"},
				"up": {"uv": [0, 0.5, 0, 0], "texture": "#1"},
				"down": {"uv": [0, 0, 0, 0.5], "texture": "#1"}
			}
		},
		{
			"from": [7.45, 12.75, 4.25],
			"to": [8.45, 14.75, 7],
			"rotation": {"angle": 0, "axis": "y", "origin": [7.95, 10.03661, 4.25]},
			"faces": {
				"north": {"uv": [2.5, 10, 3, 11], "texture": "#1"},
				"east": {"uv": [6, 6.5, 7.5, 7.5], "texture": "#1"},
				"south": {"uv": [3, 10, 3.5, 11], "texture": "#1"},
				"west": {"uv": [0, 7, 1.5, 8], "texture": "#1"},
				"up": {"uv": [9.5, 6.5, 9, 5], "texture": "#1"},
				"down": {"uv": [9.5, 6.5, 9, 8], "texture": "#1"}
			}
		},
		{
			"from": [7, 0.82354, 1.57246],
			"to": [9, 2.82354, 3.57246],
			"rotation": {"angle": -45, "axis": "x", "origin": [8, 8.28661, 5.5]},
			"faces": {
				"north": {"uv": [1, 8, 2, 9], "texture": "#1"},
				"east": {"uv": [4, 8, 5, 9], "texture": "#1"},
				"south": {"uv": [5, 8, 6, 9], "texture": "#1"},
				"west": {"uv": [8, 7.5, 9, 8.5], "texture": "#1"},
				"up": {"uv": [9.5, 2, 8.5, 1], "texture": "#1"},
				"down": {"uv": [9.5, 2, 8.5, 3], "texture": "#1"}
			}
		},
		{
			"from": [7.45, 15.85, 2.35],
			"to": [8.45, 17.85, 5.85],
			"rotation": {"angle": 22.5, "axis": "x", "origin": [7.825, 17.5, 3]},
			"faces": {
				"north": {"uv": [10, 3, 10.5, 4], "texture": "#1"},
				"east": {"uv": [5.5, 2, 7.25, 3], "texture": "#1"},
				"south": {"uv": [3.5, 10, 4, 11], "texture": "#1"},
				"west": {"uv": [5.5, 3, 7.25, 4], "texture": "#1"},
				"up": {"uv": [6.5, 10.25, 6, 8.5], "texture": "#1"},
				"down": {"uv": [7, 8.5, 6.5, 10.25], "texture": "#1"}
			}
		},
		{
			"from": [7.9, 15.85, 1.35],
			"to": [7.9, 18.85, 2.35],
			"rotation": {"angle": 22.5, "axis": "x", "origin": [7.875, 17.5, 3]},
			"faces": {
				"north": {"uv": [0, 0, 0, 1.5], "texture": "#1"},
				"east": {"uv": [9, 8, 9.5, 9.5], "texture": "#1"},
				"south": {"uv": [0, 0, 0, 1.5], "texture": "#1"},
				"west": {"uv": [9.5, 1, 10, 2.5], "texture": "#1"},
				"up": {"uv": [0, 0.5, 0, 0], "texture": "#1"},
				"down": {"uv": [0, 0, 0, 0.5], "texture": "#1"}
			}
		},
		{
			"from": [7.9, 17.85, 2.35],
			"to": [7.9, 18.85, 3.35],
			"rotation": {"angle": 22.5, "axis": "x", "origin": [7.875, 17.5, 3]},
			"faces": {
				"north": {"uv": [0, 0, 0, 0.5], "texture": "#1"},
				"east": {"uv": [8, 1, 8.5, 1.5], "texture": "#1"},
				"south": {"uv": [0, 0, 0, 0.5], "texture": "#1"},
				"west": {"uv": [8.5, 7, 9, 7.5], "texture": "#1"},
				"up": {"uv": [0, 0.5, 0, 0], "texture": "#1"},
				"down": {"uv": [0, 0, 0, 0.5], "texture": "#1"}
			}
		},
		{
			"from": [7.45, 9.75, 2.35],
			"to": [8.45, 11.75, 5.85],
			"rotation": {"angle": -22.5, "axis": "x", "origin": [7.95, 10, 3.25]},
			"faces": {
				"north": {"uv": [4, 10, 4.5, 11], "texture": "#1"},
				"east": {"uv": [5.5, 4, 7.25, 5], "texture": "#1"},
				"south": {"uv": [10, 4, 10.5, 5], "texture": "#1"},
				"west": {"uv": [0, 6, 1.75, 7], "texture": "#1"},
				"up": {"uv": [7.5, 10.25, 7, 8.5], "texture": "#1"},
				"down": {"uv": [8, 8.5, 7.5, 10.25], "texture": "#1"}
			}
		},
		{
			"from": [7.45, 8.75, 5.85],
			"to": [8.45, 9.75, 5.85],
			"rotation": {"angle": -22.5, "axis": "x", "origin": [8.1, 10, 3.25]},
			"faces": {
				"north": {"uv": [10, 7.5, 10.5, 8], "texture": "#1"},
				"east": {"uv": [0, 0, 0, 0.5], "texture": "#1"},
				"south": {"uv": [8, 10, 8.5, 10.5], "texture": "#1"},
				"west": {"uv": [0, 0, 0, 0.5], "texture": "#1"},
				"up": {"uv": [0.5, 0, 0, 0], "texture": "#1"},
				"down": {"uv": [0.5, 0, 0, 0], "texture": "#1"}
			}
		},
		{
			"from": [7.9, 7.75, 1.35],
			"to": [7.9, 11.75, 2.35],
			"rotation": {"angle": -22.5, "axis": "x", "origin": [8, 10, 3.25]},
			"faces": {
				"north": {"uv": [0, 0, 0, 2], "texture": "#1"},
				"east": {"uv": [8.5, 3, 9, 5], "texture": "#1"},
				"south": {"uv": [0, 0, 0, 2], "texture": "#1"},
				"west": {"uv": [8.5, 5, 9, 7], "texture": "#1"},
				"up": {"uv": [0, 0.5, 0, 0], "texture": "#1"},
				"down": {"uv": [0, 0, 0, 0.5], "texture": "#1"}
			}
		},
		{
			"from": [7.9, 6.75, 2.35],
			"to": [7.9, 9.75, 3.35],
			"rotation": {"angle": -22.5, "axis": "x", "origin": [8, 10, 3.25]},
			"faces": {
				"north": {"uv": [0, 0, 0, 1.5], "texture": "#1"},
				"east": {"uv": [9.5, 5, 10, 6.5], "texture": "#1"},
				"south": {"uv": [0, 0, 0, 1.5], "texture": "#1"},
				"west": {"uv": [9.5, 6.5, 10, 8], "texture": "#1"},
				"up": {"uv": [0, 0.5, 0, 0], "texture": "#1"},
				"down": {"uv": [0, 0, 0, 0.5], "texture": "#1"}
			}
		}
	],
	"display": {
		"thirdperson_righthand": {
			"translation": [0, 0, 0.5],
			"scale": [1.1, 1.1, 1.1]
		},
		"thirdperson_lefthand": {
			"translation": [0, 0, 0.5],
			"scale": [1.1, 1.1, 1.1]
		},
		"firstperson_righthand": {
			"translation": [0, 2, 0]
		},
		"firstperson_lefthand": {
			"translation": [0, 2, 0]
		},
		"ground": {
			"translation": [0, 6, 0]
		},
		"gui": {
			"rotation": [-80.25, -45, -90],
			"translation": [-1.75, 0, 0],
			"scale": [0.9, 0.9, 0.9]
		},
		"fixed": {
			"rotation": [-90, 45, 91],
			"translation": [2, 0, 0]
		}
	},
	"groups": [
		{
			"name": "heartaxe",
			"origin": [8, 8.30909, 8.01261],
			"color": 0,
			"children": [0, 1, 2, 3, 4, 5, 6, 7, 8, 9, 10, 11, 12, 13, 14, 15, 16, 17, 18, 19, 20]
		}
	]
}