{"textures":{"1":"item/meg/body_grey"},"elements":[{"from":[6.0,-3.8500004,6.0],"to":[10.0,8.15,10.0],"faces":{"east":{"uv":[0.5,1.625,0.625,2.0],"tintindex":0,"rotation":0,"texture":"#1"},"south":{"uv":[0.875,1.625,1.0,2.0],"tintindex":0,"rotation":0,"texture":"#1"},"north":{"uv":[0.625,1.625,0.75,2.0],"tintindex":0,"rotation":0,"texture":"#1"},"west":{"uv":[0.75,1.625,0.875,2.0],"tintindex":0,"rotation":0,"texture":"#1"},"up":{"uv":[0.75,1.625,0.625,1.5],"tintindex":0,"rotation":0,"texture":"#1"},"down":{"uv":[0.875,1.5,0.75,1.625],"tintindex":0,"rotation":0,"texture":"#1"}}}]}