{"textures":{"0":"modelengine:entity/horse_magma"},"elements":[{"from":[2.0,15.287642,9.908031],"to":[14.0,17.287642,12.908031],"faces":{"east":{"uv":[5.25,5.625,5.4375,5.75],"tintindex":0,"rotation":0,"texture":"#0"},"south":{"uv":[6.6875,6.5,7.4375,6.625],"tintindex":0,"rotation":0,"texture":"#0"},"north":{"uv":[6.625,2.8125,7.375,2.9375],"tintindex":0,"rotation":0,"texture":"#0"},"west":{"uv":[6.375,6.9375,6.5625,7.0625],"tintindex":0,"rotation":0,"texture":"#0"},"up":{"uv":[7.0,5.625,6.25,5.4375],"tintindex":0,"rotation":0,"texture":"#0"},"down":{"uv":[7.0625,4.625,6.3125,4.8125],"tintindex":0,"rotation":0,"texture":"#0"}}},{"from":[2.0,2.2876415,-8.091969],"to":[14.0,14.287642,7.908031],"faces":{"east":{"uv":[0.0,0.0,1.0,0.75],"tintindex":0,"rotation":0,"texture":"#0"},"south":{"uv":[0.8125,2.9375,1.5625,3.6875],"tintindex":0,"rotation":0,"texture":"#0"},"north":{"uv":[2.8125,0.0,3.5625,0.75],"tintindex":0,"rotation":0,"texture":"#0"},"west":{"uv":[0.0,0.8125,1.0,1.5625],"tintindex":0,"rotation":0,"texture":"#0"},"up":{"uv":[1.8125,1.0,1.0625,0.0],"tintindex":0,"rotation":0,"texture":"#0"},"down":{"uv":[1.8125,1.0,1.0625,0.0],"tintindex":0,"rotation":0,"texture":"#0"}}},{"from":[1.5,1.7876415,4.4080315],"to":[14.5,8.787642,7.408031],"faces":{"east":{"uv":[4.0,6.5,4.1875,6.9375],"tintindex":0,"rotation":0,"texture":"#0"},"south":{"uv":[2.375,3.9375,3.1875,4.375],"tintindex":0,"rotation":0,"texture":"#0"},"north":{"uv":[1.5,3.875,2.3125,4.3125],"tintindex":0,"rotation":0,"texture":"#0"},"west":{"uv":[6.6875,6.6875,6.875,7.125],"tintindex":0,"rotation":0,"texture":"#0"},"up":{"uv":[6.875,2.25,6.0625,2.0625],"tintindex":0,"rotation":0,"texture":"#0"},"down":{"uv":[7.0,2.3125,6.1875,2.5],"tintindex":0,"rotation":0,"texture":"#0"}}},{"from":[-1.0,17.05585,9.298136],"to":[17.0,27.05585,9.298136],"faces":{"south":{"uv":[3.0,0.875,1.875,1.5],"tintindex":0,"rotation":0,"texture":"#0"},"north":{"uv":[1.875,0.875,3.0,1.5],"tintindex":0,"rotation":0,"texture":"#0"}},"rotation":{"origin":[8.0,9.340826,5.408393],"angle":22.5,"axis":"x"}},{"from":[1.0,8.287642,-0.09196854],"to":[15.0,15.287642,12.908031],"faces":{"east":{"uv":[0.625,3.75,1.4375,4.1875],"tintindex":0,"rotation":0,"texture":"#0"},"south":{"uv":[3.6875,3.125,4.5625,3.5625],"tintindex":0,"rotation":0,"texture":"#0"},"north":{"uv":[3.6875,3.125,4.5625,3.5625],"tintindex":0,"rotation":0,"texture":"#0"},"west":{"uv":[3.875,0.75,4.6875,1.1875],"tintindex":0,"rotation":0,"texture":"#0"},"up":{"uv":[0.875,2.4375,0.0,1.625],"tintindex":0,"rotation":0,"texture":"#0"},"down":{"uv":[2.75,0.0,1.875,0.8125],"tintindex":0,"rotation":0,"texture":"#0"}}}]}