{
	"credit": "Made with Blockbench",
	"textures": {
		"2": "item/chinese/chinese_dragon_np"
	},
	"elements": [
		{
			"from": [-2.625, 19.875, 2],
			"to": [-1.375, 22.875, 5],
			"rotation": {"angle": -45, "axis": "x", "origin": [-2, 21.375, 3.5]},
			"faces": {
				"north": {"uv": [2.875, 15, 3, 15.375], "texture": "#2"},
				"east": {"uv": [13.875, 1.125, 14.25, 1.5], "texture": "#2"},
				"south": {"uv": [3, 15, 3.125, 15.375], "texture": "#2"},
				"west": {"uv": [13.75, 4.625, 14.125, 5], "texture": "#2"},
				"up": {"uv": [6.375, 15.375, 6.25, 15], "texture": "#2"},
				"down": {"uv": [6.5, 15, 6.375, 15.375], "texture": "#2"}
			}
		},
		{
			"from": [0.375, 2.875, 3.25],
			"to": [1.625, 5.875, 6.25],
			"rotation": {"angle": -45, "axis": "x", "origin": [1, 4.375, 4.75]},
			"faces": {
				"north": {"uv": [11.25, 15, 11.375, 15.375], "texture": "#2"},
				"east": {"uv": [13.875, 1.125, 14.25, 1.5], "texture": "#2"},
				"south": {"uv": [11.375, 15, 11.5, 15.375], "texture": "#2"},
				"west": {"uv": [8.75, 13.75, 9.125, 14.125], "texture": "#2"},
				"up": {"uv": [11.625, 15.375, 11.5, 15], "texture": "#2"},
				"down": {"uv": [11.75, 15, 11.625, 15.375], "texture": "#2"}
			}
		},
		{
			"from": [7.375, -3.94607, 3.5],
			"to": [8.625, -0.94607, 6.5],
			"rotation": {"angle": -45, "axis": "x", "origin": [8, -2.69607, 4.75]},
			"faces": {
				"north": {"uv": [15, 15, 15.125, 15.375], "texture": "#2"},
				"east": {"uv": [13.875, 0.75, 14.25, 1.125], "texture": "#2"},
				"south": {"uv": [15.125, 0.25, 15.25, 0.625], "texture": "#2"},
				"west": {"uv": [13.875, 1.125, 14.25, 1.5], "texture": "#2"},
				"up": {"uv": [0.75, 15.5, 0.625, 15.125], "texture": "#2"},
				"down": {"uv": [15.25, 0.625, 15.125, 1], "texture": "#2"}
			}
		},
		{
			"from": [3.025, 12.87473, 1.84379],
			"to": [4.275, 15.87473, 4.84379],
			"rotation": {"angle": 22.5, "axis": "x", "origin": [3.65, 14.37473, 3.34379]},
			"faces": {
				"north": {"uv": [13.375, 15, 13.5, 15.375], "texture": "#2"},
				"east": {"uv": [13.75, 13.25, 14.125, 13.625], "texture": "#2"},
				"south": {"uv": [13.5, 15, 13.625, 15.375], "texture": "#2"},
				"west": {"uv": [13.375, 13.75, 13.75, 14.125], "texture": "#2"},
				"up": {"uv": [13.75, 15.375, 13.625, 15], "texture": "#2"},
				"down": {"uv": [2.875, 15, 3, 15.375], "texture": "#2"}
			}
		},
		{
			"from": [14.375, 2.875, 3.25],
			"to": [15.625, 5.875, 6.25],
			"rotation": {"angle": -45, "axis": "x", "origin": [15, 4.375, 4.75]},
			"faces": {
				"north": {"uv": [11.375, 15, 11.25, 15.375], "texture": "#2"},
				"east": {"uv": [9.125, 13.75, 8.75, 14.125], "texture": "#2"},
				"south": {"uv": [11.5, 15, 11.375, 15.375], "texture": "#2"},
				"west": {"uv": [13.875, 1.125, 14.25, 1.5], "texture": "#2"},
				"up": {"uv": [11.5, 15.375, 11.625, 15], "texture": "#2"},
				"down": {"uv": [11.625, 15, 11.75, 15.375], "texture": "#2"}
			}
		},
		{
			"from": [17.375, 19.875, 2],
			"to": [18.625, 22.875, 5],
			"rotation": {"angle": -45, "axis": "x", "origin": [18, 21.375, 3.5]},
			"faces": {
				"north": {"uv": [3, 15, 2.875, 15.375], "texture": "#2"},
				"east": {"uv": [14.125, 4.625, 13.75, 5], "texture": "#2"},
				"south": {"uv": [3.125, 15, 3, 15.375], "texture": "#2"},
				"west": {"uv": [13.875, 1.125, 14.25, 1.5], "texture": "#2"},
				"up": {"uv": [6.25, 15.375, 6.375, 15], "texture": "#2"},
				"down": {"uv": [6.375, 15, 6.5, 15.375], "texture": "#2"}
			}
		},
		{
			"from": [11.725, 12.87473, 1.84379],
			"to": [12.975, 15.87473, 4.84379],
			"rotation": {"angle": 22.5, "axis": "x", "origin": [12.35, 14.37473, 3.34379]},
			"faces": {
				"north": {"uv": [13.5, 15, 13.375, 15.375], "texture": "#2"},
				"east": {"uv": [13.75, 13.75, 13.375, 14.125], "texture": "#2"},
				"south": {"uv": [13.625, 15, 13.5, 15.375], "texture": "#2"},
				"west": {"uv": [14.125, 13.25, 13.75, 13.625], "texture": "#2"},
				"up": {"uv": [13.625, 15.375, 13.75, 15], "texture": "#2"},
				"down": {"uv": [2.875, 15, 3, 15.375], "texture": "#2"}
			}
		},
		{
			"from": [-0.69637, -3.51317, 3.5448],
			"to": [1.11403, 7.29723, 5.9552],
			"rotation": {"angle": 45, "axis": "z", "origin": [2.90883, 7.29203, 4.75]},
			"faces": {
				"north": {"uv": [4, 11.125, 4.25, 12.5], "texture": "#2"},
				"east": {"uv": [8.875, 11.25, 9.125, 12.625], "texture": "#2"},
				"south": {"uv": [9.125, 11.25, 9.375, 12.625], "texture": "#2"},
				"west": {"uv": [9.375, 11.25, 9.625, 12.625], "texture": "#2"},
				"up": {"uv": [7.375, 14.75, 7.125, 14.5], "texture": "#2"},
				"down": {"uv": [7.75, 14.5, 7.5, 14.75], "texture": "#2"}
			}
		},
		{
			"from": [0.7976, 5.16831, 4.1476],
			"to": [15.2024, 25.57311, 5.3524],
			"rotation": {"angle": 0, "axis": "y", "origin": [6.8, -2.02929, -0.95]},
			"faces": {
				"north": {"uv": [0, 0, 1.75, 2.5], "texture": "#2"},
				"east": {"uv": [6.5, 11.125, 6.625, 13.625], "texture": "#2"},
				"south": {"uv": [1.75, 0, 3.5, 2.5], "texture": "#2"},
				"west": {"uv": [11.125, 11.5, 11.25, 14], "texture": "#2"},
				"up": {"uv": [14.5, 12.75, 12.75, 12.625], "texture": "#2"},
				"down": {"uv": [14.625, 1.5, 12.875, 1.625], "texture": "#2"}
			}
		},
		{
			"from": [6.8, 9.97071, 5.35],
			"to": [9.2, 18.37071, 11.35],
			"rotation": {"angle": 0, "axis": "y", "origin": [6.8, -2.02929, -0.95]},
			"faces": {
				"north": {"uv": [10.5, 12.125, 10.75, 13.125], "texture": "#2"},
				"east": {"uv": [5.875, 8.875, 6.625, 9.875], "texture": "#2"},
				"south": {"uv": [2.75, 12.25, 3, 13.25], "texture": "#2"},
				"west": {"uv": [8.875, 6.25, 9.625, 7.25], "texture": "#2"},
				"up": {"uv": [7.25, 3, 7, 2.25], "texture": "#2"},
				"down": {"uv": [13.5, 2.125, 13.25, 2.875], "texture": "#2"}
			}
		},
		{
			"from": [-1.55917, 17.61814, 2.9456],
			"to": [8.64963, 25.42694, 4.1544],
			"rotation": {"angle": -45, "axis": "z", "origin": [3.54523, 21.52254, 3.55]},
			"faces": {
				"north": {"uv": [7.25, 2.25, 8.5, 3.25], "texture": "#2"},
				"east": {"uv": [5.375, 14, 5.5, 15], "texture": "#2"},
				"south": {"uv": [7.25, 3.25, 8.5, 4.25], "texture": "#2"},
				"west": {"uv": [6.125, 14, 6.25, 15], "texture": "#2"},
				"up": {"uv": [14.5, 13, 13.25, 12.875], "texture": "#2"},
				"down": {"uv": [14.625, 12.25, 13.375, 12.375], "texture": "#2"}
			}
		},
		{
			"from": [-2.15477, 17.02254, 2.65],
			"to": [8.64523, 18.52254, 4.45],
			"rotation": {"angle": -45, "axis": "z", "origin": [3.54523, 21.52254, 3.55]},
			"faces": {
				"north": {"uv": [11.125, 10, 12.5, 10.25], "texture": "#2"},
				"east": {"uv": [14.375, 3.875, 14.625, 4.125], "texture": "#2"},
				"south": {"uv": [11.25, 7.25, 12.625, 7.5], "texture": "#2"},
				"west": {"uv": [14.375, 9.25, 14.625, 9.5], "texture": "#2"},
				"up": {"uv": [12.5, 11.5, 11.125, 11.25], "texture": "#2"},
				"down": {"uv": [12.75, 0, 11.375, 0.25], "texture": "#2"}
			}
		},
		{
			"from": [-2.61414, 22.81353, 2.65],
			"to": [-1.11414, 28.51353, 4.45],
			"rotation": {"angle": -45, "axis": "z", "origin": [-1.86414, 23.11353, 3.55]},
			"faces": {
				"north": {"uv": [2.75, 13.25, 3, 14], "texture": "#2"},
				"east": {"uv": [13.25, 2.875, 13.5, 3.625], "texture": "#2"},
				"south": {"uv": [3, 13.25, 3.25, 14], "texture": "#2"},
				"west": {"uv": [3.25, 13.25, 3.5, 14], "texture": "#2"},
				"up": {"uv": [14.75, 4.875, 14.5, 4.625], "texture": "#2"},
				"down": {"uv": [14.75, 4.875, 14.5, 5.125], "texture": "#2"}
			}
		},
		{
			"from": [-2.15477, 24.22254, 2.65],
			"to": [7.14523, 25.72254, 4.45],
			"rotation": {"angle": -45, "axis": "z", "origin": [3.54523, 21.52254, 3.55]},
			"faces": {
				"north": {"uv": [11.75, 8.5, 12.875, 8.75], "texture": "#2"},
				"east": {"uv": [14.375, 13.625, 14.625, 13.875], "texture": "#2"},
				"south": {"uv": [0, 12, 1.125, 12.25], "texture": "#2"},
				"west": {"uv": [14.5, 0, 14.75, 0.25], "texture": "#2"},
				"up": {"uv": [3.875, 12.25, 2.75, 12], "texture": "#2"},
				"down": {"uv": [5.375, 12, 4.25, 12.25], "texture": "#2"}
			}
		},
		{
			"from": [-0.09117, -2.90797, 4.15],
			"to": [10.10883, 7.29203, 5.35],
			"rotation": {"angle": 45, "axis": "z", "origin": [2.90883, 7.29203, 4.75]},
			"faces": {
				"north": {"uv": [5.5, 5.125, 6.75, 6.375], "texture": "#2"},
				"east": {"uv": [13.5, 2.125, 13.625, 3.375], "texture": "#2"},
				"south": {"uv": [1.75, 5.625, 3, 6.875], "texture": "#2"},
				"west": {"uv": [2.375, 13.5, 2.5, 14.75], "texture": "#2"},
				"up": {"uv": [14.5, 9.75, 13.25, 9.625], "texture": "#2"},
				"down": {"uv": [14.5, 12.75, 13.25, 12.875], "texture": "#2"}
			}
		},
		{
			"from": [0.36325, 4.74645, 3.55],
			"to": [2.16325, 26.94645, 5.95],
			"rotation": {"angle": 0, "axis": "y", "origin": [1.26325, 10.14645, 4.75]},
			"faces": {
				"north": {"uv": [3.375, 9.125, 3.625, 11.875], "texture": "#2"},
				"east": {"uv": [3.625, 9.125, 3.875, 11.875], "texture": "#2"},
				"south": {"uv": [0, 9.25, 0.25, 12], "texture": "#2"},
				"west": {"uv": [0.25, 9.25, 0.5, 12], "texture": "#2"},
				"up": {"uv": [14.75, 5.375, 14.5, 5.125], "texture": "#2"},
				"down": {"uv": [14.75, 6.375, 14.5, 6.625], "texture": "#2"}
			}
		},
		{
			"from": [7.35237, 17.62014, 2.9476],
			"to": [17.55717, 25.42494, 4.1524],
			"rotation": {"angle": 45, "axis": "z", "origin": [12.45477, 21.52254, 3.55]},
			"faces": {
				"north": {"uv": [6.75, 7.375, 8, 8.375], "texture": "#2"},
				"east": {"uv": [6.25, 14, 6.375, 15], "texture": "#2"},
				"south": {"uv": [5, 7.5, 6.25, 8.5], "texture": "#2"},
				"west": {"uv": [6.375, 14, 6.5, 15], "texture": "#2"},
				"up": {"uv": [14.625, 12.5, 13.375, 12.375], "texture": "#2"},
				"down": {"uv": [14.625, 12.5, 13.375, 12.625], "texture": "#2"}
			}
		},
		{
			"from": [7.35477, 17.02254, 2.65],
			"to": [18.15477, 18.52254, 4.45],
			"rotation": {"angle": 45, "axis": "z", "origin": [12.45477, 21.52254, 3.55]},
			"faces": {
				"north": {"uv": [11.375, 1.625, 12.75, 1.875], "texture": "#2"},
				"east": {"uv": [14.625, 0.5, 14.875, 0.75], "texture": "#2"},
				"south": {"uv": [11.375, 1.875, 12.75, 2.125], "texture": "#2"},
				"west": {"uv": [14.625, 0.75, 14.875, 1], "texture": "#2"},
				"up": {"uv": [12.75, 2.375, 11.375, 2.125], "texture": "#2"},
				"down": {"uv": [12.75, 2.375, 11.375, 2.625], "texture": "#2"}
			}
		},
		{
			"from": [17.11414, 22.81353, 2.65],
			"to": [18.61414, 28.51353, 4.45],
			"rotation": {"angle": 45, "axis": "z", "origin": [17.86414, 23.11353, 3.55]},
			"faces": {
				"north": {"uv": [5.875, 13.25, 6.125, 14], "texture": "#2"},
				"east": {"uv": [6.125, 13.25, 6.375, 14], "texture": "#2"},
				"south": {"uv": [6.625, 13.25, 6.875, 14], "texture": "#2"},
				"west": {"uv": [6.875, 13.25, 7.125, 14], "texture": "#2"},
				"up": {"uv": [14.75, 14.75, 14.5, 14.5], "texture": "#2"},
				"down": {"uv": [14.875, 0.25, 14.625, 0.5], "texture": "#2"}
			}
		},
		{
			"from": [8.85477, 24.22254, 2.65],
			"to": [18.15477, 25.72254, 4.45],
			"rotation": {"angle": 45, "axis": "z", "origin": [12.45477, 21.52254, 3.55]},
			"faces": {
				"north": {"uv": [12, 4.375, 13.125, 4.625], "texture": "#2"},
				"east": {"uv": [14.5, 14, 14.75, 14.25], "texture": "#2"},
				"south": {"uv": [12, 4.625, 13.125, 4.875], "texture": "#2"},
				"west": {"uv": [14.5, 14.25, 14.75, 14.5], "texture": "#2"},
				"up": {"uv": [13.125, 5.125, 12, 4.875], "texture": "#2"},
				"down": {"uv": [13.125, 5.125, 12, 5.375], "texture": "#2"}
			}
		},
		{
			"from": [2.13675, 25.14645, 3.55],
			"to": [13.83675, 26.94645, 5.95],
			"rotation": {"angle": 0, "axis": "y", "origin": [2.73675, 26.04645, 4.75]},
			"faces": {
				"north": {"uv": [2, 4.25, 3.5, 4.5], "texture": "#2"},
				"east": {"uv": [14.5, 13.125, 14.75, 13.375], "texture": "#2"},
				"south": {"uv": [10.625, 7, 12.125, 7.25], "texture": "#2"},
				"west": {"uv": [14.5, 13.375, 14.75, 13.625], "texture": "#2"},
				"up": {"uv": [12.5, 2.875, 11, 2.625], "texture": "#2"},
				"down": {"uv": [12.625, 9.75, 11.125, 10], "texture": "#2"}
			}
		},
		{
			"from": [13.83675, 4.74645, 3.55],
			"to": [15.63675, 26.94645, 5.95],
			"rotation": {"angle": 0, "axis": "y", "origin": [14.73675, 10.14645, 4.75]},
			"faces": {
				"north": {"uv": [0.5, 9.25, 0.75, 12], "texture": "#2"},
				"east": {"uv": [0.75, 9.25, 1, 12], "texture": "#2"},
				"south": {"uv": [1, 9.25, 1.25, 12], "texture": "#2"},
				"west": {"uv": [1.25, 9.25, 1.5, 12], "texture": "#2"},
				"up": {"uv": [14.75, 12.875, 14.5, 12.625], "texture": "#2"},
				"down": {"uv": [14.75, 12.875, 14.5, 13.125], "texture": "#2"}
			}
		},
		{
			"from": [14.88397, -3.51517, 3.5428],
			"to": [16.69837, 7.29923, 5.9572],
			"rotation": {"angle": -45, "axis": "z", "origin": [13.09117, 7.29203, 4.75]},
			"faces": {
				"north": {"uv": [11.375, 0.25, 11.625, 1.625], "texture": "#2"},
				"east": {"uv": [7.875, 11.5, 8.125, 12.875], "texture": "#2"},
				"south": {"uv": [8.125, 11.5, 8.375, 12.875], "texture": "#2"},
				"west": {"uv": [8.375, 11.5, 8.625, 12.875], "texture": "#2"},
				"up": {"uv": [12.125, 14.75, 11.875, 14.5], "texture": "#2"},
				"down": {"uv": [12.375, 14.5, 12.125, 14.75], "texture": "#2"}
			}
		},
		{
			"name": "dhead",
			"from": [4.00512, 12.17545, 0.04507],
			"to": [11.99488, 19.25321, 5.03483],
			"rotation": {"angle": 0, "axis": "y", "origin": [8, 17.38477, 2.17332]},
			"faces": {
				"north": {"uv": [5.5, 6.375, 6.75, 7.5], "texture": "#2"},
				"east": {"uv": [6.75, 5.125, 8, 6.25], "texture": "#2"},
				"south": {"uv": [6.75, 6.25, 8, 7.375], "texture": "#2"},
				"west": {"uv": [1, 6.875, 2.25, 8], "texture": "#2"},
				"up": {"uv": [4.25, 6.875, 3, 5.625], "texture": "#2"},
				"down": {"uv": [5.5, 5.625, 4.25, 6.875], "texture": "#2"}
			}
		},
		{
			"name": "dhead",
			"from": [5.00864, 13.63687, -4.5951],
			"to": [10.99136, 16.12967, 3.13186],
			"rotation": {"angle": 0, "axis": "y", "origin": [8, 15.38477, 0.42332]},
			"faces": {
				"north": {"uv": [8.875, 7.875, 9.75, 8.25], "texture": "#2"},
				"east": {"uv": [10.25, 3.625, 11.5, 4], "texture": "#2"},
				"south": {"uv": [11.375, 5.5, 12.25, 5.875], "texture": "#2"},
				"west": {"uv": [10.625, 4, 11.875, 4.375], "texture": "#2"},
				"up": {"uv": [1.875, 9.25, 1, 8], "texture": "#2"},
				"down": {"uv": [8.875, 5.75, 8, 7], "texture": "#2"}
			}
		},
		{
			"name": "dhead",
			"from": [5.20864, 12.20499, -3.82067],
			"to": [10.79136, 13.59123, 4.15629],
			"rotation": {"angle": 0, "axis": "y", "origin": [8, 12.89811, 0.16781]},
			"faces": {
				"north": {"uv": [13.125, 10, 14, 10.25], "texture": "#2"},
				"east": {"uv": [11.625, 1.375, 12.875, 1.625], "texture": "#2"},
				"south": {"uv": [13.125, 13, 14, 13.25], "texture": "#2"},
				"west": {"uv": [4.25, 11.75, 5.5, 12], "texture": "#2"},
				"up": {"uv": [8.875, 8.25, 8, 7], "texture": "#2"},
				"down": {"uv": [9, 0, 8.125, 1.25], "texture": "#2"}
			}
		},
		{
			"name": "dhead",
			"from": [9.29568, 16.12967, -4.5951],
			"to": [10.1328, 17.12679, -2.60086],
			"rotation": {"angle": 0, "axis": "y", "origin": [8, 15.38477, 0.42332]},
			"faces": {
				"north": {"uv": [15.125, 13.875, 15.25, 14], "texture": "#2"},
				"east": {"uv": [15.125, 4, 15.375, 4.125], "texture": "#2"},
				"south": {"uv": [15.125, 14, 15.25, 14.125], "texture": "#2"},
				"west": {"uv": [8.625, 15.125, 8.875, 15.25], "texture": "#2"},
				"up": {"uv": [15.25, 8.875, 15.125, 8.625], "texture": "#2"},
				"down": {"uv": [9, 15.125, 8.875, 15.375], "texture": "#2"}
			}
		},
		{
			"name": "dhead",
			"from": [5.8672, 16.12967, -4.5951],
			"to": [6.70432, 17.12679, -2.60086],
			"rotation": {"angle": 0, "axis": "y", "origin": [8, 15.38477, 0.42332]},
			"faces": {
				"north": {"uv": [15.125, 14.125, 15.25, 14.25], "texture": "#2"},
				"east": {"uv": [9, 15.125, 9.25, 15.25], "texture": "#2"},
				"south": {"uv": [15.125, 14.25, 15.25, 14.375], "texture": "#2"},
				"west": {"uv": [9.5, 15.125, 9.75, 15.25], "texture": "#2"},
				"up": {"uv": [15.25, 9.875, 15.125, 9.625], "texture": "#2"},
				"down": {"uv": [9.875, 15.125, 9.75, 15.375], "texture": "#2"}
			}
		},
		{
			"name": "dhead",
			"from": [5.5072, 18.58327, 0.15291],
			"to": [6.50432, 20.57751, 2.53627],
			"rotation": {"angle": 22.5, "axis": "x", "origin": [8, 17.38477, 2.17332]},
			"faces": {
				"north": {"uv": [9.875, 15.125, 10, 15.375], "texture": "#2"},
				"east": {"uv": [13.375, 14.125, 13.75, 14.375], "texture": "#2"},
				"south": {"uv": [15.125, 9.875, 15.25, 10.125], "texture": "#2"},
				"west": {"uv": [14.125, 14, 14.5, 14.25], "texture": "#2"},
				"up": {"uv": [15.25, 6.875, 15.125, 6.5], "texture": "#2"},
				"down": {"uv": [6.75, 15.125, 6.625, 15.5], "texture": "#2"}
			}
		},
		{
			"name": "dhead",
			"from": [9.49568, 18.58327, 0.15291],
			"to": [10.4928, 20.57751, 2.53627],
			"rotation": {"angle": 22.5, "axis": "x", "origin": [8, 17.38477, 2.17332]},
			"faces": {
				"north": {"uv": [15.125, 11.25, 15.25, 11.5], "texture": "#2"},
				"east": {"uv": [14.25, 8.75, 14.625, 9], "texture": "#2"},
				"south": {"uv": [15.125, 11.5, 15.25, 11.75], "texture": "#2"},
				"west": {"uv": [14.25, 9, 14.625, 9.25], "texture": "#2"},
				"up": {"uv": [8, 15.5, 7.875, 15.125], "texture": "#2"},
				"down": {"uv": [8.125, 15.125, 8, 15.5], "texture": "#2"}
			}
		}
	],
	"gui_light": "front",
	"display": {
		"thirdperson_righthand": {
			"translation": [0, -6.5, 0.5],
			"scale": [0.7, 0.7, 0.7]
		},
		"thirdperson_lefthand": {
			"translation": [0, -6.5, 0.5],
			"scale": [0.7, 0.7, 0.7]
		},
		"firstperson_righthand": {
			"rotation": [1, 0, 29.5],
			"translation": [-1.75, -2.75, 4.25],
			"scale": [0.61, 0.61, 0.61]
		},
		"firstperson_lefthand": {
			"rotation": [1, 0, 29.5],
			"translation": [-1.75, -2.75, 4.25],
			"scale": [0.61, 0.61, 0.61]
		},
		"ground": {
			"rotation": [0, 0, 45],
			"scale": [0.3, 0.3, 0.3]
		},
		"gui": {
			"rotation": [-180, 0, -135],
			"translation": [-2.25, -2.75, 0],
			"scale": [0.53, 0.53, 0.53]
		},
		"head": {
			"translation": [0, 11.25, -3.75],
			"scale": [0, 0, 0]
		},
		"fixed": {
			"translation": [0, -3.25, -2.25],
			"scale": [0.82, 0.82, 0.82]
		}
	},
	"groups": [
		{
			"name": "chinese_dragon_shield",
			"origin": [14.73675, 10.14645, 4.75],
			"color": 0,
			"nbt": "{}",
			"children": [
				0,
				1,
				2,
				3,
				4,
				5,
				6,
				7,
				8,
				9,
				10,
				11,
				12,
				13,
				14,
				15,
				16,
				17,
				18,
				19,
				20,
				21,
				22,
				{
					"name": "chinese_dragon_helmet",
					"origin": [4.53189, 4.5192, 5.62143],
					"color": 0,
					"nbt": "{}",
					"children": [23, 24, 25, 26, 27, 28, 29]
				}
			]
		}
	]
}