{
	"credit": "Made with Blockbench",
	"texture_size": [32, 32],
	"textures": {
		"0": "item/goblin_weapon_set/goblin_eye",
		"1": "item/goblin_weapon_set/goblintex1",
		"2": "item/goblin_weapon_set/goblintex2",
		"particle": "item/goblin_weapon_set/goblin_eye"
	},
	"elements": [
		{
			"from": [7, 18, 2.5],
			"to": [9, 20, 4.5],
			"rotation": {"angle": 0, "axis": "y", "origin": [0, 0, 16]},
			"faces": {
				"north": {"uv": [4.25, 15, 3.75, 15.5], "rotation": 90, "texture": "#2"},
				"east": {"uv": [4.25, 15, 3.75, 15.5], "rotation": 90, "texture": "#2"},
				"south": {"uv": [4.25, 15, 3.75, 15.5], "rotation": 90, "texture": "#2"},
				"west": {"uv": [3.75, 15, 4.25, 15.5], "rotation": 270, "texture": "#2"},
				"up": {"uv": [4.75, 15.5, 4.25, 16], "texture": "#2"},
				"down": {"uv": [4.75, 15.5, 4.25, 16], "rotation": 180, "texture": "#2"}
			}
		},
		{
			"from": [7, 18, 7],
			"to": [9, 20, 9],
			"rotation": {"angle": 0, "axis": "y", "origin": [0, 0, 16]},
			"faces": {
				"north": {"uv": [4.25, 15, 3.75, 15.5], "rotation": 90, "texture": "#2"},
				"east": {"uv": [4.25, 15, 3.75, 15.5], "rotation": 90, "texture": "#2"},
				"south": {"uv": [4.25, 15, 3.75, 15.5], "rotation": 90, "texture": "#2"},
				"west": {"uv": [3.75, 15, 4.25, 15.5], "rotation": 270, "texture": "#2"},
				"up": {"uv": [4.75, 15.5, 4.25, 16], "texture": "#2"},
				"down": {"uv": [4.75, 15.5, 4.25, 16], "rotation": 180, "texture": "#2"}
			}
		},
		{
			"from": [7, 18, 11.5],
			"to": [9, 20, 13.5],
			"rotation": {"angle": 0, "axis": "y", "origin": [0, 0, 16]},
			"faces": {
				"north": {"uv": [4.25, 15, 3.75, 15.5], "rotation": 90, "texture": "#2"},
				"east": {"uv": [4.25, 15, 3.75, 15.5], "rotation": 90, "texture": "#2"},
				"south": {"uv": [4.25, 15, 3.75, 15.5], "rotation": 90, "texture": "#2"},
				"west": {"uv": [3.75, 15, 4.25, 15.5], "rotation": 270, "texture": "#2"},
				"up": {"uv": [4.75, 15.5, 4.25, 16], "texture": "#2"},
				"down": {"uv": [4.75, 15.5, 4.25, 16], "rotation": 180, "texture": "#2"}
			}
		},
		{
			"from": [7, 14, 16.5],
			"to": [9, 16, 18.5],
			"rotation": {"angle": 0, "axis": "y", "origin": [8, 19, 19.5]},
			"faces": {
				"north": {"uv": [4.75, 15.5, 4.25, 16], "texture": "#2"},
				"east": {"uv": [4.25, 15, 3.75, 15.5], "texture": "#2"},
				"south": {"uv": [4.75, 15.5, 4.25, 16], "texture": "#2"},
				"west": {"uv": [3.75, 15, 4.25, 15.5], "texture": "#2"},
				"up": {"uv": [4.25, 15, 3.75, 15.5], "rotation": 270, "texture": "#2"},
				"down": {"uv": [4.25, 15, 3.75, 15.5], "rotation": 90, "texture": "#2"}
			}
		},
		{
			"from": [7, 10, 16.5],
			"to": [9, 12, 18.5],
			"rotation": {"angle": 0, "axis": "y", "origin": [8, 19, 19.5]},
			"faces": {
				"north": {"uv": [4.75, 15.5, 4.25, 16], "texture": "#2"},
				"east": {"uv": [4.25, 15, 3.75, 15.5], "texture": "#2"},
				"south": {"uv": [4.75, 15.5, 4.25, 16], "texture": "#2"},
				"west": {"uv": [3.75, 15, 4.25, 15.5], "texture": "#2"},
				"up": {"uv": [4.25, 15, 3.75, 15.5], "rotation": 270, "texture": "#2"},
				"down": {"uv": [4.25, 15, 3.75, 15.5], "rotation": 90, "texture": "#2"}
			}
		},
		{
			"from": [-1, 11, 11],
			"to": [-1, 23, 22],
			"rotation": {"angle": -22.5, "axis": "y", "origin": [0, -14, 16]},
			"faces": {
				"north": {"uv": [2.75, 8.75, 2.75, 11.75], "texture": "#2"},
				"east": {"uv": [0, 8.375, 2.75, 11.375], "texture": "#2"},
				"south": {"uv": [2.75, 8.75, 2.75, 11.75], "texture": "#2"},
				"west": {"uv": [2.75, 8.375, 0, 11.375], "texture": "#2"},
				"up": {"uv": [3.25, 11.5, 3.25, 8.75], "texture": "#2"},
				"down": {"uv": [3.25, 11.5, 3.25, 8.75], "texture": "#2"}
			}
		},
		{
			"from": [17, 11, 11],
			"to": [17, 23, 22],
			"rotation": {"angle": 22.5, "axis": "y", "origin": [16, -14, 16]},
			"faces": {
				"north": {"uv": [2.75, 8.75, 2.75, 11.75], "texture": "#2"},
				"east": {"uv": [0, 8.375, 2.75, 11.375], "texture": "#2"},
				"south": {"uv": [2.75, 8.75, 2.75, 11.75], "texture": "#2"},
				"west": {"uv": [2.75, 8.375, 0, 11.375], "texture": "#2"},
				"up": {"uv": [3.25, 11.5, 3.25, 8.75], "texture": "#2"},
				"down": {"uv": [3.25, 11.5, 3.25, 8.75], "texture": "#2"}
			}
		},
		{
			"from": [4, 4, -0.5],
			"to": [12, 11, -0.5],
			"rotation": {"angle": 0, "axis": "y", "origin": [0, 0, 16]},
			"faces": {
				"north": {"uv": [14.5, 3, 12.5, 4.75], "texture": "#1"},
				"east": {"uv": [4.5, 9, 4.5, 10.75], "texture": "#1"},
				"south": {"uv": [14.5, 3, 12.5, 4.75], "texture": "#1"},
				"west": {"uv": [4.5, 9, 4.5, 10.75], "texture": "#1"},
				"up": {"uv": [12.5, 3, 14.5, 3], "texture": "#1"},
				"down": {"uv": [12.5, 3, 14.5, 3], "texture": "#1"}
			}
		},
		{
			"from": [6, 12, -2],
			"to": [10, 15, 1],
			"rotation": {"angle": 0, "axis": "y", "origin": [8, 13.75, -0.6]},
			"faces": {
				"north": {"uv": [0, 10.5, 0.75, 9.5], "rotation": 90, "texture": "#1"},
				"east": {"uv": [3.875, 11.375, 3.125, 12.125], "rotation": 90, "texture": "#1"},
				"south": {"uv": [0, 10.5, 0.75, 9.5], "rotation": 90, "texture": "#1"},
				"west": {"uv": [3.875, 12.125, 3.125, 11.375], "rotation": 90, "texture": "#1"},
				"up": {"uv": [3, 10.625, 2.25, 9.625], "rotation": 90, "texture": "#1"},
				"down": {"uv": [3, 10.625, 2.25, 9.625], "rotation": 90, "texture": "#1"}
			}
		},
		{
			"from": [7, 15, -2.1],
			"to": [9, 15.5, 0.9],
			"rotation": {"angle": 0, "axis": "y", "origin": [8, 15.5, -0.6]},
			"faces": {
				"north": {"uv": [0.625, 11, 0.75, 10.5], "rotation": 90, "texture": "#1"},
				"east": {"uv": [0, 9.5, 0.75, 9.375], "rotation": 180, "texture": "#1"},
				"south": {"uv": [0.625, 11, 0.75, 10.5], "rotation": 90, "texture": "#1"},
				"west": {"uv": [0, 9.5, 0.75, 9.375], "rotation": 180, "texture": "#1"},
				"up": {"uv": [4.625, 11.875, 3.875, 11.375], "rotation": 90, "texture": "#1"},
				"down": {"uv": [4.625, 11.875, 3.875, 11.375], "rotation": 90, "texture": "#1"}
			}
		},
		{
			"from": [7, 11.5, -2],
			"to": [7.5, 12, -1.5],
			"rotation": {"angle": 0, "axis": "y", "origin": [7, 12, -2]},
			"faces": {
				"north": {"uv": [5, 13.75, 5.125, 13.625], "texture": "#1"},
				"east": {"uv": [5, 13.625, 5.125, 13.75], "rotation": 180, "texture": "#1"},
				"south": {"uv": [5, 13.75, 5.125, 13.625], "texture": "#1"},
				"west": {"uv": [5, 13.625, 5.125, 13.75], "rotation": 180, "texture": "#1"},
				"up": {"uv": [5, 13.625, 5.125, 13.75], "rotation": 180, "texture": "#1"},
				"down": {"uv": [5, 13.625, 5.125, 13.75], "rotation": 180, "texture": "#1"}
			}
		},
		{
			"from": [8.5, 11.5, -2],
			"to": [9, 12, -1.5],
			"rotation": {"angle": 0, "axis": "y", "origin": [9, 12, -2]},
			"faces": {
				"north": {"uv": [4.875, 13.625, 5, 13.5], "texture": "#1"},
				"east": {"uv": [4.875, 13.5, 5, 13.625], "rotation": 180, "texture": "#1"},
				"south": {"uv": [4.875, 13.625, 5, 13.5], "texture": "#1"},
				"west": {"uv": [4.875, 13.5, 5, 13.625], "rotation": 180, "texture": "#1"},
				"up": {"uv": [4.875, 13.5, 5, 13.625], "rotation": 180, "texture": "#1"},
				"down": {"uv": [4.875, 13.5, 5, 13.625], "rotation": 180, "texture": "#1"}
			}
		},
		{
			"from": [2, 10.5, -2.1],
			"to": [14, 18.5, -2.1],
			"rotation": {"angle": 0, "axis": "y", "origin": [0, -3, -12]},
			"faces": {
				"north": {"uv": [2, 3, 14, 11], "texture": "#0"},
				"east": {"uv": [2, 3, 14, 11], "texture": "#0"},
				"south": {"uv": [2, 3, 14, 11], "texture": "#0"},
				"west": {"uv": [2, 3, 14, 11], "texture": "#0"},
				"up": {"uv": [0, 0, 0.14063, 0], "rotation": 180, "texture": "#0"},
				"down": {"uv": [0, 0, 0.14063, 0], "rotation": 180, "texture": "#0"}
			}
		},
		{
			"from": [6, 10.1, -1.1],
			"to": [7, 12.1, -0.1],
			"rotation": {"angle": 45, "axis": "z", "origin": [6, 11, -0.6]},
			"faces": {
				"north": {"uv": [2, 12, 2.5, 11.75], "rotation": 90, "texture": "#1"},
				"east": {"uv": [2.5, 11.25, 2, 11.5], "rotation": 270, "texture": "#1"},
				"south": {"uv": [2.5, 11.75, 3, 11.5], "rotation": 90, "texture": "#1"},
				"west": {"uv": [2.5, 11.5, 2, 11.75], "rotation": 270, "texture": "#1"},
				"up": {"uv": [2.25, 9.625, 2.5, 9.375], "rotation": 180, "texture": "#1"},
				"down": {"uv": [2, 9.875, 2.25, 9.625], "rotation": 180, "texture": "#1"}
			}
		},
		{
			"from": [7, 10.75, -2],
			"to": [7.5, 11.25, -1.5],
			"rotation": {"angle": 0, "axis": "y", "origin": [7, 11, -2]},
			"faces": {
				"north": {"uv": [5, 13.625, 5.125, 13.5], "texture": "#1"},
				"east": {"uv": [5, 13.5, 5.125, 13.625], "rotation": 180, "texture": "#1"},
				"south": {"uv": [5, 13.625, 5.125, 13.5], "texture": "#1"},
				"west": {"uv": [5, 13.5, 5.125, 13.625], "rotation": 180, "texture": "#1"},
				"up": {"uv": [5, 13.5, 5.125, 13.625], "rotation": 180, "texture": "#1"},
				"down": {"uv": [5, 13.5, 5.125, 13.625], "rotation": 180, "texture": "#1"}
			}
		},
		{
			"from": [7, 10.25, -2.1],
			"to": [9, 10.75, 0.9],
			"rotation": {"angle": 0, "axis": "y", "origin": [8, 10.5, -0.6]},
			"faces": {
				"north": {"uv": [1.125, 11, 0.625, 11.125], "texture": "#1"},
				"east": {"uv": [3.125, 12.125, 3, 11.375], "rotation": 90, "texture": "#1"},
				"south": {"uv": [1.125, 11, 0.625, 11.125], "texture": "#1"},
				"west": {"uv": [3.125, 12.125, 3, 11.375], "rotation": 90, "texture": "#1"},
				"up": {"uv": [2, 11.25, 2.75, 10.75], "rotation": 90, "texture": "#1"},
				"down": {"uv": [2, 10.875, 1.5, 11.625], "rotation": 180, "texture": "#1"}
			}
		},
		{
			"from": [9, 10.1, -1.1],
			"to": [10, 12.1, -0.1],
			"rotation": {"angle": -45, "axis": "z", "origin": [10, 11, -0.6]},
			"faces": {
				"north": {"uv": [2, 11.75, 2.5, 12], "rotation": 90, "texture": "#1"},
				"east": {"uv": [2.5, 11.75, 2, 11.5], "rotation": 270, "texture": "#1"},
				"south": {"uv": [2.5, 11.5, 3, 11.75], "rotation": 90, "texture": "#1"},
				"west": {"uv": [2.5, 11.5, 2, 11.25], "rotation": 270, "texture": "#1"},
				"up": {"uv": [2.5, 9.625, 2.25, 9.375], "rotation": 180, "texture": "#1"},
				"down": {"uv": [2.25, 9.875, 2, 9.625], "rotation": 180, "texture": "#1"}
			}
		},
		{
			"from": [8.5, 10.75, -2.1],
			"to": [9, 11.25, -1.6],
			"rotation": {"angle": 0, "axis": "y", "origin": [8.36036, 12.125, -1.225]},
			"faces": {
				"north": {"uv": [5, 13.75, 5.125, 13.625], "texture": "#1"},
				"east": {"uv": [5, 13.625, 5.125, 13.75], "rotation": 180, "texture": "#1"},
				"south": {"uv": [5, 13.75, 5.125, 13.625], "texture": "#1"},
				"west": {"uv": [5, 13.625, 5.125, 13.75], "rotation": 180, "texture": "#1"},
				"up": {"uv": [5, 13.625, 5.125, 13.75], "rotation": 180, "texture": "#1"},
				"down": {"uv": [5, 13.625, 5.125, 13.75], "rotation": 180, "texture": "#1"}
			}
		},
		{
			"from": [-1.32923, 15.17077, -1],
			"to": [2.67077, 17.17077, 0],
			"rotation": {"angle": 0, "axis": "y", "origin": [1.84713, 16.32364, -0.75]},
			"faces": {
				"north": {"uv": [0, 4.125, 0.5, 3.125], "rotation": 270, "texture": "#1"},
				"east": {"uv": [0.5, 4.375, 0, 4.125], "rotation": 270, "texture": "#1"},
				"south": {"uv": [0.5, 4.125, 0, 3.125], "rotation": 90, "texture": "#1"},
				"west": {"uv": [0.5, 4.375, 0, 4.125], "rotation": 270, "texture": "#1"},
				"up": {"uv": [0.75, 4.125, 0.5, 3.125], "rotation": 90, "texture": "#1"},
				"down": {"uv": [0.75, 4.125, 0.5, 3.125], "rotation": 90, "texture": "#1"}
			}
		},
		{
			"from": [2.04957, 14.96721, -1.3],
			"to": [4.04957, 16.96721, 0.2],
			"rotation": {"angle": 22.5, "axis": "z", "origin": [1.84713, 16.32364, -0.75]},
			"faces": {
				"north": {"uv": [0, 2.625, 0.5, 2.125], "rotation": 270, "texture": "#1"},
				"east": {"uv": [0.5, 3.125, 0, 2.625], "rotation": 270, "texture": "#1"},
				"south": {"uv": [0.5, 2.625, 0, 2.125], "rotation": 90, "texture": "#1"},
				"west": {"uv": [0.5, 3.125, 0, 2.625], "rotation": 270, "texture": "#1"},
				"up": {"uv": [1.125, 2.5, 0.625, 2], "rotation": 90, "texture": "#1"},
				"down": {"uv": [1.625, 2, 1.125, 1.5], "rotation": 90, "texture": "#1"}
			}
		},
		{
			"from": [3.57077, 15.77077, -1.5],
			"to": [5.57077, 17.77077, 0.4],
			"rotation": {"angle": 0, "axis": "y", "origin": [1.84713, 16.32364, -0.75]},
			"faces": {
				"north": {"uv": [1.125, 0.5, 1.625, 0], "rotation": 270, "texture": "#1"},
				"east": {"uv": [1.75, 1, 1.25, 0.5], "rotation": 270, "texture": "#1"},
				"south": {"uv": [1.625, 0.5, 1.125, 0], "rotation": 90, "texture": "#1"},
				"west": {"uv": [1.75, 1, 1.25, 0.5], "rotation": 270, "texture": "#1"},
				"up": {"uv": [2.125, 0.5, 1.625, 0], "rotation": 90, "texture": "#1"},
				"down": {"uv": [1.625, 2.5, 1.125, 2], "rotation": 90, "texture": "#1"}
			}
		},
		{
			"from": [3.52144, 12.73314, -1.6],
			"to": [5.52144, 14.73314, 0.5],
			"rotation": {"angle": 45, "axis": "z", "origin": [1.84713, 16.32364, -0.75]},
			"faces": {
				"north": {"uv": [1.25, 0.5, 0.75, 1], "rotation": 180, "texture": "#1"},
				"east": {"uv": [1.125, 3, 0.625, 2.5], "rotation": 180, "texture": "#1"},
				"south": {"uv": [1.25, 1, 0.75, 0.5], "texture": "#1"},
				"west": {"uv": [2.125, 1, 1.625, 0.5], "rotation": 180, "texture": "#1"},
				"up": {"uv": [1.75, 1.5, 1.25, 1], "texture": "#1"},
				"down": {"uv": [1.25, 1, 0.75, 0.5], "texture": "#1"}
			}
		},
		{
			"from": [4.64957, 12.46721, -1.7],
			"to": [6.64957, 14.46721, 0.6],
			"rotation": {"angle": 22.5, "axis": "z", "origin": [1.84713, 16.32364, -0.75]},
			"faces": {
				"north": {"uv": [0.625, 1.5, 1.125, 1], "rotation": 180, "texture": "#1"},
				"east": {"uv": [0.625, 1.5, 0, 1], "rotation": 180, "texture": "#1"},
				"south": {"uv": [1.125, 1.5, 0.625, 1], "rotation": 180, "texture": "#1"},
				"west": {"uv": [0.625, 1.5, 0, 1], "rotation": 180, "texture": "#1"},
				"up": {"uv": [0.625, 2, 0, 1.5], "rotation": 270, "texture": "#1"},
				"down": {"uv": [0.625, 2, 0, 1.5], "rotation": 270, "texture": "#1"}
			}
		},
		{
			"from": [-1.65282, 14.08418, -0.9],
			"to": [-0.65282, 15.88418, -0.1],
			"rotation": {"angle": -22.5, "axis": "z", "origin": [1.84713, 16.32364, -0.75]},
			"faces": {
				"north": {"uv": [0, 4.875, 0.5, 4.625], "rotation": 270, "texture": "#1"},
				"east": {"uv": [0.5, 4.625, 0, 4.375], "rotation": 270, "texture": "#1"},
				"south": {"uv": [0.5, 4.875, 0, 4.625], "rotation": 90, "texture": "#1"},
				"west": {"uv": [0.5, 4.625, 0, 4.375], "rotation": 270, "texture": "#1"},
				"up": {"uv": [0.75, 4.625, 0.5, 4.375], "rotation": 90, "texture": "#1"},
				"down": {"uv": [0.75, 4.625, 0.5, 4.375], "rotation": 90, "texture": "#1"}
			}
		},
		{
			"from": [-1.6141, 18.66868, -0.8],
			"to": [-0.0141, 20.16868, -0.2],
			"rotation": {"angle": 45, "axis": "z", "origin": [1.84713, 16.32364, -0.75]},
			"faces": {
				"north": {"uv": [0.375, 4.875, 0, 5.25], "texture": "#1"},
				"east": {"uv": [0.5, 5.25, 0.375, 4.875], "rotation": 180, "texture": "#1"},
				"south": {"uv": [0.375, 5.25, 0, 4.875], "rotation": 180, "texture": "#1"},
				"west": {"uv": [0.5, 5.25, 0.375, 4.875], "rotation": 180, "texture": "#1"},
				"up": {"uv": [0.375, 5.375, 0, 5.25], "texture": "#1"},
				"down": {"uv": [0.375, 5.375, 0, 5.25], "texture": "#1"}
			}
		},
		{
			"from": [-2.86982, 18.48063, -0.7],
			"to": [-1.46982, 19.98063, -0.3],
			"rotation": {"angle": 22.5, "axis": "z", "origin": [1.84713, 16.32364, -0.75]},
			"faces": {
				"north": {"uv": [1, 1.875, 0.625, 1.5], "texture": "#1"},
				"east": {"uv": [1.125, 1.875, 1, 1.5], "rotation": 180, "texture": "#1"},
				"south": {"uv": [1, 1.875, 0.625, 1.5], "rotation": 180, "texture": "#1"},
				"west": {"uv": [1.125, 1.875, 1, 1.5], "rotation": 180, "texture": "#1"},
				"up": {"uv": [1, 2, 0.625, 1.875], "texture": "#1"},
				"down": {"uv": [1, 2, 0.625, 1.875], "texture": "#1"}
			}
		},
		{
			"from": [13.32923, 15.17077, -1],
			"to": [17.32923, 17.17077, 0],
			"rotation": {"angle": 0, "axis": "y", "origin": [14.15287, 16.32364, -0.75]},
			"faces": {
				"north": {"uv": [0, 3.125, 0.5, 4.125], "rotation": 270, "texture": "#1"},
				"east": {"uv": [0.5, 4.125, 0, 4.375], "rotation": 270, "texture": "#1"},
				"south": {"uv": [0.5, 3.125, 0, 4.125], "rotation": 90, "texture": "#1"},
				"west": {"uv": [0.5, 4.125, 0, 4.375], "rotation": 270, "texture": "#1"},
				"up": {"uv": [0.75, 3.125, 0.5, 4.125], "rotation": 90, "texture": "#1"},
				"down": {"uv": [0.75, 3.125, 0.5, 4.125], "rotation": 90, "texture": "#1"}
			}
		},
		{
			"from": [11.95043, 14.96721, -1.3],
			"to": [13.95043, 16.96721, 0.2],
			"rotation": {"angle": -22.5, "axis": "z", "origin": [14.15287, 16.32364, -0.75]},
			"faces": {
				"north": {"uv": [0, 2.125, 0.5, 2.625], "rotation": 270, "texture": "#1"},
				"east": {"uv": [0.5, 2.625, 0, 3.125], "rotation": 270, "texture": "#1"},
				"south": {"uv": [0.5, 2.125, 0, 2.625], "rotation": 90, "texture": "#1"},
				"west": {"uv": [0.5, 2.625, 0, 3.125], "rotation": 270, "texture": "#1"},
				"up": {"uv": [1.125, 2, 0.625, 2.5], "rotation": 90, "texture": "#1"},
				"down": {"uv": [1.625, 1.5, 1.125, 2], "rotation": 90, "texture": "#1"}
			}
		},
		{
			"from": [10.42923, 15.77077, -1.5],
			"to": [12.42923, 17.77077, 0.4],
			"rotation": {"angle": 0, "axis": "y", "origin": [14.15287, 16.32364, -0.75]},
			"faces": {
				"north": {"uv": [1.125, 0, 1.625, 0.5], "rotation": 270, "texture": "#1"},
				"east": {"uv": [1.75, 0.5, 1.25, 1], "rotation": 270, "texture": "#1"},
				"south": {"uv": [1.625, 0, 1.125, 0.5], "rotation": 90, "texture": "#1"},
				"west": {"uv": [1.75, 0.5, 1.25, 1], "rotation": 270, "texture": "#1"},
				"up": {"uv": [2.125, 0, 1.625, 0.5], "rotation": 90, "texture": "#1"},
				"down": {"uv": [1.625, 2, 1.125, 2.5], "rotation": 90, "texture": "#1"}
			}
		},
		{
			"from": [10.47856, 12.73314, -1.6],
			"to": [12.47856, 14.73314, 0.5],
			"rotation": {"angle": -45, "axis": "z", "origin": [14.15287, 16.32364, -0.75]},
			"faces": {
				"north": {"uv": [0.75, 0.5, 1.25, 1], "rotation": 180, "texture": "#1"},
				"east": {"uv": [1.625, 1, 2.125, 0.5], "rotation": 180, "texture": "#1"},
				"south": {"uv": [0.75, 1, 1.25, 0.5], "texture": "#1"},
				"west": {"uv": [0.625, 3, 1.125, 2.5], "rotation": 180, "texture": "#1"},
				"up": {"uv": [1.25, 1.5, 1.75, 1], "texture": "#1"},
				"down": {"uv": [0.75, 1, 1.25, 0.5], "texture": "#1"}
			}
		},
		{
			"from": [9.35043, 12.46721, -1.7],
			"to": [11.35043, 14.46721, 0.6],
			"rotation": {"angle": -22.5, "axis": "z", "origin": [14.15287, 16.32364, -0.75]},
			"faces": {
				"north": {"uv": [1.125, 1.5, 0.625, 1], "rotation": 180, "texture": "#1"},
				"east": {"uv": [0, 1.5, 0.625, 1], "rotation": 180, "texture": "#1"},
				"south": {"uv": [0.625, 1.5, 1.125, 1], "rotation": 180, "texture": "#1"},
				"west": {"uv": [0, 1.5, 0.625, 1], "rotation": 180, "texture": "#1"},
				"up": {"uv": [0.625, 1.5, 0, 2], "rotation": 270, "texture": "#1"},
				"down": {"uv": [0.625, 1.5, 0, 2], "rotation": 270, "texture": "#1"}
			}
		},
		{
			"from": [16.65282, 14.08418, -0.9],
			"to": [17.65282, 15.88418, -0.1],
			"rotation": {"angle": 22.5, "axis": "z", "origin": [14.15287, 16.32364, -0.75]},
			"faces": {
				"north": {"uv": [0, 4.625, 0.5, 4.875], "rotation": 270, "texture": "#1"},
				"east": {"uv": [0.5, 4.375, 0, 4.625], "rotation": 270, "texture": "#1"},
				"south": {"uv": [0.5, 4.625, 0, 4.875], "rotation": 90, "texture": "#1"},
				"west": {"uv": [0.5, 4.375, 0, 4.625], "rotation": 270, "texture": "#1"},
				"up": {"uv": [0.75, 4.375, 0.5, 4.625], "rotation": 90, "texture": "#1"},
				"down": {"uv": [0.75, 4.375, 0.5, 4.625], "rotation": 90, "texture": "#1"}
			}
		},
		{
			"from": [16.0141, 18.66868, -0.8],
			"to": [17.6141, 20.16868, -0.2],
			"rotation": {"angle": -45, "axis": "z", "origin": [14.15287, 16.32364, -0.75]},
			"faces": {
				"north": {"uv": [0, 4.875, 0.375, 5.25], "texture": "#1"},
				"east": {"uv": [0.375, 5.25, 0.5, 4.875], "rotation": 180, "texture": "#1"},
				"south": {"uv": [0, 5.25, 0.375, 4.875], "rotation": 180, "texture": "#1"},
				"west": {"uv": [0.375, 5.25, 0.5, 4.875], "rotation": 180, "texture": "#1"},
				"up": {"uv": [0, 5.375, 0.375, 5.25], "texture": "#1"},
				"down": {"uv": [0, 5.375, 0.375, 5.25], "texture": "#1"}
			}
		},
		{
			"from": [17.46982, 18.48063, -0.7],
			"to": [18.86982, 19.98063, -0.3],
			"rotation": {"angle": -22.5, "axis": "z", "origin": [14.15287, 16.32364, -0.75]},
			"faces": {
				"north": {"uv": [0.625, 1.875, 1, 1.5], "texture": "#1"},
				"east": {"uv": [1, 1.875, 1.125, 1.5], "rotation": 180, "texture": "#1"},
				"south": {"uv": [0.625, 1.875, 1, 1.5], "rotation": 180, "texture": "#1"},
				"west": {"uv": [1, 1.875, 1.125, 1.5], "rotation": 180, "texture": "#1"},
				"up": {"uv": [0.625, 2, 1, 1.875], "texture": "#1"},
				"down": {"uv": [0.625, 2, 1, 1.875], "texture": "#1"}
			}
		},
		{
			"from": [4.35013, 16.5967, -1],
			"to": [5.35013, 18.5967, 0],
			"rotation": {"angle": 0, "axis": "y", "origin": [1.84713, 16.32364, -0.75]},
			"faces": {
				"north": {"uv": [0.25, 5.375, 0.5, 5.875], "texture": "#1"},
				"east": {"uv": [1, 5.875, 1.25, 5.375], "texture": "#1"},
				"south": {"uv": [0.25, 5.875, 0.5, 5.375], "rotation": 180, "texture": "#1"},
				"west": {"uv": [0, 5.875, 0.25, 5.375], "texture": "#1"},
				"up": {"uv": [0.5, 5.375, 0.75, 5.625], "rotation": 270, "texture": "#1"},
				"down": {"uv": [0.5, 5.375, 0.75, 5.625], "rotation": 270, "texture": "#1"}
			}
		},
		{
			"from": [5.02611, 16.7774, -0.9],
			"to": [5.82611, 17.7774, -0.1],
			"rotation": {"angle": 22.5, "axis": "z", "origin": [1.84713, 16.32364, -0.75]},
			"faces": {
				"north": {"uv": [0.75, 5.625, 1, 5.375], "rotation": 180, "texture": "#1"},
				"east": {"uv": [1.5, 5.625, 1.25, 5.375], "rotation": 180, "texture": "#1"},
				"south": {"uv": [1, 5.625, 0.75, 5.375], "rotation": 180, "texture": "#1"},
				"west": {"uv": [1, 6, 0.75, 5.75], "rotation": 180, "texture": "#1"},
				"up": {"uv": [0.75, 5.875, 0.5, 5.625], "texture": "#1"},
				"down": {"uv": [0.75, 5.875, 0.5, 5.625], "texture": "#1"}
			}
		},
		{
			"from": [5.21849, 17.71567, -0.7],
			"to": [5.71849, 18.21567, -0.3],
			"rotation": {"angle": 22.5, "axis": "z", "origin": [1.84713, 16.32364, -0.75]},
			"faces": {
				"north": {"uv": [0.75, 5.75, 0.875, 5.625], "rotation": 270, "texture": "#1"},
				"east": {"uv": [0.75, 5.75, 0.875, 5.625], "rotation": 270, "texture": "#1"},
				"south": {"uv": [0.75, 5.75, 0.875, 5.625], "rotation": 270, "texture": "#1"},
				"west": {"uv": [0.75, 5.75, 0.875, 5.625], "rotation": 270, "texture": "#1"},
				"up": {"uv": [0.75, 5.75, 0.875, 5.625], "rotation": 90, "texture": "#1"},
				"down": {"uv": [0.75, 5.75, 0.875, 5.625], "rotation": 90, "texture": "#1"}
			}
		},
		{
			"from": [10.64987, 16.5967, -1],
			"to": [11.64987, 18.5967, 0],
			"rotation": {"angle": 0, "axis": "y", "origin": [14.15287, 16.32364, -0.75]},
			"faces": {
				"north": {"uv": [0.5, 5.375, 0.25, 5.875], "texture": "#1"},
				"east": {"uv": [0.25, 5.875, 0, 5.375], "texture": "#1"},
				"south": {"uv": [0.5, 5.875, 0.25, 5.375], "rotation": 180, "texture": "#1"},
				"west": {"uv": [1.25, 5.875, 1, 5.375], "texture": "#1"},
				"up": {"uv": [0.5, 5.625, 0.75, 5.375], "rotation": 270, "texture": "#1"},
				"down": {"uv": [0.5, 5.625, 0.75, 5.375], "rotation": 270, "texture": "#1"}
			}
		},
		{
			"from": [10.17389, 16.7774, -0.9],
			"to": [10.97389, 17.7774, -0.1],
			"rotation": {"angle": -22.5, "axis": "z", "origin": [14.15287, 16.32364, -0.75]},
			"faces": {
				"north": {"uv": [1, 5.625, 0.75, 5.375], "rotation": 180, "texture": "#1"},
				"east": {"uv": [0.75, 6, 1, 5.75], "rotation": 180, "texture": "#1"},
				"south": {"uv": [0.75, 5.625, 1, 5.375], "rotation": 180, "texture": "#1"},
				"west": {"uv": [1.25, 5.625, 1.5, 5.375], "rotation": 180, "texture": "#1"},
				"up": {"uv": [0.5, 5.875, 0.75, 5.625], "texture": "#1"},
				"down": {"uv": [0.5, 5.875, 0.75, 5.625], "texture": "#1"}
			}
		},
		{
			"from": [10.28151, 17.71567, -0.7],
			"to": [10.78151, 18.21567, -0.3],
			"rotation": {"angle": -22.5, "axis": "z", "origin": [14.15287, 16.32364, -0.75]},
			"faces": {
				"north": {"uv": [0.75, 5.625, 0.875, 5.75], "rotation": 270, "texture": "#1"},
				"east": {"uv": [0.75, 5.625, 0.875, 5.75], "rotation": 270, "texture": "#1"},
				"south": {"uv": [0.75, 5.625, 0.875, 5.75], "rotation": 270, "texture": "#1"},
				"west": {"uv": [0.75, 5.625, 0.875, 5.75], "rotation": 270, "texture": "#1"},
				"up": {"uv": [0.75, 5.625, 0.875, 5.75], "rotation": 90, "texture": "#1"},
				"down": {"uv": [0.75, 5.625, 0.875, 5.75], "rotation": 90, "texture": "#1"}
			}
		},
		{
			"from": [2.81048, 15.82802, -1],
			"to": [3.81048, 17.82802, 0],
			"rotation": {"angle": 45, "axis": "z", "origin": [1.84713, 16.32364, -0.75]},
			"faces": {
				"north": {"uv": [0.25, 5.375, 0.5, 5.875], "texture": "#1"},
				"east": {"uv": [1, 5.875, 1.25, 5.375], "texture": "#1"},
				"south": {"uv": [0.25, 5.875, 0.5, 5.375], "rotation": 180, "texture": "#1"},
				"west": {"uv": [0, 5.875, 0.25, 5.375], "texture": "#1"},
				"up": {"uv": [0.5, 5.375, 0.75, 5.625], "rotation": 270, "texture": "#1"},
				"down": {"uv": [0.5, 5.375, 0.75, 5.625], "rotation": 270, "texture": "#1"}
			}
		},
		{
			"from": [0.51434, 17.78599, -0.9],
			"to": [1.51434, 18.58599, -0.1],
			"rotation": {"angle": -22.5, "axis": "z", "origin": [1.84713, 16.32364, -0.75]},
			"faces": {
				"north": {"uv": [0.75, 5.625, 1, 5.375], "rotation": 270, "texture": "#1"},
				"east": {"uv": [0.75, 5.875, 0.5, 5.625], "rotation": 270, "texture": "#1"},
				"south": {"uv": [1, 5.625, 0.75, 5.375], "rotation": 90, "texture": "#1"},
				"west": {"uv": [0.75, 5.875, 0.5, 5.625], "rotation": 270, "texture": "#1"},
				"up": {"uv": [1.5, 5.625, 1.25, 5.375], "rotation": 90, "texture": "#1"},
				"down": {"uv": [1, 6, 0.75, 5.75], "rotation": 90, "texture": "#1"}
			}
		},
		{
			"from": [0.07607, 17.97838, -0.7],
			"to": [0.57607, 18.47838, -0.3],
			"rotation": {"angle": -22.5, "axis": "z", "origin": [1.84713, 16.32364, -0.75]},
			"faces": {
				"north": {"uv": [0.75, 5.75, 0.875, 5.625], "texture": "#1"},
				"east": {"uv": [0.75, 5.75, 0.875, 5.625], "texture": "#1"},
				"south": {"uv": [0.75, 5.75, 0.875, 5.625], "rotation": 180, "texture": "#1"},
				"west": {"uv": [0.75, 5.75, 0.875, 5.625], "texture": "#1"},
				"up": {"uv": [0.75, 5.75, 0.875, 5.625], "rotation": 180, "texture": "#1"},
				"down": {"uv": [0.75, 5.75, 0.875, 5.625], "rotation": 180, "texture": "#1"}
			}
		},
		{
			"from": [12.18952, 15.82802, -1],
			"to": [13.18952, 17.82802, 0],
			"rotation": {"angle": -45, "axis": "z", "origin": [14.15287, 16.32364, -0.75]},
			"faces": {
				"north": {"uv": [0.5, 5.375, 0.25, 5.875], "texture": "#1"},
				"east": {"uv": [0.25, 5.875, 0, 5.375], "texture": "#1"},
				"south": {"uv": [0.5, 5.875, 0.25, 5.375], "rotation": 180, "texture": "#1"},
				"west": {"uv": [1.25, 5.875, 1, 5.375], "texture": "#1"},
				"up": {"uv": [0.5, 5.625, 0.75, 5.375], "rotation": 270, "texture": "#1"},
				"down": {"uv": [0.5, 5.625, 0.75, 5.375], "rotation": 270, "texture": "#1"}
			}
		},
		{
			"from": [14.48566, 17.78599, -0.9],
			"to": [15.48566, 18.58599, -0.1],
			"rotation": {"angle": 22.5, "axis": "z", "origin": [14.15287, 16.32364, -0.75]},
			"faces": {
				"north": {"uv": [0.75, 5.375, 1, 5.625], "rotation": 270, "texture": "#1"},
				"east": {"uv": [0.75, 5.625, 0.5, 5.875], "rotation": 270, "texture": "#1"},
				"south": {"uv": [1, 5.375, 0.75, 5.625], "rotation": 90, "texture": "#1"},
				"west": {"uv": [0.75, 5.625, 0.5, 5.875], "rotation": 270, "texture": "#1"},
				"up": {"uv": [1.5, 5.375, 1.25, 5.625], "rotation": 90, "texture": "#1"},
				"down": {"uv": [1, 5.75, 0.75, 6], "rotation": 90, "texture": "#1"}
			}
		},
		{
			"from": [15.42393, 17.97838, -0.7],
			"to": [15.92393, 18.47838, -0.3],
			"rotation": {"angle": 22.5, "axis": "z", "origin": [14.15287, 16.32364, -0.75]},
			"faces": {
				"north": {"uv": [0.875, 5.75, 0.75, 5.625], "texture": "#1"},
				"east": {"uv": [0.875, 5.75, 0.75, 5.625], "texture": "#1"},
				"south": {"uv": [0.875, 5.75, 0.75, 5.625], "rotation": 180, "texture": "#1"},
				"west": {"uv": [0.875, 5.75, 0.75, 5.625], "texture": "#1"},
				"up": {"uv": [0.875, 5.75, 0.75, 5.625], "rotation": 180, "texture": "#1"},
				"down": {"uv": [0.875, 5.75, 0.75, 5.625], "rotation": 180, "texture": "#1"}
			}
		},
		{
			"from": [2, 15, 1],
			"to": [14, 16, 15],
			"faces": {
				"north": {"uv": [6.5, 12.25, 9.5, 12.5], "texture": "#2"},
				"east": {"uv": [6.25, 12.5, 6.5, 16], "rotation": 270, "texture": "#2"},
				"south": {"uv": [6.5, 12.25, 9.5, 12.5], "texture": "#2"},
				"west": {"uv": [6.25, 12.5, 6.5, 16], "rotation": 270, "texture": "#2"},
				"up": {"uv": [9.5, 12.5, 6.5, 16], "texture": "#2"},
				"down": {"uv": [9.5, 12.5, 6.5, 16], "texture": "#2"}
			}
		},
		{
			"from": [2, 10, 1],
			"to": [14, 15, 2],
			"rotation": {"angle": 0, "axis": "y", "origin": [0, 0, 16]},
			"faces": {
				"north": {"uv": [1.75, 12, 4.75, 13.25], "texture": "#2"},
				"east": {"uv": [0.75, 13, 1.75, 13.25], "rotation": 90, "texture": "#2"},
				"south": {"uv": [1.75, 13.25, 4.75, 12], "rotation": 180, "texture": "#2"},
				"west": {"uv": [0.75, 13, 1.75, 13.25], "rotation": 90, "texture": "#2"},
				"up": {"uv": [2, 13.25, 5, 13.5], "rotation": 180, "texture": "#2"},
				"down": {"uv": [2, 13.25, 5, 13.5], "rotation": 180, "texture": "#2"}
			}
		},
		{
			"from": [2, 10, 14],
			"to": [14, 15, 15],
			"faces": {
				"north": {"uv": [4.75, 13.25, 1.75, 12], "rotation": 180, "texture": "#2"},
				"east": {"uv": [0.75, 13.25, 1.75, 13], "rotation": 90, "texture": "#2"},
				"south": {"uv": [4.75, 12, 1.75, 13.25], "texture": "#2"},
				"west": {"uv": [0.75, 13.25, 1.75, 13], "rotation": 90, "texture": "#2"},
				"up": {"uv": [2, 13.5, 5, 13.25], "rotation": 180, "texture": "#2"},
				"down": {"uv": [2, 13.5, 5, 13.25], "rotation": 180, "texture": "#2"}
			}
		},
		{
			"from": [0, 9, 0],
			"to": [16, 11, 1],
			"rotation": {"angle": 0, "axis": "y", "origin": [0, 0, 16]},
			"faces": {
				"north": {"uv": [0.25, 12, 0.75, 16], "rotation": 90, "texture": "#2"},
				"east": {"uv": [0, 11.5, 0.25, 12], "texture": "#2"},
				"south": {"uv": [0.25, 12, 0.75, 16], "rotation": 90, "texture": "#2"},
				"west": {"uv": [0, 11.5, 0.25, 12], "texture": "#2"},
				"up": {"uv": [0, 12, 0.25, 16], "rotation": 270, "texture": "#2"},
				"down": {"uv": [0, 12, 0.25, 16], "rotation": 90, "texture": "#2"}
			}
		},
		{
			"from": [0, 9, 1],
			"to": [1, 11, 15],
			"rotation": {"angle": 0, "axis": "y", "origin": [0, 0, 16]},
			"faces": {
				"north": {"uv": [0, 11.5, 0.25, 12], "texture": "#2"},
				"east": {"uv": [0.25, 12, 0.75, 15.5], "rotation": 90, "texture": "#2"},
				"south": {"uv": [0, 11.5, 0.25, 12], "texture": "#2"},
				"west": {"uv": [0.25, 12, 0.75, 15.5], "rotation": 90, "texture": "#2"},
				"up": {"uv": [0, 12, 0.25, 15.5], "texture": "#2"},
				"down": {"uv": [0, 12, 0.25, 15.5], "texture": "#2"}
			}
		},
		{
			"from": [15, 9, 1],
			"to": [16, 11, 15],
			"rotation": {"angle": 0, "axis": "y", "origin": [16, 0, 16]},
			"faces": {
				"north": {"uv": [0.25, 11.5, 0, 12], "texture": "#2"},
				"east": {"uv": [0.25, 15.5, 0.75, 12], "rotation": 90, "texture": "#2"},
				"south": {"uv": [0.25, 11.5, 0, 12], "texture": "#2"},
				"west": {"uv": [0.25, 15.5, 0.75, 12], "rotation": 90, "texture": "#2"},
				"up": {"uv": [0.25, 12, 0, 15.5], "texture": "#2"},
				"down": {"uv": [0.25, 12, 0, 15.5], "texture": "#2"}
			}
		},
		{
			"from": [0, 9, 15],
			"to": [16, 11, 16],
			"faces": {
				"north": {"uv": [0.25, 16, 0.75, 12], "rotation": 90, "texture": "#2"},
				"east": {"uv": [0.25, 11.5, 0, 12], "texture": "#2"},
				"south": {"uv": [0.25, 16, 0.75, 12], "rotation": 90, "texture": "#2"},
				"west": {"uv": [0.25, 11.5, 0, 12], "texture": "#2"},
				"up": {"uv": [0.25, 12, 0, 16], "rotation": 270, "texture": "#2"},
				"down": {"uv": [0.25, 12, 0, 16], "rotation": 90, "texture": "#2"}
			}
		},
		{
			"from": [5, 16, 1],
			"to": [11, 18, 15],
			"faces": {
				"north": {"uv": [8, 8.25, 9.5, 8.75], "rotation": 180, "texture": "#2"},
				"east": {"uv": [7.5, 8.75, 8, 12.25], "rotation": 90, "texture": "#2"},
				"south": {"uv": [8, 8.25, 9.5, 8.75], "rotation": 180, "texture": "#2"},
				"west": {"uv": [7.5, 8.75, 8, 12.25], "rotation": 90, "texture": "#2"},
				"up": {"uv": [9.5, 8.75, 8, 12.25], "texture": "#2"},
				"down": {"uv": [9.5, 8.75, 8, 12.25], "texture": "#2"}
			}
		},
		{
			"from": [5, 8, -0.9],
			"to": [11, 17, 1.1],
			"faces": {
				"north": {"uv": [4.75, 13.75, 6.25, 16], "rotation": 180, "texture": "#2"},
				"east": {"uv": [5.75, 11.5, 6.25, 13.75], "rotation": 180, "texture": "#2"},
				"south": {"uv": [4.75, 13.75, 6.25, 16], "rotation": 180, "texture": "#2"},
				"west": {"uv": [6.25, 11.5, 5.75, 13.75], "rotation": 180, "texture": "#2"},
				"up": {"uv": [7, 12.25, 7.5, 10.75], "rotation": 90, "texture": "#2"},
				"down": {"uv": [7, 12.25, 7.5, 10.75], "rotation": 90, "texture": "#2"}
			}
		},
		{
			"from": [5, 8, 14.9],
			"to": [11, 17, 16.9],
			"rotation": {"angle": 0, "axis": "y", "origin": [0, 0, 16]},
			"faces": {
				"north": {"uv": [6.25, 13.75, 4.75, 16], "rotation": 180, "texture": "#2"},
				"east": {"uv": [6.25, 11.5, 5.75, 13.75], "rotation": 180, "texture": "#2"},
				"south": {"uv": [6.25, 13.75, 4.75, 16], "rotation": 180, "texture": "#2"},
				"west": {"uv": [5.75, 11.5, 6.25, 13.75], "rotation": 180, "texture": "#2"},
				"up": {"uv": [7.5, 12.25, 7, 10.75], "rotation": 90, "texture": "#2"},
				"down": {"uv": [7.5, 12.25, 7, 10.75], "rotation": 90, "texture": "#2"}
			}
		},
		{
			"from": [14, 10, 1],
			"to": [15, 15, 15],
			"faces": {
				"north": {"uv": [0.75, 13.25, 2, 13.5], "rotation": 90, "texture": "#2"},
				"east": {"uv": [4.25, 13.75, 0.75, 15], "rotation": 180, "texture": "#2"},
				"south": {"uv": [0.75, 13.25, 2, 13.5], "rotation": 90, "texture": "#2"},
				"west": {"uv": [4.25, 13.75, 0.75, 15], "rotation": 180, "texture": "#2"},
				"up": {"uv": [0.75, 13.5, 4.25, 13.75], "rotation": 90, "texture": "#2"},
				"down": {"uv": [0.75, 13.5, 4.25, 13.75], "rotation": 90, "texture": "#2"}
			}
		},
		{
			"from": [1, 10, 1],
			"to": [2, 15, 15],
			"rotation": {"angle": 0, "axis": "y", "origin": [16, 0, 0]},
			"faces": {
				"north": {"uv": [0.75, 13.5, 2, 13.25], "rotation": 90, "texture": "#2"},
				"east": {"uv": [0.75, 13.75, 4.25, 15], "rotation": 180, "texture": "#2"},
				"south": {"uv": [0.75, 13.5, 2, 13.25], "rotation": 90, "texture": "#2"},
				"west": {"uv": [0.75, 13.75, 4.25, 15], "rotation": 180, "texture": "#2"},
				"up": {"uv": [0.75, 13.75, 4.25, 13.5], "rotation": 90, "texture": "#2"},
				"down": {"uv": [0.75, 13.75, 4.25, 13.5], "rotation": 90, "texture": "#2"}
			}
		}
	],
	"gui_light": "front",
	"display": {
		"thirdperson_righthand": {
			"rotation": [-0.24, 3.25, 7.85],
			"translation": [1.25, -1.25, 0],
			"scale": [0.5, 0.5, 0.5]
		},
		"thirdperson_lefthand": {
			"rotation": [-0.24, 3.25, 7.85],
			"translation": [1.25, -1.25, 0],
			"scale": [0.5, 0.5, 0.5]
		},
		"firstperson_righthand": {
			"rotation": [0, 6, 0],
			"scale": [0.5, 0.5, 0.5]
		},
		"firstperson_lefthand": {
			"rotation": [0, 6, 0],
			"scale": [0.5, 0.5, 0.5]
		},
		"ground": {
			"scale": [0.5, 0.5, 0.5]
		},
		"gui": {
			"rotation": [30, 225, 0],
			"translation": [0.75, -2.25, 0],
			"scale": [0.36, 0.36, 0.36]
		},
		"head": {
			"translation": [0, -0.5, 0]
		},
		"fixed": {
			"rotation": [-90, 0, 0],
			"translation": [0, -1.25, -4],
			"scale": [1.5, 1.5, 1.5]
		}
	},
	"groups": [
		{
			"name": "group",
			"origin": [8, 8, 8],
			"color": 0,
			"children": [0, 1, 2, 3, 4]
		},
		5,
		6,
		7,
		{
			"name": "Skull",
			"origin": [9.66036, 2.875, 3.125],
			"color": 0,
			"children": [
				8,
				9,
				10,
				11,
				12,
				{
					"name": "group",
					"origin": [8.36036, 13.125, 10.775],
					"color": 0,
					"children": [13, 14, 15, 16, 17]
				},
				{
					"name": "Horn",
					"origin": [5, 18.5, 4.5],
					"color": 0,
					"children": [
						18,
						19,
						20,
						21,
						22,
						23,
						24,
						25,
						26,
						27,
						28,
						29,
						30,
						31,
						32,
						33,
						{
							"name": "group",
							"origin": [3.7, 15.2, 3.2],
							"color": 0,
							"children": [34, 35, 36, 37, 38, 39]
						},
						{
							"name": "group",
							"origin": [3.7, 15.2, 3.2],
							"color": 0,
							"children": [40, 41, 42, 43, 44, 45]
						}
					]
				}
			]
		},
		{
			"name": "Helmet",
			"origin": [0, 0, 0],
			"color": 0,
			"children": [46, 47, 48, 49, 50, 51, 52, 53, 54, 55, 56, 57]
		}
	]
}