{
	"credit": "Made with Blockbench",
	"texture_size": [64, 64],
	"textures": {
		"1": "item/goblin_weapon_set/goblintex2",
		"3": "item/goblin_weapon_set/goblintex3",
		"5": "item/goblin_weapon_set/green_line2_animation",
		"particle": "item/goblin_weapon_set/goblintex2"
	},
	"elements": [
		{
			"from": [6, 9, 8],
			"to": [10, 32, 8],
			"rotation": {"angle": 0, "axis": "y", "origin": [16, 0, 0]},
			"faces": {
				"north": {"uv": [13.5, 10.25, 12.5, 16], "texture": "#3"},
				"east": {"uv": [0, 0, 0, 5.75], "texture": "#3"},
				"south": {"uv": [12.5, 10.25, 13.5, 16], "texture": "#3"},
				"west": {"uv": [0, 0, 0, 5.75], "texture": "#3"},
				"up": {"uv": [0, 1, 0, 0], "rotation": 90, "texture": "#3"},
				"down": {"uv": [0, 1, 0, 0], "rotation": 270, "texture": "#3"}
			}
		},
		{
			"from": [5, 21.5, 7.9],
			"to": [11, 28.5, 7.9],
			"rotation": {"angle": 0, "axis": "y", "origin": [11.6, -2, 24.9]},
			"faces": {
				"north": {"uv": [5.5, 11.5, 11.5, 4.5], "texture": "#5"},
				"east": {"uv": [2, 11, 2, 3], "texture": "#5"},
				"south": {"uv": [11.5, 11.5, 5.5, 4.5], "texture": "#5"},
				"west": {"uv": [2, 11, 2, 3], "texture": "#5"},
				"up": {"uv": [0.14063, 0, 0, 0], "rotation": 180, "texture": "#5"},
				"down": {"uv": [0.14063, 0, 0, 0], "rotation": 180, "texture": "#5"}
			}
		},
		{
			"from": [5, 21.5, 8.1],
			"to": [11, 28.5, 8.1],
			"rotation": {"angle": 0, "axis": "y", "origin": [11.6, -2, 24.9]},
			"faces": {
				"north": {"uv": [5.5, 11.5, 11.5, 4.5], "texture": "#5"},
				"east": {"uv": [2, 11, 2, 3], "texture": "#5"},
				"south": {"uv": [11.5, 11.5, 5.5, 4.5], "texture": "#5"},
				"west": {"uv": [2, 11, 2, 3], "texture": "#5"},
				"up": {"uv": [0.14063, 0, 0, 0], "rotation": 180, "texture": "#5"},
				"down": {"uv": [0.14063, 0, 0, 0], "rotation": 180, "texture": "#5"}
			}
		},
		{
			"from": [5, -12.5, 8.1],
			"to": [11, -5.5, 8.1],
			"rotation": {"angle": 0, "axis": "y", "origin": [11.6, 18, 24.9]},
			"faces": {
				"north": {"uv": [5.5, 4.5, 11.5, 11.5], "texture": "#5"},
				"east": {"uv": [2, 3, 2, 11], "texture": "#5"},
				"south": {"uv": [11.5, 4.5, 5.5, 11.5], "texture": "#5"},
				"west": {"uv": [2, 3, 2, 11], "texture": "#5"},
				"up": {"uv": [0.14063, 0, 0, 0], "rotation": 180, "texture": "#5"},
				"down": {"uv": [0.14063, 0, 0, 0], "rotation": 180, "texture": "#5"}
			}
		},
		{
			"from": [5, -12.5, 7.9],
			"to": [11, -5.5, 7.9],
			"rotation": {"angle": 0, "axis": "y", "origin": [11.6, 18, 24.9]},
			"faces": {
				"north": {"uv": [5.5, 4.5, 11.5, 11.5], "texture": "#5"},
				"east": {"uv": [2, 3, 2, 11], "texture": "#5"},
				"south": {"uv": [11.5, 4.5, 5.5, 11.5], "texture": "#5"},
				"west": {"uv": [2, 3, 2, 11], "texture": "#5"},
				"up": {"uv": [0.14063, 0, 0, 0], "rotation": 180, "texture": "#5"},
				"down": {"uv": [0.14063, 0, 0, 0], "rotation": 180, "texture": "#5"}
			}
		},
		{
			"from": [6.5, 0, 8],
			"to": [14.5, 15, 8],
			"rotation": {"angle": 0, "axis": "y", "origin": [0, 16, 1]},
			"faces": {
				"north": {"uv": [10, 12.5, 12, 8.75], "texture": "#3"},
				"east": {"uv": [10, 12.5, 10, 8.75], "texture": "#3"},
				"south": {"uv": [12, 12.5, 10, 8.75], "texture": "#3"},
				"west": {"uv": [10, 12.5, 10, 8.75], "texture": "#3"},
				"up": {"uv": [0, 0, 2, 0], "texture": "#3"},
				"down": {"uv": [0, 0, 2, 0], "texture": "#3"}
			}
		},
		{
			"from": [7, 13, 7],
			"to": [9, 15, 9],
			"rotation": {"angle": 0, "axis": "y", "origin": [16, 0, 16]},
			"faces": {
				"north": {"uv": [4.25, 15.5, 3.75, 15], "rotation": 90, "texture": "#1"},
				"east": {"uv": [3.75, 15.5, 4.25, 15], "rotation": 270, "texture": "#1"},
				"south": {"uv": [4.25, 15.5, 3.75, 15], "rotation": 90, "texture": "#1"},
				"west": {"uv": [4.25, 15.5, 3.75, 15], "rotation": 90, "texture": "#1"},
				"up": {"uv": [4.25, 15.5, 4.75, 16], "texture": "#1"},
				"down": {"uv": [4.25, 15.5, 4.75, 16], "rotation": 180, "texture": "#1"}
			}
		},
		{
			"from": [7, 1, 7],
			"to": [9, 3, 9],
			"rotation": {"angle": 0, "axis": "y", "origin": [16, 16, 16]},
			"faces": {
				"north": {"uv": [3.75, 15.5, 4.25, 15], "rotation": 90, "texture": "#1"},
				"east": {"uv": [4.25, 15.5, 3.75, 15], "rotation": 270, "texture": "#1"},
				"south": {"uv": [3.75, 15.5, 4.25, 15], "rotation": 90, "texture": "#1"},
				"west": {"uv": [3.75, 15.5, 4.25, 15], "rotation": 90, "texture": "#1"},
				"up": {"uv": [4.25, 16, 4.75, 15.5], "rotation": 180, "texture": "#1"},
				"down": {"uv": [4.25, 16, 4.75, 15.5], "texture": "#1"}
			}
		},
		{
			"from": [6, -16, 8],
			"to": [10, 7, 8],
			"rotation": {"angle": 0, "axis": "y", "origin": [0, 16, 0]},
			"faces": {
				"north": {"uv": [12.5, 16, 13.5, 10.25], "texture": "#3"},
				"east": {"uv": [0, 5.75, 0, 0], "texture": "#3"},
				"south": {"uv": [13.5, 16, 12.5, 10.25], "texture": "#3"},
				"west": {"uv": [0, 5.75, 0, 0], "texture": "#3"},
				"up": {"uv": [0, 0, 0, 1], "rotation": 270, "texture": "#3"},
				"down": {"uv": [0, 0, 0, 1], "rotation": 90, "texture": "#3"}
			}
		},
		{
			"from": [6.5, 4, 6.5],
			"to": [9.5, 12, 9.5],
			"rotation": {"angle": 0, "axis": "y", "origin": [16, 0, 0]},
			"faces": {
				"north": {"uv": [3.625, 4.375, 4.375, 6.375], "texture": "#1"},
				"east": {"uv": [5.375, 0, 4.625, 2], "texture": "#1"},
				"south": {"uv": [4.375, 4.375, 3.625, 6.375], "texture": "#1"},
				"west": {"uv": [5.375, 0, 4.625, 2], "texture": "#1"},
				"up": {"uv": [5.625, 0.875, 6.375, 0.125], "texture": "#1"},
				"down": {"uv": [5.625, 0.875, 6.375, 0.125], "texture": "#1"}
			}
		},
		{
			"from": [7, -8, 8],
			"to": [15, 8, 8],
			"rotation": {"angle": -45, "axis": "z", "origin": [4, 8, 0]},
			"faces": {
				"north": {"uv": [10.5, 0, 12.5, 4], "rotation": 180, "texture": "#3"},
				"east": {"uv": [0, 0, 0, 8], "rotation": 180, "texture": "#3"},
				"south": {"uv": [12.5, 0, 10.5, 4], "rotation": 180, "texture": "#3"},
				"west": {"uv": [0, 0, 0, 8], "rotation": 180, "texture": "#3"},
				"up": {"uv": [0, 0, 4, 0], "rotation": 180, "texture": "#3"},
				"down": {"uv": [0, 0, 4, 0], "rotation": 180, "texture": "#3"}
			}
		},
		{
			"from": [5, 3, 5],
			"to": [11, 4, 11],
			"rotation": {"angle": 0, "axis": "y", "origin": [16, 7, 0]},
			"faces": {
				"north": {"uv": [12, 7.25, 12.25, 5.75], "rotation": 90, "texture": "#1"},
				"east": {"uv": [12, 7.25, 12.25, 5.75], "rotation": 90, "texture": "#1"},
				"south": {"uv": [12, 7.25, 12.25, 5.75], "rotation": 90, "texture": "#1"},
				"west": {"uv": [12, 7.25, 12.25, 5.75], "rotation": 90, "texture": "#1"},
				"up": {"uv": [12, 5, 10.5, 6.5], "texture": "#1"},
				"down": {"uv": [12, 5, 10.5, 6.5], "texture": "#1"}
			}
		},
		{
			"from": [5, 12, 5],
			"to": [11, 13, 11],
			"rotation": {"angle": 0, "axis": "y", "origin": [16, 7, 0]},
			"faces": {
				"north": {"uv": [12, 7.25, 12.25, 5.75], "rotation": 90, "texture": "#1"},
				"east": {"uv": [12, 7.25, 12.25, 5.75], "rotation": 90, "texture": "#1"},
				"south": {"uv": [12, 7.25, 12.25, 5.75], "rotation": 90, "texture": "#1"},
				"west": {"uv": [12, 7.25, 12.25, 5.75], "rotation": 90, "texture": "#1"},
				"up": {"uv": [12, 5, 10.5, 6.5], "texture": "#1"},
				"down": {"uv": [12, 5, 10.5, 6.5], "texture": "#1"}
			}
		}
	],
	"gui_light": "front",
	"display": {
		"thirdperson_righthand": {
			"rotation": [0, 90, 0],
			"translation": [0, -2.25, 1.25],
			"scale": [0.7, 0.7, 0.7]
		},
		"thirdperson_lefthand": {
			"rotation": [0, 90, 0],
			"translation": [0, -2.25, 1.25],
			"scale": [0.7, 0.7, 0.7]
		},
		"firstperson_righthand": {
			"rotation": [-175.56, 80, 170],
			"translation": [0.5, 5, 0.5],
			"scale": [0.5, 0.5, 0.5]
		},
		"firstperson_lefthand": {
			"rotation": [175.56, 80, 178],
			"translation": [0.5, 5, 0.5],
			"scale": [0.5, 0.5, 0.5]
		},
		"ground": {
			"translation": [0, 9.75, 0],
			"scale": [0.5, 0.5, 0.5]
		},
		"gui": {
			"rotation": [0, 0, -43],
			"translation": [-0.25, -0.5, -2],
			"scale": [0.35, 0.35, 0.35]
		},
		"head": {
			"rotation": [-135.5, 0, 0],
			"translation": [0, 20.5, 4.75],
			"scale": [0, 0, 0]
		},
		"fixed": {
			"rotation": [-179.03, 0.22, 180],
			"translation": [2, 1.5, -5.75],
			"scale": [1.5, 1.5, 1.5]
		}
	},
	"groups": [
		{
			"name": "group",
			"origin": [10, 1.5, 8],
			"color": 0,
			"children": []
		},
		0,
		1,
		2,
		3,
		4,
		5,
		6,
		7,
		8,
		{
			"name": "Skull",
			"origin": [9.66036, 2.875, 3.125],
			"color": 0,
			"children": []
		},
		9,
		10,
		11,
		12
	]
}