{
	"credit": "Made with Blockbench",
	"textures": {
		"1": "item/goblin_weapon_set/goblintex2",
		"2": "item/goblin_weapon_set/goblintex1",
		"3": "item/goblin_weapon_set/fire",
		"4": "item/goblin_weapon_set/goblin_eye",
		"particle": "item/goblin_weapon_set/goblintex2"
	},
	"elements": [
		{
			"from": [4.9, 0.4, 6],
			"to": [4.9, 3.4, 10],
			"rotation": {"angle": 0, "axis": "y", "origin": [6, 1.5, 8]},
			"faces": {
				"north": {"uv": [0, 0, 0, 0.75], "texture": "#1"},
				"east": {"uv": [7.5, 3, 6.5, 3.75], "texture": "#1"},
				"south": {"uv": [0, 0, 0, 0.75], "texture": "#1"},
				"west": {"uv": [6.5, 3, 7.5, 3.75], "texture": "#1"},
				"up": {"uv": [1, 0, 0, 0], "rotation": 90, "texture": "#1"},
				"down": {"uv": [1, 0, 0, 0], "rotation": 270, "texture": "#1"}
			}
		},
		{
			"from": [5.4, 3, 6],
			"to": [5.4, 6, 10],
			"rotation": {"angle": -22.5, "axis": "z", "origin": [6, 4.5, 8]},
			"faces": {
				"north": {"uv": [0, 0, 0, 0.75], "texture": "#1"},
				"east": {"uv": [7.5, 4.5, 6.5, 5.25], "texture": "#1"},
				"south": {"uv": [0, 0, 0, 0.75], "texture": "#1"},
				"west": {"uv": [6.5, 4.5, 7.5, 5.25], "texture": "#1"},
				"up": {"uv": [1, 0, 0, 0], "rotation": 90, "texture": "#1"},
				"down": {"uv": [1, 0, 0, 0], "rotation": 270, "texture": "#1"}
			}
		},
		{
			"from": [6, 3, 5.4],
			"to": [10, 6, 5.4],
			"rotation": {"angle": 22.5, "axis": "x", "origin": [8, 4.5, 6]},
			"faces": {
				"north": {"uv": [7.5, 4.5, 6.5, 5.25], "texture": "#1"},
				"east": {"uv": [0, 0, 0, 0.75], "texture": "#1"},
				"south": {"uv": [6.5, 4.5, 7.5, 5.25], "texture": "#1"},
				"west": {"uv": [0, 0, 0, 0.75], "texture": "#1"},
				"up": {"uv": [1, 0, 0, 0], "texture": "#1"},
				"down": {"uv": [1, 0, 0, 0], "texture": "#1"}
			}
		},
		{
			"from": [6, 0.4, 4.9],
			"to": [10, 3.4, 4.9],
			"rotation": {"angle": 0, "axis": "y", "origin": [8, 1.5, 6]},
			"faces": {
				"north": {"uv": [7.5, 3, 6.5, 3.75], "texture": "#1"},
				"east": {"uv": [0, 0, 0, 0.75], "texture": "#1"},
				"south": {"uv": [6.5, 3, 7.5, 3.75], "texture": "#1"},
				"west": {"uv": [0, 0, 0, 0.75], "texture": "#1"},
				"up": {"uv": [1, 0, 0, 0], "texture": "#1"},
				"down": {"uv": [1, 0, 0, 0], "texture": "#1"}
			}
		},
		{
			"from": [2, 4.5, 3.9],
			"to": [14, 12.5, 3.9],
			"faces": {
				"north": {"uv": [2, 3, 14, 11], "texture": "#4"},
				"east": {"uv": [2, 3, 14, 11], "texture": "#4"},
				"south": {"uv": [2, 3, 14, 11], "texture": "#4"},
				"west": {"uv": [2, 3, 14, 11], "texture": "#4"},
				"up": {"uv": [0, 0, 0.5625, 0], "rotation": 180, "texture": "#4"},
				"down": {"uv": [0, 0, 0.5625, 0], "rotation": 180, "texture": "#4"}
			}
		},
		{
			"from": [2, 4.5, 12.1],
			"to": [14, 12.5, 12.1],
			"rotation": {"angle": 0, "axis": "y", "origin": [0, 0, 16]},
			"faces": {
				"north": {"uv": [14, 3, 2, 11], "texture": "#4"},
				"east": {"uv": [14, 3, 2, 11], "texture": "#4"},
				"south": {"uv": [14, 3, 2, 11], "texture": "#4"},
				"west": {"uv": [14, 3, 2, 11], "texture": "#4"},
				"up": {"uv": [0, 0, 0.5625, 0], "rotation": 180, "texture": "#4"},
				"down": {"uv": [0, 0, 0.5625, 0], "rotation": 180, "texture": "#4"}
			}
		},
		{
			"from": [6, 0.4, 11.1],
			"to": [10, 3.4, 11.1],
			"rotation": {"angle": 0, "axis": "y", "origin": [8, 1.5, 10]},
			"faces": {
				"north": {"uv": [7.5, 3, 6.5, 3.75], "texture": "#1"},
				"east": {"uv": [0, 0, 0, 0.75], "texture": "#1"},
				"south": {"uv": [6.5, 3, 7.5, 3.75], "texture": "#1"},
				"west": {"uv": [0, 0, 0, 0.75], "texture": "#1"},
				"up": {"uv": [1, 0, 0, 0], "texture": "#1"},
				"down": {"uv": [1, 0, 0, 0], "texture": "#1"}
			}
		},
		{
			"from": [6, 3, 10.6],
			"to": [10, 6, 10.6],
			"rotation": {"angle": -22.5, "axis": "x", "origin": [8, 4.5, 10]},
			"faces": {
				"north": {"uv": [7.5, 4.5, 6.5, 5.25], "texture": "#1"},
				"east": {"uv": [0, 0, 0, 0.75], "texture": "#1"},
				"south": {"uv": [6.5, 4.5, 7.5, 5.25], "texture": "#1"},
				"west": {"uv": [0, 0, 0, 0.75], "texture": "#1"},
				"up": {"uv": [1, 0, 0, 0], "texture": "#1"},
				"down": {"uv": [1, 0, 0, 0], "texture": "#1"}
			}
		},
		{
			"from": [10.6, 3, 6],
			"to": [10.6, 6, 10],
			"rotation": {"angle": 22.5, "axis": "z", "origin": [10, 4.5, 8]},
			"faces": {
				"north": {"uv": [0, 0, 0, 0.75], "texture": "#1"},
				"east": {"uv": [7.5, 4.5, 6.5, 5.25], "texture": "#1"},
				"south": {"uv": [0, 0, 0, 0.75], "texture": "#1"},
				"west": {"uv": [6.5, 4.5, 7.5, 5.25], "texture": "#1"},
				"up": {"uv": [1, 0, 0, 0], "rotation": 90, "texture": "#1"},
				"down": {"uv": [1, 0, 0, 0], "rotation": 270, "texture": "#1"}
			}
		},
		{
			"from": [5.9, 5, 6],
			"to": [10.1, 10, 10],
			"faces": {
				"north": {"uv": [5, 8.625, 6, 9.875], "texture": "#2"},
				"east": {"uv": [5, 8.625, 6, 9.875], "texture": "#2"},
				"south": {"uv": [5, 8.625, 6, 9.875], "texture": "#2"},
				"west": {"uv": [5, 8.625, 6, 9.875], "texture": "#2"},
				"up": {"uv": [5.25, 11.875, 6.25, 12.875], "texture": "#2"},
				"down": {"uv": [5.25, 11.875, 6.25, 12.875], "texture": "#2"}
			}
		},
		{
			"from": [11.1, 0.4, 6],
			"to": [11.1, 3.4, 10],
			"rotation": {"angle": 0, "axis": "y", "origin": [10, 1.5, 8]},
			"faces": {
				"north": {"uv": [0, 0, 0, 0.75], "texture": "#1"},
				"east": {"uv": [7.5, 3, 6.5, 3.75], "texture": "#1"},
				"south": {"uv": [0, 0, 0, 0.75], "texture": "#1"},
				"west": {"uv": [6.5, 3, 7.5, 3.75], "texture": "#1"},
				"up": {"uv": [1, 0, 0, 0], "rotation": 90, "texture": "#1"},
				"down": {"uv": [1, 0, 0, 0], "rotation": 270, "texture": "#1"}
			}
		},
		{
			"from": [7, -8, 7],
			"to": [9, 5, 9],
			"faces": {
				"north": {"uv": [4.5, 5.25, 5, 8.5], "texture": "#1"},
				"east": {"uv": [5, 5.25, 5.5, 8.5], "texture": "#1"},
				"south": {"uv": [4.5, 5.25, 5, 8.5], "texture": "#1"},
				"west": {"uv": [5, 5.25, 5.5, 8.5], "texture": "#1"},
				"up": {"uv": [7, 5.75, 6.5, 5.25], "texture": "#1"},
				"down": {"uv": [6, 6.5, 5.5, 7], "texture": "#1"}
			}
		},
		{
			"from": [9.5, 10.5, 5.5],
			"to": [10.5, 11.5, 10.5],
			"rotation": {"angle": 0, "axis": "y", "origin": [0.5, 10, 1.5]},
			"faces": {
				"north": {"uv": [10.5, 6.5, 10.75, 6.75], "rotation": 180, "texture": "#2"},
				"east": {"uv": [10.75, 6.75, 11, 8], "rotation": 90, "texture": "#2"},
				"south": {"uv": [10.5, 6.75, 10.75, 6.5], "texture": "#2"},
				"west": {"uv": [10.75, 6.75, 11, 8], "rotation": 90, "texture": "#2"},
				"up": {"uv": [10.5, 6.75, 10.75, 8], "rotation": 180, "texture": "#2"},
				"down": {"uv": [10.5, 6.75, 10.75, 8], "texture": "#2"}
			}
		},
		{
			"from": [5.5, 10.5, 5.5],
			"to": [6.5, 11.5, 10.5],
			"rotation": {"angle": 0, "axis": "y", "origin": [0.5, 10, 1.5]},
			"faces": {
				"north": {"uv": [10.5, 6.5, 10.75, 6.75], "rotation": 180, "texture": "#2"},
				"east": {"uv": [10.5, 6.75, 10.75, 8], "rotation": 270, "texture": "#2"},
				"south": {"uv": [10.5, 6.75, 10.75, 6.5], "texture": "#2"},
				"west": {"uv": [10.5, 6.75, 10.75, 8], "rotation": 90, "texture": "#2"},
				"up": {"uv": [10.5, 6.75, 10.75, 8], "rotation": 180, "texture": "#2"},
				"down": {"uv": [10.5, 6.75, 10.75, 8], "texture": "#2"}
			}
		},
		{
			"from": [3.5, 12.5, 3.5],
			"to": [4.5, 13.5, 12.5],
			"rotation": {"angle": 0, "axis": "y", "origin": [0.5, 10, 1.5]},
			"faces": {
				"north": {"uv": [6, 8.875, 6.25, 9.125], "rotation": 180, "texture": "#2"},
				"east": {"uv": [6, 9.125, 6.25, 11.375], "rotation": 270, "texture": "#2"},
				"south": {"uv": [6, 9.125, 6.25, 8.875], "texture": "#2"},
				"west": {"uv": [6.25, 11.375, 6, 9.125], "rotation": 90, "texture": "#2"},
				"up": {"uv": [0.75, 4.5, 3, 4.75], "rotation": 90, "texture": "#2"},
				"down": {"uv": [6.5, 9.125, 6.25, 11.375], "texture": "#2"}
			}
		},
		{
			"from": [11.5, 12.5, 3.5],
			"to": [12.5, 13.5, 12.5],
			"rotation": {"angle": 0, "axis": "y", "origin": [0.5, 10, 1.5]},
			"faces": {
				"north": {"uv": [6, 8.875, 6.25, 9.125], "rotation": 180, "texture": "#2"},
				"east": {"uv": [6, 9.125, 6.25, 11.375], "rotation": 270, "texture": "#2"},
				"south": {"uv": [6, 9.125, 6.25, 8.875], "texture": "#2"},
				"west": {"uv": [6.25, 9.125, 6, 11.375], "rotation": 90, "texture": "#2"},
				"up": {"uv": [0.75, 4.5, 3, 4.75], "rotation": 90, "texture": "#2"},
				"down": {"uv": [6.25, 9.125, 6.5, 11.375], "texture": "#2"}
			}
		},
		{
			"from": [4.5, 12.5, 3.5],
			"to": [11.5, 13.5, 4.5],
			"rotation": {"angle": 0, "axis": "y", "origin": [0.5, 10, 1.5]},
			"faces": {
				"north": {"uv": [2.25, 6.25, 4, 6.5], "rotation": 180, "texture": "#2"},
				"east": {"uv": [2, 6.25, 2.25, 6.5], "rotation": 270, "texture": "#2"},
				"south": {"uv": [2.25, 6.5, 4, 6.25], "texture": "#2"},
				"west": {"uv": [2, 6.25, 2.25, 6.5], "rotation": 90, "texture": "#2"},
				"up": {"uv": [4.625, 11.625, 6.375, 11.875], "rotation": 180, "texture": "#2"},
				"down": {"uv": [2.25, 6, 4, 6.25], "texture": "#2"}
			}
		},
		{
			"from": [4.5, 12.5, 11.5],
			"to": [11.5, 13.5, 12.5],
			"rotation": {"angle": 0, "axis": "y", "origin": [0.5, 10, 1.5]},
			"faces": {
				"north": {"uv": [2.25, 6.25, 4, 6.5], "rotation": 180, "texture": "#2"},
				"east": {"uv": [2, 6.25, 2.25, 6.5], "rotation": 270, "texture": "#2"},
				"south": {"uv": [2.25, 6.5, 4, 6.25], "texture": "#2"},
				"west": {"uv": [2, 6.25, 2.25, 6.5], "rotation": 90, "texture": "#2"},
				"up": {"uv": [4.625, 11.625, 6.375, 11.875], "rotation": 180, "texture": "#2"},
				"down": {"uv": [2.25, 6, 4, 6.25], "texture": "#2"}
			}
		},
		{
			"from": [6.5, 10.5, 5.5],
			"to": [9.5, 11.5, 6.5],
			"rotation": {"angle": 0, "axis": "y", "origin": [0.5, 10, 1.5]},
			"faces": {
				"north": {"uv": [6.25, 8.125, 6.5, 8.875], "rotation": 90, "texture": "#2"},
				"east": {"uv": [6, 7.875, 6.25, 8.125], "rotation": 270, "texture": "#2"},
				"south": {"uv": [6.25, 8.125, 6.5, 8.875], "rotation": 90, "texture": "#2"},
				"west": {"uv": [6, 7.875, 6.25, 8.125], "rotation": 90, "texture": "#2"},
				"up": {"uv": [6, 8.125, 6.25, 8.875], "rotation": 90, "texture": "#2"},
				"down": {"uv": [6, 8.125, 6.25, 8.875], "rotation": 90, "texture": "#2"}
			}
		},
		{
			"from": [6.5, 10.5, 9.5],
			"to": [9.5, 11.5, 10.5],
			"rotation": {"angle": 0, "axis": "y", "origin": [0.5, 10, 14.5]},
			"faces": {
				"north": {"uv": [6.25, 8.875, 6.5, 8.125], "rotation": 90, "texture": "#2"},
				"east": {"uv": [6, 8.125, 6.25, 7.875], "rotation": 270, "texture": "#2"},
				"south": {"uv": [6.25, 8.875, 6.5, 8.125], "rotation": 90, "texture": "#2"},
				"west": {"uv": [6, 8.125, 6.25, 7.875], "rotation": 90, "texture": "#2"},
				"up": {"uv": [6.25, 8.125, 6, 8.875], "rotation": 90, "texture": "#2"},
				"down": {"uv": [6.25, 8.125, 6, 8.875], "rotation": 90, "texture": "#2"}
			}
		},
		{
			"from": [11, 5, 6.1],
			"to": [12, 10, 7.1],
			"rotation": {"angle": -45, "axis": "z", "origin": [15.5, 10, 1.5]},
			"faces": {
				"north": {"uv": [2.75, 6.75, 2.5, 8], "texture": "#2"},
				"east": {"uv": [2.75, 6.75, 2.5, 8], "texture": "#2"},
				"south": {"uv": [2.75, 6.75, 2.5, 8], "texture": "#2"},
				"west": {"uv": [2.75, 6.75, 2.5, 8], "texture": "#2"},
				"up": {"uv": [2.75, 6.5, 2.5, 6.75], "texture": "#2"},
				"down": {"uv": [2.75, 6.5, 2.5, 6.75], "texture": "#2"}
			}
		},
		{
			"from": [11, 5, 9.1],
			"to": [12, 10, 10.1],
			"rotation": {"angle": -45, "axis": "z", "origin": [15.5, 10, 1.5]},
			"faces": {
				"north": {"uv": [2.75, 6.75, 2.5, 8], "texture": "#2"},
				"east": {"uv": [2.75, 6.75, 2.5, 8], "texture": "#2"},
				"south": {"uv": [2.75, 6.75, 2.5, 8], "texture": "#2"},
				"west": {"uv": [2.75, 6.75, 2.5, 8], "texture": "#2"},
				"up": {"uv": [2.75, 6.5, 2.5, 6.75], "texture": "#2"},
				"down": {"uv": [2.75, 6.5, 2.5, 6.75], "texture": "#2"}
			}
		},
		{
			"from": [4, 5, 6.1],
			"to": [5, 10, 7.1],
			"rotation": {"angle": 45, "axis": "z", "origin": [0.5, 10, 1.5]},
			"faces": {
				"north": {"uv": [2.5, 6.75, 2.75, 8], "texture": "#2"},
				"east": {"uv": [2.5, 6.75, 2.75, 8], "texture": "#2"},
				"south": {"uv": [2.5, 6.75, 2.75, 8], "texture": "#2"},
				"west": {"uv": [2.5, 6.75, 2.75, 8], "texture": "#2"},
				"up": {"uv": [2.5, 6.5, 2.75, 6.75], "texture": "#2"},
				"down": {"uv": [2.5, 6.5, 2.75, 6.75], "texture": "#2"}
			}
		},
		{
			"from": [4, 5, 9.1],
			"to": [5, 10, 10.1],
			"rotation": {"angle": 45, "axis": "z", "origin": [0.5, 10, 1.5]},
			"faces": {
				"north": {"uv": [2.5, 6.75, 2.75, 8], "texture": "#2"},
				"east": {"uv": [2.5, 6.75, 2.75, 8], "texture": "#2"},
				"south": {"uv": [2.5, 6.75, 2.75, 8], "texture": "#2"},
				"west": {"uv": [2.5, 6.75, 2.75, 8], "texture": "#2"},
				"up": {"uv": [2.5, 6.5, 2.75, 6.75], "texture": "#2"},
				"down": {"uv": [2.5, 6.5, 2.75, 6.75], "texture": "#2"}
			}
		},
		{
			"from": [6, 6, 4],
			"to": [7, 11, 5],
			"rotation": {"angle": -45, "axis": "x", "origin": [28.5, 10, 1.5]},
			"faces": {
				"north": {"uv": [3, 6.75, 2.75, 8], "texture": "#2"},
				"east": {"uv": [3, 6.75, 2.75, 8], "texture": "#2"},
				"south": {"uv": [3, 6.75, 2.75, 8], "texture": "#2"},
				"west": {"uv": [3, 6.75, 2.75, 8], "texture": "#2"},
				"up": {"uv": [3, 6.5, 2.75, 6.75], "rotation": 90, "texture": "#2"},
				"down": {"uv": [3, 6.5, 2.75, 6.75], "rotation": 270, "texture": "#2"}
			}
		},
		{
			"from": [8.8, 6, 4],
			"to": [9.8, 11, 5],
			"rotation": {"angle": -45, "axis": "x", "origin": [28.5, 10, 1.5]},
			"faces": {
				"north": {"uv": [3, 6.75, 2.75, 8], "texture": "#2"},
				"east": {"uv": [3, 6.75, 2.75, 8], "texture": "#2"},
				"south": {"uv": [3, 6.75, 2.75, 8], "texture": "#2"},
				"west": {"uv": [3, 6.75, 2.75, 8], "texture": "#2"},
				"up": {"uv": [3, 6.5, 2.75, 6.75], "rotation": 90, "texture": "#2"},
				"down": {"uv": [3, 6.5, 2.75, 6.75], "rotation": 270, "texture": "#2"}
			}
		},
		{
			"from": [8.8, 6, 11],
			"to": [9.8, 11, 12],
			"rotation": {"angle": 45, "axis": "x", "origin": [28.5, 10, 14.5]},
			"faces": {
				"north": {"uv": [2.75, 6.75, 3, 8], "texture": "#2"},
				"east": {"uv": [2.75, 6.75, 3, 8], "texture": "#2"},
				"south": {"uv": [2.75, 6.75, 3, 8], "texture": "#2"},
				"west": {"uv": [2.75, 6.75, 3, 8], "texture": "#2"},
				"up": {"uv": [2.75, 6.5, 3, 6.75], "rotation": 90, "texture": "#2"},
				"down": {"uv": [2.75, 6.5, 3, 6.75], "rotation": 270, "texture": "#2"}
			}
		},
		{
			"from": [6, 6, 11],
			"to": [7, 11, 12],
			"rotation": {"angle": 45, "axis": "x", "origin": [28.5, 10, 14.5]},
			"faces": {
				"north": {"uv": [2.75, 6.75, 3, 8], "texture": "#2"},
				"east": {"uv": [2.75, 6.75, 3, 8], "texture": "#2"},
				"south": {"uv": [2.75, 6.75, 3, 8], "texture": "#2"},
				"west": {"uv": [2.75, 6.75, 3, 8], "texture": "#2"},
				"up": {"uv": [2.75, 6.5, 3, 6.75], "rotation": 90, "texture": "#2"},
				"down": {"uv": [2.75, 6.5, 3, 6.75], "rotation": 270, "texture": "#2"}
			}
		},
		{
			"from": [6, 6, 4],
			"to": [10, 9, 7],
			"rotation": {"angle": 0, "axis": "y", "origin": [8, 7.75, 5.4]},
			"faces": {
				"north": {"uv": [0, 10.5, 0.75, 9.5], "rotation": 90, "texture": "#2"},
				"east": {"uv": [3.875, 11.375, 3.125, 12.125], "rotation": 90, "texture": "#2"},
				"south": {"uv": [0, 10.5, 0.75, 9.5], "rotation": 90, "texture": "#2"},
				"west": {"uv": [3.875, 12.125, 3.125, 11.375], "rotation": 90, "texture": "#2"},
				"up": {"uv": [3, 10.625, 2.25, 9.625], "rotation": 90, "texture": "#2"},
				"down": {"uv": [3, 10.625, 2.25, 9.625], "rotation": 90, "texture": "#2"}
			}
		},
		{
			"from": [7, 9, 3.9],
			"to": [9, 9.5, 6.9],
			"rotation": {"angle": 0, "axis": "y", "origin": [8, 9.5, 5.4]},
			"faces": {
				"north": {"uv": [0.625, 11, 0.75, 10.5], "rotation": 90, "texture": "#2"},
				"east": {"uv": [0, 9.5, 0.75, 9.375], "rotation": 180, "texture": "#2"},
				"south": {"uv": [0.625, 11, 0.75, 10.5], "rotation": 90, "texture": "#2"},
				"west": {"uv": [0, 9.5, 0.75, 9.375], "rotation": 180, "texture": "#2"},
				"up": {"uv": [4.625, 11.875, 3.875, 11.375], "rotation": 90, "texture": "#2"},
				"down": {"uv": [4.625, 11.875, 3.875, 11.375], "rotation": 90, "texture": "#2"}
			}
		},
		{
			"from": [7, 5.5, 4],
			"to": [7.5, 6, 4.5],
			"rotation": {"angle": 0, "axis": "y", "origin": [7, 6, 4]},
			"faces": {
				"north": {"uv": [5, 13.75, 5.125, 13.625], "texture": "#2"},
				"east": {"uv": [5, 13.625, 5.125, 13.75], "rotation": 180, "texture": "#2"},
				"south": {"uv": [5, 13.75, 5.125, 13.625], "texture": "#2"},
				"west": {"uv": [5, 13.625, 5.125, 13.75], "rotation": 180, "texture": "#2"},
				"up": {"uv": [5, 13.625, 5.125, 13.75], "rotation": 180, "texture": "#2"},
				"down": {"uv": [5, 13.625, 5.125, 13.75], "rotation": 180, "texture": "#2"}
			}
		},
		{
			"from": [8.5, 5.5, 4],
			"to": [9, 6, 4.5],
			"rotation": {"angle": 0, "axis": "y", "origin": [9, 6, 4]},
			"faces": {
				"north": {"uv": [4.875, 13.625, 5, 13.5], "texture": "#2"},
				"east": {"uv": [4.875, 13.5, 5, 13.625], "rotation": 180, "texture": "#2"},
				"south": {"uv": [4.875, 13.625, 5, 13.5], "texture": "#2"},
				"west": {"uv": [4.875, 13.5, 5, 13.625], "rotation": 180, "texture": "#2"},
				"up": {"uv": [4.875, 13.5, 5, 13.625], "rotation": 180, "texture": "#2"},
				"down": {"uv": [4.875, 13.5, 5, 13.625], "rotation": 180, "texture": "#2"}
			}
		},
		{
			"from": [6, 4.1, 4.9],
			"to": [7, 6.1, 5.9],
			"rotation": {"angle": 45, "axis": "z", "origin": [6, 5, 5.4]},
			"faces": {
				"north": {"uv": [2, 12, 2.5, 11.75], "rotation": 90, "texture": "#2"},
				"east": {"uv": [2.5, 11.25, 2, 11.5], "rotation": 270, "texture": "#2"},
				"south": {"uv": [2.5, 11.75, 3, 11.5], "rotation": 90, "texture": "#2"},
				"west": {"uv": [2.5, 11.5, 2, 11.75], "rotation": 270, "texture": "#2"},
				"up": {"uv": [2.25, 9.625, 2.5, 9.375], "rotation": 180, "texture": "#2"},
				"down": {"uv": [2, 9.875, 2.25, 9.625], "rotation": 180, "texture": "#2"}
			}
		},
		{
			"from": [7, 4.75, 4],
			"to": [7.5, 5.25, 4.5],
			"rotation": {"angle": 0, "axis": "y", "origin": [7, 5, 4]},
			"faces": {
				"north": {"uv": [5, 13.625, 5.125, 13.5], "texture": "#2"},
				"east": {"uv": [5, 13.5, 5.125, 13.625], "rotation": 180, "texture": "#2"},
				"south": {"uv": [5, 13.625, 5.125, 13.5], "texture": "#2"},
				"west": {"uv": [5, 13.5, 5.125, 13.625], "rotation": 180, "texture": "#2"},
				"up": {"uv": [5, 13.5, 5.125, 13.625], "rotation": 180, "texture": "#2"},
				"down": {"uv": [5, 13.5, 5.125, 13.625], "rotation": 180, "texture": "#2"}
			}
		},
		{
			"from": [7, 4.25, 3.9],
			"to": [9, 4.75, 6.9],
			"rotation": {"angle": 0, "axis": "y", "origin": [8, 4.5, 5.4]},
			"faces": {
				"north": {"uv": [1.125, 11, 0.625, 11.125], "texture": "#2"},
				"east": {"uv": [3.125, 12.125, 3, 11.375], "rotation": 90, "texture": "#2"},
				"south": {"uv": [1.125, 11, 0.625, 11.125], "texture": "#2"},
				"west": {"uv": [3.125, 12.125, 3, 11.375], "rotation": 90, "texture": "#2"},
				"up": {"uv": [2, 11.25, 2.75, 10.75], "rotation": 90, "texture": "#2"},
				"down": {"uv": [2, 10.875, 1.5, 11.625], "rotation": 180, "texture": "#2"}
			}
		},
		{
			"from": [9, 4.1, 4.9],
			"to": [10, 6.1, 5.9],
			"rotation": {"angle": -45, "axis": "z", "origin": [10, 5, 5.4]},
			"faces": {
				"north": {"uv": [2, 11.75, 2.5, 12], "rotation": 90, "texture": "#2"},
				"east": {"uv": [2.5, 11.75, 2, 11.5], "rotation": 270, "texture": "#2"},
				"south": {"uv": [2.5, 11.5, 3, 11.75], "rotation": 90, "texture": "#2"},
				"west": {"uv": [2.5, 11.5, 2, 11.25], "rotation": 270, "texture": "#2"},
				"up": {"uv": [2.5, 9.625, 2.25, 9.375], "rotation": 180, "texture": "#2"},
				"down": {"uv": [2.25, 9.875, 2, 9.625], "rotation": 180, "texture": "#2"}
			}
		},
		{
			"from": [8.5, 4.75, 3.9],
			"to": [9, 5.25, 4.4],
			"rotation": {"angle": 0, "axis": "y", "origin": [8.36036, 6.125, 4.775]},
			"faces": {
				"north": {"uv": [5, 13.75, 5.125, 13.625], "texture": "#2"},
				"east": {"uv": [5, 13.625, 5.125, 13.75], "rotation": 180, "texture": "#2"},
				"south": {"uv": [5, 13.75, 5.125, 13.625], "texture": "#2"},
				"west": {"uv": [5, 13.625, 5.125, 13.75], "rotation": 180, "texture": "#2"},
				"up": {"uv": [5, 13.625, 5.125, 13.75], "rotation": 180, "texture": "#2"},
				"down": {"uv": [5, 13.625, 5.125, 13.75], "rotation": 180, "texture": "#2"}
			}
		},
		{
			"from": [6, 6, 9],
			"to": [10, 9, 12],
			"rotation": {"angle": 0, "axis": "y", "origin": [8, 7.75, 10.6]},
			"faces": {
				"north": {"uv": [0, 9.5, 0.75, 10.5], "rotation": 90, "texture": "#2"},
				"east": {"uv": [3.875, 12.125, 3.125, 11.375], "rotation": 90, "texture": "#2"},
				"south": {"uv": [0, 9.5, 0.75, 10.5], "rotation": 90, "texture": "#2"},
				"west": {"uv": [3.875, 11.375, 3.125, 12.125], "rotation": 90, "texture": "#2"},
				"up": {"uv": [2.25, 10.625, 3, 9.625], "rotation": 90, "texture": "#2"},
				"down": {"uv": [2.25, 10.625, 3, 9.625], "rotation": 90, "texture": "#2"}
			}
		},
		{
			"from": [7, 9, 9.1],
			"to": [9, 9.5, 12.1],
			"rotation": {"angle": 0, "axis": "y", "origin": [8, 9.5, 10.6]},
			"faces": {
				"north": {"uv": [0.625, 10.5, 0.75, 11], "rotation": 90, "texture": "#2"},
				"east": {"uv": [0.75, 9.5, 0, 9.375], "rotation": 180, "texture": "#2"},
				"south": {"uv": [0.625, 10.5, 0.75, 11], "rotation": 90, "texture": "#2"},
				"west": {"uv": [0.75, 9.5, 0, 9.375], "rotation": 180, "texture": "#2"},
				"up": {"uv": [3.875, 11.875, 4.625, 11.375], "rotation": 90, "texture": "#2"},
				"down": {"uv": [3.875, 11.875, 4.625, 11.375], "rotation": 90, "texture": "#2"}
			}
		},
		{
			"from": [7, 5.5, 11.5],
			"to": [7.5, 6, 12],
			"rotation": {"angle": 0, "axis": "y", "origin": [7, 6, 12]},
			"faces": {
				"north": {"uv": [5.125, 13.75, 5, 13.625], "texture": "#2"},
				"east": {"uv": [5.125, 13.625, 5, 13.75], "rotation": 180, "texture": "#2"},
				"south": {"uv": [5.125, 13.75, 5, 13.625], "texture": "#2"},
				"west": {"uv": [5.125, 13.625, 5, 13.75], "rotation": 180, "texture": "#2"},
				"up": {"uv": [5, 13.75, 5.125, 13.625], "rotation": 180, "texture": "#2"},
				"down": {"uv": [5, 13.75, 5.125, 13.625], "rotation": 180, "texture": "#2"}
			}
		},
		{
			"from": [8.5, 5.5, 11.5],
			"to": [9, 6, 12],
			"rotation": {"angle": 0, "axis": "y", "origin": [9, 6, 12]},
			"faces": {
				"north": {"uv": [5, 13.625, 4.875, 13.5], "texture": "#2"},
				"east": {"uv": [5, 13.5, 4.875, 13.625], "rotation": 180, "texture": "#2"},
				"south": {"uv": [5, 13.625, 4.875, 13.5], "texture": "#2"},
				"west": {"uv": [5, 13.5, 4.875, 13.625], "rotation": 180, "texture": "#2"},
				"up": {"uv": [4.875, 13.625, 5, 13.5], "rotation": 180, "texture": "#2"},
				"down": {"uv": [4.875, 13.625, 5, 13.5], "rotation": 180, "texture": "#2"}
			}
		},
		{
			"from": [6, 4.1, 10.1],
			"to": [7, 6.1, 11.1],
			"rotation": {"angle": 45, "axis": "z", "origin": [6, 5, 10.6]},
			"faces": {
				"north": {"uv": [2.5, 11.5, 3, 11.75], "rotation": 90, "texture": "#2"},
				"east": {"uv": [2.5, 11.5, 2, 11.25], "rotation": 270, "texture": "#2"},
				"south": {"uv": [2, 11.75, 2.5, 12], "rotation": 90, "texture": "#2"},
				"west": {"uv": [2.5, 11.75, 2, 11.5], "rotation": 270, "texture": "#2"},
				"up": {"uv": [2.25, 9.375, 2.5, 9.625], "rotation": 180, "texture": "#2"},
				"down": {"uv": [2, 9.625, 2.25, 9.875], "rotation": 180, "texture": "#2"}
			}
		},
		{
			"from": [7, 4.75, 11.5],
			"to": [7.5, 5.25, 12],
			"rotation": {"angle": 0, "axis": "y", "origin": [7, 5, 12]},
			"faces": {
				"north": {"uv": [5.125, 13.625, 5, 13.5], "texture": "#2"},
				"east": {"uv": [5.125, 13.5, 5, 13.625], "rotation": 180, "texture": "#2"},
				"south": {"uv": [5.125, 13.625, 5, 13.5], "texture": "#2"},
				"west": {"uv": [5.125, 13.5, 5, 13.625], "rotation": 180, "texture": "#2"},
				"up": {"uv": [5, 13.625, 5.125, 13.5], "rotation": 180, "texture": "#2"},
				"down": {"uv": [5, 13.625, 5.125, 13.5], "rotation": 180, "texture": "#2"}
			}
		},
		{
			"from": [7, 4.25, 9.1],
			"to": [9, 4.75, 12.1],
			"rotation": {"angle": 0, "axis": "y", "origin": [8, 4.5, 10.6]},
			"faces": {
				"north": {"uv": [0.625, 11, 1.125, 11.125], "texture": "#2"},
				"east": {"uv": [3.125, 11.375, 3, 12.125], "rotation": 90, "texture": "#2"},
				"south": {"uv": [0.625, 11, 1.125, 11.125], "texture": "#2"},
				"west": {"uv": [3.125, 11.375, 3, 12.125], "rotation": 90, "texture": "#2"},
				"up": {"uv": [2.75, 11.25, 2, 10.75], "rotation": 90, "texture": "#2"},
				"down": {"uv": [2, 11.625, 1.5, 10.875], "rotation": 180, "texture": "#2"}
			}
		},
		{
			"from": [9, 4.1, 10.1],
			"to": [10, 6.1, 11.1],
			"rotation": {"angle": -45, "axis": "z", "origin": [10, 5, 10.6]},
			"faces": {
				"north": {"uv": [2.5, 11.75, 3, 11.5], "rotation": 90, "texture": "#2"},
				"east": {"uv": [2.5, 11.5, 2, 11.75], "rotation": 270, "texture": "#2"},
				"south": {"uv": [2, 12, 2.5, 11.75], "rotation": 90, "texture": "#2"},
				"west": {"uv": [2.5, 11.25, 2, 11.5], "rotation": 270, "texture": "#2"},
				"up": {"uv": [2.5, 9.375, 2.25, 9.625], "rotation": 180, "texture": "#2"},
				"down": {"uv": [2.25, 9.625, 2, 9.875], "rotation": 180, "texture": "#2"}
			}
		},
		{
			"from": [8.5, 4.75, 11.6],
			"to": [9, 5.25, 12.1],
			"rotation": {"angle": 0, "axis": "y", "origin": [8.36036, 6.125, 11.225]},
			"faces": {
				"north": {"uv": [5.125, 13.75, 5, 13.625], "texture": "#2"},
				"east": {"uv": [5.125, 13.625, 5, 13.75], "rotation": 180, "texture": "#2"},
				"south": {"uv": [5.125, 13.75, 5, 13.625], "texture": "#2"},
				"west": {"uv": [5.125, 13.625, 5, 13.75], "rotation": 180, "texture": "#2"},
				"up": {"uv": [5, 13.75, 5.125, 13.625], "rotation": 180, "texture": "#2"},
				"down": {"uv": [5, 13.75, 5.125, 13.625], "rotation": 180, "texture": "#2"}
			}
		},
		{
			"from": [8, 11, 4],
			"to": [8, 27, 15],
			"faces": {
				"north": {"uv": [0, 4, 0, 18], "texture": "#3"},
				"east": {"uv": [11, 0, 0, 16], "texture": "#3"},
				"south": {"uv": [0, 4, 0, 18], "texture": "#3"},
				"west": {"uv": [0, 0, 11, 16], "texture": "#3"},
				"up": {"uv": [0, 4, 0, 12], "texture": "#3"},
				"down": {"uv": [0, 4, 0, 12], "texture": "#3"}
			}
		}
	],
	"gui_light": "front",
	"display": {
		"thirdperson_righthand": {
			"translation": [0, 5.25, 1.75],
			"scale": [0.7, 0.7, 0.7]
		},
		"thirdperson_lefthand": {
			"translation": [0, 5.25, 1.75],
			"scale": [0.7, 0.7, 0.7]
		},
		"firstperson_righthand": {
			"rotation": [-175.56, 80, 170],
			"translation": [0.5, 5, 0.5],
			"scale": [0.5, 0.5, 0.5]
		},
		"firstperson_lefthand": {
			"rotation": [175.56, 80, 178],
			"translation": [0.5, 5, 0.5],
			"scale": [0.5, 0.5, 0.5]
		},
		"ground": {
			"translation": [0, 12.5, 0],
			"scale": [0.84, 0.84, 0.84]
		},
		"gui": {
			"rotation": [35, 23, -33],
			"scale": [0.49, 0.49, 0.49]
		},
		"head": {
			"rotation": [-135.5, 0, 0],
			"translation": [0, 20.5, 4.75],
			"scale": [0.7, 0.7, 0.7]
		},
		"fixed": {
			"rotation": [0, 90, 0],
			"translation": [0, 0, -9],
			"scale": [1.5, 1.5, 1.5]
		}
	},
	"groups": [
		{
			"name": "group",
			"origin": [10, 1.5, 8],
			"color": 0,
			"children": [0, 1, 2, 3, 4, 5, 6, 7, 8, 9, 10, 11]
		},
		{
			"name": "group",
			"origin": [0, 0, 16],
			"color": 0,
			"children": [12, 13, 14, 15, 16, 17, 18, 19, 20, 21, 22, 23, 24, 25, 26, 27]
		},
		{
			"name": "Skull",
			"origin": [9.66036, 2.875, 3.125],
			"color": 0,
			"children": [
				28,
				29,
				30,
				31,
				{
					"name": "group",
					"origin": [8.36036, 13.125, 10.775],
					"color": 0,
					"children": [32, 33, 34, 35, 36]
				}
			]
		},
		{
			"name": "Skull",
			"origin": [9.66036, 2.875, 3.125],
			"color": 0,
			"children": [
				37,
				38,
				39,
				40,
				{
					"name": "group",
					"origin": [8.36036, 13.125, 10.775],
					"color": 0,
					"children": [41, 42, 43, 44, 45]
				}
			]
		},
		46
	]
}