{
	"credit": "by w11shes",
	"textures": {
		"0": "item/rogue_assortment/rogue_staff",
		"1": "item/rogue_assortment/flame",
		"particle": "item/rogue_assortment/rogue_staff_e"
	},
	"elements": [
		{
			"from": [6.46729, -10, 6.42836],
			"to": [9.46729, -5, 9.42836],
			"rotation": {"angle": 45, "axis": "y", "origin": [7.89716, 9.20108, 8.00366]},
			"faces": {
				"north": {"uv": [5.5, 6, 4, 8.5], "texture": "#0"},
				"east": {"uv": [4, 6, 5.5, 8.5], "texture": "#0"},
				"south": {"uv": [5.5, 6, 4, 8.5], "texture": "#0"},
				"west": {"uv": [4, 6, 5.5, 8.5], "texture": "#0"},
				"up": {"uv": [9.5, 7, 8, 5.5], "rotation": 270, "texture": "#0"},
				"down": {"uv": [9.5, 7, 8, 8.5], "rotation": 90, "texture": "#0"}
			}
		},
		{
			"from": [6.8935, -6.94383, 20.00313],
			"to": [8.8935, -2.94383, 24.00313],
			"rotation": {"angle": 45, "axis": "x", "origin": [7.89716, 9.20108, 8.00366]},
			"faces": {
				"north": {"uv": [6, 8.5, 7, 10.5], "texture": "#0"},
				"east": {"uv": [4.5, 1.5, 2.5, 3.5], "texture": "#0"},
				"south": {"uv": [8, 8.5, 9, 10.5], "texture": "#0"},
				"west": {"uv": [2.5, 1.5, 4.5, 3.5], "texture": "#0"},
				"up": {"uv": [11, 3, 9, 2], "rotation": 270, "texture": "#0"},
				"down": {"uv": [11, 3, 9, 4], "rotation": 90, "texture": "#0"}
			}
		},
		{
			"from": [8.8935, -3.94383, 23.00313],
			"to": [6.8935, -5.94383, 21.00313],
			"rotation": {"angle": 45, "axis": "x", "origin": [7.89716, 9.20108, 8.00366]},
			"faces": {
				"north": {"uv": [8, 10, 9, 9], "texture": "#0"},
				"south": {"uv": [6, 10, 7, 9], "texture": "#0"},
				"up": {"uv": [9.5, 3, 10.5, 4], "rotation": 270, "texture": "#0"},
				"down": {"uv": [9.5, 3, 10.5, 2], "rotation": 90, "texture": "#0"}
			}
		},
		{
			"from": [6.8935, -3, 6.90083],
			"to": [8.8935, 8, 8.90083],
			"rotation": {"angle": 0, "axis": "y", "origin": [7.89716, 9.20108, 8.00366]},
			"faces": {
				"north": {"uv": [1, 0, 0, 5.5], "texture": "#0"},
				"east": {"uv": [0, 0, 1, 5.5], "texture": "#0"},
				"south": {"uv": [1, 0, 0, 5.5], "texture": "#0"},
				"west": {"uv": [0, 0, 1, 5.5], "texture": "#0"}
			}
		},
		{
			"from": [5.8935, -5, 5.90083],
			"to": [9.8935, -3, 9.90083],
			"rotation": {"angle": 0, "axis": "y", "origin": [7.89716, 9.20108, 8.00366]},
			"faces": {
				"north": {"uv": [9.5, 4, 11.5, 5], "texture": "#0"},
				"east": {"uv": [9.5, 4, 11.5, 5], "texture": "#0"},
				"south": {"uv": [9.5, 4, 11.5, 5], "texture": "#0"},
				"west": {"uv": [9.5, 4, 11.5, 5], "texture": "#0"},
				"up": {"uv": [6.5, 4, 4.5, 2], "rotation": 270, "texture": "#0"},
				"down": {"uv": [6.5, 4, 4.5, 6], "rotation": 90, "texture": "#0"}
			}
		},
		{
			"from": [5.8935, 8, 5.90083],
			"to": [9.8935, 10, 9.90083],
			"rotation": {"angle": 0, "axis": "y", "origin": [7.89716, 9.20108, 8.00366]},
			"faces": {
				"north": {"uv": [9, 8.5, 11, 9.5], "texture": "#0"},
				"east": {"uv": [9, 8.5, 11, 9.5], "texture": "#0"},
				"south": {"uv": [9, 8.5, 11, 9.5], "texture": "#0"},
				"west": {"uv": [9, 8.5, 11, 9.5], "texture": "#0"},
				"up": {"uv": [4.5, 5.5, 2.5, 3.5], "rotation": 270, "texture": "#0"},
				"down": {"uv": [6.5, 0, 4.5, 2], "rotation": 90, "texture": "#0"}
			}
		},
		{
			"from": [5.8935, 15, 5.90083],
			"to": [9.8935, 17, 9.90083],
			"rotation": {"angle": 0, "axis": "y", "origin": [7.89716, 9.20108, 8.00366]},
			"faces": {
				"north": {"uv": [9.5, 5, 11.5, 6], "texture": "#0"},
				"east": {"uv": [9.5, 5, 11.5, 6], "texture": "#0"},
				"south": {"uv": [9.5, 5, 11.5, 6], "texture": "#0"},
				"west": {"uv": [9.5, 5, 11.5, 6], "texture": "#0"},
				"up": {"uv": [2, 7.5, 0, 5.5], "rotation": 270, "texture": "#0"},
				"down": {"uv": [4, 5.5, 2, 7.5], "rotation": 90, "texture": "#0"}
			}
		},
		{
			"from": [6.46729, 10, 6.42836],
			"to": [9.46729, 15, 9.42836],
			"rotation": {"angle": 45, "axis": "y", "origin": [7.89716, 9.20108, 8.00366]},
			"faces": {
				"north": {"uv": [5.5, 6, 7, 8.5], "texture": "#0"},
				"east": {"uv": [5.5, 6, 7, 8.5], "texture": "#0"},
				"south": {"uv": [5.5, 6, 7, 8.5], "texture": "#0"},
				"west": {"uv": [5.5, 6, 7, 8.5], "texture": "#0"},
				"up": {"uv": [4.5, 10, 3, 8.5], "rotation": 270, "texture": "#0"},
				"down": {"uv": [6, 8.5, 4.5, 10], "rotation": 90, "texture": "#0"}
			}
		},
		{
			"from": [6.8935, 13.67839, -3.61908],
			"to": [8.8935, 16.67839, 3.38092],
			"rotation": {"angle": 45, "axis": "x", "origin": [7.89716, 9.20108, 8.00366]},
			"faces": {
				"north": {"uv": [7, 9, 8, 10.5], "texture": "#0"},
				"east": {"uv": [4.5, 0, 1, 1.5], "texture": "#0"},
				"south": {"uv": [9.5, 6, 10.5, 7.5], "texture": "#0"},
				"west": {"uv": [1, 0, 4.5, 1.5], "texture": "#0"},
				"up": {"uv": [10, 1, 6.5, 0], "rotation": 270, "texture": "#0"},
				"down": {"uv": [10, 1, 6.5, 2], "rotation": 90, "texture": "#0"}
			}
		},
		{
			"from": [7.8935, 9.67839, -3.61908],
			"to": [7.9435, 13.67839, -0.61908],
			"rotation": {"angle": 45, "axis": "x", "origin": [7.89716, 9.20108, 8.00366]},
			"faces": {
				"east": {"uv": [9, 2, 7.5, 4], "texture": "#0"},
				"west": {"uv": [7.5, 2, 9, 4], "texture": "#0"}
			}
		},
		{
			"from": [7.8935, 24.01843, 18.61409],
			"to": [7.9435, 27.01843, 22.61409],
			"rotation": {"angle": -22.5, "axis": "x", "origin": [7.89716, 9.20108, 8.00366]},
			"faces": {
				"east": {"uv": [9.5, 4, 7.5, 5.5], "texture": "#0"},
				"west": {"uv": [7.5, 4, 9.5, 5.5], "texture": "#0"}
			}
		},
		{
			"from": [6.8935, 16.67839, 0.38092],
			"to": [8.8935, 23.67839, 3.38092],
			"rotation": {"angle": 45, "axis": "x", "origin": [7.89716, 9.20108, 8.00366]},
			"faces": {
				"north": {"uv": [6.5, 2, 7.5, 5.5], "texture": "#0"},
				"east": {"uv": [2.5, 1.5, 1, 5], "texture": "#0"},
				"south": {"uv": [7, 5.5, 8, 9], "texture": "#0"},
				"west": {"uv": [1, 1.5, 2.5, 5], "texture": "#0"},
				"up": {"uv": [11, 8.5, 9.5, 7.5], "rotation": 270, "texture": "#0"}
			}
		},
		{
			"from": [6.8735, 21.01843, 16.61409],
			"to": [8.9135, 27.01843, 18.61409],
			"rotation": {"angle": -22.5, "axis": "x", "origin": [7.89716, 9.20108, 8.00366]},
			"faces": {
				"north": {"uv": [1, 7.5, 2, 10.5], "texture": "#0"},
				"east": {"uv": [1, 7.5, 0, 10.5], "texture": "#0"},
				"south": {"uv": [2, 7.5, 3, 10.5], "texture": "#0"},
				"west": {"uv": [0, 7.5, 1, 10.5], "texture": "#0"},
				"up": {"uv": [4, 8.5, 3, 7.5], "rotation": 270, "texture": "#0"}
			}
		},
		{
			"from": [6.3935, 17.09278, -3.03347],
			"to": [9.3935, 20.09278, -0.03347],
			"rotation": {"angle": 45, "axis": "x", "origin": [7.89716, 9.20108, 8.00366]},
			"faces": {
				"north": {"uv": [16, 1.5, 14.5, 3], "rotation": 90, "texture": "#0"},
				"east": {"uv": [14.5, 1.5, 16, 0], "texture": "#0"},
				"south": {"uv": [14.5, 1.5, 16, 3], "rotation": 90, "texture": "#0"},
				"west": {"uv": [14.5, 0, 16, 1.5], "texture": "#0"},
				"up": {"uv": [14.5, 1.5, 16, 3], "rotation": 270, "texture": "#0"},
				"down": {"uv": [16, 1.5, 14.5, 3], "rotation": 90, "texture": "#0"}
			}
		},
		{
			"from": [9.9935, 20.69278, 0.56653],
			"to": [5.7935, 16.49278, -3.63347],
			"rotation": {"angle": 45, "axis": "x", "origin": [7.89716, 9.20108, 8.00366]},
			"faces": {
				"north": {"uv": [13, 0, 14.5, 1.5], "texture": "#0"},
				"east": {"uv": [13, 0, 14.5, 1.5], "texture": "#0"},
				"south": {"uv": [13, 0, 14.5, 1.5], "texture": "#0"},
				"west": {"uv": [13, 0, 14.5, 1.5], "texture": "#0"},
				"up": {"uv": [13, 0, 14.5, 1.5], "rotation": 270, "texture": "#0"},
				"down": {"uv": [13, 0, 14.5, 1.5], "rotation": 90, "texture": "#0"}
			}
		},
		{
			"from": [10.7935, 21.49278, 1.36653],
			"to": [4.9935, 15.69278, -4.43347],
			"rotation": {"angle": 45, "axis": "x", "origin": [7.89716, 9.20108, 8.00366]},
			"faces": {
				"north": {"uv": [11.5, 0, 13, 1.5], "texture": "#0"},
				"east": {"uv": [11.5, 0, 13, 1.5], "texture": "#0"},
				"south": {"uv": [11.5, 0, 13, 1.5], "texture": "#0"},
				"west": {"uv": [11.5, 0, 13, 1.5], "texture": "#0"},
				"up": {"uv": [11.5, 0, 13, 1.5], "rotation": 270, "texture": "#0"},
				"down": {"uv": [11.5, 0, 13, 1.5], "rotation": 90, "texture": "#0"}
			}
		},
		{
			"from": [4.96729, 21, 7.87836],
			"to": [10.96729, 32, 7.92836],
			"rotation": {"angle": 45, "axis": "y", "origin": [7.89716, 9.20108, 8.00366]},
			"faces": {
				"north": {"uv": [5, 4, 11, 15], "texture": "#1"},
				"south": {"uv": [5, 4, 11, 15], "texture": "#1"}
			}
		},
		{
			"from": [4.82186, 21, 7.93353],
			"to": [10.82186, 32, 7.93353],
			"rotation": {"angle": -45, "axis": "y", "origin": [7.89716, 9.20108, 8.00366]},
			"faces": {
				"north": {"uv": [5, 4, 11, 15], "texture": "#1"},
				"south": {"uv": [5, 4, 11, 15], "texture": "#1"}
			}
		}
	],
	"gui_light": "front",
	"display": {
		"thirdperson_righthand": {
			"rotation": [41.73, 23.5, 10.88],
			"translation": [0, 0.5, 1.75],
			"scale": [0.75, 0.75, 0.75]
		},
		"thirdperson_lefthand": {
			"rotation": [41.73, 23.5, 10.88],
			"translation": [0, 0.5, 1.75],
			"scale": [0.75, 0.75, 0.75]
		},
		"firstperson_righthand": {
			"rotation": [-3, 20, 10],
			"translation": [4.75, -1.5, -4.75],
			"scale": [0.74609, 0.74609, 0.74609]
		},
		"firstperson_lefthand": {
			"rotation": [-3, 20, 10],
			"translation": [4.75, -1.5, -4.75],
			"scale": [0.74609, 0.74609, 0.74609]
		},
		"ground": {
			"rotation": [94, 85, 0],
			"translation": [0, 0, 2],
			"scale": [0.5, 0.5, 0.5]
		},
		"gui": {
			"rotation": [-90, 50, 90],
			"translation": [-0.25, -0.75, 0],
			"scale": [0.41328, 0.41328, 0.41328]
		},
		"head": {
			"rotation": [90, -171, 90],
			"translation": [-2.25, 9.25, 0.25],
			"scale": [0.7, 0.7, 0.7]
		},
		"fixed": {
			"rotation": [0, 90, 0],
			"translation": [0, 1, -1.25],
			"scale": [1.42109, 1.42109, 1.42109]
		}
	}
}