{
	"credit": "by w11shes",
	"texture_size": [32, 32],
	"textures": {
		"0": "item/rogue_assortment/rogue_mace",
		"particle": "item/rogue_assortment/rogue_mace"
	},
	"elements": [
		{
			"from": [7.73021, -5.09996, 10.44634],
			"to": [9.73021, -1.09996, 14.44634],
			"rotation": {"angle": 45, "axis": "x", "origin": [8.73021, -1, -2]},
			"faces": {
				"north": {"uv": [4.5, 9, 5.5, 11], "texture": "#0"},
				"east": {"uv": [6, 5, 4, 7], "texture": "#0"},
				"south": {"uv": [5.5, 9, 6.5, 11], "texture": "#0"},
				"west": {"uv": [4, 5, 6, 7], "texture": "#0"},
				"up": {"uv": [10.5, 4, 8.5, 3], "rotation": 270, "texture": "#0"},
				"down": {"uv": [10.5, 9, 8.5, 10], "rotation": 90, "texture": "#0"}
			}
		},
		{
			"from": [9.73021, -2.09996, 13.44634],
			"to": [7.73021, -4.09996, 11.44634],
			"rotation": {"angle": 45, "axis": "x", "origin": [8.73021, -1, -2]},
			"faces": {
				"north": {"uv": [5.5, 10.5, 6.5, 9.5], "texture": "#0"},
				"south": {"uv": [4.5, 10.5, 5.5, 9.5], "texture": "#0"},
				"up": {"uv": [9, 9, 10, 10], "rotation": 270, "texture": "#0"},
				"down": {"uv": [9, 4, 10, 3], "rotation": 90, "texture": "#0"}
			}
		},
		{
			"from": [7.73021, -0.90004, 10.44634],
			"to": [9.73021, 3.09996, 14.44634],
			"rotation": {"angle": -45, "axis": "x", "origin": [8.73021, -1, -2]},
			"faces": {
				"north": {"uv": [6.5, 9.5, 7.5, 11.5], "texture": "#0"},
				"east": {"uv": [7, 7, 5, 9], "texture": "#0"},
				"south": {"uv": [7.5, 9.5, 8.5, 11.5], "texture": "#0"},
				"west": {"uv": [5, 7, 7, 9], "texture": "#0"},
				"up": {"uv": [12, 1, 10, 0], "rotation": 270, "texture": "#0"},
				"down": {"uv": [12, 1, 10, 2], "rotation": 90, "texture": "#0"}
			}
		},
		{
			"from": [9.73021, 2.09995, 13.44634],
			"to": [7.73021, 0.09995, 11.44634],
			"rotation": {"angle": -45, "axis": "x", "origin": [8.73021, -1, -2]},
			"faces": {
				"north": {"uv": [7.5, 11, 8.5, 10], "texture": "#0"},
				"south": {"uv": [6.5, 11, 7.5, 10], "texture": "#0"},
				"up": {"uv": [10.5, 1, 11.5, 2], "rotation": 270, "texture": "#0"},
				"down": {"uv": [10.5, 1, 11.5, 0], "rotation": 90, "texture": "#0"}
			}
		},
		{
			"from": [1.05702, -12, 2.67319],
			"to": [4.05702, -7, 5.67319],
			"rotation": {"angle": 45, "axis": "y", "origin": [8.73021, -1, -2]},
			"faces": {
				"north": {"uv": [8.5, 7, 7, 9.5], "texture": "#0"},
				"east": {"uv": [7, 7, 8.5, 9.5], "texture": "#0"},
				"south": {"uv": [8.5, 7, 7, 9.5], "texture": "#0"},
				"west": {"uv": [7, 7, 8.5, 9.5], "texture": "#0"},
				"up": {"uv": [10, 1.5, 8.5, 0], "rotation": 270, "texture": "#0"},
				"down": {"uv": [10, 1.5, 8.5, 3], "rotation": 90, "texture": "#0"}
			}
		},
		{
			"from": [6.73021, -7, 4.73021],
			"to": [10.73021, -5, 8.73021],
			"rotation": {"angle": 0, "axis": "y", "origin": [8.73021, -1, -2]},
			"faces": {
				"north": {"uv": [9.5, 4, 11.5, 5], "texture": "#0"},
				"east": {"uv": [9.5, 4, 11.5, 5], "texture": "#0"},
				"south": {"uv": [9.5, 4, 11.5, 5], "texture": "#0"},
				"west": {"uv": [9.5, 4, 11.5, 5], "texture": "#0"},
				"up": {"uv": [8, 7, 6, 5], "rotation": 270, "texture": "#0"},
				"down": {"uv": [8.5, 0, 6.5, 2], "rotation": 90, "texture": "#0"}
			}
		},
		{
			"from": [6.73021, 3, 4.73021],
			"to": [10.73021, 5, 8.73021],
			"rotation": {"angle": 0, "axis": "y", "origin": [8.73021, -1, -2]},
			"faces": {
				"north": {"uv": [9.5, 5, 11.5, 6], "texture": "#0"},
				"east": {"uv": [9.5, 5, 11.5, 6], "texture": "#0"},
				"south": {"uv": [9.5, 5, 11.5, 6], "texture": "#0"},
				"west": {"uv": [9.5, 5, 11.5, 6], "texture": "#0"},
				"up": {"uv": [8.5, 4, 6.5, 2], "rotation": 270, "texture": "#0"},
				"down": {"uv": [5, 7, 3, 9], "rotation": 90, "texture": "#0"}
			}
		},
		{
			"from": [1.05702, 5, 2.67319],
			"to": [4.05702, 10, 5.67319],
			"rotation": {"angle": 45, "axis": "y", "origin": [8.73021, -1, -2]},
			"faces": {
				"north": {"uv": [0, 8, 1.5, 10.5], "texture": "#0"},
				"east": {"uv": [0, 8, 1.5, 10.5], "texture": "#0"},
				"south": {"uv": [0, 8, 1.5, 10.5], "texture": "#0"},
				"west": {"uv": [0, 8, 1.5, 10.5], "texture": "#0"},
				"up": {"uv": [10, 7.5, 8.5, 6], "rotation": 270, "texture": "#0"},
				"down": {"uv": [10, 7.5, 8.5, 9], "rotation": 90, "texture": "#0"}
			}
		},
		{
			"from": [7.73021, -5, 5.73021],
			"to": [9.73021, 3, 7.73021],
			"rotation": {"angle": 0, "axis": "y", "origin": [8.73021, -1, -2]},
			"faces": {
				"north": {"uv": [3, 6.5, 2, 10.5], "texture": "#0"},
				"east": {"uv": [2, 6.5, 3, 10.5], "texture": "#0"},
				"south": {"uv": [3, 6.5, 2, 10.5], "texture": "#0"},
				"west": {"uv": [2, 6.5, 3, 10.5], "texture": "#0"}
			}
		},
		{
			"from": [7.23021, -0.4729, -4.66565],
			"to": [10.23021, 13.5271, -4.66565],
			"rotation": {"angle": 45, "axis": "x", "origin": [8.73021, -1, -2]},
			"faces": {
				"north": {"uv": [13.5, 0, 15, 7], "texture": "#0"},
				"south": {"uv": [13.5, 0, 15, 7], "texture": "#0"}
			}
		},
		{
			"from": [8.73021, 0.16564, -1.47289],
			"to": [8.73021, 3.16564, 11.52711],
			"rotation": {"angle": -45, "axis": "x", "origin": [8.73021, -1, -2]},
			"faces": {
				"east": {"uv": [12, 0, 13.5, 7], "rotation": 270, "texture": "#0"},
				"west": {"uv": [12, 0, 13.5, 7], "rotation": 90, "texture": "#0"}
			}
		},
		{
			"from": [7.73021, 0.1233, -4.64649],
			"to": [9.73021, 3.1233, -1.64649],
			"rotation": {"angle": 0, "axis": "y", "origin": [8.73021, -1, -2]},
			"faces": {
				"north": {"uv": [10, 6, 11, 7.5], "texture": "#0"},
				"east": {"uv": [4.5, 9, 3, 10.5], "texture": "#0"},
				"south": {"uv": [10, 7.5, 11, 9], "texture": "#0"},
				"west": {"uv": [3, 9, 4.5, 10.5], "texture": "#0"},
				"up": {"uv": [8, 5, 6.5, 4], "rotation": 270, "texture": "#0"},
				"down": {"uv": [11.5, 2, 10, 3], "rotation": 90, "texture": "#0"}
			}
		},
		{
			"from": [9.73021, 2.1233, -2.64649],
			"to": [7.73021, 1.1233, -3.64649],
			"rotation": {"angle": 0, "axis": "y", "origin": [8.73021, -1, -2]},
			"faces": {
				"north": {"uv": [10, 8.5, 11, 8], "texture": "#0"},
				"south": {"uv": [10, 7, 11, 6.5], "texture": "#0"},
				"up": {"uv": [10, 2, 10.5, 3], "rotation": 270, "texture": "#0"},
				"down": {"uv": [7, 5, 7.5, 4], "rotation": 90, "texture": "#0"}
			}
		},
		{
			"from": [6.23021, -8.65574, -7.16565],
			"to": [11.23021, -0.65574, -2.16565],
			"rotation": {"angle": 45, "axis": "x", "origin": [8.73021, -1, -2]},
			"faces": {
				"north": {"uv": [0, 0, 2.5, 4], "texture": "#0"},
				"east": {"uv": [0, 0, 2.5, 4], "texture": "#0"},
				"south": {"uv": [0, 0, 2.5, 4], "texture": "#0"},
				"west": {"uv": [0, 0, 2.5, 4], "texture": "#0"},
				"up": {"uv": [6.5, 2.5, 4, 0], "rotation": 270, "texture": "#0"},
				"down": {"uv": [6.5, 2.5, 4, 5], "rotation": 90, "texture": "#0"}
			}
		},
		{
			"from": [2.23021, -8.65574, -4.71565],
			"to": [6.23021, -0.65574, -4.66565],
			"rotation": {"angle": 45, "axis": "x", "origin": [8.73021, -1, -2]},
			"faces": {
				"north": {"uv": [0, 4, 2, 8], "texture": "#0"},
				"south": {"uv": [2, 4, 0, 8], "texture": "#0"}
			}
		},
		{
			"from": [11.23021, -8.65574, -4.71565],
			"to": [15.23021, -0.65574, -4.66565],
			"rotation": {"angle": 45, "axis": "x", "origin": [8.73021, -1, -2]},
			"faces": {
				"north": {"uv": [2, 4, 0, 8], "texture": "#0"},
				"south": {"uv": [0, 4, 2, 8], "texture": "#0"}
			}
		},
		{
			"from": [7.23021, -12.65574, -4.71565],
			"to": [10.23021, -8.65574, -4.66565],
			"rotation": {"angle": 45, "axis": "x", "origin": [8.73021, -1, -2]},
			"faces": {
				"north": {"uv": [8, 4, 9.5, 6], "texture": "#0"},
				"south": {"uv": [9.5, 4, 8, 6], "texture": "#0"}
			}
		},
		{
			"from": [8.73021, -12.65574, -6.16565],
			"to": [8.78021, -8.65574, -3.16565],
			"rotation": {"angle": 45, "axis": "x", "origin": [8.73021, -1, -2]},
			"faces": {
				"east": {"uv": [9.5, 4, 8, 6], "texture": "#0"},
				"west": {"uv": [8, 4, 9.5, 6], "texture": "#0"}
			}
		},
		{
			"from": [8.73021, -8.65574, -11.16565],
			"to": [8.78021, -0.65574, -7.16565],
			"rotation": {"angle": 45, "axis": "x", "origin": [8.73021, -1, -2]},
			"faces": {
				"east": {"uv": [0, 4, 2, 8], "texture": "#0"},
				"west": {"uv": [2, 4, 0, 8], "texture": "#0"}
			}
		},
		{
			"from": [8.73021, -8.65574, -2.16565],
			"to": [8.78021, -0.65574, 1.83435],
			"rotation": {"angle": 45, "axis": "x", "origin": [8.73021, -1, -2]},
			"faces": {
				"east": {"uv": [2, 4, 0, 8], "texture": "#0"},
				"west": {"uv": [0, 4, 2, 8], "texture": "#0"}
			}
		}
	],
	"gui_light": "front",
	"display": {
		"thirdperson_righthand": {
			"translation": [-1, 4.5, 2],
			"scale": [0.75, 0.75, 0.75]
		},
		"thirdperson_lefthand": {
			"translation": [-1, 4.5, 2],
			"scale": [0.75, 0.75, 0.75]
		},
		"firstperson_righthand": {
			"rotation": [-3, 20, 10],
			"translation": [3.25, 6.5, 1],
			"scale": [0.74609, 0.74609, 0.74609]
		},
		"firstperson_lefthand": {
			"rotation": [-3, 20, 10],
			"translation": [3.25, 6.5, 1],
			"scale": [0.74609, 0.74609, 0.74609]
		},
		"ground": {
			"rotation": [94, 85, 0],
			"translation": [0, 0, 2],
			"scale": [0.5, 0.5, 0.5]
		},
		"gui": {
			"rotation": [-68, 50, 103],
			"translation": [-1.25, 4.25, 0],
			"scale": [0.55, 0.55, 0.55]
		},
		"head": {
			"rotation": [90, -171, 90],
			"translation": [-2.25, 10.75, 0.25],
			"scale": [0.7, 0.7, 0.7]
		},
		"fixed": {
			"rotation": [0, 90, 0],
			"translation": [3.25, 8.5, -1.25],
			"scale": [1.42109, 1.42109, 1.42109]
		}
	},
	"groups": [
		{
			"name": "group",
			"origin": [0, 0, 0],
			"color": 0,
			"boneType": "",
			"children": [0, 1, 2, 3, 4, 5, 6, 7, 8, 9, 10, 11, 12, 13, 14, 15, 16, 17, 18, 19]
		},
		{
			"name": "chain",
			"origin": [0, 0, 0],
			"color": 0,
			"boneType": "",
			"children": []
		}
	]
}