{"textures":{"0":"modelengine:entity/golem_arcane"},"elements":[{"from":[2.152194,1.6209564,1.7091646],"to":[10.152194,14.6209545,11.709165],"faces":{"east":{"uv":[4.75,4.8125,4.125,5.625],"tintindex":0,"rotation":0,"texture":"#0"},"south":{"uv":[6.625,5.4375,6.125,6.25],"tintindex":0,"rotation":0,"texture":"#0"},"north":{"uv":[5.3125,5.6875,4.8125,6.5],"tintindex":0,"rotation":0,"texture":"#0"},"west":{"uv":[4.0625,4.8125,3.4375,5.625],"tintindex":0,"rotation":0,"texture":"#0"},"up":{"uv":[6.375,7.4375,6.875,6.8125],"tintindex":0,"rotation":0,"texture":"#0"},"down":{"uv":[6.875,1.625,7.375,2.25],"tintindex":0,"rotation":0,"texture":"#0"}},"rotation":{"origin":[-0.34780598,9.120956,3.7091646],"angle":22.5,"axis":"y"}},{"from":[4.2591352,10.595957,-5.3638763],"to":[7.2591352,14.595957,-0.3638773],"faces":{"east":{"uv":[8.125,6.25,7.8125,6.5],"tintindex":0,"rotation":0,"texture":"#0"},"south":{"uv":[8.25,8.25,8.0625,8.5],"tintindex":0,"rotation":0,"texture":"#0"},"north":{"uv":[8.4375,3.8125,8.25,4.0625],"tintindex":0,"rotation":0,"texture":"#0"},"west":{"uv":[7.1875,2.3125,6.875,2.5625],"tintindex":0,"rotation":0,"texture":"#0"},"up":{"uv":[8.1875,7.8125,8.375,7.5],"tintindex":0,"rotation":0,"texture":"#0"},"down":{"uv":[7.5625,8.1875,7.75,8.5],"tintindex":0,"rotation":0,"texture":"#0"}},"rotation":{"origin":[5.7591352,12.620956,-2.8638773],"angle":45.0,"axis":"y"}},{"from":[4.2591352,1.5959568,-5.3638763],"to":[7.2591352,5.595957,-0.3638773],"faces":{"east":{"uv":[5.3125,6.5625,5.0,6.8125],"tintindex":0,"rotation":0,"texture":"#0"},"south":{"uv":[8.4375,3.5,8.25,3.75],"tintindex":0,"rotation":0,"texture":"#0"},"north":{"uv":[8.4375,3.1875,8.25,3.4375],"tintindex":0,"rotation":0,"texture":"#0"},"west":{"uv":[4.8125,3.9375,4.5,4.1875],"tintindex":0,"rotation":0,"texture":"#0"},"up":{"uv":[3.4375,8.5,3.625,8.1875],"tintindex":0,"rotation":0,"texture":"#0"},"down":{"uv":[8.1875,6.75,8.375,7.0625],"tintindex":0,"rotation":0,"texture":"#0"}},"rotation":{"origin":[5.7591352,12.620956,-2.8638773],"angle":45.0,"axis":"y"}},{"from":[4.652194,15.585421,-0.8974371],"to":[7.652194,25.58542,3.102563],"faces":{"east":{"uv":[3.125,7.75,3.375,8.375],"tintindex":0,"rotation":0,"texture":"#0"},"south":{"uv":[1.875,7.875,2.0625,8.5],"tintindex":0,"rotation":0,"texture":"#0"},"north":{"uv":[1.625,7.875,1.8125,8.5],"tintindex":0,"rotation":0,"texture":"#0"},"west":{"uv":[0.0,7.8125,0.25,8.4375],"tintindex":0,"rotation":0,"texture":"#0"},"up":{"uv":[8.5,2.375,8.3125,2.125],"tintindex":0,"rotation":0,"texture":"#0"},"down":{"uv":[8.5,2.4375,8.3125,2.6875],"tintindex":0,"rotation":0,"texture":"#0"}},"rotation":{"origin":[0.15219402,11.0854225,-4.897436],"angle":22.5,"axis":"x"}},{"from":[10.177194,1.6209564,1.7091646],"to":[10.177194,14.6209545,11.709165],"faces":{"east":{"uv":[5.375,2.4375,4.75,3.25],"tintindex":0,"rotation":0,"texture":"#0"},"west":{"uv":[4.75,2.4375,5.375,3.25],"tintindex":0,"rotation":0,"texture":"#0"}},"rotation":{"origin":[-0.34780598,9.120956,3.7091646],"angle":22.5,"axis":"y"}}]}