{"textures":{"0":"modelengine:entity/horse_glacial"},"elements":[{"from":[4.4,-3.1000004,4.799999],"to":[10.4,8.9,10.799999],"faces":{"east":{"uv":[5.125,2.25,5.5,3.0],"tintindex":0,"rotation":0,"texture":"#0"},"south":{"uv":[5.125,4.6875,5.5,5.4375],"tintindex":0,"rotation":0,"texture":"#0"},"north":{"uv":[0.5625,5.0625,0.9375,5.8125],"tintindex":0,"rotation":0,"texture":"#0"},"west":{"uv":[5.1875,0.0,5.5625,0.75],"tintindex":0,"rotation":0,"texture":"#0"},"up":{"uv":[6.875,3.3125,6.5,2.9375],"tintindex":0,"rotation":0,"texture":"#0"},"down":{"uv":[6.875,3.375,6.5,3.75],"tintindex":0,"rotation":0,"texture":"#0"}}}]}