{"textures":{"0":"item/meg/horse_spartan"},"elements":[{"from":[5.0,-3.5,5.0000005],"to":[11.0,-1.5,11.0],"faces":{"east":{"uv":[14.25,11.625,15.0,11.875],"tintindex":0,"rotation":0,"texture":"#0"},"south":{"uv":[14.375,4.75,15.125,5.0],"tintindex":0,"rotation":0,"texture":"#0"},"north":{"uv":[14.25,11.25,15.0,11.5],"tintindex":0,"rotation":0,"texture":"#0"},"west":{"uv":[14.25,12.375,15.0,12.625],"tintindex":0,"rotation":0,"texture":"#0"},"up":{"uv":[13.625,7.0,12.875,6.25],"tintindex":0,"rotation":0,"texture":"#0"},"down":{"uv":[5.75,13.0,5.0,13.75],"tintindex":0,"rotation":0,"texture":"#0"}}},{"from":[6.0,-1.5,6.0],"to":[10.0,8.5,10.0],"faces":{"east":{"uv":[8.125,12.25,8.625,13.5],"tintindex":0,"rotation":0,"texture":"#0"},"south":{"uv":[8.75,12.25,9.25,13.5],"tintindex":0,"rotation":0,"texture":"#0"},"north":{"uv":[7.5,12.25,8.0,13.5],"tintindex":0,"rotation":0,"texture":"#0"},"west":{"uv":[12.0,12.25,12.5,13.5],"tintindex":0,"rotation":0,"texture":"#0"},"up":{"uv":[8.5,14.75,8.0,14.25],"tintindex":0,"rotation":0,"texture":"#0"},"down":{"uv":[14.75,8.375,14.25,8.875],"tintindex":0,"rotation":0,"texture":"#0"}}}]}