{
	"credit": "by w11shes",
	"textures": {
		"0": "item/warrior_weapon_assortment/warrior_helmet"
	},
	"elements": [
		{
			"from": [3, 0, 3],
			"to": [13, 11, 13],
			"faces": {
				"north": {"uv": [3, 0, 5.5, 2.75], "texture": "#0"},
				"east": {"uv": [8, 0, 5.5, 2.75], "texture": "#0"},
				"south": {"uv": [3, 2.75, 5.5, 5.5], "texture": "#0"},
				"west": {"uv": [5.5, 0, 8, 2.75], "texture": "#0"},
				"up": {"uv": [8, 5.25, 5.5, 2.75], "texture": "#0"}
			}
		},
		{
			"from": [13, 11, 13],
			"to": [3, 0, 3],
			"rotation": {"angle": 0, "axis": "y", "origin": [16, 16, 16]},
			"faces": {
				"north": {"uv": [3, 5.5, 5.5, 2.75], "texture": "#0"},
				"east": {"uv": [5.5, 2.75, 8, 0], "texture": "#0"},
				"south": {"uv": [3, 2.75, 5.5, 0], "texture": "#0"},
				"west": {"uv": [8, 2.75, 5.5, 0], "texture": "#0"},
				"down": {"uv": [5.5, 5.25, 8, 2.75], "texture": "#0"}
			}
		},
		{
			"from": [6, 4, 2],
			"to": [10, 13, 3],
			"faces": {
				"north": {"uv": [0, 6, 1, 8.25], "texture": "#0"},
				"east": {"uv": [0, 6, 0.25, 8.25], "texture": "#0"},
				"west": {"uv": [0.75, 6, 1, 8.25], "texture": "#0"},
				"up": {"uv": [0, 6, 1, 6.25], "texture": "#0"},
				"down": {"uv": [0, 8, 1, 8.25], "texture": "#0"}
			}
		},
		{
			"from": [6, 8, 3],
			"to": [10, 13, 14],
			"faces": {
				"east": {"uv": [5.75, 5.5, 3, 6.75], "texture": "#0"},
				"south": {"uv": [4, 6.75, 5, 8], "texture": "#0"},
				"west": {"uv": [3, 5.5, 5.75, 6.75], "texture": "#0"},
				"up": {"uv": [6.75, 8, 5.75, 5.25], "texture": "#0"}
			}
		},
		{
			"from": [2, 6, 2],
			"to": [14, 8, 14],
			"faces": {
				"north": {"uv": [1, 6.75, 4, 7.25], "texture": "#0"},
				"east": {"uv": [6.75, 5.75, 9.75, 6.25], "texture": "#0"},
				"south": {"uv": [6.75, 5.25, 9.75, 5.75], "texture": "#0"},
				"west": {"uv": [6.75, 5.75, 9.75, 6.25], "texture": "#0"},
				"up": {"uv": [3, 3, 0, 0], "texture": "#0"},
				"down": {"uv": [3, 3, 0, 6], "texture": "#0"}
			}
		}
	],
	"gui_light": "front",
	"display": {
		"thirdperson_righthand": {
			"rotation": [67.5, 0, 0],
			"translation": [0, 1.75, 0.25],
			"scale": [0.30078, 0.30078, 0.30078]
		},
		"thirdperson_lefthand": {
			"rotation": [67.5, 0, 0],
			"translation": [0, 1.75, 0.25],
			"scale": [0.30078, 0.30078, 0.30078]
		},
		"firstperson_righthand": {
			"translation": [3, 3, 0],
			"scale": [0.30859, 0.30859, 0.30859]
		},
		"firstperson_lefthand": {
			"translation": [3, 3, 0],
			"scale": [0.30859, 0.30859, 0.30859]
		},
		"ground": {
			"translation": [0, 6, 0],
			"scale": [0.7, 0.7, 0.7]
		},
		"gui": {
			"rotation": [30, 135, 0],
			"translation": [0, 1.25, 0],
			"scale": [0.83984, 0.8418, 0.83984]
		},
		"head": {
			"translation": [0, 4.5, 0],
			"scale": [1.6, 1.6, 1.6]
		},
		"fixed": {
			"rotation": [-90, 0, 0],
			"translation": [0, 0, -16],
			"scale": [2, 2, 2]
		}
	}
}