{
	"credit": "by w11shes",
	"textures": {
		"0": "item/warrior_weapon_assortment/warrior_bow"
	},
	"elements": [
		{
			"from": [8, -5, 12.3],
			"to": [8.05, 21, 13.3],
			"faces": {
				"east": {"uv": [0, 0, 0.5, 14], "texture": "#0"},
				"west": {"uv": [0, 0, 0.5, 14], "texture": "#0"}
			}
		},
		{
			"from": [7.02, 13, 5],
			"to": [8.98, 18, 7],
			"rotation": {"angle": -22.5, "axis": "x", "origin": [1, 13, 7]},
			"faces": {
				"north": {"uv": [9.5, 4, 10.5, 6.5], "texture": "#0"},
				"east": {"uv": [2.5, 10, 3.5, 12.5], "texture": "#0"},
				"south": {"uv": [3.5, 10, 4.5, 12.5], "texture": "#0"},
				"west": {"uv": [3.5, 10, 2.5, 12.5], "texture": "#0"}
			}
		},
		{
			"from": [6, 13.5, 1.75],
			"to": [10, 18.5, 6.75],
			"rotation": {"angle": 22.5, "axis": "x", "origin": [0, 12, 7.75]},
			"faces": {
				"north": {"uv": [0.5, 2.5, 2.5, 5], "texture": "#0"},
				"east": {"uv": [0.5, 0, 3, 2.5], "texture": "#0"},
				"south": {"uv": [2.5, 2.5, 4.5, 5], "texture": "#0"},
				"west": {"uv": [3, 0, 0.5, 2.5], "texture": "#0"},
				"up": {"uv": [5, 2.5, 3, 0], "texture": "#0"},
				"down": {"uv": [6.5, 2.5, 4.5, 5], "texture": "#0"}
			}
		},
		{
			"from": [7, 17.3033, 4.56802],
			"to": [9, 20.8033, 8.06802],
			"rotation": {"angle": -22.5, "axis": "x", "origin": [0, 12, 7.75]},
			"faces": {
				"north": {"uv": [9.5, 6.5, 10.5, 8.5], "texture": "#0"},
				"east": {"uv": [8.5, 2, 10.5, 4], "texture": "#0"},
				"west": {"uv": [10.5, 2, 8.5, 4], "texture": "#0"},
				"up": {"uv": [5.5, 12, 4.5, 10], "texture": "#0"}
			}
		},
		{
			"from": [6.48, 17.13173, 8.81066],
			"to": [9.52, 20.13173, 13.81066],
			"rotation": {"angle": -22.5, "axis": "x", "origin": [0, 12, 7.75]},
			"faces": {
				"east": {"uv": [7.5, 8.5, 10, 10], "texture": "#0"},
				"south": {"uv": [0.5, 9.5, 2, 11], "texture": "#0"},
				"west": {"uv": [10, 8.5, 7.5, 10], "texture": "#0"},
				"up": {"uv": [6.5, 2.5, 5, 0], "texture": "#0"},
				"down": {"uv": [2, 5, 0.5, 7.5], "texture": "#0"}
			}
		},
		{
			"from": [6.98, 16.83883, 9.10355],
			"to": [9.02, 18.83883, 15.10355],
			"rotation": {"angle": -22.5, "axis": "x", "origin": [0, 12, 7.75]},
			"faces": {
				"east": {"uv": [9.1, 0, 12, 1], "texture": "#0"},
				"west": {"uv": [12, 0, 9.1, 1], "texture": "#0"},
				"up": {"uv": [6.5, 12, 5.5, 9.1], "texture": "#0"},
				"down": {"uv": [7.5, 9.1, 6.5, 12], "texture": "#0"}
			}
		},
		{
			"from": [7, 20.62132, 7.52817],
			"to": [9, 22.62132, 9.52817],
			"rotation": {"angle": 22.5, "axis": "x", "origin": [0, 12, 7.75]},
			"faces": {
				"north": {"uv": [7.5, 10, 8.5, 11], "texture": "#0"},
				"east": {"uv": [8.5, 10, 9.5, 11], "texture": "#0"},
				"south": {"uv": [10, 8.5, 11, 9.5], "texture": "#0"},
				"west": {"uv": [9.5, 10, 8.5, 11], "texture": "#0"}
			}
		},
		{
			"from": [6, 18.14689, 15.0157],
			"to": [10, 22.14689, 19.0157],
			"rotation": {"angle": -22.5, "axis": "x", "origin": [0, 12, 7.75]},
			"faces": {
				"north": {"uv": [5.5, 5, 7.5, 7], "texture": "#0"},
				"east": {"uv": [6.5, 2.5, 8.5, 4.5], "texture": "#0"},
				"south": {"uv": [7, 0, 9, 2], "texture": "#0"},
				"west": {"uv": [8.5, 2.5, 6.5, 4.5], "texture": "#0"},
				"up": {"uv": [7.5, 9, 5.5, 7], "texture": "#0"},
				"down": {"uv": [2.5, 7.5, 0.5, 9.5], "texture": "#0"}
			}
		},
		{
			"from": [7.02, -2, 5],
			"to": [8.98, 3, 7],
			"rotation": {"angle": 22.5, "axis": "x", "origin": [1, 3, 7]},
			"faces": {
				"north": {"uv": [9.5, 6.5, 10.5, 4], "texture": "#0"},
				"east": {"uv": [2.5, 12.5, 3.5, 10], "texture": "#0"},
				"south": {"uv": [3.5, 12.5, 4.5, 10], "texture": "#0"},
				"west": {"uv": [3.5, 12.5, 2.5, 10], "texture": "#0"}
			}
		},
		{
			"from": [6, -2.5, 1.75],
			"to": [10, 2.5, 6.75],
			"rotation": {"angle": -22.5, "axis": "x", "origin": [0, 4, 7.75]},
			"faces": {
				"north": {"uv": [0.5, 5, 2.5, 2.5], "texture": "#0"},
				"east": {"uv": [0.5, 2.5, 3, 0], "texture": "#0"},
				"south": {"uv": [2.5, 5, 4.5, 2.5], "texture": "#0"},
				"west": {"uv": [3, 2.5, 0.5, 0], "texture": "#0"},
				"up": {"uv": [6.5, 5, 4.5, 2.5], "texture": "#0"},
				"down": {"uv": [5, 0, 3, 2.5], "texture": "#0"}
			}
		},
		{
			"from": [7, -4.8033, 4.56802],
			"to": [9, -1.3033, 8.06802],
			"rotation": {"angle": 22.5, "axis": "x", "origin": [0, 4, 7.75]},
			"faces": {
				"north": {"uv": [9.5, 8.5, 10.5, 6.5], "texture": "#0"},
				"east": {"uv": [8.5, 4, 10.5, 2], "texture": "#0"},
				"west": {"uv": [10.5, 4, 8.5, 2], "texture": "#0"},
				"down": {"uv": [5.5, 10, 4.5, 12], "texture": "#0"}
			}
		},
		{
			"from": [6.48, -4.13173, 8.81066],
			"to": [9.52, -1.13173, 13.81066],
			"rotation": {"angle": 22.5, "axis": "x", "origin": [0, 4, 7.75]},
			"faces": {
				"east": {"uv": [7.5, 10, 10, 8.5], "texture": "#0"},
				"south": {"uv": [0.5, 11, 2, 9.5], "texture": "#0"},
				"west": {"uv": [10, 10, 7.5, 8.5], "texture": "#0"},
				"up": {"uv": [2, 7.5, 0.5, 5], "texture": "#0"},
				"down": {"uv": [6.5, 0, 5, 2.5], "texture": "#0"}
			}
		},
		{
			"from": [6.98, -2.83883, 9.10355],
			"to": [9.02, -0.83883, 15.10355],
			"rotation": {"angle": 22.5, "axis": "x", "origin": [0, 4, 7.75]},
			"faces": {
				"east": {"uv": [9.1, 1, 12, 0], "texture": "#0"},
				"west": {"uv": [12, 1, 9.1, 0], "texture": "#0"},
				"up": {"uv": [7.5, 12, 6.5, 9.1], "texture": "#0"},
				"down": {"uv": [6.5, 9.1, 5.5, 12], "texture": "#0"}
			}
		},
		{
			"from": [7, -6.62132, 7.52817],
			"to": [9, -4.62132, 9.52817],
			"rotation": {"angle": -22.5, "axis": "x", "origin": [0, 4, 7.75]},
			"faces": {
				"north": {"uv": [7.5, 11, 8.5, 10], "texture": "#0"},
				"east": {"uv": [8.5, 11, 9.5, 10], "texture": "#0"},
				"south": {"uv": [10, 9.5, 11, 8.5], "texture": "#0"},
				"west": {"uv": [9.5, 11, 8.5, 10], "texture": "#0"}
			}
		},
		{
			"from": [6, -6.14689, 15.0157],
			"to": [10, -2.14689, 19.0157],
			"rotation": {"angle": 22.5, "axis": "x", "origin": [0, 4, 7.75]},
			"faces": {
				"north": {"uv": [5.5, 7, 7.5, 5], "texture": "#0"},
				"east": {"uv": [6.5, 4.5, 8.5, 2.5], "texture": "#0"},
				"south": {"uv": [7, 2, 9, 0], "texture": "#0"},
				"west": {"uv": [8.5, 4.5, 6.5, 2.5], "texture": "#0"},
				"up": {"uv": [2.5, 9.5, 0.5, 7.5], "texture": "#0"},
				"down": {"uv": [7.5, 7, 5.5, 9], "texture": "#0"}
			}
		},
		{
			"from": [7, 3, 5],
			"to": [9, 13, 7],
			"faces": {
				"north": {"uv": [2.5, 5, 3.5, 10], "texture": "#0"},
				"east": {"uv": [3.5, 5, 4.5, 10], "texture": "#0"},
				"south": {"uv": [4.5, 5, 5.5, 10], "texture": "#0"},
				"west": {"uv": [4.5, 5, 3.5, 10], "texture": "#0"}
			}
		},
		{
			"from": [6, 11, 4],
			"to": [10, 13, 8],
			"rotation": {"angle": -45, "axis": "y", "origin": [8, 0, 6]},
			"faces": {
				"north": {"uv": [9, 1, 11, 2], "texture": "#0"},
				"east": {"uv": [9, 1, 11, 2], "texture": "#0"},
				"south": {"uv": [9, 1, 11, 2], "texture": "#0"},
				"west": {"uv": [9, 1, 11, 2], "texture": "#0"},
				"up": {"uv": [9.5, 6.5, 7.5, 4.5], "texture": "#0"},
				"down": {"uv": [9.5, 6.5, 7.5, 8.5], "texture": "#0"}
			}
		},
		{
			"from": [6, 3, 4],
			"to": [10, 5, 8],
			"rotation": {"angle": -45, "axis": "y", "origin": [8, 0, 6]},
			"faces": {
				"north": {"uv": [9, 1, 11, 2], "texture": "#0"},
				"east": {"uv": [9, 1, 11, 2], "texture": "#0"},
				"south": {"uv": [9, 1, 11, 2], "texture": "#0"},
				"west": {"uv": [9, 1, 11, 2], "texture": "#0"},
				"up": {"uv": [9.5, 6.5, 7.5, 4.5], "texture": "#0"},
				"down": {"uv": [9.5, 6.5, 7.5, 8.5], "texture": "#0"}
			}
		}
	],
	"gui_light": "front",
	"display": {
		"thirdperson_righthand": {
			"translation": [0, -2, 2.5],
			"scale": [0.56641, 0.56641, 0.56641]
		},
		"thirdperson_lefthand": {
			"translation": [0, -2, 2.5],
			"scale": [0.56641, 0.56641, 0.56641]
		},
		"firstperson_righthand": {
			"rotation": [14, 0, 0],
			"translation": [4.25, 3, 0],
			"scale": [0.28711, 0.28711, 0.28711]
		},
		"firstperson_lefthand": {
			"rotation": [14, 0, 0],
			"translation": [4.25, 3, 0],
			"scale": [0.28711, 0.28711, 0.28711]
		},
		"ground": {
			"rotation": [45, 0, 0],
			"translation": [0, 6, 0],
			"scale": [0.45, 0.45, 0.45]
		},
		"gui": {
			"rotation": [90, 45, -90],
			"translation": [-1.25, 1, 0],
			"scale": [0.51172, 0.51172, 0.51172]
		},
		"head": {
			"scale": [0, 0, 0]
		},
		"fixed": {
			"rotation": [0, -90, 0],
			"translation": [0, 0, -2.75],
			"scale": [1.4, 1.4, 1.4]
		}
	}
}