{
	"credit": "by w11shes",
	"texture_size": [32, 32],
	"textures": {
		"0": "item/rogue_assortment/rogue_sword",
		"particle": "item/rogue_assortment/rogue_sword"
	},
	"elements": [
		{
			"from": [7.0125, -8.71665, -3.60415],
			"to": [9.0125, -4.71665, 0.39585],
			"rotation": {"angle": -45, "axis": "x", "origin": [8, 2.9, 8.0125]},
			"faces": {
				"north": {"uv": [1, 7, 2, 9], "texture": "#0"},
				"east": {"uv": [2.5, 3.5, 4.5, 5.5], "texture": "#0"},
				"south": {"uv": [0, 7, 1, 9], "texture": "#0"},
				"west": {"uv": [4.5, 3.5, 2.5, 5.5], "texture": "#0"},
				"up": {"uv": [8, 2.5, 6, 1.5], "rotation": 90, "texture": "#0"},
				"down": {"uv": [9, 6.5, 7, 7.5], "rotation": 270, "texture": "#0"}
			}
		},
		{
			"from": [9.0125, -5.71665, -0.60415],
			"to": [7.0125, -7.71665, -2.60415],
			"rotation": {"angle": -45, "axis": "x", "origin": [8, 2.9, 8.0125]},
			"faces": {
				"north": {"uv": [0, 8.5, 1, 7.5], "texture": "#0"},
				"south": {"uv": [1, 8.5, 2, 7.5], "texture": "#0"},
				"up": {"uv": [7.5, 6.5, 8.5, 7.5], "rotation": 90, "texture": "#0"},
				"down": {"uv": [6.5, 2.5, 7.5, 1.5], "rotation": 270, "texture": "#0"}
			}
		},
		{
			"from": [6.50884, -10, 6.52134],
			"to": [9.50884, -7, 9.52134],
			"rotation": {"angle": 45, "axis": "y", "origin": [8, 2.9, 8.0125]},
			"faces": {
				"north": {"uv": [6, 0, 7.5, 1.5], "texture": "#0"},
				"east": {"uv": [6, 0, 7.5, 1.5], "texture": "#0"},
				"south": {"uv": [6, 0, 7.5, 1.5], "texture": "#0"},
				"west": {"uv": [6, 0, 7.5, 1.5], "texture": "#0"},
				"up": {"uv": [7.5, 5, 6, 3.5], "rotation": 90, "texture": "#0"},
				"down": {"uv": [4, 6.5, 2.5, 8], "rotation": 270, "texture": "#0"}
			}
		},
		{
			"from": [6.50884, -2, 6.52134],
			"to": [9.50884, 2, 9.52134],
			"rotation": {"angle": 45, "axis": "y", "origin": [8, 2.9, 8.0125]},
			"faces": {
				"north": {"uv": [6, 3.5, 4.5, 5.5], "texture": "#0"},
				"east": {"uv": [4.5, 3.5, 6, 5.5], "texture": "#0"},
				"south": {"uv": [6, 3.5, 4.5, 5.5], "texture": "#0"},
				"west": {"uv": [4.5, 3.5, 6, 5.5], "texture": "#0"},
				"up": {"uv": [5.5, 8, 4, 6.5], "rotation": 90, "texture": "#0"},
				"down": {"uv": [7, 6.5, 5.5, 8], "rotation": 270, "texture": "#0"}
			}
		},
		{
			"from": [7.0125, -7, 7.0125],
			"to": [9.0125, -2, 9.0125],
			"rotation": {"angle": 0, "axis": "y", "origin": [8, 2.9, 8.0125]},
			"faces": {
				"north": {"uv": [6, 0, 5, 2.5], "texture": "#0"},
				"east": {"uv": [5, 0, 6, 2.5], "texture": "#0"},
				"south": {"uv": [6, 0, 5, 2.5], "texture": "#0"},
				"west": {"uv": [5, 0, 6, 2.5], "texture": "#0"}
			}
		},
		{
			"from": [7.0125, -1.12408, 3.4887],
			"to": [9.0125, 0.87592, 8.4887],
			"rotation": {"angle": 22.5, "axis": "x", "origin": [8, 2.9, 8.0125]},
			"faces": {
				"north": {"uv": [7.5, 0, 8.5, 1], "texture": "#0"},
				"east": {"uv": [5, 2.5, 7.5, 3.5], "texture": "#0"},
				"west": {"uv": [2.5, 5.5, 5, 6.5], "texture": "#0"},
				"up": {"uv": [7.5, 6.5, 5, 5.5], "rotation": 90, "texture": "#0"},
				"down": {"uv": [2.5, 6, 0, 7], "rotation": 270, "texture": "#0"}
			}
		},
		{
			"from": [7.0125, -1.12408, 7.5363],
			"to": [9.0125, 0.87592, 12.5363],
			"rotation": {"angle": -22.5, "axis": "x", "origin": [8, 2.9, 8.0125]},
			"faces": {
				"east": {"uv": [7.5, 2.5, 5, 3.5], "texture": "#0"},
				"south": {"uv": [8.5, 0, 7.5, 1], "texture": "#0"},
				"west": {"uv": [5, 5.5, 2.5, 6.5], "texture": "#0"},
				"up": {"uv": [5, 6.5, 7.5, 5.5], "rotation": 90, "texture": "#0"},
				"down": {"uv": [0, 6, 2.5, 7], "rotation": 270, "texture": "#0"}
			}
		},
		{
			"from": [7.5125, 1, 5.5125],
			"to": [8.5125, 13, 10.5125],
			"rotation": {"angle": 0, "axis": "y", "origin": [8, 2.9, 8.0125]},
			"faces": {
				"north": {"uv": [2, 0, 2.5, 6], "texture": "#0"},
				"east": {"uv": [0, 0, 2.5, 6], "texture": "#0"},
				"south": {"uv": [0, 0, 0.5, 6], "texture": "#0"},
				"west": {"uv": [2.5, 0, 0, 6], "texture": "#0"},
				"up": {"uv": [2.5, 0, 0, 0.5], "rotation": 90, "texture": "#0"}
			}
		},
		{
			"from": [7.9625, 13, 5.5125],
			"to": [8.0125, 20, 10.5125],
			"rotation": {"angle": 0, "axis": "y", "origin": [8, 2.9, 8.0125]},
			"faces": {
				"east": {"uv": [2.5, 0, 5, 3.5], "texture": "#0"},
				"west": {"uv": [5, 0, 2.5, 3.5], "texture": "#0"}
			}
		}
	],
	"gui_light": "front",
	"display": {
		"thirdperson_righthand": {
			"translation": [0, 8, 1.75],
			"scale": [0.75, 0.75, 0.75]
		},
		"thirdperson_lefthand": {
			"translation": [0, 8, 1.75],
			"scale": [0.75, 0.75, 0.75]
		},
		"firstperson_righthand": {
			"rotation": [-3, 20, 10],
			"translation": [3.25, 5, -2.5],
			"scale": [0.74609, 0.74609, 0.74609]
		},
		"firstperson_lefthand": {
			"rotation": [-3, 20, 10],
			"translation": [3.25, 5, -2.5],
			"scale": [0.74609, 0.74609, 0.74609]
		},
		"ground": {
			"rotation": [94, 85, 0],
			"translation": [0, 0, 2],
			"scale": [0.5, 0.5, 0.5]
		},
		"gui": {
			"rotation": [-90, 50, 90],
			"translation": [-1.75, 1.5, 0],
			"scale": [0.55, 0.55, 0.55]
		},
		"head": {
			"rotation": [90, -171, 90],
			"translation": [-2.25, 9.25, 0.25],
			"scale": [0.7, 0.7, 0.7]
		},
		"fixed": {
			"rotation": [0, 90, 0],
			"translation": [0, 1, -1.25],
			"scale": [1.42109, 1.42109, 1.42109]
		}
	}
}