{
	"credit": "by w11shes",
	"texture_size": [128, 128],
	"textures": {
		"0": "item/rogue_assortment/rogue_chest",
		"particle": "item/rogue_assortment/rogue_chest"
	},
	"elements": [
		{
			"from": [20, 20, 14],
			"to": [19, 14, 2],
			"rotation": {"angle": 0, "axis": "y", "origin": [8, 11, 14]},
			"faces": {
				"north": {"uv": [7, 5.75, 6.875, 5], "texture": "#0"},
				"east": {"uv": [9.25, 0.75, 7.75, 0], "texture": "#0"},
				"south": {"uv": [5.375, 5.75, 5.25, 5], "texture": "#0"},
				"down": {"uv": [6.875, 4.875, 5.375, 5], "texture": "#0"}
			}
		},
		{
			"from": [-4, 11, -1],
			"to": [20, 14, 17],
			"rotation": {"angle": 0, "axis": "y", "origin": [8, 11, 14]},
			"faces": {
				"north": {"uv": [5.5, 2.75, 8.5, 3.125], "texture": "#0"},
				"east": {"uv": [4.25, 5.75, 6.5, 6.125], "texture": "#0"},
				"south": {"uv": [3, 7.75, 6, 8.125], "texture": "#0"},
				"west": {"uv": [4.25, 5.75, 6.5, 6.125], "texture": "#0"},
				"up": {"uv": [3, 2.25, 0, 0], "texture": "#0"},
				"down": {"uv": [3, 2.25, 0, 4.5], "texture": "#0"}
			}
		},
		{
			"from": [7.12132, 10, -5.14924],
			"to": [13.12132, 15, 0.85076],
			"rotation": {"angle": 45, "axis": "y", "origin": [8, 11, 14]},
			"faces": {
				"north": {"uv": [4.25, 6.875, 5, 7.5], "texture": "#0"},
				"east": {"uv": [5, 6.875, 5.75, 7.5], "texture": "#0"},
				"south": {"uv": [5.75, 6.875, 6.5, 7.5], "texture": "#0"},
				"west": {"uv": [6.5, 7, 7.25, 7.625], "texture": "#0"},
				"up": {"uv": [5.75, 6.875, 5, 6.125], "texture": "#0"},
				"down": {"uv": [6.5, 6.125, 5.75, 6.875], "texture": "#0"}
			}
		},
		{
			"from": [2.87868, 10, -5.14924],
			"to": [8.87868, 15, 0.85076],
			"rotation": {"angle": -45, "axis": "y", "origin": [8, 11, 14]},
			"faces": {
				"north": {"uv": [5, 6.875, 4.25, 7.5], "texture": "#0"},
				"east": {"uv": [7.25, 7, 6.5, 7.625], "texture": "#0"},
				"south": {"uv": [6.5, 6.875, 5.75, 7.5], "texture": "#0"},
				"west": {"uv": [5.75, 6.875, 5, 7.5], "texture": "#0"},
				"up": {"uv": [5, 6.875, 5.75, 6.125], "texture": "#0"},
				"down": {"uv": [5.75, 6.125, 6.5, 6.875], "texture": "#0"}
			}
		},
		{
			"from": [11.36396, 10, 18.66396],
			"to": [17.36396, 15, 24.66396],
			"rotation": {"angle": 45, "axis": "y", "origin": [8, 11, 14]},
			"faces": {
				"north": {"uv": [5.75, 6.875, 6.5, 7.5], "texture": "#0"},
				"east": {"uv": [6.5, 7, 7.25, 7.625], "texture": "#0"},
				"south": {"uv": [4.25, 6.875, 5, 7.5], "texture": "#0"},
				"west": {"uv": [5, 6.875, 5.75, 7.5], "texture": "#0"},
				"up": {"uv": [5, 6.125, 5.75, 6.875], "texture": "#0"},
				"down": {"uv": [5.75, 6.875, 6.5, 6.125], "texture": "#0"}
			}
		},
		{
			"from": [-1.36396, 10, 18.66396],
			"to": [4.63604, 15, 24.66396],
			"rotation": {"angle": -45, "axis": "y", "origin": [8, 11, 14]},
			"faces": {
				"north": {"uv": [6.5, 6.875, 5.75, 7.5], "texture": "#0"},
				"east": {"uv": [5.75, 6.875, 5, 7.5], "texture": "#0"},
				"south": {"uv": [5, 6.875, 4.25, 7.5], "texture": "#0"},
				"west": {"uv": [7.25, 7, 6.5, 7.625], "texture": "#0"},
				"up": {"uv": [5.75, 6.125, 5, 6.875], "texture": "#0"},
				"down": {"uv": [6.5, 6.875, 5.75, 6.125], "texture": "#0"}
			}
		},
		{
			"from": [-4, 14, -1],
			"to": [0, 23, 17],
			"rotation": {"angle": 0, "axis": "y", "origin": [8, 11, 14]},
			"faces": {
				"north": {"uv": [1.75, 6, 2.25, 7.125], "texture": "#0"},
				"east": {"uv": [5, 3.5, 7.25, 4.625], "texture": "#0"},
				"south": {"uv": [2.25, 6, 1.75, 7.125], "texture": "#0"},
				"west": {"uv": [5, 4.625, 7.25, 5.75], "texture": "#0"},
				"up": {"uv": [4.25, 7.75, 3.75, 5.5], "texture": "#0"}
			}
		},
		{
			"from": [16, 14, -1],
			"to": [20, 23, 17],
			"rotation": {"angle": 0, "axis": "y", "origin": [8, 11, 14]},
			"faces": {
				"north": {"uv": [2.25, 6, 1.75, 7.125], "texture": "#0"},
				"east": {"uv": [7.25, 4.625, 5, 5.75], "texture": "#0"},
				"south": {"uv": [1.75, 6, 2.25, 7.125], "texture": "#0"},
				"west": {"uv": [7.25, 3.5, 5, 4.625], "texture": "#0"},
				"up": {"uv": [3.75, 7.75, 4.25, 5.5], "texture": "#0"}
			}
		},
		{
			"from": [0, 14, 0],
			"to": [16, 21, 16],
			"rotation": {"angle": 0, "axis": "y", "origin": [8, 11, 14]},
			"faces": {
				"north": {"uv": [5.5, 1, 7.5, 1.875], "texture": "#0"},
				"south": {"uv": [5.5, 1.875, 7.5, 2.75], "texture": "#0"},
				"up": {"uv": [5, 5.5, 3, 3.5], "texture": "#0"}
			}
		},
		{
			"from": [5, 9, -3],
			"to": [11, 15, 2],
			"rotation": {"angle": 0, "axis": "y", "origin": [8, 11, 14]},
			"faces": {
				"north": {"uv": [0, 6.375, 0.75, 7.125], "texture": "#0"},
				"east": {"uv": [0, 7.125, 0.625, 7.875], "texture": "#0"},
				"south": {"uv": [0, 7.875, 0.75, 8.625], "texture": "#0"},
				"west": {"uv": [0.625, 7.125, 1.25, 7.875], "texture": "#0"},
				"up": {"uv": [2, 7.75, 1.25, 7.125], "texture": "#0"},
				"down": {"uv": [3.75, 7.125, 3, 7.75], "texture": "#0"}
			}
		},
		{
			"from": [-5, 2.55025, 7.96447],
			"to": [-3, 8.55025, 13.96447],
			"rotation": {"angle": 45, "axis": "x", "origin": [8, 11, 14]},
			"faces": {
				"north": {"uv": [1.5, 6.375, 1.75, 7.125], "texture": "#0"},
				"east": {"uv": [0.75, 6.375, 1.5, 7.125], "texture": "#0"},
				"south": {"uv": [2.75, 7.25, 3, 8], "texture": "#0"},
				"west": {"uv": [2.25, 6.5, 3, 7.25], "texture": "#0"},
				"up": {"uv": [7.5, 5.75, 7.25, 5], "texture": "#0"},
				"down": {"uv": [7.5, 5.75, 7.25, 6.5], "texture": "#0"}
			}
		},
		{
			"from": [-3, 7.55025, 12.96447],
			"to": [-5, 3.55025, 8.96447],
			"rotation": {"angle": 45, "axis": "x", "origin": [8, 11, 14]},
			"faces": {
				"north": {"uv": [2.75, 7.875, 3, 7.375], "texture": "#0"},
				"south": {"uv": [1.5, 7, 1.75, 6.5], "texture": "#0"},
				"up": {"uv": [7.25, 5.875, 7.5, 6.375], "texture": "#0"},
				"down": {"uv": [7.25, 5.625, 7.5, 5.125], "texture": "#0"}
			}
		},
		{
			"from": [-6, 11, 6.5],
			"to": [-4, 14, 9.5],
			"rotation": {"angle": 0, "axis": "y", "origin": [8, 11, 14]},
			"faces": {
				"north": {"uv": [7.25, 7.25, 7.5, 7.625], "texture": "#0"},
				"south": {"uv": [7.5, 1, 7.75, 1.375], "texture": "#0"},
				"west": {"uv": [7.25, 6.875, 7.625, 7.25], "texture": "#0"},
				"up": {"uv": [7.75, 1.75, 7.5, 1.375], "texture": "#0"},
				"down": {"uv": [7.75, 1.75, 7.5, 2.125], "texture": "#0"}
			}
		},
		{
			"from": [20, 11, 6.5],
			"to": [22, 14, 9.5],
			"rotation": {"angle": 0, "axis": "y", "origin": [8, 11, 14]},
			"faces": {
				"north": {"uv": [7.5, 7.25, 7.25, 7.625], "texture": "#0"},
				"east": {"uv": [7.625, 6.875, 7.25, 7.25], "texture": "#0"},
				"south": {"uv": [7.75, 1, 7.5, 1.375], "texture": "#0"},
				"up": {"uv": [7.5, 1.75, 7.75, 1.375], "texture": "#0"},
				"down": {"uv": [7.5, 1.75, 7.75, 2.125], "texture": "#0"}
			}
		},
		{
			"from": [19, 2.55025, 7.96447],
			"to": [21, 8.55025, 13.96447],
			"rotation": {"angle": 45, "axis": "x", "origin": [8, 11, 14]},
			"faces": {
				"north": {"uv": [1.75, 6.375, 1.5, 7.125], "texture": "#0"},
				"east": {"uv": [3, 6.5, 2.25, 7.25], "texture": "#0"},
				"south": {"uv": [3, 7.25, 2.75, 8], "texture": "#0"},
				"west": {"uv": [1.5, 6.375, 0.75, 7.125], "texture": "#0"},
				"up": {"uv": [7.25, 5.75, 7.5, 5], "texture": "#0"},
				"down": {"uv": [7.25, 5.75, 7.5, 6.5], "texture": "#0"}
			}
		},
		{
			"from": [21, 7.55025, 12.96447],
			"to": [19, 3.55025, 8.96447],
			"rotation": {"angle": 45, "axis": "x", "origin": [8, 11, 14]},
			"faces": {
				"north": {"uv": [3, 7.875, 2.75, 7.375], "texture": "#0"},
				"south": {"uv": [1.75, 7, 1.5, 6.5], "texture": "#0"},
				"up": {"uv": [7.5, 5.875, 7.25, 6.375], "texture": "#0"},
				"down": {"uv": [7.5, 5.625, 7.25, 5.125], "texture": "#0"}
			}
		},
		{
			"from": [-3, 20, 14],
			"to": [-4, 14, 2],
			"rotation": {"angle": 0, "axis": "y", "origin": [8, 11, 14]},
			"faces": {
				"north": {"uv": [6.875, 5.75, 7, 5], "texture": "#0"},
				"south": {"uv": [5.25, 5.75, 5.375, 5], "texture": "#0"},
				"west": {"uv": [7.75, 0.75, 9.25, 0], "texture": "#0"},
				"down": {"uv": [5.375, 4.875, 6.875, 5], "texture": "#0"}
			}
		},
		{
			"from": [-2, 5, 1],
			"to": [1, 11, 4],
			"faces": {
				"north": {"uv": [2, 7.25, 2.375, 8], "texture": "#0"},
				"east": {"uv": [2.375, 7.25, 2.75, 8], "texture": "#0"},
				"south": {"uv": [7.25, 3.5, 7.625, 4.25], "texture": "#0"},
				"west": {"uv": [7.25, 4.25, 7.625, 5], "texture": "#0"},
				"up": {"uv": [7.625, 6.875, 7.25, 6.5], "texture": "#0"}
			}
		},
		{
			"from": [-4, 0, 0],
			"to": [2, 5, 6],
			"rotation": {"angle": 45, "axis": "y", "origin": [-1, 2, 2]},
			"faces": {
				"north": {"uv": [3, 6.5, 3.75, 7.125], "texture": "#0"},
				"east": {"uv": [6.5, 5.75, 7.25, 6.375], "texture": "#0"},
				"west": {"uv": [6.5, 6.375, 7.25, 7], "texture": "#0"},
				"up": {"uv": [3, 5.25, 2.25, 4.5], "texture": "#0"},
				"down": {"uv": [5, 6.125, 4.25, 6.875], "texture": "#0"}
			}
		},
		{
			"from": [-2, 0.02, 1],
			"to": [18, 3.02, 15],
			"faces": {
				"north": {"uv": [5.5, 3.125, 8, 3.5], "texture": "#0"},
				"east": {"uv": [0, 6, 1.75, 6.375], "texture": "#0"},
				"south": {"uv": [5.5, 3.125, 8, 3.5], "texture": "#0"},
				"west": {"uv": [0, 6, 1.75, 6.375], "texture": "#0"},
				"up": {"uv": [5.5, 1.75, 3, 0], "texture": "#0"},
				"down": {"uv": [5.5, 1.75, 3, 3.5], "texture": "#0"}
			}
		},
		{
			"from": [15, 5, 1],
			"to": [18, 11, 4],
			"rotation": {"angle": 0, "axis": "y", "origin": [16, 0, 0]},
			"faces": {
				"north": {"uv": [2.375, 7.25, 2, 8], "texture": "#0"},
				"east": {"uv": [7.625, 4.25, 7.25, 5], "texture": "#0"},
				"south": {"uv": [7.625, 3.5, 7.25, 4.25], "texture": "#0"},
				"west": {"uv": [2.75, 7.25, 2.375, 8], "texture": "#0"},
				"up": {"uv": [7.25, 6.875, 7.625, 6.5], "texture": "#0"}
			}
		},
		{
			"from": [14, 0, 0],
			"to": [20, 5, 6],
			"rotation": {"angle": -45, "axis": "y", "origin": [17, 2, 2]},
			"faces": {
				"north": {"uv": [3.75, 6.5, 3, 7.125], "texture": "#0"},
				"east": {"uv": [7.25, 6.375, 6.5, 7], "texture": "#0"},
				"west": {"uv": [7.25, 5.75, 6.5, 6.375], "texture": "#0"},
				"up": {"uv": [2.25, 5.25, 3, 4.5], "texture": "#0"},
				"down": {"uv": [4.25, 6.125, 5, 6.875], "texture": "#0"}
			}
		},
		{
			"from": [-1, 3, 2],
			"to": [17, 11, 14],
			"faces": {
				"north": {"uv": [5.5, 0, 7.75, 1], "texture": "#0"},
				"east": {"uv": [2.25, 5.5, 3.75, 6.5], "texture": "#0"},
				"south": {"uv": [5.5, 0, 7.75, 1], "texture": "#0"},
				"west": {"uv": [2.25, 5.5, 3.75, 6.5], "texture": "#0"},
				"up": {"uv": [2.25, 6, 0, 4.5], "texture": "#0"}
			}
		},
		{
			"from": [15, 5, 12],
			"to": [18, 11, 15],
			"rotation": {"angle": 0, "axis": "y", "origin": [16, 0, 16]},
			"faces": {
				"north": {"uv": [7.25, 3.5, 7.625, 4.25], "texture": "#0"},
				"east": {"uv": [7.25, 4.25, 7.625, 5], "texture": "#0"},
				"south": {"uv": [2, 7.25, 2.375, 8], "texture": "#0"},
				"west": {"uv": [2.375, 7.25, 2.75, 8], "texture": "#0"},
				"up": {"uv": [7.25, 6.5, 7.625, 6.875], "texture": "#0"}
			}
		},
		{
			"from": [14, 0, 10],
			"to": [20, 5, 16],
			"rotation": {"angle": 45, "axis": "y", "origin": [17, 2, 14]},
			"faces": {
				"east": {"uv": [6.5, 6.375, 7.25, 7], "texture": "#0"},
				"south": {"uv": [3, 6.5, 3.75, 7.125], "texture": "#0"},
				"west": {"uv": [6.5, 5.75, 7.25, 6.375], "texture": "#0"},
				"up": {"uv": [2.25, 4.5, 3, 5.25], "texture": "#0"},
				"down": {"uv": [4.25, 6.875, 5, 6.125], "texture": "#0"}
			}
		},
		{
			"from": [-2, 5, 12],
			"to": [1, 11, 15],
			"rotation": {"angle": 0, "axis": "y", "origin": [0, 0, 16]},
			"faces": {
				"north": {"uv": [7.625, 3.5, 7.25, 4.25], "texture": "#0"},
				"east": {"uv": [2.75, 7.25, 2.375, 8], "texture": "#0"},
				"south": {"uv": [2.375, 7.25, 2, 8], "texture": "#0"},
				"west": {"uv": [7.625, 4.25, 7.25, 5], "texture": "#0"},
				"up": {"uv": [7.625, 6.5, 7.25, 6.875], "texture": "#0"}
			}
		},
		{
			"from": [-4, 0, 10],
			"to": [2, 5, 16],
			"rotation": {"angle": -45, "axis": "y", "origin": [-1, 2, 14]},
			"faces": {
				"east": {"uv": [7.25, 5.75, 6.5, 6.375], "texture": "#0"},
				"south": {"uv": [3.75, 6.5, 3, 7.125], "texture": "#0"},
				"west": {"uv": [7.25, 6.375, 6.5, 7], "texture": "#0"},
				"up": {"uv": [3, 4.5, 2.25, 5.25], "texture": "#0"},
				"down": {"uv": [5, 6.875, 4.25, 6.125], "texture": "#0"}
			}
		}
	],
	"gui_light": "front",
	"display": {
		"thirdperson_righthand": {
			"rotation": [60.75, 0, 0],
			"scale": [0.42773, 0.42773, 0.42773]
		},
		"thirdperson_lefthand": {
			"rotation": [60.75, 0, 0],
			"scale": [0.42773, 0.42773, 0.42773]
		},
		"firstperson_righthand": {
			"rotation": [-1, 156, -6],
			"translation": [8.75, -3.75, -14.5],
			"scale": [0.80469, 0.80469, 0.80469]
		},
		"firstperson_lefthand": {
			"rotation": [-1, 156, -6],
			"translation": [8.75, -3.75, -14.5],
			"scale": [0.80469, 0.80469, 0.80469]
		},
		"ground": {
			"translation": [0, 0.25, 0],
			"scale": [0.54492, 0.54492, 0.54492]
		},
		"gui": {
			"rotation": [16, 159, 0],
			"translation": [0, -1.25, 0],
			"scale": [0.39844, 0.39844, 0.39844]
		},
		"head": {
			"translation": [0, -33.75, -0.75],
			"scale": [1.15625, 1.15625, 1.15625]
		},
		"fixed": {
			"rotation": [-90, 0, 0],
			"translation": [0, 0, -9.75],
			"scale": [1.36328, 1.36328, 1.36328]
		}
	},
	"groups": [
		{
			"name": "top",
			"origin": [16, 16, 16],
			"color": 0,
			"boneType": "",
			"children": [0, 1, 2, 3, 4, 5, 6, 7, 8, 9, 10, 11, 12, 13, 14, 15, 16]
		},
		{
			"name": "bottom",
			"origin": [-1, 2, 14],
			"color": 0,
			"boneType": "",
			"children": [17, 18, 19, 20, 21, 22, 23, 24, 25, 26]
		}
	]
}