{
	"credit": "by w11shes",
	"texture_size": [32, 32],
	"textures": {
		"0": "item/rogue_assortment/rogue_bow",
		"particle": "item/rogue_assortment/rogue_bow"
	},
	"elements": [
		{
			"from": [8, -7, 19],
			"to": [8.05, 8, 20],
			"rotation": {"angle": 22.5, "axis": "x", "origin": [8, 8, 20]},
			"faces": {
				"east": {"uv": [0, 6, 0.5, 13.5], "texture": "#0"},
				"west": {"uv": [0, 6, 0.5, 13.5], "texture": "#0"}
			}
		},
		{
			"from": [8, 8, 19],
			"to": [8.05, 23, 20],
			"rotation": {"angle": -22.5, "axis": "x", "origin": [8, 8, 20]},
			"faces": {
				"east": {"uv": [0, 13.5, 0.5, 6], "texture": "#0"},
				"west": {"uv": [0, 13.5, 0.5, 6], "texture": "#0"}
			}
		},
		{
			"from": [7, 13, 5],
			"to": [9, 19, 8],
			"rotation": {"angle": -22.5, "axis": "x", "origin": [7, 13, 8]},
			"faces": {
				"north": {"uv": [0.5, 3, 1.5, 6], "texture": "#0"},
				"east": {"uv": [0.5, 0, 2, 3], "texture": "#0"},
				"south": {"uv": [4, 0, 5, 3], "texture": "#0"},
				"west": {"uv": [0.5, 0, 2, 3], "texture": "#0"},
				"up": {"uv": [1.5, 7.5, 0.5, 6], "texture": "#0"}
			}
		},
		{
			"from": [6.98, 16.69552, 6.46927],
			"to": [9.02, 18.69552, 12.46927],
			"rotation": {"angle": -45, "axis": "x", "origin": [7, 16.69552, 6.46927]},
			"faces": {
				"east": {"uv": [1.5, 4, 4.5, 5], "texture": "#0"},
				"west": {"uv": [4.5, 4, 1.5, 5], "texture": "#0"},
				"up": {"uv": [5.5, 6, 4.5, 3], "texture": "#0"},
				"down": {"uv": [6, 0, 5, 3], "texture": "#0"}
			}
		},
		{
			"from": [6.5, 19.85237, 9.29769],
			"to": [9.5, 22.85237, 11.29769],
			"rotation": {"angle": -22.5, "axis": "x", "origin": [7, 22.35237, 9.29769]},
			"faces": {
				"north": {"uv": [5.5, 3, 7, 4.5], "texture": "#0"},
				"east": {"uv": [4.5, 6, 5.5, 7.5], "texture": "#0"},
				"south": {"uv": [5.5, 4.5, 7, 6], "texture": "#0"},
				"west": {"uv": [5.5, 6, 4.5, 7.5], "texture": "#0"},
				"up": {"uv": [7, 7, 5.5, 6], "texture": "#0"},
				"down": {"uv": [8.5, 2.5, 7, 3.5], "texture": "#0"}
			}
		},
		{
			"from": [7, 22.36709, 10.79769],
			"to": [9, 25.36709, 13.79769],
			"rotation": {"angle": 22.5, "axis": "x", "origin": [7, 22.35237, 9.29769]},
			"faces": {
				"north": {"uv": [7, 3.5, 8, 5], "texture": "#0"},
				"east": {"uv": [6, 0, 7.5, 1.5], "texture": "#0"},
				"south": {"uv": [7, 5, 8, 6.5], "texture": "#0"},
				"west": {"uv": [7.5, 0, 6, 1.5], "texture": "#0"},
				"up": {"uv": [6.5, 8.5, 5.5, 7], "texture": "#0"},
				"down": {"uv": [7.5, 7, 6.5, 8.5], "texture": "#0"}
			}
		},
		{
			"from": [9, 24.36709, 12.79769],
			"to": [7, 23.36709, 11.79769],
			"rotation": {"angle": 22.5, "axis": "x", "origin": [7, 22.35237, 9.29769]},
			"faces": {
				"north": {"uv": [7, 6, 8, 5.5], "texture": "#0"},
				"south": {"uv": [7, 4.5, 8, 4], "texture": "#0"},
				"up": {"uv": [6.5, 7.5, 7.5, 8], "texture": "#0"},
				"down": {"uv": [5.5, 8, 6.5, 7.5], "texture": "#0"}
			}
		},
		{
			"from": [7, -2.02349, 12.50461],
			"to": [9, 3.97651, 15.50461],
			"rotation": {"angle": 22.5, "axis": "x", "origin": [7, 22.35237, 9.29769]},
			"faces": {
				"north": {"uv": [0.5, 6, 1.5, 3], "texture": "#0"},
				"east": {"uv": [0.5, 3, 2, 0], "texture": "#0"},
				"south": {"uv": [4, 3, 5, 0], "texture": "#0"},
				"west": {"uv": [0.5, 3, 2, 0], "texture": "#0"},
				"down": {"uv": [1.5, 6, 0.5, 7.5], "texture": "#0"}
			}
		},
		{
			"from": [6.98, -2.69552, 6.46927],
			"to": [9.02, -0.69552, 12.46927],
			"rotation": {"angle": 45, "axis": "x", "origin": [9, -0.69552, 6.46927]},
			"faces": {
				"east": {"uv": [1.5, 5, 4.5, 4], "texture": "#0"},
				"west": {"uv": [4.5, 5, 1.5, 4], "texture": "#0"},
				"up": {"uv": [6, 3, 5, 0], "texture": "#0"},
				"down": {"uv": [5.5, 3, 4.5, 6], "texture": "#0"}
			}
		},
		{
			"from": [6.5, -6.85237, 9.29769],
			"to": [9.5, -3.85237, 11.29769],
			"rotation": {"angle": 22.5, "axis": "x", "origin": [9, -6.35237, 9.29769]},
			"faces": {
				"north": {"uv": [5.5, 6, 7, 4.5], "texture": "#0"},
				"east": {"uv": [5.5, 7.5, 4.5, 6], "texture": "#0"},
				"south": {"uv": [5.5, 4.5, 7, 3], "texture": "#0"},
				"west": {"uv": [4.5, 7.5, 5.5, 6], "texture": "#0"},
				"up": {"uv": [8.5, 2.5, 7, 3.5], "texture": "#0"},
				"down": {"uv": [7, 7, 5.5, 6], "texture": "#0"}
			}
		},
		{
			"from": [7, -9.36709, 10.79769],
			"to": [9, -6.36709, 13.79769],
			"rotation": {"angle": -22.5, "axis": "x", "origin": [9, -6.35237, 9.29769]},
			"faces": {
				"north": {"uv": [7, 5, 8, 3.5], "texture": "#0"},
				"east": {"uv": [6, 1.5, 7.5, 0], "texture": "#0"},
				"south": {"uv": [7, 6.5, 8, 5], "texture": "#0"},
				"west": {"uv": [7.5, 1.5, 6, 0], "texture": "#0"},
				"up": {"uv": [7.5, 8.5, 6.5, 7], "texture": "#0"},
				"down": {"uv": [6.5, 7, 5.5, 8.5], "texture": "#0"}
			}
		},
		{
			"from": [9, -7.36709, 12.79769],
			"to": [7, -8.36709, 11.79769],
			"rotation": {"angle": -22.5, "axis": "x", "origin": [9, -6.35237, 9.29769]},
			"faces": {
				"north": {"uv": [7, 5.5, 8, 6], "texture": "#0"},
				"south": {"uv": [7, 4, 8, 4.5], "texture": "#0"},
				"up": {"uv": [5.5, 7.5, 6.5, 8], "texture": "#0"},
				"down": {"uv": [6.5, 8, 7.5, 7.5], "texture": "#0"}
			}
		},
		{
			"from": [6.98, 5, 5.5],
			"to": [9.02, 11, 7.5],
			"faces": {
				"north": {"uv": [1.5, 5, 2.5, 8], "texture": "#0"},
				"east": {"uv": [2.5, 5, 3.5, 8], "texture": "#0"},
				"south": {"uv": [3.5, 5, 4.5, 8], "texture": "#0"},
				"west": {"uv": [3.5, 5, 2.5, 8], "texture": "#0"}
			}
		},
		{
			"from": [6, 11, 4.5],
			"to": [10, 13, 8.5],
			"rotation": {"angle": 45, "axis": "y", "origin": [8, 12, 6.5]},
			"faces": {
				"north": {"uv": [6, 1.5, 8, 2.5], "texture": "#0"},
				"east": {"uv": [6, 1.5, 8, 2.5], "texture": "#0"},
				"south": {"uv": [6, 1.5, 8, 2.5], "texture": "#0"},
				"west": {"uv": [6, 1.5, 8, 2.5], "texture": "#0"},
				"up": {"uv": [4, 2, 2, 0], "texture": "#0"},
				"down": {"uv": [4, 2, 2, 4], "texture": "#0"}
			}
		},
		{
			"from": [6, 3, 4.5],
			"to": [10, 5, 8.5],
			"rotation": {"angle": 45, "axis": "y", "origin": [8, 12, 6.5]},
			"faces": {
				"north": {"uv": [6, 1.5, 8, 2.5], "texture": "#0"},
				"east": {"uv": [6, 1.5, 8, 2.5], "texture": "#0"},
				"south": {"uv": [6, 1.5, 8, 2.5], "texture": "#0"},
				"west": {"uv": [6, 1.5, 8, 2.5], "texture": "#0"},
				"up": {"uv": [4, 2, 2, 0], "texture": "#0"},
				"down": {"uv": [4, 2, 2, 4], "texture": "#0"}
			}
		},
		{
			"from": [8, 25.36709, 10.79769],
			"to": [8.05, 29.36709, 13.79769],
			"rotation": {"angle": 22.5, "axis": "x", "origin": [7, 22.35237, 9.29769]},
			"faces": {
				"east": {"uv": [0.5, 8, 2, 10], "texture": "#0"},
				"west": {"uv": [2, 8, 0.5, 10], "texture": "#0"}
			}
		},
		{
			"from": [8, -13.36709, 10.79769],
			"to": [8.05, -9.36709, 13.79769],
			"rotation": {"angle": -22.5, "axis": "x", "origin": [9, -6.35237, 9.29769]},
			"faces": {
				"east": {"uv": [0.5, 10, 2, 8], "texture": "#0"},
				"west": {"uv": [2, 10, 0.5, 8], "texture": "#0"}
			}
		},
		{
			"from": [6.5, 5.5, 0],
			"to": [6.55, 10.5, 20],
			"rotation": {"angle": 0, "axis": "y", "origin": [0, 0.5, 1]},
			"faces": {
				"east": {"uv": [5.5, 13.5, 15.5, 16], "texture": "#0"},
				"west": {"uv": [15.5, 13.5, 5.5, 16], "texture": "#0"}
			}
		},
		{
			"from": [4.025, 7.975, 0],
			"to": [9.025, 8.025, 20],
			"rotation": {"angle": 0, "axis": "y", "origin": [0, 0.5, 1]},
			"faces": {
				"up": {"uv": [5.5, 13.5, 15.5, 16], "rotation": 270, "texture": "#0"},
				"down": {"uv": [15.5, 13.5, 5.5, 16], "rotation": 270, "texture": "#0"}
			}
		},
		{
			"from": [6, 7.5, 3],
			"to": [7, 8.5, 19],
			"rotation": {"angle": 0, "axis": "y", "origin": [0, 0.5, 1]},
			"faces": {
				"north": {"uv": [13.5, 14.5, 14, 15], "texture": "#0"},
				"east": {"uv": [6, 14.5, 14, 15], "texture": "#0"},
				"south": {"uv": [6, 14.5, 6.5, 15], "texture": "#0"},
				"west": {"uv": [14, 14.5, 6, 15], "texture": "#0"},
				"up": {"uv": [14, 14.5, 6, 15], "rotation": 90, "texture": "#0"},
				"down": {"uv": [6, 14.5, 14, 15], "rotation": 90, "texture": "#0"}
			}
		}
	],
	"gui_light": "front",
	"display": {
		"thirdperson_righthand": {
			"translation": [-1.25, -1.5, 2.5],
			"scale": [0.75, 0.75, 0.75]
		},
		"thirdperson_lefthand": {
			"translation": [-1.25, -1.5, 2.5],
			"scale": [0.75, 0.75, 0.75]
		},
		"firstperson_righthand": {
			"rotation": [21, 38, 3],
			"translation": [1.5, 5, -3],
			"scale": [0.54883, 0.54883, 0.54883]
		},
		"firstperson_lefthand": {
			"rotation": [21, 38, 3],
			"translation": [1.5, 5, -3],
			"scale": [0.54883, 0.54883, 0.54883]
		},
		"ground": {
			"rotation": [94, 85, 0],
			"translation": [0, 0, 1.5],
			"scale": [0.5, 0.5, 0.5]
		},
		"gui": {
			"rotation": [-90, 135, 90],
			"translation": [-1, 1, 0],
			"scale": [0.515, 0.515, 0.515]
		},
		"head": {
			"rotation": [90, 180, 90],
			"translation": [-5, 12, 0.25],
			"scale": [0.7, 0.7, 0.7]
		},
		"fixed": {
			"rotation": [0, 90, 0],
			"translation": [0, -0.75, -2.25],
			"scale": [1.42109, 1.42109, 1.42109]
		}
	},
	"groups": [
		0,
		1,
		2,
		3,
		4,
		5,
		6,
		7,
		8,
		9,
		10,
		11,
		12,
		13,
		14,
		15,
		16,
		{
			"name": "arrow",
			"origin": [0, 0, 0],
			"color": 0,
			"boneType": "",
			"children": [17, 18, 19]
		}
	]
}