{
	"credit": "by w11shes",
	"texture_size": [32, 32],
	"textures": {
		"0": "item/rogue_assortment/rogue_battle_axe",
		"particle": "item/rogue_assortment/rogue_battle_axe"
	},
	"elements": [
		{
			"from": [7.0125, -8.27731, -4.66481],
			"to": [9.0125, -4.27731, -0.66481],
			"rotation": {"angle": -45, "axis": "x", "origin": [8, 4.4, 8.0125]},
			"faces": {
				"north": {"uv": [5.5, 8.5, 6.5, 10.5], "texture": "#0"},
				"east": {"uv": [4, 3, 6, 5], "texture": "#0"},
				"south": {"uv": [8.5, 4.5, 9.5, 6.5], "texture": "#0"},
				"west": {"uv": [6, 3, 4, 5], "texture": "#0"},
				"up": {"uv": [10.5, 7.5, 8.5, 6.5], "rotation": 90, "texture": "#0"},
				"down": {"uv": [10.5, 7.5, 8.5, 8.5], "rotation": 270, "texture": "#0"}
			}
		},
		{
			"from": [9.0125, -5.27731, -1.66482],
			"to": [7.0125, -7.27731, -3.66482],
			"rotation": {"angle": -45, "axis": "x", "origin": [8, 4.4, 8.0125]},
			"faces": {
				"north": {"uv": [8.5, 6, 9.5, 5], "texture": "#0"},
				"south": {"uv": [5.5, 10, 6.5, 9], "texture": "#0"},
				"up": {"uv": [9, 7.5, 10, 8.5], "rotation": 90, "texture": "#0"},
				"down": {"uv": [9, 7.5, 10, 6.5], "rotation": 270, "texture": "#0"}
			}
		},
		{
			"from": [7.0125, 10.39031, 14.00281],
			"to": [9.0125, 14.39031, 18.00281],
			"rotation": {"angle": -45, "axis": "x", "origin": [8, 4.4, 8.0125]},
			"faces": {
				"north": {"uv": [9.5, 0, 10.5, 2], "texture": "#0"},
				"east": {"uv": [0, 6.5, 2, 8.5], "texture": "#0"},
				"south": {"uv": [6.5, 8.5, 7.5, 10.5], "texture": "#0"},
				"west": {"uv": [2, 6.5, 0, 8.5], "texture": "#0"},
				"up": {"uv": [11.5, 3, 9.5, 2], "rotation": 90, "texture": "#0"},
				"down": {"uv": [5.5, 9.5, 3.5, 10.5], "rotation": 270, "texture": "#0"}
			}
		},
		{
			"from": [9.0125, 13.3903, 17.0028],
			"to": [7.0125, 11.3903, 15.0028],
			"rotation": {"angle": -45, "axis": "x", "origin": [8, 4.4, 8.0125]},
			"faces": {
				"north": {"uv": [6.5, 10, 7.5, 9], "texture": "#0"},
				"south": {"uv": [9.5, 1.5, 10.5, 0.5], "texture": "#0"},
				"up": {"uv": [4, 9.5, 5, 10.5], "rotation": 90, "texture": "#0"},
				"down": {"uv": [10, 3, 11, 2], "rotation": 270, "texture": "#0"}
			}
		},
		{
			"from": [6.50884, -10, 6.52134],
			"to": [9.50884, -5, 9.52134],
			"rotation": {"angle": 45, "axis": "y", "origin": [8, 4.4, 8.0125]},
			"faces": {
				"north": {"uv": [5.5, 7, 4, 9.5], "texture": "#0"},
				"east": {"uv": [4, 7, 5.5, 9.5], "texture": "#0"},
				"south": {"uv": [5.5, 7, 4, 9.5], "texture": "#0"},
				"west": {"uv": [4, 7, 5.5, 9.5], "texture": "#0"},
				"up": {"uv": [9.5, 3, 8, 1.5], "rotation": 90, "texture": "#0"},
				"down": {"uv": [1.5, 8.5, 0, 10], "rotation": 270, "texture": "#0"}
			}
		},
		{
			"from": [6.0125, -5, 6.0125],
			"to": [10.0125, -3, 10.0125],
			"rotation": {"angle": 0, "axis": "y", "origin": [8, 4.4, 8.0125]},
			"faces": {
				"north": {"uv": [8.5, 8.5, 10.5, 9.5], "texture": "#0"},
				"east": {"uv": [8.5, 8.5, 10.5, 9.5], "texture": "#0"},
				"south": {"uv": [8.5, 8.5, 10.5, 9.5], "texture": "#0"},
				"west": {"uv": [8.5, 8.5, 10.5, 9.5], "texture": "#0"},
				"up": {"uv": [5, 7, 3, 5], "rotation": 90, "texture": "#0"},
				"down": {"uv": [7, 5, 5, 7], "rotation": 270, "texture": "#0"}
			}
		},
		{
			"from": [7.0125, -3, 7.0125],
			"to": [9.0125, 6, 9.0125],
			"rotation": {"angle": 0, "axis": "y", "origin": [8, 4.4, 8.0125]},
			"faces": {
				"north": {"uv": [4, 0, 3, 4.5], "texture": "#0"},
				"east": {"uv": [3, 0, 4, 4.5], "texture": "#0"},
				"south": {"uv": [4, 0, 3, 4.5], "texture": "#0"},
				"west": {"uv": [3, 0, 4, 4.5], "texture": "#0"}
			}
		},
		{
			"from": [6.50884, 8, 6.52134],
			"to": [9.50884, 15, 9.52134],
			"rotation": {"angle": 45, "axis": "y", "origin": [8, 4.4, 8.0125]},
			"faces": {
				"north": {"uv": [3, 0, 1.5, 3.5], "texture": "#0"},
				"east": {"uv": [1.5, 0, 3, 3.5], "texture": "#0"},
				"south": {"uv": [3, 0, 1.5, 3.5], "texture": "#0"},
				"west": {"uv": [1.5, 0, 3, 3.5], "texture": "#0"},
				"up": {"uv": [10, 4.5, 8.5, 3], "rotation": 90, "texture": "#0"},
				"down": {"uv": [11.5, 4.5, 10, 3], "rotation": 270, "texture": "#0"}
			}
		},
		{
			"from": [6.0125, 6, 6.0125],
			"to": [10.0125, 8, 10.0125],
			"rotation": {"angle": 0, "axis": "y", "origin": [8, 4.4, 8.0125]},
			"faces": {
				"north": {"uv": [1.5, 9, 3.5, 10], "texture": "#0"},
				"east": {"uv": [1.5, 9, 3.5, 10], "texture": "#0"},
				"south": {"uv": [1.5, 9, 3.5, 10], "texture": "#0"},
				"west": {"uv": [1.5, 9, 3.5, 10], "texture": "#0"},
				"up": {"uv": [7.5, 2, 5.5, 0], "rotation": 90, "texture": "#0"},
				"down": {"uv": [8, 2, 6, 4], "rotation": 270, "texture": "#0"}
			}
		},
		{
			"from": [6.5125, 9, 2.4125],
			"to": [9.5125, 13, 7.4125],
			"rotation": {"angle": 0, "axis": "y", "origin": [8, 4.4, 8.0125]},
			"faces": {
				"north": {"uv": [0, 4.5, 1.5, 6.5], "texture": "#0"},
				"east": {"uv": [0, 10, 2.5, 12], "texture": "#0"},
				"west": {"uv": [2.5, 10, 0, 12], "texture": "#0"},
				"up": {"uv": [2.5, 13.5, 0, 12], "rotation": 90, "texture": "#0"},
				"down": {"uv": [5, 10.5, 2.5, 12], "rotation": 270, "texture": "#0"}
			}
		},
		{
			"from": [6.5125, 9, 8.6125],
			"to": [9.5125, 13, 13.6125],
			"rotation": {"angle": 0, "axis": "y", "origin": [8, 4.4, 8.0125]},
			"faces": {
				"east": {"uv": [2.5, 10, 0, 12], "texture": "#0"},
				"south": {"uv": [1.5, 4.5, 0, 6.5], "texture": "#0"},
				"west": {"uv": [0, 10, 2.5, 12], "texture": "#0"},
				"up": {"uv": [0, 13.5, 2.5, 12], "rotation": 90, "texture": "#0"},
				"down": {"uv": [2.5, 10.5, 5, 12], "rotation": 270, "texture": "#0"}
			}
		},
		{
			"from": [7.4925, 7.32133, -2.18141],
			"to": [8.5325, 13.32133, 0.81859],
			"rotation": {"angle": 22.5, "axis": "x", "origin": [8, 4.4, 8.0125]},
			"faces": {
				"north": {"uv": [2.5, 3.5, 3, 6.5], "texture": "#0"},
				"east": {"uv": [1.5, 3.5, 3, 6.5], "texture": "#0"},
				"south": {"uv": [1.5, 3.5, 2, 6.5], "texture": "#0"},
				"west": {"uv": [3, 3.5, 1.5, 6.5], "texture": "#0"},
				"up": {"uv": [3, 3.5, 1.5, 4], "rotation": 90, "texture": "#0"}
			}
		},
		{
			"from": [7.9725, 6.32133, -4.18141],
			"to": [8.0325, 13.32133, -2.18141],
			"rotation": {"angle": 22.5, "axis": "x", "origin": [8, 4.4, 8.0125]},
			"faces": {
				"east": {"uv": [7.5, 6.5, 8.5, 10], "texture": "#0"},
				"west": {"uv": [8.5, 6.5, 7.5, 10], "texture": "#0"}
			}
		},
		{
			"from": [7.5125, 7.67388, 2.87001],
			"to": [8.5125, 13.67388, 5.87001],
			"rotation": {"angle": -22.5, "axis": "x", "origin": [8, 4.4, 8.0125]},
			"faces": {
				"north": {"uv": [5, 0, 5.5, 3], "texture": "#0"},
				"east": {"uv": [4, 0, 5.5, 3], "texture": "#0"},
				"south": {"uv": [4, 0, 4.5, 3], "texture": "#0"},
				"west": {"uv": [5.5, 0, 4, 3], "texture": "#0"},
				"down": {"uv": [5.5, 2.5, 4, 3], "rotation": 270, "texture": "#0"}
			}
		},
		{
			"from": [7.4925, 7.32133, 15.20641],
			"to": [8.5325, 13.32133, 18.20641],
			"rotation": {"angle": -22.5, "axis": "x", "origin": [8, 4.4, 8.0125]},
			"faces": {
				"north": {"uv": [2, 3.5, 1.5, 6.5], "texture": "#0"},
				"east": {"uv": [3, 3.5, 1.5, 6.5], "texture": "#0"},
				"south": {"uv": [3, 3.5, 2.5, 6.5], "texture": "#0"},
				"west": {"uv": [1.5, 3.5, 3, 6.5], "texture": "#0"},
				"up": {"uv": [1.5, 3.5, 3, 4], "rotation": 90, "texture": "#0"}
			}
		},
		{
			"from": [7.5125, 7.67388, 10.15499],
			"to": [8.5125, 13.67388, 13.15499],
			"rotation": {"angle": 22.5, "axis": "x", "origin": [8, 4.4, 8.0125]},
			"faces": {
				"north": {"uv": [4.5, 0, 4, 3], "texture": "#0"},
				"east": {"uv": [5.5, 0, 4, 3], "texture": "#0"},
				"south": {"uv": [5.5, 0, 5, 3], "texture": "#0"},
				"west": {"uv": [4, 0, 5.5, 3], "texture": "#0"},
				"down": {"uv": [4, 2.5, 5.5, 3], "rotation": 270, "texture": "#0"}
			}
		},
		{
			"from": [7.9925, 5.38098, 0.74869],
			"to": [8.0125, 14.38098, 3.74869],
			"rotation": {"angle": -22.5, "axis": "x", "origin": [8, 4.4, 8.0125]},
			"faces": {
				"east": {"uv": [0, 0, 1.5, 4.5], "texture": "#0"},
				"west": {"uv": [1.5, 0, 0, 4.5], "texture": "#0"}
			}
		},
		{
			"from": [7.9925, 5.38098, 12.27631],
			"to": [8.0125, 14.38098, 15.27631],
			"rotation": {"angle": 22.5, "axis": "x", "origin": [8, 4.4, 8.0125]},
			"faces": {
				"east": {"uv": [1.5, 0, 0, 4.5], "texture": "#0"},
				"west": {"uv": [0, 0, 1.5, 4.5], "texture": "#0"}
			}
		},
		{
			"from": [7.9725, 6.32133, 18.20641],
			"to": [8.0325, 13.32133, 20.20641],
			"rotation": {"angle": -22.5, "axis": "x", "origin": [8, 4.4, 8.0125]},
			"faces": {
				"east": {"uv": [8.5, 6.5, 7.5, 10], "texture": "#0"},
				"west": {"uv": [7.5, 6.5, 8.5, 10], "texture": "#0"}
			}
		},
		{
			"from": [7.9625, 17, 6.5125],
			"to": [8.0125, 22, 9.5125],
			"rotation": {"angle": 0, "axis": "y", "origin": [8, 4.4, 8.0125]},
			"faces": {
				"east": {"uv": [7, 4, 8.5, 6.5], "texture": "#0"},
				"west": {"uv": [8.5, 4, 7, 6.5], "texture": "#0"}
			}
		}
	],
	"gui_light": "front",
	"display": {
		"thirdperson_righthand": {
			"translation": [0, 4, 1.75],
			"scale": [0.75, 0.75, 0.75]
		},
		"thirdperson_lefthand": {
			"translation": [0, 4, 1.75],
			"scale": [0.75, 0.75, 0.75]
		},
		"firstperson_righthand": {
			"rotation": [-3, 20, 10],
			"translation": [3.25, 3.75, -2.5],
			"scale": [0.74609, 0.74609, 0.74609]
		},
		"firstperson_lefthand": {
			"rotation": [-3, 20, 10],
			"translation": [3.25, 3.75, -2.5],
			"scale": [0.74609, 0.74609, 0.74609]
		},
		"ground": {
			"rotation": [94, 85, 0],
			"translation": [0, 0, 2],
			"scale": [0.5, 0.5, 0.5]
		},
		"gui": {
			"rotation": [-90, 50, 90],
			"translation": [-0.75, 1, 0],
			"scale": [0.51875, 0.51875, 0.51875]
		},
		"head": {
			"rotation": [90, -171, 90],
			"translation": [-2.25, 9.25, 0.25],
			"scale": [0.7, 0.7, 0.7]
		},
		"fixed": {
			"rotation": [0, 90, 0],
			"translation": [0, 1, -1.25],
			"scale": [1.42109, 1.42109, 1.42109]
		}
	}
}