{"textures":{"0":"modelengine:entity/frog_royal"},"elements":[{"from":[2.0,17.1,-4.1499996],"to":[14.0,24.1,-4.1499996],"faces":{"south":{"uv":[5.5625,5.625,4.8125,6.0625],"tintindex":0,"rotation":0,"texture":"#0"},"north":{"uv":[4.8125,5.625,5.5625,6.0625],"tintindex":0,"rotation":0,"texture":"#0"}}},{"from":[-0.5,13.1,-0.14999962],"to":[4.5,18.1,5.8500004],"faces":{"east":{"uv":[6.875,4.375,7.25,4.6875],"tintindex":0,"rotation":0,"texture":"#0"},"south":{"uv":[2.6875,7.0,3.0,7.3125],"tintindex":0,"rotation":0,"texture":"#0"},"north":{"uv":[2.3125,7.0,2.625,7.3125],"tintindex":0,"rotation":0,"texture":"#0"},"west":{"uv":[6.875,4.75,7.25,5.0625],"tintindex":0,"rotation":0,"texture":"#0"},"up":{"uv":[3.875,5.0,3.5625,4.625],"tintindex":0,"rotation":0,"texture":"#0"},"down":{"uv":[0.3125,6.9375,0.0,7.3125],"tintindex":0,"rotation":0,"texture":"#0"}},"rotation":{"origin":[2.0,15.6,2.8500004],"angle":22.5,"axis":"z"}},{"from":[11.5,13.1,-0.14999962],"to":[16.5,18.1,5.8500004],"faces":{"east":{"uv":[6.9375,2.5625,7.3125,2.875],"tintindex":0,"rotation":0,"texture":"#0"},"south":{"uv":[3.4375,7.0,3.75,7.3125],"tintindex":0,"rotation":0,"texture":"#0"},"north":{"uv":[3.0625,7.0,3.375,7.3125],"tintindex":0,"rotation":0,"texture":"#0"},"west":{"uv":[5.75,6.9375,6.125,7.25],"tintindex":0,"rotation":0,"texture":"#0"},"up":{"uv":[6.5,7.3125,6.1875,6.9375],"tintindex":0,"rotation":0,"texture":"#0"},"down":{"uv":[7.25,6.5,6.9375,6.875],"tintindex":0,"rotation":0,"texture":"#0"}},"rotation":{"origin":[14.0,15.6,2.8500004],"angle":-22.5,"axis":"z"}},{"from":[0.5,12.1,-6.1499996],"to":[15.5,17.1,8.85],"faces":{"east":{"uv":[5.6875,1.0,6.625,1.3125],"tintindex":0,"rotation":0,"texture":"#0"},"south":{"uv":[1.375,5.6875,2.3125,6.0],"tintindex":0,"rotation":0,"texture":"#0"},"north":{"uv":[5.625,5.3125,6.5625,5.625],"tintindex":0,"rotation":0,"texture":"#0"},"west":{"uv":[5.6875,1.375,6.625,1.6875],"tintindex":0,"rotation":0,"texture":"#0"},"up":{"uv":[0.9375,0.9375,0.0,0.0],"tintindex":0,"rotation":0,"texture":"#0"},"down":{"uv":[0.9375,1.0,0.0,1.9375],"tintindex":0,"rotation":0,"texture":"#0"}}},{"from":[14.0,17.1,-4.1499996],"to":[14.0,24.1,7.8500004],"faces":{"east":{"uv":[6.25,2.5,5.5,2.9375],"tintindex":0,"rotation":0,"texture":"#0"},"west":{"uv":[5.5,2.5,6.25,2.9375],"tintindex":0,"rotation":0,"texture":"#0"}}},{"from":[0.5,6.1000004,5.8500004],"to":[15.5,12.1,8.85],"faces":{"east":{"uv":[1.5625,4.25,1.75,4.625],"tintindex":0,"rotation":0,"texture":"#0"},"south":{"uv":[5.0,0.5625,5.9375,0.9375],"tintindex":0,"rotation":0,"texture":"#0"},"north":{"uv":[0.5625,4.9375,1.5,5.3125],"tintindex":0,"rotation":0,"texture":"#0"},"west":{"uv":[4.8125,5.1875,5.0,5.5625],"tintindex":0,"rotation":0,"texture":"#0"},"up":{"uv":[7.625,2.25,6.6875,2.0625],"tintindex":0,"rotation":0,"texture":"#0"},"down":{"uv":[7.8125,3.0625,6.875,3.25],"tintindex":0,"rotation":0,"texture":"#0"}}},{"from":[2.0,17.1,-4.1499996],"to":[2.0,24.1,7.8500004],"faces":{"east":{"uv":[6.25,2.5,5.5,2.9375],"tintindex":0,"rotation":0,"texture":"#0"},"west":{"uv":[5.5,2.5,6.25,2.9375],"tintindex":0,"rotation":0,"texture":"#0"}}},{"from":[2.0,17.1,7.8500004],"to":[14.0,24.1,7.8500004],"faces":{"south":{"uv":[5.5625,5.625,4.8125,6.0625],"tintindex":0,"rotation":0,"texture":"#0"},"north":{"uv":[4.8125,5.625,5.5625,6.0625],"tintindex":0,"rotation":0,"texture":"#0"}}}]}