{"textures":{"0":"modelengine:entity/frog_royal"},"elements":[{"from":[-1.4441376,3.3947387,4.505104],"to":[10.555862,11.394739,11.505104],"faces":{"east":{"uv":[1.4375,6.0625,1.875,6.5625],"tintindex":0,"rotation":0,"texture":"#0"},"south":{"uv":[4.3125,1.9375,5.0625,2.4375],"tintindex":0,"rotation":0,"texture":"#0"},"north":{"uv":[4.3125,1.375,5.0625,1.875],"tintindex":0,"rotation":0,"texture":"#0"},"west":{"uv":[4.8125,6.125,5.25,6.625],"tintindex":0,"rotation":0,"texture":"#0"},"up":{"uv":[3.125,5.625,2.375,5.1875],"tintindex":0,"rotation":0,"texture":"#0"},"down":{"uv":[3.9375,5.1875,3.1875,5.625],"tintindex":0,"rotation":0,"texture":"#0"}},"rotation":{"origin":[4.555863,8.394739,8.005104],"angle":-22.5,"axis":"z"}}]}