{"textures":{"0":"modelengine:entity/frog_royal"},"elements":[{"from":[4.8625,-0.14787006,7.554079],"to":[11.8625,8.85213,14.554079],"faces":{"east":{"uv":[5.6875,1.75,6.125,2.3125],"tintindex":0,"rotation":0,"texture":"#0"},"south":{"uv":[2.375,5.6875,2.8125,6.25],"tintindex":0,"rotation":0,"texture":"#0"},"north":{"uv":[0.0,5.625,0.4375,6.1875],"tintindex":0,"rotation":0,"texture":"#0"},"west":{"uv":[2.875,5.6875,3.3125,6.25],"tintindex":0,"rotation":0,"texture":"#0"},"up":{"uv":[5.75,6.75,5.3125,6.3125],"tintindex":0,"rotation":0,"texture":"#0"},"down":{"uv":[4.6875,6.375,4.25,6.8125],"tintindex":0,"rotation":0,"texture":"#0"}},"rotation":{"origin":[8.8625,-0.64787006,10.054079],"angle":-22.5,"axis":"x"}}]}