{"textures":{"0":"modelengine:entity/frog_royal"},"elements":[{"from":[4.0625,5.25,-6.500001],"to":[11.9375,5.25,4.5],"faces":{"up":{"uv":[5.625,1.6875,5.125,1.0],"tintindex":0,"rotation":0,"texture":"#0"},"down":{"uv":[5.625,1.75,5.125,2.4375],"tintindex":0,"rotation":0,"texture":"#0"}}},{"from":[4.0625,5.25,4.5],"to":[11.9375,8.25,10.5],"faces":{"east":{"uv":[1.375,7.1875,1.75,7.375],"tintindex":0,"rotation":0,"texture":"#0"},"south":{"uv":[7.125,1.6875,7.625,1.875],"tintindex":0,"rotation":0,"texture":"#0"},"north":{"uv":[7.125,1.4375,7.625,1.625],"tintindex":0,"rotation":0,"texture":"#0"},"west":{"uv":[7.1875,5.125,7.5625,5.3125],"tintindex":0,"rotation":0,"texture":"#0"},"up":{"uv":[3.0,6.9375,2.5,6.5625],"tintindex":0,"rotation":0,"texture":"#0"},"down":{"uv":[7.125,5.3125,6.625,5.6875],"tintindex":0,"rotation":0,"texture":"#0"}}}]}