{"textures":{"0":"item/meg/golem_royal"},"elements":[{"from":[3.7388887,1.2680073,1.9602537],"to":[12.738889,8.268007,10.960254],"faces":{"east":{"uv":[7.1875,6.0625,7.75,6.5],"tintindex":0,"rotation":0,"texture":"#0"},"south":{"uv":[4.8125,1.375,5.375,1.8125],"tintindex":0,"rotation":0,"texture":"#0"},"north":{"uv":[4.8125,1.375,5.375,1.8125],"tintindex":0,"rotation":0,"texture":"#0"},"west":{"uv":[7.1875,6.0625,7.75,6.5],"tintindex":0,"rotation":0,"texture":"#0"},"up":{"uv":[4.9375,7.125,4.375,6.5625],"tintindex":0,"rotation":0,"texture":"#0"},"down":{"uv":[4.9375,7.125,4.375,6.5625],"tintindex":0,"rotation":0,"texture":"#0"}},"rotation":{"origin":[8.238889,4.7680073,6.4602537],"angle":-22.5,"axis":"x"}}]}