{"textures":{"0":"item/meg/golem_arcane"},"elements":[{"from":[3.5000005,-1.1637039,-0.28456306],"to":[12.5,7.836296,12.715437],"faces":{"east":{"uv":[6.3125,4.8125,5.5,5.375],"tintindex":0,"rotation":0,"texture":"#0"},"south":{"uv":[7.25,5.4375,6.6875,6.0],"tintindex":0,"rotation":0,"texture":"#0"},"north":{"uv":[7.25,5.4375,6.6875,6.0],"tintindex":0,"rotation":0,"texture":"#0"},"west":{"uv":[5.5,5.375,6.3125,4.8125],"tintindex":0,"rotation":0,"texture":"#0"},"up":{"uv":[5.5,6.25,6.0625,5.4375],"tintindex":0,"rotation":0,"texture":"#0"},"down":{"uv":[6.0625,6.25,5.5,5.4375],"tintindex":0,"rotation":0,"texture":"#0"}},"rotation":{"origin":[8.5,1.4833059,3.9490294],"angle":-45.0,"axis":"x"}}]}