{"textures":{"0":"modelengine:entity/frog_royal"},"elements":[{"from":[4.005705,5.75,4.1694164],"to":[11.880704,8.75,10.169416],"faces":{"east":{"uv":[1.9375,6.0625,2.3125,6.25],"tintindex":0,"rotation":0,"texture":"#0"},"south":{"uv":[7.125,1.1875,7.625,1.375],"tintindex":0,"rotation":0,"texture":"#0"},"north":{"uv":[7.125,0.9375,7.625,1.125],"tintindex":0,"rotation":0,"texture":"#0"},"west":{"uv":[3.8125,7.0,4.1875,7.1875],"tintindex":0,"rotation":0,"texture":"#0"},"up":{"uv":[6.875,6.875,6.375,6.5],"tintindex":0,"rotation":0,"texture":"#0"},"down":{"uv":[2.4375,6.5625,1.9375,6.9375],"tintindex":0,"rotation":0,"texture":"#0"}},"rotation":{"origin":[7.943204,7.25,7.1694164],"angle":22.5,"axis":"y"}},{"from":[2.8714066,5.75,-7.033085],"to":[10.871407,5.75,4.9669156],"faces":{"up":{"uv":[4.4375,5.125,3.9375,4.375],"tintindex":0,"rotation":0,"texture":"#0"},"down":{"uv":[5.0,4.375,4.5,5.125],"tintindex":0,"rotation":0,"texture":"#0"}},"rotation":{"origin":[5.3714066,6.5,4.7169156],"angle":22.5,"axis":"y"}}]}