{
	"credit": "Made with Blockbench",
	"textures": {
		"0": "item/goblin_weapon_set/goblintex1",
		"1": "item/goblin_weapon_set/goblintex2",
		"3": "item/goblin_weapon_set/goblintex3",
		"4": "item/goblin_weapon_set/goblin_eye",
		"5": "item/goblin_weapon_set/pink_smoke",
		"particle": "item/goblin_weapon_set/goblintex1"
	},
	"elements": [
		{
			"from": [3, 1, 0],
			"to": [13, 2, 16],
			"rotation": {"angle": 0, "axis": "y", "origin": [0, -12, 3]},
			"faces": {
				"north": {"uv": [10.5, 7.75, 8, 8], "texture": "#0"},
				"east": {"uv": [7, 6.25, 11, 6.5], "texture": "#0"},
				"south": {"uv": [9.5, 6, 7, 6.25], "texture": "#0"},
				"west": {"uv": [11, 6.25, 7, 6.5], "texture": "#0"},
				"up": {"uv": [11, 12.5, 13.5, 8.5], "texture": "#0"},
				"down": {"uv": [11, 12.5, 13.5, 8.5], "texture": "#0"}
			}
		},
		{
			"from": [4, 2, -2],
			"to": [12, 3, 15],
			"rotation": {"angle": 0, "axis": "y", "origin": [0, -12, 3]},
			"faces": {
				"north": {"uv": [3.125, 13.25, 1.125, 13.5], "texture": "#0"},
				"east": {"uv": [1, 13.75, 5.25, 14], "texture": "#0"},
				"south": {"uv": [3.125, 13.5, 1.125, 13.75], "texture": "#0"},
				"west": {"uv": [5.25, 13.75, 1, 14], "texture": "#0"},
				"up": {"uv": [5.25, 14, 1, 16], "rotation": 90, "texture": "#0"},
				"down": {"uv": [1, 14, 5.25, 16], "rotation": 90, "texture": "#0"}
			}
		},
		{
			"from": [5, 3, -5],
			"to": [11, 4, 12],
			"rotation": {"angle": 0, "axis": "y", "origin": [0, -12, 3]},
			"faces": {
				"north": {"uv": [10.5, 6.5, 9, 7], "texture": "#0"},
				"east": {"uv": [11.125, 6.625, 15.375, 6.875], "texture": "#0"},
				"south": {"uv": [11, 6, 9.5, 6.25], "texture": "#0"},
				"west": {"uv": [15.375, 6.625, 11.125, 6.875], "texture": "#0"},
				"up": {"uv": [15.375, 6.875, 11.125, 8.375], "rotation": 90, "texture": "#0"},
				"down": {"uv": [11.125, 6.875, 15.375, 8.375], "rotation": 90, "texture": "#0"}
			}
		},
		{
			"from": [6, 4, -4],
			"to": [10, 5, 10],
			"rotation": {"angle": 0, "axis": "y", "origin": [0, -12, 3]},
			"faces": {
				"north": {"uv": [8, 7, 7, 7.25], "texture": "#0"},
				"east": {"uv": [13.5, 9, 13.75, 12.5], "rotation": 90, "texture": "#0"},
				"south": {"uv": [14.75, 8.75, 13.75, 9], "texture": "#0"},
				"west": {"uv": [13.5, 12.5, 13.75, 9], "rotation": 90, "texture": "#0"},
				"up": {"uv": [13.75, 12.5, 14.75, 9], "texture": "#0"},
				"down": {"uv": [13.75, 12.5, 14.75, 9], "texture": "#0"}
			}
		},
		{
			"from": [6, 1, -6],
			"to": [10, 4, -5],
			"rotation": {"angle": 0, "axis": "y", "origin": [0, -12, 3]},
			"faces": {
				"north": {"uv": [6, 5.25, 5, 6], "texture": "#0"},
				"east": {"uv": [6, 4.5, 5.75, 5.25], "texture": "#0"},
				"south": {"uv": [6, 5.25, 5, 6], "texture": "#0"},
				"west": {"uv": [5.75, 4.5, 6, 5.25], "texture": "#0"},
				"up": {"uv": [5.75, 4.25, 5.5, 5.25], "rotation": 90, "texture": "#0"},
				"down": {"uv": [5.75, 4.25, 5.5, 5.25], "rotation": 90, "texture": "#0"}
			}
		},
		{
			"from": [7, 0, -7],
			"to": [9, 3, -6],
			"rotation": {"angle": 0, "axis": "y", "origin": [0, -12, 3]},
			"faces": {
				"north": {"uv": [6, 7.25, 5.5, 8], "texture": "#0"},
				"east": {"uv": [5.75, 6.5, 5.5, 7.25], "texture": "#0"},
				"south": {"uv": [6, 7.25, 5.5, 8], "texture": "#0"},
				"west": {"uv": [5.5, 6.5, 5.75, 7.25], "texture": "#0"},
				"up": {"uv": [6, 6.75, 5.75, 7.25], "rotation": 90, "texture": "#0"},
				"down": {"uv": [6, 6.75, 5.75, 7.25], "rotation": 90, "texture": "#0"}
			}
		},
		{
			"from": [6, 5, -2],
			"to": [10, 6, 8],
			"rotation": {"angle": 0, "axis": "y", "origin": [0, -12, 3]},
			"faces": {
				"north": {"uv": [8, 7.25, 7, 7.5], "texture": "#0"},
				"east": {"uv": [6.75, 5.5, 7, 8], "rotation": 90, "texture": "#0"},
				"south": {"uv": [5, 6.75, 4, 7], "texture": "#0"},
				"west": {"uv": [6.75, 8, 7, 5.5], "rotation": 90, "texture": "#0"},
				"up": {"uv": [4, 6.75, 5, 4.25], "texture": "#0"},
				"down": {"uv": [4, 6.75, 5, 4.25], "texture": "#0"}
			}
		},
		{
			"from": [0, 0, 0],
			"to": [8, 16, 0],
			"rotation": {"angle": 22.5, "axis": "z", "origin": [0, 0, 0]},
			"faces": {
				"north": {"uv": [10.5, 0, 12.5, 4], "texture": "#3"},
				"east": {"uv": [0, 0, 0, 8], "texture": "#3"},
				"south": {"uv": [12.5, 0, 10.5, 4], "texture": "#3"},
				"west": {"uv": [0, 0, 0, 8], "texture": "#3"},
				"up": {"uv": [0, 0, 4, 0], "texture": "#3"},
				"down": {"uv": [0, 0, 4, 0], "texture": "#3"}
			}
		},
		{
			"from": [-1, 1, 5],
			"to": [-1, 13, 16],
			"rotation": {"angle": -22.5, "axis": "y", "origin": [0, -14, 16]},
			"faces": {
				"north": {"uv": [2.75, 8.75, 2.75, 11.75], "texture": "#1"},
				"east": {"uv": [0, 8.375, 2.75, 11.375], "texture": "#1"},
				"south": {"uv": [2.75, 8.75, 2.75, 11.75], "texture": "#1"},
				"west": {"uv": [2.75, 8.375, 0, 11.375], "texture": "#1"},
				"up": {"uv": [3.25, 11.5, 3.25, 8.75], "texture": "#1"},
				"down": {"uv": [3.25, 11.5, 3.25, 8.75], "texture": "#1"}
			}
		},
		{
			"from": [17, 1, 5],
			"to": [17, 13, 16],
			"rotation": {"angle": 22.5, "axis": "y", "origin": [16, -14, 16]},
			"faces": {
				"north": {"uv": [2.75, 8.75, 2.75, 11.75], "texture": "#1"},
				"east": {"uv": [0, 8.375, 2.75, 11.375], "texture": "#1"},
				"south": {"uv": [2.75, 8.75, 2.75, 11.75], "texture": "#1"},
				"west": {"uv": [2.75, 8.375, 0, 11.375], "texture": "#1"},
				"up": {"uv": [3.25, 11.5, 3.25, 8.75], "texture": "#1"},
				"down": {"uv": [3.25, 11.5, 3.25, 8.75], "texture": "#1"}
			}
		},
		{
			"from": [2, -14, 18],
			"to": [14, -2, 20],
			"rotation": {"angle": -22.5, "axis": "x", "origin": [21, -3, 8]},
			"faces": {
				"north": {"uv": [13, 13, 16, 16], "texture": "#0"},
				"east": {"uv": [12.5, 13, 13, 16], "texture": "#0"},
				"south": {"uv": [13, 13, 16, 16], "texture": "#0"},
				"west": {"uv": [12.5, 13, 13, 16], "texture": "#0"},
				"up": {"uv": [13, 12.5, 16, 13], "rotation": 180, "texture": "#0"},
				"down": {"uv": [13, 12.5, 16, 13], "rotation": 180, "texture": "#0"}
			}
		},
		{
			"from": [14, -13, 18],
			"to": [15, -3, 20],
			"rotation": {"angle": -22.5, "axis": "x", "origin": [21, -3, 8]},
			"faces": {
				"north": {"uv": [12.5, 13.5, 12.25, 16], "texture": "#0"},
				"east": {"uv": [11.75, 13.5, 12.25, 16], "texture": "#0"},
				"south": {"uv": [12.25, 13.5, 12.5, 16], "texture": "#0"},
				"west": {"uv": [11.75, 13.5, 12.25, 16], "texture": "#0"},
				"up": {"uv": [12, 13.25, 12.5, 13.5], "rotation": 270, "texture": "#0"},
				"down": {"uv": [12, 13.25, 12.5, 13.5], "rotation": 270, "texture": "#0"}
			}
		},
		{
			"from": [15, -12, 18],
			"to": [16, -4, 20],
			"rotation": {"angle": -22.5, "axis": "x", "origin": [21, -3, 8]},
			"faces": {
				"north": {"uv": [11.75, 14, 11.5, 16], "texture": "#0"},
				"east": {"uv": [11, 14, 11.5, 16], "texture": "#0"},
				"south": {"uv": [11.5, 14, 11.75, 16], "texture": "#0"},
				"west": {"uv": [11, 14, 11.5, 16], "texture": "#0"},
				"up": {"uv": [12, 13, 12.5, 13.25], "rotation": 270, "texture": "#0"},
				"down": {"uv": [12, 13, 12.5, 13.25], "rotation": 270, "texture": "#0"}
			}
		},
		{
			"from": [3, -2, 18],
			"to": [13, -1, 20],
			"rotation": {"angle": -22.5, "axis": "x", "origin": [21, -3, 8]},
			"faces": {
				"north": {"uv": [12.5, 13.5, 12.25, 16], "rotation": 90, "texture": "#0"},
				"east": {"uv": [12, 13.25, 12.5, 13.5], "rotation": 180, "texture": "#0"},
				"south": {"uv": [12.25, 13.5, 12.5, 16], "rotation": 270, "texture": "#0"},
				"west": {"uv": [12, 13.25, 12.5, 13.5], "rotation": 180, "texture": "#0"},
				"up": {"uv": [11.75, 13.5, 12.25, 16], "rotation": 270, "texture": "#0"},
				"down": {"uv": [11.75, 13.5, 12.25, 16], "rotation": 270, "texture": "#0"}
			}
		},
		{
			"from": [4, -16, 18],
			"to": [12, -15, 20],
			"rotation": {"angle": -22.5, "axis": "x", "origin": [21, -3, 8]},
			"faces": {
				"north": {"uv": [11.875, 14, 11.625, 16], "rotation": 90, "texture": "#0"},
				"east": {"uv": [12, 13.25, 12.5, 13], "rotation": 180, "texture": "#0"},
				"south": {"uv": [11.75, 14, 11.5, 16], "rotation": 270, "texture": "#0"},
				"west": {"uv": [12, 13.25, 12.5, 13], "rotation": 180, "texture": "#0"},
				"up": {"uv": [11.5, 14, 11, 16], "rotation": 270, "texture": "#0"},
				"down": {"uv": [11.5, 14, 11, 16], "rotation": 270, "texture": "#0"}
			}
		},
		{
			"from": [4, 5.3, 16.5],
			"to": [12, 6.3, 18.5],
			"rotation": {"angle": -22.5, "axis": "x", "origin": [8, 4, 23]},
			"faces": {
				"north": {"uv": [11.625, 14, 11.875, 16], "rotation": 90, "texture": "#0"},
				"east": {"uv": [12, 13, 12.5, 13.25], "rotation": 180, "texture": "#0"},
				"south": {"uv": [11.5, 14, 11.75, 16], "rotation": 270, "texture": "#0"},
				"west": {"uv": [12, 13, 12.5, 13.25], "rotation": 180, "texture": "#0"},
				"up": {"uv": [11, 14, 11.5, 16], "rotation": 270, "texture": "#0"},
				"down": {"uv": [11, 14, 11.5, 16], "rotation": 270, "texture": "#0"}
			}
		},
		{
			"from": [3, -15, 18],
			"to": [13, -14, 20],
			"rotation": {"angle": -22.5, "axis": "x", "origin": [21, -3, 8]},
			"faces": {
				"north": {"uv": [12.25, 13.5, 12.5, 16], "rotation": 90, "texture": "#0"},
				"east": {"uv": [12, 13.5, 12.5, 13.25], "rotation": 180, "texture": "#0"},
				"south": {"uv": [12.5, 13.5, 12.25, 16], "rotation": 270, "texture": "#0"},
				"west": {"uv": [12, 13.5, 12.5, 13.25], "rotation": 180, "texture": "#0"},
				"up": {"uv": [12.25, 13.5, 11.75, 16], "rotation": 270, "texture": "#0"},
				"down": {"uv": [12.25, 13.5, 11.75, 16], "rotation": 270, "texture": "#0"}
			}
		},
		{
			"from": [0, -12, 18],
			"to": [1, -4, 20],
			"rotation": {"angle": -22.5, "axis": "x", "origin": [21, -3, 8]},
			"faces": {
				"north": {"uv": [11.5, 14, 11.75, 16], "texture": "#0"},
				"east": {"uv": [11.5, 14, 11, 16], "texture": "#0"},
				"south": {"uv": [11.75, 14, 11.5, 16], "texture": "#0"},
				"west": {"uv": [11.5, 14, 11, 16], "texture": "#0"},
				"up": {"uv": [12, 13.25, 12.5, 13], "rotation": 270, "texture": "#0"},
				"down": {"uv": [12, 13.25, 12.5, 13], "rotation": 270, "texture": "#0"}
			}
		},
		{
			"from": [1, -13, 18],
			"to": [2, -3, 20],
			"rotation": {"angle": -22.5, "axis": "x", "origin": [21, -3, 8]},
			"faces": {
				"north": {"uv": [12.25, 13.5, 12.5, 16], "texture": "#0"},
				"east": {"uv": [12.25, 13.5, 11.75, 16], "texture": "#0"},
				"south": {"uv": [12.5, 13.5, 12.25, 16], "texture": "#0"},
				"west": {"uv": [12.25, 13.5, 11.75, 16], "texture": "#0"},
				"up": {"uv": [12, 13.5, 12.5, 13.25], "rotation": 270, "texture": "#0"},
				"down": {"uv": [12, 13.5, 12.5, 13.25], "rotation": 270, "texture": "#0"}
			}
		},
		{
			"from": [6, -2.7, 19.6],
			"to": [10, 3.3, 19.6],
			"rotation": {"angle": -22.5, "axis": "x", "origin": [0, 0, 16]},
			"faces": {
				"north": {"uv": [8, 4.5, 7, 6], "texture": "#0"},
				"east": {"uv": [0, 0, 0, 1.5], "texture": "#0"},
				"south": {"uv": [8, 4.5, 7, 6], "texture": "#0"},
				"west": {"uv": [0, 0, 0, 1.5], "texture": "#0"},
				"up": {"uv": [0, 0, 0.75, 0], "texture": "#0"},
				"down": {"uv": [0, 0, 0.75, 0], "texture": "#0"}
			}
		},
		{
			"from": [1, -10, 2],
			"to": [15, -6, 14],
			"rotation": {"angle": 0, "axis": "y", "origin": [0, -11, 16]},
			"faces": {
				"north": {"uv": [11.5, 3.125, 8, 4.125], "texture": "#0"},
				"east": {"uv": [11.75, 3, 12.75, 0], "rotation": 90, "texture": "#0"},
				"south": {"uv": [11.5, 3.125, 8, 4.125], "texture": "#0"},
				"west": {"uv": [11.75, 0, 12.75, 3], "rotation": 90, "texture": "#0"},
				"up": {"uv": [8.5, 3, 11.75, 0], "texture": "#0"},
				"down": {"uv": [8.5, 3, 11.75, 0], "texture": "#0"}
			}
		},
		{
			"from": [-1, -6, -1],
			"to": [17, 1, 17],
			"rotation": {"angle": 0, "axis": "y", "origin": [0, -11, 16]},
			"faces": {
				"north": {"uv": [11, 9.75, 6.5, 11.5], "texture": "#0"},
				"east": {"uv": [6.5, 8, 11, 9.75], "texture": "#0"},
				"south": {"uv": [11, 9.75, 6.5, 11.5], "texture": "#0"},
				"west": {"uv": [11, 8, 6.5, 9.75], "texture": "#0"},
				"up": {"uv": [6.5, 16, 11, 11.5], "texture": "#0"},
				"down": {"uv": [6.5, 16, 11, 11.5], "texture": "#0"}
			}
		},
		{
			"from": [4, -8, -2],
			"to": [12, -2, 1],
			"rotation": {"angle": 0, "axis": "y", "origin": [0, -11, 16]},
			"faces": {
				"north": {"uv": [11.125, 4.25, 9.125, 5.75], "texture": "#0"},
				"east": {"uv": [9.25, 4.25, 8.5, 5.75], "texture": "#0"},
				"south": {"uv": [11.125, 4.25, 9.125, 5.75], "texture": "#0"},
				"west": {"uv": [9.25, 4.25, 8.5, 5.75], "texture": "#0"},
				"up": {"uv": [12.5, 3, 11.75, 5], "rotation": 90, "texture": "#0"},
				"down": {"uv": [12.5, 3, 11.75, 5], "rotation": 90, "texture": "#0"}
			}
		},
		{
			"from": [0, -10, 0],
			"to": [2, -6, 2],
			"rotation": {"angle": 0, "axis": "y", "origin": [0, -11, 16]},
			"faces": {
				"north": {"uv": [6.5, 4.5, 6, 5.5], "texture": "#0"},
				"east": {"uv": [6, 4.5, 6.5, 5.5], "texture": "#0"},
				"south": {"uv": [6.5, 4.5, 6, 5.5], "texture": "#0"},
				"west": {"uv": [6, 4.5, 6.5, 5.5], "texture": "#0"},
				"up": {"uv": [6.5, 5, 7, 4.5], "texture": "#0"},
				"down": {"uv": [6.5, 5, 7, 4.5], "texture": "#0"}
			}
		},
		{
			"from": [-1, -11, -1],
			"to": [3, -10, 3],
			"rotation": {"angle": 0, "axis": "y", "origin": [0, -11, 16]},
			"faces": {
				"north": {"uv": [5, 4, 4, 4.25], "texture": "#0"},
				"east": {"uv": [4, 4, 5, 4.25], "texture": "#0"},
				"south": {"uv": [5, 4, 4, 4.25], "texture": "#0"},
				"west": {"uv": [4, 4, 5, 4.25], "texture": "#0"},
				"up": {"uv": [4, 4, 5, 3], "texture": "#0"},
				"down": {"uv": [4, 4, 5, 3], "texture": "#0"}
			}
		},
		{
			"from": [13, -11, -1],
			"to": [17, -10, 3],
			"rotation": {"angle": 0, "axis": "y", "origin": [16, -11, 16]},
			"faces": {
				"north": {"uv": [4, 4, 5, 4.25], "texture": "#0"},
				"east": {"uv": [5, 4, 4, 4.25], "texture": "#0"},
				"south": {"uv": [4, 4, 5, 4.25], "texture": "#0"},
				"west": {"uv": [5, 4, 4, 4.25], "texture": "#0"},
				"up": {"uv": [5, 4, 4, 3], "texture": "#0"},
				"down": {"uv": [5, 4, 4, 3], "texture": "#0"}
			}
		},
		{
			"from": [14, -10, 0],
			"to": [16, -6, 2],
			"rotation": {"angle": 0, "axis": "y", "origin": [16, -11, 16]},
			"faces": {
				"north": {"uv": [6, 4.5, 6.5, 5.5], "texture": "#0"},
				"east": {"uv": [6.5, 4.5, 6, 5.5], "texture": "#0"},
				"south": {"uv": [6, 4.5, 6.5, 5.5], "texture": "#0"},
				"west": {"uv": [6.5, 4.5, 6, 5.5], "texture": "#0"},
				"up": {"uv": [7, 5, 6.5, 4.5], "texture": "#0"},
				"down": {"uv": [7, 5, 6.5, 4.5], "texture": "#0"}
			}
		},
		{
			"from": [0, -10, 14],
			"to": [2, -6, 16],
			"rotation": {"angle": 0, "axis": "y", "origin": [0, -11, 0]},
			"faces": {
				"north": {"uv": [6, 4.5, 6.5, 5.5], "texture": "#0"},
				"east": {"uv": [6.5, 4.5, 6, 5.5], "texture": "#0"},
				"south": {"uv": [6, 4.5, 6.5, 5.5], "texture": "#0"},
				"west": {"uv": [6.5, 4.5, 6, 5.5], "texture": "#0"},
				"up": {"uv": [6.5, 4.5, 7, 5], "texture": "#0"},
				"down": {"uv": [6.5, 4.5, 7, 5], "texture": "#0"}
			}
		},
		{
			"from": [-1, -11, 13],
			"to": [3, -10, 17],
			"rotation": {"angle": 0, "axis": "y", "origin": [0, -11, 0]},
			"faces": {
				"north": {"uv": [4, 4, 5, 4.25], "texture": "#0"},
				"east": {"uv": [5, 4, 4, 4.25], "texture": "#0"},
				"south": {"uv": [4, 4, 5, 4.25], "texture": "#0"},
				"west": {"uv": [5, 4, 4, 4.25], "texture": "#0"},
				"up": {"uv": [4, 3, 5, 4], "texture": "#0"},
				"down": {"uv": [4, 3, 5, 4], "texture": "#0"}
			}
		},
		{
			"from": [13, -11, 13],
			"to": [17, -10, 17],
			"rotation": {"angle": 0, "axis": "y", "origin": [16, -11, 0]},
			"faces": {
				"north": {"uv": [5, 4, 4, 4.25], "texture": "#0"},
				"east": {"uv": [4, 4, 5, 4.25], "texture": "#0"},
				"south": {"uv": [5, 4, 4, 4.25], "texture": "#0"},
				"west": {"uv": [4, 4, 5, 4.25], "texture": "#0"},
				"up": {"uv": [5, 3, 4, 4], "texture": "#0"},
				"down": {"uv": [5, 3, 4, 4], "texture": "#0"}
			}
		},
		{
			"from": [14, -10, 14],
			"to": [16, -6, 16],
			"rotation": {"angle": 0, "axis": "y", "origin": [16, -11, 0]},
			"faces": {
				"north": {"uv": [6.5, 4.5, 6, 5.5], "texture": "#0"},
				"east": {"uv": [6, 4.5, 6.5, 5.5], "texture": "#0"},
				"south": {"uv": [6.5, 4.5, 6, 5.5], "texture": "#0"},
				"west": {"uv": [6, 4.5, 6.5, 5.5], "texture": "#0"},
				"up": {"uv": [7, 4.5, 6.5, 5], "texture": "#0"},
				"down": {"uv": [7, 4.5, 6.5, 5], "texture": "#0"}
			}
		},
		{
			"from": [-1, -11, 0.5],
			"to": [2, -7, 0.5],
			"rotation": {"angle": -45, "axis": "y", "origin": [1.5, -9, -2]},
			"faces": {
				"north": {"uv": [6.75, 7, 6, 8], "texture": "#0"},
				"east": {"uv": [0, 0, 0, 0.75], "texture": "#0"},
				"south": {"uv": [6, 7, 6.75, 8], "texture": "#0"},
				"west": {"uv": [0, 0, 0, 0.75], "texture": "#0"},
				"up": {"uv": [0, 0, 0.5, 0], "texture": "#0"},
				"down": {"uv": [0, 0, 0.5, 0], "texture": "#0"}
			}
		},
		{
			"from": [1, 1, 1.5],
			"to": [4, 5, 1.5],
			"rotation": {"angle": -45, "axis": "y", "origin": [1.5, -9, -2]},
			"faces": {
				"north": {"uv": [6.75, 7, 6, 8], "texture": "#0"},
				"east": {"uv": [0, 0, 0, 0.75], "texture": "#0"},
				"south": {"uv": [6, 7, 6.75, 8], "texture": "#0"},
				"west": {"uv": [0, 0, 0, 0.75], "texture": "#0"},
				"up": {"uv": [0, 0, 0.5, 0], "texture": "#0"},
				"down": {"uv": [0, 0, 0.5, 0], "texture": "#0"}
			}
		},
		{
			"from": [2, 1, 3.5],
			"to": [5, 5, 3.5],
			"rotation": {"angle": -22.5, "axis": "y", "origin": [1.5, -9, -2]},
			"faces": {
				"north": {"uv": [6.75, 7, 6, 8], "texture": "#0"},
				"east": {"uv": [0, 0, 0, 0.75], "texture": "#0"},
				"south": {"uv": [6, 7, 6.75, 8], "texture": "#0"},
				"west": {"uv": [0, 0, 0, 0.75], "texture": "#0"},
				"up": {"uv": [0, 0, 0.5, 0], "texture": "#0"},
				"down": {"uv": [0, 0, 0.5, 0], "texture": "#0"}
			}
		},
		{
			"from": [11, 1, 3.5],
			"to": [14, 5, 3.5],
			"rotation": {"angle": 22.5, "axis": "y", "origin": [14.5, -9, -2]},
			"faces": {
				"north": {"uv": [6, 7, 6.75, 8], "texture": "#0"},
				"east": {"uv": [0, 0, 0, 0.75], "texture": "#0"},
				"south": {"uv": [6.75, 7, 6, 8], "texture": "#0"},
				"west": {"uv": [0, 0, 0, 0.75], "texture": "#0"},
				"up": {"uv": [0.5, 0, 0, 0], "texture": "#0"},
				"down": {"uv": [0.5, 0, 0, 0], "texture": "#0"}
			}
		},
		{
			"from": [12, 1, 1.5],
			"to": [15, 5, 1.5],
			"rotation": {"angle": 45, "axis": "y", "origin": [14.5, -9, -2]},
			"faces": {
				"north": {"uv": [6, 7, 6.75, 8], "texture": "#0"},
				"east": {"uv": [0, 0, 0, 0.75], "texture": "#0"},
				"south": {"uv": [6.75, 7, 6, 8], "texture": "#0"},
				"west": {"uv": [0, 0, 0, 0.75], "texture": "#0"},
				"up": {"uv": [0.5, 0, 0, 0], "texture": "#0"},
				"down": {"uv": [0.5, 0, 0, 0], "texture": "#0"}
			}
		},
		{
			"from": [2, -5.5, -4.1],
			"to": [14, 2.5, -4.1],
			"faces": {
				"north": {"uv": [2, 3, 14, 11], "texture": "#4"},
				"east": {"uv": [2, 3, 14, 11], "texture": "#4"},
				"south": {"uv": [2, 3, 14, 11], "texture": "#4"},
				"west": {"uv": [2, 3, 14, 11], "texture": "#4"},
				"up": {"uv": [0, 0, 0.5625, 0], "rotation": 180, "texture": "#4"},
				"down": {"uv": [0, 0, 0.5625, 0], "rotation": 180, "texture": "#4"}
			}
		},
		{
			"from": [14, -11, 0.5],
			"to": [17, -7, 0.5],
			"rotation": {"angle": 45, "axis": "y", "origin": [14.5, -9, -2]},
			"faces": {
				"north": {"uv": [6, 7, 6.75, 8], "texture": "#0"},
				"east": {"uv": [0, 0, 0, 0.75], "texture": "#0"},
				"south": {"uv": [6.75, 7, 6, 8], "texture": "#0"},
				"west": {"uv": [0, 0, 0, 0.75], "texture": "#0"},
				"up": {"uv": [0.5, 0, 0, 0], "texture": "#0"},
				"down": {"uv": [0.5, 0, 0, 0], "texture": "#0"}
			}
		},
		{
			"from": [-1, -11, 15.5],
			"to": [2, -7, 15.5],
			"rotation": {"angle": 45, "axis": "y", "origin": [1.5, -9, 18]},
			"faces": {
				"north": {"uv": [6.75, 7, 6, 8], "texture": "#0"},
				"east": {"uv": [0, 0, 0, 0.75], "texture": "#0"},
				"south": {"uv": [6, 7, 6.75, 8], "texture": "#0"},
				"west": {"uv": [0, 0, 0, 0.75], "texture": "#0"},
				"up": {"uv": [0, 0, 0.5, 0], "texture": "#0"},
				"down": {"uv": [0, 0, 0.5, 0], "texture": "#0"}
			}
		},
		{
			"from": [14, -11, 15.5],
			"to": [17, -7, 15.5],
			"rotation": {"angle": -45, "axis": "y", "origin": [14.5, -9, 18]},
			"faces": {
				"north": {"uv": [6, 7, 6.75, 8], "texture": "#0"},
				"east": {"uv": [0, 0, 0, 0.75], "texture": "#0"},
				"south": {"uv": [6.75, 7, 6, 8], "texture": "#0"},
				"west": {"uv": [0, 0, 0, 0.75], "texture": "#0"},
				"up": {"uv": [0.5, 0, 0, 0], "texture": "#0"},
				"down": {"uv": [0.5, 0, 0, 0], "texture": "#0"}
			}
		},
		{
			"from": [7, 11, 13.5],
			"to": [9, 13, 30.5],
			"rotation": {"angle": 22.5, "axis": "x", "origin": [8, 11.25, 15.75]},
			"faces": {
				"north": {"uv": [6, 7, 6.5, 6.5], "rotation": 270, "texture": "#1"},
				"east": {"uv": [1, 8.25, 0.5, 4], "rotation": 90, "texture": "#1"},
				"south": {"uv": [6.5, 5.75, 7, 6.25], "rotation": 270, "texture": "#1"},
				"west": {"uv": [0.5, 8.25, 1, 4], "rotation": 270, "texture": "#1"},
				"up": {"uv": [1.5, 8.25, 1, 4], "texture": "#1"},
				"down": {"uv": [1.5, 8.25, 1, 4], "rotation": 180, "texture": "#1"}
			}
		},
		{
			"from": [7, 13, 27.5],
			"to": [9, 14, 29.5],
			"rotation": {"angle": 22.5, "axis": "x", "origin": [8, 11.25, 15.75]},
			"faces": {
				"north": {"uv": [4.75, 8.25, 4.25, 8], "texture": "#0"},
				"east": {"uv": [4.75, 8.25, 4.25, 8], "texture": "#0"},
				"south": {"uv": [4.75, 8.25, 4.25, 8], "texture": "#0"},
				"west": {"uv": [4.75, 8.25, 4.25, 8], "texture": "#0"},
				"up": {"uv": [4.75, 8.75, 4.25, 8.25], "rotation": 90, "texture": "#0"},
				"down": {"uv": [4.75, 8.75, 4.25, 8.25], "rotation": 270, "texture": "#0"}
			}
		},
		{
			"from": [7.5, 14, 28],
			"to": [8.5, 17, 29],
			"rotation": {"angle": 22.5, "axis": "x", "origin": [8, 11.25, 15.75]},
			"faces": {
				"north": {"uv": [4.25, 8.75, 4, 8], "texture": "#0"},
				"east": {"uv": [4.25, 8.75, 4, 8], "texture": "#0"},
				"south": {"uv": [4.25, 8.75, 4, 8], "texture": "#0"},
				"west": {"uv": [4.25, 8.75, 4, 8], "texture": "#0"},
				"up": {"uv": [5, 8.25, 4.75, 8], "rotation": 90, "texture": "#0"},
				"down": {"uv": [5, 8.25, 4.75, 8], "rotation": 270, "texture": "#0"}
			}
		},
		{
			"from": [7.5, 14, 24],
			"to": [8.5, 17, 25],
			"rotation": {"angle": 22.5, "axis": "x", "origin": [8, 11.25, 15.75]},
			"faces": {
				"north": {"uv": [4.25, 8.75, 4, 8], "texture": "#0"},
				"east": {"uv": [4.25, 8.75, 4, 8], "texture": "#0"},
				"south": {"uv": [4.25, 8.75, 4, 8], "texture": "#0"},
				"west": {"uv": [4.25, 8.75, 4, 8], "texture": "#0"},
				"up": {"uv": [5, 8.25, 4.75, 8], "rotation": 90, "texture": "#0"},
				"down": {"uv": [5, 8.25, 4.75, 8], "rotation": 270, "texture": "#0"}
			}
		},
		{
			"from": [7, 13, 23.5],
			"to": [9, 14, 25.5],
			"rotation": {"angle": 22.5, "axis": "x", "origin": [8, 11.25, 15.75]},
			"faces": {
				"north": {"uv": [4.75, 8.25, 4.25, 8], "texture": "#0"},
				"east": {"uv": [4.75, 8.25, 4.25, 8], "texture": "#0"},
				"south": {"uv": [4.75, 8.25, 4.25, 8], "texture": "#0"},
				"west": {"uv": [4.75, 8.25, 4.25, 8], "texture": "#0"},
				"up": {"uv": [4.75, 8.75, 4.25, 8.25], "rotation": 90, "texture": "#0"},
				"down": {"uv": [4.75, 8.75, 4.25, 8.25], "rotation": 270, "texture": "#0"}
			}
		},
		{
			"from": [7, 11, 0.5],
			"to": [9, 13, 13.5],
			"rotation": {"angle": 22.5, "axis": "x", "origin": [8, 11.25, 15.75]},
			"faces": {
				"north": {"uv": [5.5, 7, 6, 6.5], "rotation": 270, "texture": "#1"},
				"east": {"uv": [5, 8.5, 4.5, 5.25], "rotation": 90, "texture": "#1"},
				"south": {"uv": [6.5, 5.25, 7, 5.75], "rotation": 270, "texture": "#1"},
				"west": {"uv": [4.5, 8.5, 5, 5.25], "rotation": 270, "texture": "#1"},
				"up": {"uv": [5.5, 8.5, 5, 5.25], "texture": "#1"},
				"down": {"uv": [5.5, 8.5, 5, 5.25], "rotation": 180, "texture": "#1"}
			}
		},
		{
			"from": [6, 10, 14.5],
			"to": [10, 14, 22.5],
			"rotation": {"angle": 22.5, "axis": "x", "origin": [8, 11.25, 15.75]},
			"faces": {
				"north": {"uv": [5.5, 0, 6.5, 1], "rotation": 270, "texture": "#1"},
				"east": {"uv": [3.5, 6.25, 4.5, 4.25], "rotation": 90, "texture": "#1"},
				"south": {"uv": [5.5, 0, 6.5, 1], "rotation": 270, "texture": "#1"},
				"west": {"uv": [4.5, 6.25, 3.5, 4.25], "rotation": 270, "texture": "#1"},
				"up": {"uv": [5.5, 2, 4.5, 0], "texture": "#1"},
				"down": {"uv": [5.5, 2, 4.5, 0], "rotation": 180, "texture": "#1"}
			}
		},
		{
			"from": [8, 3, 14.5],
			"to": [8, 11, 30.5],
			"rotation": {"angle": 22.5, "axis": "x", "origin": [8, 11.25, 15.75]},
			"faces": {
				"north": {"uv": [0, 0, 2, 0], "rotation": 270, "texture": "#1"},
				"east": {"uv": [2, 4, 0, 0], "rotation": 90, "texture": "#1"},
				"south": {"uv": [0, 0, 2, 0], "rotation": 270, "texture": "#1"},
				"west": {"uv": [0, 4, 2, 0], "rotation": 270, "texture": "#1"},
				"up": {"uv": [0, 4, 0, 0], "texture": "#1"},
				"down": {"uv": [0, 4, 0, 0], "rotation": 180, "texture": "#1"}
			}
		},
		{
			"from": [18, -10, 10],
			"to": [20, -4, 12],
			"faces": {
				"north": {"uv": [0.5, 11.625, 1, 13.125], "texture": "#0"},
				"east": {"uv": [0, 11.625, 0.5, 13.125], "texture": "#0"},
				"south": {"uv": [1, 11.625, 0.5, 13.125], "texture": "#0"},
				"west": {"uv": [0.5, 11.625, 0, 13.125], "texture": "#0"},
				"up": {"uv": [0.625, 11.125, 1.125, 11.625], "texture": "#0"},
				"down": {"uv": [0.625, 11.125, 1.125, 11.625], "texture": "#0"}
			}
		},
		{
			"from": [18.2, -10.5, 10.2],
			"to": [19.8, -10, 11.8],
			"faces": {
				"north": {"uv": [2.875, 12.5, 3.25, 12.625], "texture": "#0"},
				"east": {"uv": [2.875, 13, 3.25, 13.125], "texture": "#0"},
				"south": {"uv": [2.875, 12.5, 3.25, 12.625], "texture": "#0"},
				"west": {"uv": [2.875, 13, 3.25, 13.125], "texture": "#0"},
				"up": {"uv": [2.875, 12.625, 3.25, 13], "texture": "#0"},
				"down": {"uv": [2.875, 12.625, 3.25, 13], "texture": "#0"}
			}
		},
		{
			"from": [17, -3.5, 9],
			"to": [21, -2.5, 13],
			"faces": {
				"north": {"uv": [1, 11.625, 2, 11.875], "texture": "#0"},
				"east": {"uv": [1, 11.875, 2, 12.125], "texture": "#0"},
				"south": {"uv": [1, 11.625, 2, 11.875], "texture": "#0"},
				"west": {"uv": [2, 11.875, 1, 12.125], "texture": "#0"},
				"up": {"uv": [1, 12.125, 2, 13.125], "texture": "#0"},
				"down": {"uv": [1, 12.125, 2, 13.125], "texture": "#0"}
			}
		},
		{
			"from": [17.3, -4, 9.2],
			"to": [20.8, -3.5, 12.8],
			"faces": {
				"north": {"uv": [2.875, 12.125, 2, 12.25], "texture": "#0"},
				"east": {"uv": [2, 12, 2.875, 12.125], "texture": "#0"},
				"south": {"uv": [2, 12.125, 2.875, 12.25], "texture": "#0"},
				"west": {"uv": [2, 12, 2.875, 12.125], "texture": "#0"},
				"up": {"uv": [2, 12.25, 2.875, 13.125], "texture": "#0"},
				"down": {"uv": [2, 12.25, 2.875, 13.125], "texture": "#0"}
			}
		},
		{
			"from": [18, -10, 4],
			"to": [20, -4, 6],
			"faces": {
				"north": {"uv": [3.5, 9.625, 4, 11.125], "texture": "#0"},
				"east": {"uv": [3, 9.625, 3.5, 11.125], "texture": "#0"},
				"south": {"uv": [4, 9.625, 3.5, 11.125], "texture": "#0"},
				"west": {"uv": [3.5, 9.625, 3, 11.125], "texture": "#0"},
				"up": {"uv": [0.625, 11.125, 1.125, 11.625], "texture": "#0"},
				"down": {"uv": [0.625, 11.125, 1.125, 11.625], "texture": "#0"}
			}
		},
		{
			"from": [18.2, -10.5, 4.2],
			"to": [19.8, -10, 5.8],
			"faces": {
				"north": {"uv": [2.875, 12.5, 3.25, 12.625], "texture": "#0"},
				"east": {"uv": [2.875, 13, 3.25, 13.125], "texture": "#0"},
				"south": {"uv": [2.875, 12.5, 3.25, 12.625], "texture": "#0"},
				"west": {"uv": [2.875, 13, 3.25, 13.125], "texture": "#0"},
				"up": {"uv": [2.875, 12.625, 3.25, 13], "texture": "#0"},
				"down": {"uv": [2.875, 12.625, 3.25, 13], "texture": "#0"}
			}
		},
		{
			"from": [17, -3.5, 3],
			"to": [21, -2.5, 7],
			"faces": {
				"north": {"uv": [1, 11.625, 2, 11.875], "texture": "#0"},
				"east": {"uv": [1, 11.875, 2, 12.125], "texture": "#0"},
				"south": {"uv": [1, 11.625, 2, 11.875], "texture": "#0"},
				"west": {"uv": [2, 11.875, 1, 12.125], "texture": "#0"},
				"up": {"uv": [1, 12.125, 2, 13.125], "texture": "#0"},
				"down": {"uv": [1, 12.125, 2, 13.125], "texture": "#0"}
			}
		},
		{
			"from": [18, -2.5, 4],
			"to": [20, -1.5, 6],
			"faces": {
				"north": {"uv": [3.375, 12.875, 3.875, 13.125], "texture": "#0"},
				"east": {"uv": [3.375, 12.625, 3.875, 12.875], "texture": "#0"},
				"south": {"uv": [3.375, 12.875, 3.875, 13.125], "texture": "#0"},
				"west": {"uv": [3.875, 12.625, 3.375, 12.875], "texture": "#0"},
				"up": {"uv": [3.375, 12.125, 3.875, 12.625], "texture": "#0"},
				"down": {"uv": [3.375, 12.125, 3.875, 12.625], "texture": "#0"}
			}
		},
		{
			"from": [17.7, -1.5, 3.7],
			"to": [20.3, -0.5, 6.3],
			"faces": {
				"north": {"uv": [0.625, 10.5, 0, 10.75], "texture": "#0"},
				"east": {"uv": [0.625, 11.375, 0, 11.625], "texture": "#0"},
				"south": {"uv": [0.625, 10.5, 0, 10.75], "texture": "#0"},
				"west": {"uv": [0.625, 11.375, 0, 11.625], "texture": "#0"},
				"up": {"uv": [0, 10.75, 0.625, 11.375], "texture": "#0"},
				"down": {"uv": [0, 10.75, 0.625, 11.375], "texture": "#0"}
			}
		},
		{
			"from": [17.3, -4, 3.2],
			"to": [20.8, -3.5, 6.8],
			"faces": {
				"north": {"uv": [2.875, 12.125, 2, 12.25], "texture": "#0"},
				"east": {"uv": [2, 12, 2.875, 12.125], "texture": "#0"},
				"south": {"uv": [2, 12.125, 2.875, 12.25], "texture": "#0"},
				"west": {"uv": [2, 12, 2.875, 12.125], "texture": "#0"},
				"up": {"uv": [2, 12.25, 2.875, 13.125], "texture": "#0"},
				"down": {"uv": [2, 12.25, 2.875, 13.125], "texture": "#0"}
			}
		},
		{
			"from": [6, -4, -4],
			"to": [10, -1, -1],
			"rotation": {"angle": 0, "axis": "y", "origin": [8, -2.25, -2.6]},
			"faces": {
				"north": {"uv": [0, 10.5, 0.75, 9.5], "rotation": 90, "texture": "#0"},
				"east": {"uv": [3.875, 11.375, 3.125, 12.125], "rotation": 90, "texture": "#0"},
				"south": {"uv": [0, 10.5, 0.75, 9.5], "rotation": 90, "texture": "#0"},
				"west": {"uv": [3.875, 12.125, 3.125, 11.375], "rotation": 90, "texture": "#0"},
				"up": {"uv": [3, 10.625, 2.25, 9.625], "rotation": 90, "texture": "#0"},
				"down": {"uv": [3, 10.625, 2.25, 9.625], "rotation": 90, "texture": "#0"}
			}
		},
		{
			"from": [7, -1, -4.1],
			"to": [9, -0.5, -1.1],
			"rotation": {"angle": 0, "axis": "y", "origin": [8, -0.5, -2.6]},
			"faces": {
				"north": {"uv": [0.625, 11, 0.75, 10.5], "rotation": 90, "texture": "#0"},
				"east": {"uv": [0, 9.5, 0.75, 9.375], "rotation": 180, "texture": "#0"},
				"south": {"uv": [0.625, 11, 0.75, 10.5], "rotation": 90, "texture": "#0"},
				"west": {"uv": [0, 9.5, 0.75, 9.375], "rotation": 180, "texture": "#0"},
				"up": {"uv": [4.625, 11.875, 3.875, 11.375], "rotation": 90, "texture": "#0"},
				"down": {"uv": [4.625, 11.875, 3.875, 11.375], "rotation": 90, "texture": "#0"}
			}
		},
		{
			"from": [7, -7.75, -4.1],
			"to": [9, -7.25, -1.1],
			"rotation": {"angle": 0, "axis": "y", "origin": [8, -7.5, -2.6]},
			"faces": {
				"north": {"uv": [1.125, 11, 0.625, 11.125], "texture": "#0"},
				"east": {"uv": [3.125, 12.125, 3, 11.375], "rotation": 90, "texture": "#0"},
				"south": {"uv": [1.125, 11, 0.625, 11.125], "texture": "#0"},
				"west": {"uv": [3.125, 12.125, 3, 11.375], "rotation": 90, "texture": "#0"},
				"up": {"uv": [2, 11.25, 2.75, 10.75], "rotation": 90, "texture": "#0"},
				"down": {"uv": [2, 10.875, 1.5, 11.625], "rotation": 180, "texture": "#0"}
			}
		},
		{
			"from": [7, -4.5, -4],
			"to": [7.5, -4, -3.5],
			"rotation": {"angle": 0, "axis": "y", "origin": [7, -4, -4]},
			"faces": {
				"north": {"uv": [5, 13.75, 5.125, 13.625], "texture": "#0"},
				"east": {"uv": [5, 13.625, 5.125, 13.75], "rotation": 180, "texture": "#0"},
				"south": {"uv": [5, 13.75, 5.125, 13.625], "texture": "#0"},
				"west": {"uv": [5, 13.625, 5.125, 13.75], "rotation": 180, "texture": "#0"},
				"up": {"uv": [5, 13.625, 5.125, 13.75], "rotation": 180, "texture": "#0"},
				"down": {"uv": [5, 13.625, 5.125, 13.75], "rotation": 180, "texture": "#0"}
			}
		},
		{
			"from": [8.5, -4.5, -4],
			"to": [9, -4, -3.5],
			"rotation": {"angle": 0, "axis": "y", "origin": [9, -4, -4]},
			"faces": {
				"north": {"uv": [4.875, 13.625, 5, 13.5], "texture": "#0"},
				"east": {"uv": [4.875, 13.5, 5, 13.625], "rotation": 180, "texture": "#0"},
				"south": {"uv": [4.875, 13.625, 5, 13.5], "texture": "#0"},
				"west": {"uv": [4.875, 13.5, 5, 13.625], "rotation": 180, "texture": "#0"},
				"up": {"uv": [4.875, 13.5, 5, 13.625], "rotation": 180, "texture": "#0"},
				"down": {"uv": [4.875, 13.5, 5, 13.625], "rotation": 180, "texture": "#0"}
			}
		},
		{
			"from": [7, -7.25, -4],
			"to": [7.5, -6.75, -3.5],
			"rotation": {"angle": 0, "axis": "y", "origin": [7, -7, -4]},
			"faces": {
				"north": {"uv": [5, 13.625, 5.125, 13.5], "texture": "#0"},
				"east": {"uv": [5, 13.5, 5.125, 13.625], "rotation": 180, "texture": "#0"},
				"south": {"uv": [5, 13.625, 5.125, 13.5], "texture": "#0"},
				"west": {"uv": [5, 13.5, 5.125, 13.625], "rotation": 180, "texture": "#0"},
				"up": {"uv": [5, 13.5, 5.125, 13.625], "rotation": 180, "texture": "#0"},
				"down": {"uv": [5, 13.5, 5.125, 13.625], "rotation": 180, "texture": "#0"}
			}
		},
		{
			"from": [8.5, -7.25, -4.1],
			"to": [9, -6.75, -3.6],
			"rotation": {"angle": 0, "axis": "y", "origin": [8.36036, -5.875, -3.225]},
			"faces": {
				"north": {"uv": [5, 13.75, 5.125, 13.625], "texture": "#0"},
				"east": {"uv": [5, 13.625, 5.125, 13.75], "rotation": 180, "texture": "#0"},
				"south": {"uv": [5, 13.75, 5.125, 13.625], "texture": "#0"},
				"west": {"uv": [5, 13.625, 5.125, 13.75], "rotation": 180, "texture": "#0"},
				"up": {"uv": [5, 13.625, 5.125, 13.75], "rotation": 180, "texture": "#0"},
				"down": {"uv": [5, 13.625, 5.125, 13.75], "rotation": 180, "texture": "#0"}
			}
		},
		{
			"from": [9, -7.9, -3.1],
			"to": [10, -5.9, -2.1],
			"rotation": {"angle": -45, "axis": "z", "origin": [10, -7, -2.6]},
			"faces": {
				"north": {"uv": [2, 11.75, 2.5, 12], "rotation": 90, "texture": "#0"},
				"east": {"uv": [2.5, 11.75, 2, 11.5], "rotation": 270, "texture": "#0"},
				"south": {"uv": [2.5, 11.5, 3, 11.75], "rotation": 90, "texture": "#0"},
				"west": {"uv": [2.5, 11.5, 2, 11.25], "rotation": 270, "texture": "#0"},
				"up": {"uv": [2.5, 9.625, 2.25, 9.375], "rotation": 180, "texture": "#0"},
				"down": {"uv": [2.25, 9.875, 2, 9.625], "rotation": 180, "texture": "#0"}
			}
		},
		{
			"from": [6, -7.9, -3.1],
			"to": [7, -5.9, -2.1],
			"rotation": {"angle": 45, "axis": "z", "origin": [6, -7, -2.6]},
			"faces": {
				"north": {"uv": [2, 12, 2.5, 11.75], "rotation": 90, "texture": "#0"},
				"east": {"uv": [2.5, 11.25, 2, 11.5], "rotation": 270, "texture": "#0"},
				"south": {"uv": [2.5, 11.75, 3, 11.5], "rotation": 90, "texture": "#0"},
				"west": {"uv": [2.5, 11.5, 2, 11.75], "rotation": 270, "texture": "#0"},
				"up": {"uv": [2.25, 9.625, 2.5, 9.375], "rotation": 180, "texture": "#0"},
				"down": {"uv": [2, 9.875, 2.25, 9.625], "rotation": 180, "texture": "#0"}
			}
		},
		{
			"from": [6, -5, -3.6],
			"to": [6.5, -4, -3.1],
			"rotation": {"angle": 0, "axis": "y", "origin": [6, -4.5, -3]},
			"faces": {
				"north": {"uv": [5.125, 13.5, 5, 13.25], "texture": "#0"},
				"east": {"uv": [5.125, 13.5, 5.25, 13.25], "rotation": 180, "texture": "#0"},
				"south": {"uv": [5.125, 13.5, 5, 13.25], "texture": "#0"},
				"west": {"uv": [5.125, 13.5, 5.25, 13.25], "rotation": 180, "texture": "#0"},
				"up": {"uv": [4.875, 13.5, 5, 13.375], "texture": "#0"},
				"down": {"uv": [4.875, 13.5, 5, 13.375], "texture": "#0"}
			}
		},
		{
			"from": [9.5, -5, -3.6],
			"to": [10, -4, -3.1],
			"rotation": {"angle": 0, "axis": "y", "origin": [6, -4.5, -3]},
			"faces": {
				"north": {"uv": [5.125, 13.5, 5, 13.25], "texture": "#0"},
				"east": {"uv": [5.125, 13.5, 5.25, 13.25], "rotation": 180, "texture": "#0"},
				"south": {"uv": [5.125, 13.5, 5, 13.25], "texture": "#0"},
				"west": {"uv": [5.125, 13.5, 5.25, 13.25], "rotation": 180, "texture": "#0"},
				"up": {"uv": [4.875, 13.5, 5, 13.375], "texture": "#0"},
				"down": {"uv": [4.875, 13.5, 5, 13.375], "texture": "#0"}
			}
		},
		{
			"from": [18, -3, 11],
			"to": [26, 5, 11],
			"rotation": {"angle": 0, "axis": "y", "origin": [14, 10, 14]},
			"faces": {
				"north": {"uv": [8, 8, 0, 16], "texture": "#5"},
				"east": {"uv": [0, 13.25, 0, 18.25], "texture": "#5"},
				"south": {"uv": [0, 8, 8, 16], "texture": "#5"},
				"west": {"uv": [0, 13.25, 0, 18.25], "texture": "#5"},
				"up": {"uv": [0, 17.25, 0, 13.25], "rotation": 90, "texture": "#5"},
				"down": {"uv": [0, 17.25, 0, 13.25], "rotation": 270, "texture": "#5"}
			}
		}
	],
	"gui_light": "front",
	"display": {
		"thirdperson_righthand": {
			"translation": [0, 5.5, 0],
			"scale": [0.34, 0.34, 0.34]
		},
		"thirdperson_lefthand": {
			"translation": [0, 5.5, 0],
			"scale": [0.34, 0.34, 0.34]
		},
		"firstperson_righthand": {
			"translation": [0, 5.5, 0],
			"scale": [0.34, 0.34, 0.34]
		},
		"firstperson_lefthand": {
			"translation": [0, 5.5, 0],
			"scale": [0.34, 0.34, 0.34]
		},
		"ground": {
			"translation": [0, 9.75, 0],
			"scale": [0.5, 0.5, 0.5]
		},
		"gui": {
			"rotation": [30, 225, 0],
			"translation": [0, 1.75, 0],
			"scale": [0.38, 0.38, 0.38]
		},
		"head": {
			"rotation": [-135.5, 0, 0],
			"translation": [0, 20.5, 4.75],
			"scale": [0, 0, 0]
		},
		"fixed": {
			"rotation": [0, 90, -90],
			"translation": [0, 0.25, -38],
			"scale": [2, 2, 2]
		}
	},
	"groups": [
		{
			"name": "Hat",
			"origin": [21, 8, 8],
			"color": 0,
			"children": [0, 1, 2, 3, 4, 5, 6, 7, 8, 9]
		},
		{
			"name": "ArrowTarget",
			"origin": [16, 0, 0],
			"color": 0,
			"children": [10, 11, 12, 13, 14, 15, 16, 17, 18, 19]
		},
		{
			"name": "group",
			"origin": [0, 0, 0],
			"color": 0,
			"children": [20, 21, 22, 23, 24, 25, 26, 27, 28, 29, 30]
		},
		{
			"name": "group",
			"origin": [8, 8, 8],
			"color": 0,
			"children": [31, 32, 33, 34, 35, 36, 37, 38, 39]
		},
		{
			"name": "Chopping knife",
			"origin": [0, 0, 0],
			"color": 0,
			"children": [40, 41, 42, 43, 44, 45, 46, 47]
		},
		{
			"name": "Medicine",
			"origin": [0, 0, 0],
			"color": 0,
			"children": [48, 49, 50, 51]
		},
		{
			"name": "Medicine",
			"origin": [0, 0, 0],
			"color": 0,
			"children": [52, 53, 54, 55, 56, 57]
		},
		{
			"name": "Skull",
			"origin": [9.66036, 2.875, 3.125],
			"color": 0,
			"children": [58, 59, 60, 61, 62, 63, 64, 65, 66]
		},
		67,
		68,
		69
	]
}