{"textures":{"0":"modelengine:entity/frog_permafrost"},"elements":[{"from":[-0.5,13.1,-0.14999962],"to":[4.5,18.1,5.8500004],"faces":{"east":{"uv":[13.125,11.625,13.875,12.25],"tintindex":0,"rotation":0,"texture":"#0"},"south":{"uv":[0.75,13.75,1.375,14.375],"tintindex":0,"rotation":0,"texture":"#0"},"north":{"uv":[0.0,13.75,0.625,14.375],"tintindex":0,"rotation":0,"texture":"#0"},"west":{"uv":[12.875,13.125,13.625,13.75],"tintindex":0,"rotation":0,"texture":"#0"},"up":{"uv":[10.0,11.125,9.375,10.375],"tintindex":0,"rotation":0,"texture":"#0"},"down":{"uv":[13.875,1.375,13.25,2.125],"tintindex":0,"rotation":0,"texture":"#0"}},"rotation":{"origin":[2.0,15.6,2.8500004],"angle":22.5,"axis":"z"}},{"from":[11.5,13.1,-0.14999962],"to":[16.5,18.1,5.8500004],"faces":{"east":{"uv":[10.625,13.25,11.375,13.875],"tintindex":0,"rotation":0,"texture":"#0"},"south":{"uv":[9.5,13.75,10.125,14.375],"tintindex":0,"rotation":0,"texture":"#0"},"north":{"uv":[13.75,6.875,14.375,7.5],"tintindex":0,"rotation":0,"texture":"#0"},"west":{"uv":[1.75,13.5,2.5,14.125],"tintindex":0,"rotation":0,"texture":"#0"},"up":{"uv":[3.25,14.375,2.625,13.625],"tintindex":0,"rotation":0,"texture":"#0"},"down":{"uv":[4.0,13.625,3.375,14.375],"tintindex":0,"rotation":0,"texture":"#0"}},"rotation":{"origin":[14.0,15.6,2.8500004],"angle":-22.5,"axis":"z"}},{"from":[0.5,12.1,-6.1499996],"to":[15.5,17.1,8.85],"faces":{"east":{"uv":[0.0,10.75,1.875,11.375],"tintindex":0,"rotation":0,"texture":"#0"},"south":{"uv":[5.125,10.875,7.0,11.5],"tintindex":0,"rotation":0,"texture":"#0"},"north":{"uv":[3.125,10.5,5.0,11.125],"tintindex":0,"rotation":0,"texture":"#0"},"west":{"uv":[10.875,5.75,12.75,6.375],"tintindex":0,"rotation":0,"texture":"#0"},"up":{"uv":[1.875,1.875,0.0,0.0],"tintindex":0,"rotation":0,"texture":"#0"},"down":{"uv":[1.875,2.0,0.0,3.875],"tintindex":0,"rotation":0,"texture":"#0"}}},{"from":[0.5,6.1000004,5.8500004],"to":[15.5,12.1,8.85],"faces":{"east":{"uv":[3.125,8.5,3.5,9.25],"tintindex":0,"rotation":0,"texture":"#0"},"south":{"uv":[0.0,9.875,1.875,10.625],"tintindex":0,"rotation":0,"texture":"#0"},"north":{"uv":[3.125,9.625,5.0,10.375],"tintindex":0,"rotation":0,"texture":"#0"},"west":{"uv":[12.375,13.625,12.75,14.375],"tintindex":0,"rotation":0,"texture":"#0"},"up":{"uv":[14.75,1.25,12.875,0.875],"tintindex":0,"rotation":0,"texture":"#0"},"down":{"uv":[14.75,6.375,12.875,6.75],"tintindex":0,"rotation":0,"texture":"#0"}}}]}