{
	"credit": "Made with Blockbench",
	"textures": {
		"1": "item/chinese/ef_chinese_dragon_long",
		"2": "item/chinese/chinese_dragon"
	},
	"elements": [
		{
			"from": [0.994, 9.994, 0.994],
			"to": [15.006, 14.006, 15.006],
			"rotation": {"angle": 0, "axis": "y", "origin": [8, 9.51291, 14.54536]},
			"faces": {
				"north": {"uv": [8, 8.25, 9.75, 8.75], "texture": "#2"},
				"east": {"uv": [6.25, 8.375, 8, 8.875], "texture": "#2"},
				"south": {"uv": [8.5, 2, 10.25, 2.5], "texture": "#2"},
				"west": {"uv": [8.5, 2.5, 10.25, 3], "texture": "#2"},
				"up": {"uv": [5.25, 1.75, 3.5, 0], "texture": "#2"},
				"down": {"uv": [5.25, 1.75, 3.5, 3.5], "texture": "#2"}
			}
		},
		{
			"from": [0.998, 14.84825, 3.72637],
			"to": [15.002, 18.85225, 11.33037],
			"rotation": {"angle": -22.5, "axis": "x", "origin": [8, 9.51291, 14.54536]},
			"faces": {
				"north": {"uv": [8.5, 3, 10.25, 3.5], "texture": "#2"},
				"east": {"uv": [9.625, 6.25, 10.625, 6.75], "texture": "#2"},
				"south": {"uv": [8.5, 3.5, 10.25, 4], "texture": "#2"},
				"west": {"uv": [9.625, 6.75, 10.625, 7.25], "texture": "#2"},
				"up": {"uv": [7, 2.125, 5.25, 1.125], "texture": "#2"},
				"down": {"uv": [7, 2.125, 5.25, 3.125], "texture": "#2"}
			}
		},
		{
			"from": [1, 9.84064, 5.66811],
			"to": [15, 13.84064, 13.26811],
			"rotation": {"angle": 22.5, "axis": "x", "origin": [8, 9.51291, 14.54536]},
			"faces": {
				"north": {"uv": [8, 8.75, 9.75, 9.25], "texture": "#2"},
				"east": {"uv": [7.875, 9.75, 8.875, 10.25], "texture": "#2"},
				"south": {"uv": [8.875, 4, 10.625, 4.5], "texture": "#2"},
				"west": {"uv": [9.75, 7.875, 10.75, 8.375], "texture": "#2"},
				"up": {"uv": [7.25, 4.125, 5.5, 3.125], "texture": "#2"},
				"down": {"uv": [7.25, 4.125, 5.5, 5.125], "texture": "#2"}
			}
		},
		{
			"from": [13, 12.13899, 5.13945],
			"to": [16, 15.13899, 13.78945],
			"rotation": {"angle": 22.5, "axis": "x", "origin": [8, 9.51291, 14.54536]},
			"faces": {
				"north": {"uv": [13.875, 6.625, 14.25, 7], "texture": "#2"},
				"east": {"uv": [11, 6.625, 12.125, 7], "texture": "#2"},
				"south": {"uv": [7.5, 13.875, 7.875, 14.25], "texture": "#2"},
				"west": {"uv": [11.125, 7.625, 12.25, 8], "texture": "#2"},
				"up": {"uv": [10.375, 12.125, 10, 11], "texture": "#2"},
				"down": {"uv": [10.75, 11, 10.375, 12.125], "texture": "#2"}
			}
		},
		{
			"from": [12.994, 17.14259, 3.20102],
			"to": [16.006, 20.15459, 11.86302],
			"rotation": {"angle": -22.5, "axis": "x", "origin": [8, 9.51291, 14.54536]},
			"faces": {
				"north": {"uv": [13.875, 5.875, 14.25, 6.25], "texture": "#2"},
				"east": {"uv": [10.875, 5.125, 12, 5.5], "texture": "#2"},
				"south": {"uv": [13.875, 6.25, 14.25, 6.625], "texture": "#2"},
				"west": {"uv": [10.875, 8.75, 12, 9.125], "texture": "#2"},
				"up": {"uv": [11.375, 6.625, 11, 5.5], "texture": "#2"},
				"down": {"uv": [10, 11, 9.625, 12.125], "texture": "#2"}
			}
		},
		{
			"from": [12.35, 16.62486, 5.02313],
			"to": [16.65, 20.62486, 6.32313],
			"rotation": {"angle": -22.5, "axis": "x", "origin": [8, 9.51291, 14.54536]},
			"faces": {
				"north": {"uv": [12.75, 2.125, 13.25, 2.625], "texture": "#2"},
				"east": {"uv": [9.875, 14.625, 10, 15.125], "texture": "#2"},
				"south": {"uv": [12.75, 2.625, 13.25, 3.125], "texture": "#2"},
				"west": {"uv": [10.25, 14.625, 10.375, 15.125], "texture": "#2"},
				"up": {"uv": [15.125, 11.5, 14.625, 11.375], "texture": "#2"},
				"down": {"uv": [15.125, 11.5, 14.625, 11.625], "texture": "#2"}
			}
		},
		{
			"from": [12.992, 9.992, 12.992],
			"to": [16.008, 15.008, 16.008],
			"rotation": {"angle": 0, "axis": "y", "origin": [8, 9.51291, 14.54536]},
			"faces": {
				"north": {"uv": [12.375, 13, 12.75, 13.625], "texture": "#2"},
				"east": {"uv": [12.75, 13, 13.125, 13.625], "texture": "#2"},
				"south": {"uv": [3.5, 13.125, 3.875, 13.75], "texture": "#2"},
				"west": {"uv": [13.125, 4.25, 13.5, 4.875], "texture": "#2"},
				"up": {"uv": [8.25, 14.25, 7.875, 13.875], "texture": "#2"},
				"down": {"uv": [14.25, 8.625, 13.875, 9], "texture": "#2"}
			}
		},
		{
			"from": [12.992, 9.992, -0.008],
			"to": [16.008, 15.008, 3.008],
			"rotation": {"angle": 0, "axis": "y", "origin": [8, 9.51291, 14.54536]},
			"faces": {
				"north": {"uv": [11.25, 13, 11.625, 13.625], "texture": "#2"},
				"east": {"uv": [13, 11.5, 13.375, 12.125], "texture": "#2"},
				"south": {"uv": [11.625, 13, 12, 13.625], "texture": "#2"},
				"west": {"uv": [12, 13, 12.375, 13.625], "texture": "#2"},
				"up": {"uv": [14.25, 4.625, 13.875, 4.25], "texture": "#2"},
				"down": {"uv": [5.375, 13.875, 5, 14.25], "texture": "#2"}
			}
		},
		{
			"from": [-0.008, 9.992, 12.992],
			"to": [3.008, 15.008, 16.008],
			"rotation": {"angle": 0, "axis": "y", "origin": [8, 9.51291, 14.54536]},
			"faces": {
				"north": {"uv": [12.875, 8.5, 13.25, 9.125], "texture": "#2"},
				"east": {"uv": [12.875, 9.125, 13.25, 9.75], "texture": "#2"},
				"south": {"uv": [12.875, 10.25, 13.25, 10.875], "texture": "#2"},
				"west": {"uv": [13, 10.875, 13.375, 11.5], "texture": "#2"},
				"up": {"uv": [14, 4.25, 13.625, 3.875], "texture": "#2"},
				"down": {"uv": [4.375, 13.625, 4, 14], "texture": "#2"}
			}
		},
		{
			"from": [0, 12.13899, 5.13945],
			"to": [3, 15.13899, 13.78945],
			"rotation": {"angle": 22.5, "axis": "x", "origin": [8, 9.51291, 14.54536]},
			"faces": {
				"north": {"uv": [13.625, 2.75, 14, 3.125], "texture": "#2"},
				"east": {"uv": [10.875, 4.375, 12, 4.75], "texture": "#2"},
				"south": {"uv": [13.625, 3.125, 14, 3.5], "texture": "#2"},
				"west": {"uv": [10.875, 4.75, 12, 5.125], "texture": "#2"},
				"up": {"uv": [11.375, 1.5, 11, 0.375], "texture": "#2"},
				"down": {"uv": [11.375, 1.5, 11, 2.625], "texture": "#2"}
			}
		},
		{
			"from": [-0.006, 17.14259, 3.20102],
			"to": [3.006, 20.15459, 11.86302],
			"rotation": {"angle": -22.5, "axis": "x", "origin": [8, 9.51291, 14.54536]},
			"faces": {
				"north": {"uv": [13.625, 2, 14, 2.375], "texture": "#2"},
				"east": {"uv": [9.625, 10.625, 10.75, 11], "texture": "#2"},
				"south": {"uv": [13.625, 2.375, 14, 2.75], "texture": "#2"},
				"west": {"uv": [10.625, 10.25, 11.75, 10.625], "texture": "#2"},
				"up": {"uv": [11.125, 8.75, 10.75, 7.625], "texture": "#2"},
				"down": {"uv": [11.125, 10.625, 10.75, 11.75], "texture": "#2"}
			}
		},
		{
			"from": [-0.65, 16.62486, 5.02313],
			"to": [3.65, 20.62486, 6.32313],
			"rotation": {"angle": -22.5, "axis": "x", "origin": [8, 9.51291, 14.54536]},
			"faces": {
				"north": {"uv": [3.5, 12.625, 4, 13.125], "texture": "#2"},
				"east": {"uv": [9.625, 14.625, 9.75, 15.125], "texture": "#2"},
				"south": {"uv": [12.625, 5.875, 13.125, 6.375], "texture": "#2"},
				"west": {"uv": [9.75, 14.625, 9.875, 15.125], "texture": "#2"},
				"up": {"uv": [15.125, 3.625, 14.625, 3.5], "texture": "#2"},
				"down": {"uv": [15.125, 3.625, 14.625, 3.75], "texture": "#2"}
			}
		},
		{
			"from": [-0.65, 11.61525, 10.92334],
			"to": [3.65, 15.61525, 12.22334],
			"rotation": {"angle": 22.5, "axis": "x", "origin": [8, 9.51291, 14.54536]},
			"faces": {
				"north": {"uv": [4, 12.75, 4.5, 13.25], "texture": "#2"},
				"east": {"uv": [0.125, 14.75, 0.25, 15.25], "texture": "#2"},
				"south": {"uv": [4.5, 12.75, 5, 13.25], "texture": "#2"},
				"west": {"uv": [2.375, 14.75, 2.5, 15.25], "texture": "#2"},
				"up": {"uv": [15.125, 12.625, 14.625, 12.5], "texture": "#2"},
				"down": {"uv": [15.125, 13.625, 14.625, 13.75], "texture": "#2"}
			}
		},
		{
			"from": [12.35, 11.61525, 10.92334],
			"to": [16.65, 15.61525, 12.22334],
			"rotation": {"angle": 22.5, "axis": "x", "origin": [8, 9.51291, 14.54536]},
			"faces": {
				"north": {"uv": [4.5, 12.75, 4, 13.25], "texture": "#2"},
				"east": {"uv": [2.5, 14.75, 2.375, 15.25], "texture": "#2"},
				"south": {"uv": [5, 12.75, 4.5, 13.25], "texture": "#2"},
				"west": {"uv": [0.25, 14.75, 0.125, 15.25], "texture": "#2"},
				"up": {"uv": [14.625, 12.625, 15.125, 12.5], "texture": "#2"},
				"down": {"uv": [14.625, 13.625, 15.125, 13.75], "texture": "#2"}
			}
		},
		{
			"from": [-0.008, 9.992, -0.008],
			"to": [3.008, 15.008, 3.008],
			"rotation": {"angle": 0, "axis": "y", "origin": [8, 9.51291, 14.54536]},
			"faces": {
				"north": {"uv": [2.25, 12.875, 2.625, 13.5], "texture": "#2"},
				"east": {"uv": [7.625, 12.875, 8, 13.5], "texture": "#2"},
				"south": {"uv": [12.875, 7.875, 13.25, 8.5], "texture": "#2"},
				"west": {"uv": [8, 12.875, 8.375, 13.5], "texture": "#2"},
				"up": {"uv": [10.25, 13.875, 9.875, 13.5], "texture": "#2"},
				"down": {"uv": [14, 1.625, 13.625, 2], "texture": "#2"}
			}
		},
		{
			"name": "ef",
			"from": [3.2, 21.22247, 7.05469],
			"to": [12.8, 29.22247, 7.05469],
			"rotation": {"angle": 22.5, "axis": "x", "origin": [8, 23.62247, 7.65469]},
			"faces": {
				"north": {"uv": [4, 8.5, 11.75, 16], "texture": "#1"},
				"east": {"uv": [0, 0, 0, 2.125], "texture": "#1"},
				"south": {"uv": [11.75, 8.5, 4, 16], "texture": "#1"},
				"west": {"uv": [0, 0, 0, 2.125], "texture": "#1"},
				"up": {"uv": [0, 0, 2, 0], "texture": "#1"},
				"down": {"uv": [0, 0, 2, 0], "texture": "#1"}
			}
		},
		{
			"name": "ef",
			"from": [1.6, 23.84929, 6.80286],
			"to": [14.4, 23.84929, 16.40286],
			"rotation": {"angle": -45, "axis": "x", "origin": [8, 23.84929, 10.40286]},
			"faces": {
				"north": {"uv": [2, 0, 0, 0], "rotation": 180, "texture": "#1"},
				"east": {"uv": [0, 2.125, 0, 0], "rotation": 90, "texture": "#1"},
				"south": {"uv": [2, 0, 0, 0], "texture": "#1"},
				"west": {"uv": [0, 2.125, 0, 0], "rotation": 270, "texture": "#1"},
				"up": {"uv": [11.75, 8.5, 4, 16], "rotation": 180, "texture": "#1"},
				"down": {"uv": [4, 8.5, 11.75, 16], "texture": "#1"}
			}
		},
		{
			"name": "ef",
			"from": [-1.92721, 14.95384, 4.07896],
			"to": [6.87279, 21.35384, 4.07896],
			"rotation": {"angle": 45, "axis": "y", "origin": [2.47279, 18.15384, 4.07896]},
			"faces": {
				"north": {"uv": [0, 1.5, 4.625, 6], "texture": "#1"},
				"east": {"uv": [0, 0, 0, 1], "texture": "#missing"},
				"south": {"uv": [4.625, 1.5, 0, 6], "texture": "#1"},
				"west": {"uv": [0, 0, 0, 1], "texture": "#missing"},
				"up": {"uv": [0, 0, 1.375, 0], "texture": "#missing"},
				"down": {"uv": [0, 0, 1.375, 0], "texture": "#missing"}
			}
		},
		{
			"name": "ef",
			"from": [9.12721, 14.95384, 4.07896],
			"to": [17.92721, 21.35384, 4.07896],
			"rotation": {"angle": -45, "axis": "y", "origin": [13.52721, 18.15384, 4.07896]},
			"faces": {
				"north": {"uv": [4.625, 1.5, 0, 6], "texture": "#1"},
				"east": {"uv": [0, 0, 0, 1], "texture": "#missing"},
				"south": {"uv": [0, 1.5, 4.625, 6], "texture": "#1"},
				"west": {"uv": [0, 0, 0, 1], "texture": "#missing"},
				"up": {"uv": [1.375, 0, 0, 0], "texture": "#missing"},
				"down": {"uv": [1.375, 0, 0, 0], "texture": "#missing"}
			}
		},
		{
			"name": "ef",
			"from": [0.4, 13.55384, -0.07668],
			"to": [4.4, 17.55384, -0.07668],
			"rotation": {"angle": 45, "axis": "y", "origin": [2.8, 14.75384, -1.47668]},
			"faces": {
				"north": {"uv": [4.6875, 2.6875, 10, 8], "texture": "#1"},
				"east": {"uv": [0, 0, 0, 1.125], "texture": "#missing"},
				"south": {"uv": [10, 2.6875, 4.6875, 8], "texture": "#1"},
				"west": {"uv": [0, 0, 0, 1.125], "texture": "#missing"},
				"up": {"uv": [0, 0, 1.125, 0], "texture": "#missing"},
				"down": {"uv": [0, 0, 1.125, 0], "texture": "#missing"}
			}
		},
		{
			"name": "ef",
			"from": [10.2109, 19.15384, 1.91408],
			"to": [14.2109, 23.15384, 1.91408],
			"rotation": {"angle": -22.5, "axis": "y", "origin": [12.2109, 21.15384, 1.91408]},
			"faces": {
				"north": {"uv": [10.1875, 2.6875, 15.5, 8], "texture": "#1"},
				"east": {"uv": [0, 0, 0, 1.125], "texture": "#missing"},
				"south": {"uv": [15.5, 2.6875, 10.1875, 8], "texture": "#1"},
				"west": {"uv": [0, 0, 0, 1.125], "texture": "#missing"},
				"up": {"uv": [0, 0, 1.125, 0], "texture": "#missing"},
				"down": {"uv": [0, 0, 1.125, 0], "texture": "#missing"}
			}
		},
		{
			"name": "ef",
			"from": [10.4, 13.15384, 13.32332],
			"to": [14.4, 17.15384, 13.32332],
			"rotation": {"angle": 45, "axis": "y", "origin": [13.2, 14.75384, 11.32332]},
			"faces": {
				"north": {"uv": [10, 2.6875, 4.6875, 8], "texture": "#1"},
				"east": {"uv": [0, 0, 0, 1.125], "texture": "#missing"},
				"south": {"uv": [4.6875, 2.6875, 10, 8], "texture": "#1"},
				"west": {"uv": [0, 0, 0, 1.125], "texture": "#missing"},
				"up": {"uv": [1.125, 0, 0, 0], "texture": "#missing"},
				"down": {"uv": [1.125, 0, 0, 0], "texture": "#missing"}
			}
		},
		{
			"name": "ef",
			"from": [0, 17.55384, 13.72332],
			"to": [4, 21.55384, 13.72332],
			"rotation": {"angle": -45, "axis": "y", "origin": [2, 24.35384, 13.72332]},
			"faces": {
				"north": {"uv": [15.5, 2.6875, 10.1875, 8], "texture": "#1"},
				"east": {"uv": [0, 0, 0, 1.125], "texture": "#missing"},
				"south": {"uv": [10.1875, 2.6875, 15.5, 8], "texture": "#1"},
				"west": {"uv": [0, 0, 0, 1.125], "texture": "#missing"},
				"up": {"uv": [1.125, 0, 0, 0], "texture": "#missing"},
				"down": {"uv": [1.125, 0, 0, 0], "texture": "#missing"}
			}
		},
		{
			"name": "dhead",
			"from": [4.00512, 14.67545, 2.79507],
			"to": [11.99488, 21.75321, 10.78483],
			"rotation": {"angle": 0, "axis": "y", "origin": [8, 19.88477, 4.92332]},
			"faces": {
				"north": {"uv": [5.5, 6.375, 6.75, 7.5], "texture": "#2"},
				"east": {"uv": [6.75, 5.125, 8, 6.25], "texture": "#2"},
				"south": {"uv": [6.75, 6.25, 8, 7.375], "texture": "#2"},
				"west": {"uv": [1, 6.875, 2.25, 8], "texture": "#2"},
				"up": {"uv": [4.25, 6.875, 3, 5.625], "texture": "#2"},
				"down": {"uv": [5.5, 5.625, 4.25, 6.875], "texture": "#2"}
			}
		},
		{
			"name": "dhead",
			"from": [4.81152, 18.0763, 9.56807],
			"to": [11.18848, 21.34126, 10.94503],
			"rotation": {"angle": 22.5, "axis": "x", "origin": [8, 17.80878, 7.75655]},
			"faces": {
				"north": {"uv": [9.75, 8.375, 10.75, 8.875], "texture": "#2"},
				"east": {"uv": [11.125, 14, 11.375, 14.5], "texture": "#2"},
				"south": {"uv": [9.875, 8.875, 10.875, 9.375], "texture": "#2"},
				"west": {"uv": [11.375, 14, 11.625, 14.5], "texture": "#2"},
				"up": {"uv": [13.75, 0.25, 12.75, 0], "texture": "#2"},
				"down": {"uv": [13.75, 3.625, 12.75, 3.875], "texture": "#2"}
			}
		},
		{
			"name": "dhead",
			"from": [4.03152, 15.5316, 8.11641],
			"to": [11.96848, 17.10856, 11.58137],
			"rotation": {"angle": -45, "axis": "x", "origin": [8, 18.02008, 9.74889]},
			"faces": {
				"north": {"uv": [11.625, 0.875, 12.875, 1.125], "texture": "#2"},
				"east": {"uv": [11.625, 14, 12.125, 14.25], "texture": "#2"},
				"south": {"uv": [11.625, 1.125, 12.875, 1.375], "texture": "#2"},
				"west": {"uv": [12.125, 14, 12.625, 14.25], "texture": "#2"},
				"up": {"uv": [10.25, 1.125, 9, 0.625], "texture": "#2"},
				"down": {"uv": [9.125, 9.25, 7.875, 9.75], "texture": "#2"}
			}
		},
		{
			"name": "dhead",
			"from": [4.81152, 15.14781, 9.65599],
			"to": [11.18848, 16.72477, 11.52095],
			"rotation": {"angle": -22.5, "axis": "x", "origin": [8, 17.73629, 11.38847]},
			"faces": {
				"north": {"uv": [12.75, 7.375, 13.75, 7.625], "texture": "#2"},
				"east": {"uv": [14.75, 9.375, 15, 9.625], "texture": "#2"},
				"south": {"uv": [12.75, 7.625, 13.75, 7.875], "texture": "#2"},
				"west": {"uv": [14.75, 10.25, 15, 10.5], "texture": "#2"},
				"up": {"uv": [12.25, 13, 11.25, 12.75], "texture": "#2"},
				"down": {"uv": [13.25, 12.75, 12.25, 13], "texture": "#2"}
			}
		},
		{
			"name": "dhead",
			"from": [5.00864, 16.13687, -1.8451],
			"to": [10.99136, 18.62967, 5.88186],
			"rotation": {"angle": 0, "axis": "y", "origin": [8, 17.88477, 3.17332]},
			"faces": {
				"north": {"uv": [8.875, 7.875, 9.75, 8.25], "texture": "#2"},
				"east": {"uv": [10.25, 3.625, 11.5, 4], "texture": "#2"},
				"south": {"uv": [11.375, 5.5, 12.25, 5.875], "texture": "#2"},
				"west": {"uv": [10.625, 4, 11.875, 4.375], "texture": "#2"},
				"up": {"uv": [1.875, 9.25, 1, 8], "texture": "#2"},
				"down": {"uv": [8.875, 5.75, 8, 7], "texture": "#2"}
			}
		},
		{
			"name": "dhead",
			"from": [5.20864, 14.70499, -1.07067],
			"to": [10.79136, 16.09123, 6.90629],
			"rotation": {"angle": 0, "axis": "y", "origin": [8, 15.39811, 2.91781]},
			"faces": {
				"north": {"uv": [13.125, 10, 14, 10.25], "texture": "#2"},
				"east": {"uv": [11.625, 1.375, 12.875, 1.625], "texture": "#2"},
				"south": {"uv": [13.125, 13, 14, 13.25], "texture": "#2"},
				"west": {"uv": [4.25, 11.75, 5.5, 12], "texture": "#2"},
				"up": {"uv": [8.875, 8.25, 8, 7], "texture": "#2"},
				"down": {"uv": [9, 0, 8.125, 1.25], "texture": "#2"}
			}
		},
		{
			"name": "dhead",
			"from": [9.29568, 18.62967, -1.8451],
			"to": [10.1328, 19.62679, 0.14914],
			"rotation": {"angle": 0, "axis": "y", "origin": [8, 17.88477, 3.17332]},
			"faces": {
				"north": {"uv": [15.125, 13.875, 15.25, 14], "texture": "#2"},
				"east": {"uv": [15.125, 4, 15.375, 4.125], "texture": "#2"},
				"south": {"uv": [15.125, 14, 15.25, 14.125], "texture": "#2"},
				"west": {"uv": [8.625, 15.125, 8.875, 15.25], "texture": "#2"},
				"up": {"uv": [15.25, 8.875, 15.125, 8.625], "texture": "#2"},
				"down": {"uv": [9, 15.125, 8.875, 15.375], "texture": "#2"}
			}
		},
		{
			"name": "dhead",
			"from": [5.8672, 18.62967, -1.8451],
			"to": [6.70432, 19.62679, 0.14914],
			"rotation": {"angle": 0, "axis": "y", "origin": [8, 17.88477, 3.17332]},
			"faces": {
				"north": {"uv": [15.125, 14.125, 15.25, 14.25], "texture": "#2"},
				"east": {"uv": [9, 15.125, 9.25, 15.25], "texture": "#2"},
				"south": {"uv": [15.125, 14.25, 15.25, 14.375], "texture": "#2"},
				"west": {"uv": [9.5, 15.125, 9.75, 15.25], "texture": "#2"},
				"up": {"uv": [15.25, 9.875, 15.125, 9.625], "texture": "#2"},
				"down": {"uv": [9.875, 15.125, 9.75, 15.375], "texture": "#2"}
			}
		},
		{
			"name": "dhead",
			"from": [5.5072, 21.08327, 2.90291],
			"to": [6.50432, 23.07751, 5.28627],
			"rotation": {"angle": 22.5, "axis": "x", "origin": [8, 19.88477, 4.92332]},
			"faces": {
				"north": {"uv": [9.875, 15.125, 10, 15.375], "texture": "#2"},
				"east": {"uv": [13.375, 14.125, 13.75, 14.375], "texture": "#2"},
				"south": {"uv": [15.125, 9.875, 15.25, 10.125], "texture": "#2"},
				"west": {"uv": [14.125, 14, 14.5, 14.25], "texture": "#2"},
				"up": {"uv": [15.25, 6.875, 15.125, 6.5], "texture": "#2"},
				"down": {"uv": [6.75, 15.125, 6.625, 15.5], "texture": "#2"}
			}
		},
		{
			"name": "dhead",
			"from": [5.1072, 22.25473, 4.61136],
			"to": [6.10432, 25.76897, 6.99472],
			"rotation": {"angle": 45, "axis": "x", "origin": [8, 19.88477, 4.92332]},
			"faces": {
				"north": {"uv": [12, 14.75, 12.125, 15.25], "texture": "#2"},
				"east": {"uv": [5, 13.375, 5.375, 13.875], "texture": "#2"},
				"south": {"uv": [12.125, 14.75, 12.25, 15.25], "texture": "#2"},
				"west": {"uv": [13.375, 11.75, 13.75, 12.25], "texture": "#2"},
				"up": {"uv": [6.875, 15.5, 6.75, 15.125], "texture": "#2"},
				"down": {"uv": [7, 15.125, 6.875, 15.5], "texture": "#2"}
			}
		},
		{
			"name": "dhead",
			"from": [1.42343, 23.27639, 6.72778],
			"to": [3.55143, 24.38295, 8.38154],
			"rotation": {"angle": -45, "axis": "z", "origin": [3.01728, 23.5616, 7.5483]},
			"faces": {
				"north": {"uv": [15, 9.5, 15.375, 9.625], "texture": "#2"},
				"east": {"uv": [15.125, 10.125, 15.375, 10.25], "texture": "#2"},
				"south": {"uv": [15, 10.25, 15.375, 10.375], "texture": "#2"},
				"west": {"uv": [15.125, 10.625, 15.375, 10.75], "texture": "#2"},
				"up": {"uv": [14.625, 0.5, 14.25, 0.25], "texture": "#2"},
				"down": {"uv": [14.625, 0.5, 14.25, 0.75], "texture": "#2"}
			}
		},
		{
			"name": "dhead",
			"from": [2.42901, 22.23009, 6.70778],
			"to": [3.97576, 23.76468, 8.37613],
			"rotation": {"angle": 0, "axis": "y", "origin": [3.01728, 23.5616, 7.5483]},
			"faces": {
				"north": {"uv": [14.75, 12.625, 15, 12.875], "texture": "#2"},
				"east": {"uv": [14.75, 12.875, 15, 13.125], "texture": "#2"},
				"south": {"uv": [14.75, 13.125, 15, 13.375], "texture": "#2"},
				"west": {"uv": [14.75, 13.375, 15, 13.625], "texture": "#2"},
				"up": {"uv": [15, 14.125, 14.75, 13.875], "texture": "#2"},
				"down": {"uv": [15, 14.125, 14.75, 14.375], "texture": "#2"}
			}
		},
		{
			"name": "dhead",
			"from": [12.44857, 23.27639, 6.72778],
			"to": [14.57657, 24.38295, 8.38154],
			"rotation": {"angle": 45, "axis": "z", "origin": [12.98272, 23.5616, 7.5483]},
			"faces": {
				"north": {"uv": [15, 10.375, 15.375, 10.5], "texture": "#2"},
				"east": {"uv": [15.125, 10.75, 15.375, 10.875], "texture": "#2"},
				"south": {"uv": [15, 12, 15.375, 12.125], "texture": "#2"},
				"west": {"uv": [15.125, 10.875, 15.375, 11], "texture": "#2"},
				"up": {"uv": [14.625, 1, 14.25, 0.75], "texture": "#2"},
				"down": {"uv": [14.625, 1, 14.25, 1.25], "texture": "#2"}
			}
		},
		{
			"name": "dhead",
			"from": [12.02424, 22.23009, 6.70778],
			"to": [13.57099, 23.76468, 8.37613],
			"rotation": {"angle": 0, "axis": "y", "origin": [12.98272, 23.5616, 7.5483]},
			"faces": {
				"north": {"uv": [14.75, 14.375, 15, 14.625], "texture": "#2"},
				"east": {"uv": [14.5, 14.75, 14.75, 15], "texture": "#2"},
				"south": {"uv": [14.75, 14.625, 15, 14.875], "texture": "#2"},
				"west": {"uv": [14.875, 0.25, 15.125, 0.5], "texture": "#2"},
				"up": {"uv": [15.125, 0.75, 14.875, 0.5], "texture": "#2"},
				"down": {"uv": [0.875, 14.875, 0.625, 15.125], "texture": "#2"}
			}
		},
		{
			"name": "dhead",
			"from": [2.42972, 17.58287, 6.70534],
			"to": [4.88118, 19.19528, 8.37856],
			"rotation": {"angle": -45, "axis": "z", "origin": [8, 19.88477, 4.76332]},
			"faces": {
				"north": {"uv": [14.25, 1.25, 14.625, 1.5], "texture": "#2"},
				"east": {"uv": [14.875, 0.75, 15.125, 1], "texture": "#2"},
				"south": {"uv": [14.25, 4.25, 14.625, 4.5], "texture": "#2"},
				"west": {"uv": [0.875, 14.875, 1.125, 15.125], "texture": "#2"},
				"up": {"uv": [5.375, 14.5, 5, 14.25], "texture": "#2"},
				"down": {"uv": [14.625, 5.375, 14.25, 5.625], "texture": "#2"}
			}
		},
		{
			"name": "dhead",
			"from": [4.12682, 21.70613, 8.88659],
			"to": [5.11178, 26.56465, 9.93235],
			"rotation": {"angle": 22.5, "axis": "x", "origin": [8, 19.88477, 4.92332]},
			"faces": {
				"north": {"uv": [14.25, 5.875, 14.375, 6.625], "texture": "#2"},
				"east": {"uv": [6.625, 14.25, 6.75, 15], "texture": "#2"},
				"south": {"uv": [6.75, 14.25, 6.875, 15], "texture": "#2"},
				"west": {"uv": [6.875, 14.25, 7, 15], "texture": "#2"},
				"up": {"uv": [15.25, 14.5, 15.125, 14.375], "texture": "#2"},
				"down": {"uv": [15.25, 14.5, 15.125, 14.625], "texture": "#2"}
			}
		},
		{
			"name": "dhead",
			"from": [0.1585, 17.44123, 9.61107],
			"to": [5.0225, 18.42619, 10.65683],
			"rotation": {"angle": -45, "axis": "z", "origin": [8, 19.88477, 4.92332]},
			"faces": {
				"north": {"uv": [7.25, 5, 8, 5.125], "texture": "#2"},
				"east": {"uv": [15.125, 14.625, 15.25, 14.75], "texture": "#2"},
				"south": {"uv": [9.375, 1.875, 10.125, 2], "texture": "#2"},
				"west": {"uv": [15.125, 14.75, 15.25, 14.875], "texture": "#2"},
				"up": {"uv": [10.375, 5.75, 9.625, 5.625], "texture": "#2"},
				"down": {"uv": [12, 7.5, 11.25, 7.625], "texture": "#2"}
			}
		},
		{
			"name": "dhead",
			"from": [1.80758, 23.33188, 8.21267],
			"to": [2.91414, 25.45988, 9.86643],
			"rotation": {"angle": 22.5, "axis": "z", "origin": [8, 19.88477, 4.92332]},
			"faces": {
				"north": {"uv": [15.125, 6.875, 15.25, 7.25], "texture": "#2"},
				"east": {"uv": [1.75, 5.25, 2, 5.625], "texture": "#2"},
				"south": {"uv": [15.125, 7.25, 15.25, 7.625], "texture": "#2"},
				"west": {"uv": [5.25, 3.125, 5.5, 3.5], "texture": "#2"},
				"up": {"uv": [10.375, 15.375, 10.25, 15.125], "texture": "#2"},
				"down": {"uv": [15.25, 11, 15.125, 11.25], "texture": "#2"}
			}
		},
		{
			"name": "dhead",
			"from": [1.17653, 17.93625, 8.20538],
			"to": [3.31912, 19.483, 9.87373],
			"rotation": {"angle": -22.5, "axis": "z", "origin": [8, 19.88477, 4.92332]},
			"faces": {
				"north": {"uv": [14.25, 6.625, 14.625, 6.875], "texture": "#2"},
				"east": {"uv": [1.125, 14.875, 1.375, 15.125], "texture": "#2"},
				"south": {"uv": [7.5, 14.25, 7.875, 14.5], "texture": "#2"},
				"west": {"uv": [1.5, 14.875, 1.75, 15.125], "texture": "#2"},
				"up": {"uv": [8.25, 14.5, 7.875, 14.25], "texture": "#2"},
				"down": {"uv": [14.625, 8.5, 14.25, 8.75], "texture": "#2"}
			}
		},
		{
			"name": "dhead",
			"from": [2.91608, 19.87567, 8.20294],
			"to": [4.15154, 21.48809, 9.87616],
			"rotation": {"angle": 0, "axis": "y", "origin": [8, 19.88477, 4.92332]},
			"faces": {
				"north": {"uv": [14.875, 4.5, 15.125, 4.75], "texture": "#2"},
				"east": {"uv": [14.875, 4.75, 15.125, 5], "texture": "#2"},
				"south": {"uv": [14.875, 5, 15.125, 5.25], "texture": "#2"},
				"west": {"uv": [14.875, 5.25, 15.125, 5.5], "texture": "#2"},
				"up": {"uv": [15.125, 5.75, 14.875, 5.5], "texture": "#2"},
				"down": {"uv": [15.125, 5.75, 14.875, 6], "texture": "#2"}
			}
		},
		{
			"name": "dhead",
			"from": [9.89568, 22.25473, 4.61136],
			"to": [10.8928, 25.76897, 6.99472],
			"rotation": {"angle": 45, "axis": "x", "origin": [8, 19.88477, 4.92332]},
			"faces": {
				"north": {"uv": [12.25, 14.75, 12.375, 15.25], "texture": "#2"},
				"east": {"uv": [13.375, 13.25, 13.75, 13.75], "texture": "#2"},
				"south": {"uv": [1.75, 14.875, 1.875, 15.375], "texture": "#2"},
				"west": {"uv": [13.5, 0.625, 13.875, 1.125], "texture": "#2"},
				"up": {"uv": [15.25, 8, 15.125, 7.625], "texture": "#2"},
				"down": {"uv": [7.875, 15.125, 7.75, 15.5], "texture": "#2"}
			}
		},
		{
			"name": "dhead",
			"from": [9.49568, 21.08327, 2.90291],
			"to": [10.4928, 23.07751, 5.28627],
			"rotation": {"angle": 22.5, "axis": "x", "origin": [8, 19.88477, 4.92332]},
			"faces": {
				"north": {"uv": [15.125, 11.25, 15.25, 11.5], "texture": "#2"},
				"east": {"uv": [14.25, 8.75, 14.625, 9], "texture": "#2"},
				"south": {"uv": [15.125, 11.5, 15.25, 11.75], "texture": "#2"},
				"west": {"uv": [14.25, 9, 14.625, 9.25], "texture": "#2"},
				"up": {"uv": [8, 15.5, 7.875, 15.125], "texture": "#2"},
				"down": {"uv": [8.125, 15.125, 8, 15.5], "texture": "#2"}
			}
		},
		{
			"name": "dhead",
			"from": [10.88822, 21.70613, 8.88659],
			"to": [11.87318, 26.56465, 9.93235],
			"rotation": {"angle": 22.5, "axis": "x", "origin": [8, 19.88477, 4.92332]},
			"faces": {
				"north": {"uv": [7, 14.25, 7.125, 15], "texture": "#2"},
				"east": {"uv": [9.125, 14.25, 9.25, 15], "texture": "#2"},
				"south": {"uv": [9.25, 14.25, 9.375, 15], "texture": "#2"},
				"west": {"uv": [9.375, 14.25, 9.5, 15], "texture": "#2"},
				"up": {"uv": [15.25, 15, 15.125, 14.875], "texture": "#2"},
				"down": {"uv": [15.25, 15, 15.125, 15.125], "texture": "#2"}
			}
		},
		{
			"name": "dhead",
			"from": [10.9775, 17.44123, 9.61107],
			"to": [15.8415, 18.42619, 10.65683],
			"rotation": {"angle": 45, "axis": "z", "origin": [8, 19.88477, 4.92332]},
			"faces": {
				"north": {"uv": [4.25, 11.625, 5, 11.75], "texture": "#2"},
				"east": {"uv": [15.125, 15.125, 15.25, 15.25], "texture": "#2"},
				"south": {"uv": [12.125, 0.75, 12.875, 0.875], "texture": "#2"},
				"west": {"uv": [0, 15.25, 0.125, 15.375], "texture": "#2"},
				"up": {"uv": [14.875, 3.875, 14.125, 3.75], "texture": "#2"},
				"down": {"uv": [14.875, 10.5, 14.125, 10.625], "texture": "#2"}
			}
		},
		{
			"name": "dhead",
			"from": [13.08586, 23.33188, 8.21267],
			"to": [14.19242, 25.45988, 9.86643],
			"rotation": {"angle": -22.5, "axis": "z", "origin": [8, 19.88477, 4.92332]},
			"faces": {
				"north": {"uv": [15.125, 8, 15.25, 8.375], "texture": "#2"},
				"east": {"uv": [9.5, 14.25, 9.75, 14.625], "texture": "#2"},
				"south": {"uv": [8.125, 15.125, 8.25, 15.5], "texture": "#2"},
				"west": {"uv": [9.75, 14.25, 10, 14.625], "texture": "#2"},
				"up": {"uv": [15.25, 12, 15.125, 11.75], "texture": "#2"},
				"down": {"uv": [15.25, 12.125, 15.125, 12.375], "texture": "#2"}
			}
		},
		{
			"name": "dhead",
			"from": [11.84846, 19.87567, 8.20294],
			"to": [13.08392, 21.48809, 9.87616],
			"rotation": {"angle": 0, "axis": "y", "origin": [8, 19.88477, 4.92332]},
			"faces": {
				"north": {"uv": [14.875, 6, 15.125, 6.25], "texture": "#2"},
				"east": {"uv": [14.875, 6.25, 15.125, 6.5], "texture": "#2"},
				"south": {"uv": [14.875, 6.875, 15.125, 7.125], "texture": "#2"},
				"west": {"uv": [14.875, 7.125, 15.125, 7.375], "texture": "#2"},
				"up": {"uv": [15.125, 7.625, 14.875, 7.375], "texture": "#2"},
				"down": {"uv": [15.125, 7.625, 14.875, 7.875], "texture": "#2"}
			}
		},
		{
			"name": "dhead",
			"from": [12.68088, 17.93625, 8.20538],
			"to": [14.82347, 19.483, 9.87373],
			"rotation": {"angle": 22.5, "axis": "z", "origin": [8, 19.88477, 4.92332]},
			"faces": {
				"north": {"uv": [14.25, 9.75, 14.625, 10], "texture": "#2"},
				"east": {"uv": [14.875, 7.875, 15.125, 8.125], "texture": "#2"},
				"south": {"uv": [14.25, 10, 14.625, 10.25], "texture": "#2"},
				"west": {"uv": [14.875, 8.125, 15.125, 8.375], "texture": "#2"},
				"up": {"uv": [14.625, 10.875, 14.25, 10.625], "texture": "#2"},
				"down": {"uv": [14.625, 10.875, 14.25, 11.125], "texture": "#2"}
			}
		},
		{
			"name": "dhead",
			"from": [11.11882, 17.58287, 6.70534],
			"to": [13.57028, 19.19528, 8.37856],
			"rotation": {"angle": 45, "axis": "z", "origin": [8, 19.88477, 4.76332]},
			"faces": {
				"north": {"uv": [14.25, 11.125, 14.625, 11.375], "texture": "#2"},
				"east": {"uv": [14.875, 8.375, 15.125, 8.625], "texture": "#2"},
				"south": {"uv": [14.25, 11.375, 14.625, 11.625], "texture": "#2"},
				"west": {"uv": [14.875, 8.625, 15.125, 8.875], "texture": "#2"},
				"up": {"uv": [12, 14.5, 11.625, 14.25], "texture": "#2"},
				"down": {"uv": [12.375, 14.25, 12, 14.5], "texture": "#2"}
			}
		},
		{
			"name": "dhead",
			"from": [6.22386, 14.37785, 7.84869],
			"to": [7.13586, 17.41785, 11.80069],
			"rotation": {"angle": -45, "axis": "y", "origin": [8, 19.88477, 4.12332]},
			"faces": {
				"north": {"uv": [2.25, 14.875, 2.375, 15.375], "texture": "#2"},
				"east": {"uv": [5.875, 11.75, 6.5, 12.25], "texture": "#2"},
				"south": {"uv": [2.625, 14.875, 2.75, 15.375], "texture": "#2"},
				"west": {"uv": [6.625, 11.75, 7.25, 12.25], "texture": "#2"},
				"up": {"uv": [8.5, 15, 8.375, 14.375], "texture": "#2"},
				"down": {"uv": [8.625, 14.375, 8.5, 15], "texture": "#2"}
			}
		},
		{
			"name": "dhead",
			"from": [3.77904, 15.97785, 6.24532],
			"to": [4.69104, 19.01785, 10.19732],
			"rotation": {"angle": -22.5, "axis": "y", "origin": [3.03504, 15.89785, 7.22132]},
			"faces": {
				"north": {"uv": [3.875, 14.875, 4, 15.375], "texture": "#2"},
				"east": {"uv": [7.25, 11.75, 7.875, 12.25], "texture": "#2"},
				"south": {"uv": [7.375, 14.875, 7.5, 15.375], "texture": "#2"},
				"west": {"uv": [11.75, 8, 12.375, 8.5], "texture": "#2"},
				"up": {"uv": [8.75, 15, 8.625, 14.375], "texture": "#2"},
				"down": {"uv": [8.875, 14.375, 8.75, 15], "texture": "#2"}
			}
		},
		{
			"name": "dhead",
			"from": [4.33904, 14.57785, 8.28532],
			"to": [5.25104, 17.61785, 12.23732],
			"rotation": {"angle": -22.5, "axis": "y", "origin": [3.03504, 15.89785, 8.02132]},
			"faces": {
				"north": {"uv": [14.875, 8.875, 15, 9.375], "texture": "#2"},
				"east": {"uv": [11.75, 9.125, 12.375, 9.625], "texture": "#2"},
				"south": {"uv": [10, 14.875, 10.125, 15.375], "texture": "#2"},
				"west": {"uv": [11.75, 10.25, 12.375, 10.75], "texture": "#2"},
				"up": {"uv": [9, 15, 8.875, 14.375], "texture": "#2"},
				"down": {"uv": [9.125, 14.375, 9, 15], "texture": "#2"}
			}
		},
		{
			"name": "dhead",
			"from": [10.74896, 14.57785, 8.28532],
			"to": [11.66096, 17.61785, 12.23732],
			"rotation": {"angle": 22.5, "axis": "y", "origin": [12.96496, 15.89785, 8.02132]},
			"faces": {
				"north": {"uv": [10.125, 14.875, 10.25, 15.375], "texture": "#2"},
				"east": {"uv": [11.75, 10.75, 12.375, 11.25], "texture": "#2"},
				"south": {"uv": [10.375, 14.875, 10.5, 15.375], "texture": "#2"},
				"west": {"uv": [11.25, 11.75, 11.875, 12.25], "texture": "#2"},
				"up": {"uv": [14.5, 13.625, 14.375, 13], "texture": "#2"},
				"down": {"uv": [13.5, 14.375, 13.375, 15], "texture": "#2"}
			}
		},
		{
			"name": "dhead",
			"from": [11.30896, 15.97785, 6.24532],
			"to": [12.22096, 19.01785, 10.19732],
			"rotation": {"angle": 22.5, "axis": "y", "origin": [12.96496, 15.89785, 7.22132]},
			"faces": {
				"north": {"uv": [10.5, 14.875, 10.625, 15.375], "texture": "#2"},
				"east": {"uv": [1.5, 11.875, 2.125, 12.375], "texture": "#2"},
				"south": {"uv": [10.625, 14.875, 10.75, 15.375], "texture": "#2"},
				"west": {"uv": [2.125, 11.875, 2.75, 12.375], "texture": "#2"},
				"up": {"uv": [13.625, 15, 13.5, 14.375], "texture": "#2"},
				"down": {"uv": [13.75, 14.375, 13.625, 15], "texture": "#2"}
			}
		},
		{
			"name": "dhead",
			"from": [8.86414, 14.37785, 7.84869],
			"to": [9.77614, 17.41785, 11.80069],
			"rotation": {"angle": 45, "axis": "y", "origin": [8, 19.88477, 4.12332]},
			"faces": {
				"north": {"uv": [10.75, 14.875, 10.875, 15.375], "texture": "#2"},
				"east": {"uv": [11.875, 3.875, 12.5, 4.375], "texture": "#2"},
				"south": {"uv": [14.875, 11.625, 15, 12.125], "texture": "#2"},
				"west": {"uv": [11.875, 11.75, 12.5, 12.25], "texture": "#2"},
				"up": {"uv": [14.5, 14.875, 14.375, 14.25], "texture": "#2"},
				"down": {"uv": [14.625, 1.625, 14.5, 2.25], "texture": "#2"}
			}
		},
		{
			"from": [1, 1, 1],
			"to": [15, 10, 15],
			"rotation": {"angle": 0, "axis": "y", "origin": [7, 0, 7]},
			"faces": {
				"north": {"uv": [2, 4.5, 3.75, 5.625], "texture": "#2"},
				"east": {"uv": [3.75, 4.5, 5.5, 5.625], "texture": "#2"},
				"south": {"uv": [0, 5.25, 1.75, 6.375], "texture": "#2"},
				"west": {"uv": [5.25, 0, 7, 1.125], "texture": "#2"},
				"up": {"uv": [1.75, 4.25, 0, 2.5], "texture": "#2"},
				"down": {"uv": [3.5, 2.5, 1.75, 4.25], "texture": "#2"}
			}
		},
		{
			"from": [-0.004, 6.996, 6.246],
			"to": [1.004, 10.004, 9.754],
			"rotation": {"angle": 0, "axis": "y", "origin": [0.5625, 8.50442, 8.00888]},
			"faces": {
				"north": {"uv": [14.125, 14.875, 14.25, 15.25], "texture": "#2"},
				"east": {"uv": [4, 13.25, 4.5, 13.625], "texture": "#2"},
				"south": {"uv": [14.25, 14.875, 14.375, 15.25], "texture": "#2"},
				"west": {"uv": [4.5, 13.25, 5, 13.625], "texture": "#2"},
				"up": {"uv": [4.75, 15, 4.625, 14.5], "texture": "#2"},
				"down": {"uv": [5.125, 14.5, 5, 15], "texture": "#2"}
			}
		},
		{
			"from": [0.246, 6.996, 5.496],
			"to": [1.004, 10.004, 10.504],
			"rotation": {"angle": 0, "axis": "y", "origin": [0.5625, 8.50442, 8.00888]},
			"faces": {
				"north": {"uv": [2.125, 15, 2.25, 15.375], "texture": "#2"},
				"east": {"uv": [12.875, 1.125, 13.5, 1.5], "texture": "#2"},
				"south": {"uv": [2.75, 15, 2.875, 15.375], "texture": "#2"},
				"west": {"uv": [13, 3.875, 13.625, 4.25], "texture": "#2"},
				"up": {"uv": [14.375, 13.875, 14.25, 13.25], "texture": "#2"},
				"down": {"uv": [14.25, 14.25, 14.125, 14.875], "texture": "#2"}
			}
		},
		{
			"from": [0.25, 7.78791, 5.1773],
			"to": [1, 11.33791, 8.7023],
			"rotation": {"angle": 45, "axis": "x", "origin": [0.5625, 8.50442, 8.00888]},
			"faces": {
				"north": {"uv": [5.125, 14.5, 5.25, 15], "texture": "#2"},
				"east": {"uv": [4.75, 12.25, 5.25, 12.75], "texture": "#2"},
				"south": {"uv": [5.25, 14.5, 5.375, 15], "texture": "#2"},
				"west": {"uv": [12.25, 5.375, 12.75, 5.875], "texture": "#2"},
				"up": {"uv": [5.625, 15, 5.5, 14.5], "texture": "#2"},
				"down": {"uv": [5.75, 14.5, 5.625, 15], "texture": "#2"}
			}
		},
		{
			"from": [0.25, 5.66659, 7.29862],
			"to": [1, 9.21659, 10.82362],
			"rotation": {"angle": 45, "axis": "x", "origin": [0.5625, 8.50442, 8.00888]},
			"faces": {
				"north": {"uv": [5.875, 14.5, 6, 15], "texture": "#2"},
				"east": {"uv": [5.875, 12.25, 6.375, 12.75], "texture": "#2"},
				"south": {"uv": [14.5, 5.875, 14.625, 6.375], "texture": "#2"},
				"west": {"uv": [6.625, 12.25, 7.125, 12.75], "texture": "#2"},
				"up": {"uv": [6.125, 15, 6, 14.5], "texture": "#2"},
				"down": {"uv": [14.625, 7, 14.5, 7.5], "texture": "#2"}
			}
		},
		{
			"from": [0, 6.18435, 5.70138],
			"to": [1, 8.68435, 8.20138],
			"rotation": {"angle": -45, "axis": "x", "origin": [0.5625, 8.50442, 8.00888]},
			"faces": {
				"north": {"uv": [14.375, 14.875, 14.5, 15.25], "texture": "#2"},
				"east": {"uv": [4.375, 13.625, 4.75, 14], "texture": "#2"},
				"south": {"uv": [14.75, 14.875, 14.875, 15.25], "texture": "#2"},
				"west": {"uv": [7.125, 13.625, 7.5, 14], "texture": "#2"},
				"up": {"uv": [15, 15.25, 14.875, 14.875], "texture": "#2"},
				"down": {"uv": [0.375, 15, 0.25, 15.375], "texture": "#2"}
			}
		},
		{
			"from": [0, 8.30567, 7.8227],
			"to": [1, 10.80567, 10.3227],
			"rotation": {"angle": -45, "axis": "x", "origin": [0.5625, 8.50442, 8.00888]},
			"faces": {
				"north": {"uv": [0.375, 15, 0.5, 15.375], "texture": "#2"},
				"east": {"uv": [13.625, 7.875, 14, 8.25], "texture": "#2"},
				"south": {"uv": [0.5, 15, 0.625, 15.375], "texture": "#2"},
				"west": {"uv": [13.625, 8.25, 14, 8.625], "texture": "#2"},
				"up": {"uv": [2, 15.375, 1.875, 15], "texture": "#2"},
				"down": {"uv": [2.125, 15, 2, 15.375], "texture": "#2"}
			}
		},
		{
			"from": [15, 8.32843, 7.29289],
			"to": [15.75, 11.87843, 10.81789],
			"rotation": {"angle": 45, "axis": "x", "origin": [15.375, 9.82843, 4.79289]},
			"faces": {
				"north": {"uv": [14.625, 7.5, 14.75, 8], "texture": "#2"},
				"east": {"uv": [12.5, 11.75, 13, 12.25], "texture": "#2"},
				"south": {"uv": [14.625, 8.5, 14.75, 9], "texture": "#2"},
				"west": {"uv": [12.625, 0.25, 13.125, 0.75], "texture": "#2"},
				"up": {"uv": [14.75, 9.5, 14.625, 9], "texture": "#2"},
				"down": {"uv": [9.625, 14.625, 9.5, 15.125], "texture": "#2"}
			}
		},
		{
			"from": [14.996, 6.996, 5.496],
			"to": [15.754, 10.004, 10.504],
			"rotation": {"angle": 0, "axis": "y", "origin": [9, 0, 7]},
			"faces": {
				"north": {"uv": [15.125, 1.75, 15.25, 2.125], "texture": "#2"},
				"east": {"uv": [13.125, 0.25, 13.75, 0.625], "texture": "#2"},
				"south": {"uv": [15.125, 2.125, 15.25, 2.5], "texture": "#2"},
				"west": {"uv": [13.125, 4.875, 13.75, 5.25], "texture": "#2"},
				"up": {"uv": [14.375, 14.875, 14.25, 14.25], "texture": "#2"},
				"down": {"uv": [14.5, 1.625, 14.375, 2.25], "texture": "#2"}
			}
		},
		{
			"from": [15, 7.79289, 5.82843],
			"to": [15.75, 11.34289, 9.35343],
			"rotation": {"angle": 45, "axis": "x", "origin": [15.375, 9.29289, 8.32843]},
			"faces": {
				"north": {"uv": [14.625, 3, 14.75, 3.5], "texture": "#2"},
				"east": {"uv": [12.5, 3.875, 13, 4.375], "texture": "#2"},
				"south": {"uv": [14.625, 5.375, 14.75, 5.875], "texture": "#2"},
				"west": {"uv": [12.5, 11.25, 13, 11.75], "texture": "#2"},
				"up": {"uv": [14.75, 6.375, 14.625, 5.875], "texture": "#2"},
				"down": {"uv": [14.75, 7, 14.625, 7.5], "texture": "#2"}
			}
		},
		{
			"from": [15, 6.17157, 8.04289],
			"to": [16, 8.67157, 10.54289],
			"rotation": {"angle": -45, "axis": "x", "origin": [15.5, 7.17157, 5.54289]},
			"faces": {
				"north": {"uv": [1.375, 15.125, 1.5, 15.5], "texture": "#2"},
				"east": {"uv": [14, 2, 14.375, 2.375], "texture": "#2"},
				"south": {"uv": [15.125, 1.375, 15.25, 1.75], "texture": "#2"},
				"west": {"uv": [14, 2.375, 14.375, 2.75], "texture": "#2"},
				"up": {"uv": [1.625, 15.5, 1.5, 15.125], "texture": "#2"},
				"down": {"uv": [1.75, 15.125, 1.625, 15.5], "texture": "#2"}
			}
		},
		{
			"from": [14.996, 6.996, 6.246],
			"to": [16.004, 10.004, 9.754],
			"rotation": {"angle": 0, "axis": "y", "origin": [9, 0, 7]},
			"faces": {
				"north": {"uv": [1.125, 15.125, 1.25, 15.5], "texture": "#2"},
				"east": {"uv": [13.25, 5.25, 13.75, 5.625], "texture": "#2"},
				"south": {"uv": [1.25, 15.125, 1.375, 15.5], "texture": "#2"},
				"west": {"uv": [7.125, 13.25, 7.625, 13.625], "texture": "#2"},
				"up": {"uv": [1.5, 15.125, 1.375, 14.625], "texture": "#2"},
				"down": {"uv": [14.75, 2.5, 14.625, 3], "texture": "#2"}
			}
		},
		{
			"from": [15, 6.17678, 6.7981],
			"to": [16, 8.67678, 9.2981],
			"rotation": {"angle": -45, "axis": "x", "origin": [15.5, 7.17678, 8.5481]},
			"faces": {
				"north": {"uv": [0.75, 15.125, 0.875, 15.5], "texture": "#2"},
				"east": {"uv": [13.875, 11.375, 14.25, 11.75], "texture": "#2"},
				"south": {"uv": [0.875, 15.125, 1, 15.5], "texture": "#2"},
				"west": {"uv": [14, 1.625, 14.375, 2], "texture": "#2"},
				"up": {"uv": [1.125, 15.5, 1, 15.125], "texture": "#2"},
				"down": {"uv": [15.25, 1, 15.125, 1.375], "texture": "#2"}
			}
		},
		{
			"from": [-0.002, -0.002, -0.002],
			"to": [3.002, 10.002, 3.002],
			"rotation": {"angle": 0, "axis": "y", "origin": [9, 0, 7]},
			"faces": {
				"north": {"uv": [1.5, 9.25, 1.875, 10.5], "texture": "#2"},
				"east": {"uv": [5.875, 9.875, 6.25, 11.125], "texture": "#2"},
				"south": {"uv": [6.25, 9.875, 6.625, 11.125], "texture": "#2"},
				"west": {"uv": [9.875, 9.375, 10.25, 10.625], "texture": "#2"},
				"up": {"uv": [13.875, 9.625, 13.5, 9.25], "texture": "#2"},
				"down": {"uv": [9.875, 13.5, 9.5, 13.875], "texture": "#2"}
			}
		},
		{
			"from": [-0.65, 0.85, -0.5],
			"to": [3.65, 2.15, 3.5],
			"rotation": {"angle": -22.5, "axis": "z", "origin": [1.5, 1.5, 1.5]},
			"faces": {
				"north": {"uv": [14.25, 6.875, 14.75, 7], "texture": "#2"},
				"east": {"uv": [14.25, 11.625, 14.75, 11.75], "texture": "#2"},
				"south": {"uv": [14.25, 13.875, 14.75, 14], "texture": "#2"},
				"west": {"uv": [14.375, 4.125, 14.875, 4.25], "texture": "#2"},
				"up": {"uv": [3.5, 12.75, 3, 12.25], "texture": "#2"},
				"down": {"uv": [4.75, 12.25, 4.25, 12.75], "texture": "#2"}
			}
		},
		{
			"from": [12.35, 0.85, -0.5],
			"to": [16.65, 2.15, 3.5],
			"rotation": {"angle": 22.5, "axis": "z", "origin": [14.5, 1.5, 1.5]},
			"faces": {
				"north": {"uv": [14.625, 1, 15.125, 1.125], "texture": "#2"},
				"east": {"uv": [14.625, 1.125, 15.125, 1.25], "texture": "#2"},
				"south": {"uv": [14.625, 1.25, 15.125, 1.375], "texture": "#2"},
				"west": {"uv": [14.625, 1.375, 15.125, 1.5], "texture": "#2"},
				"up": {"uv": [2.5, 12.875, 2, 12.375], "texture": "#2"},
				"down": {"uv": [12.875, 8, 12.375, 8.5], "texture": "#2"}
			}
		},
		{
			"from": [12.998, -0.002, -0.002],
			"to": [16.002, 10.002, 3.002],
			"rotation": {"angle": 0, "axis": "y", "origin": [7, 0, 7]},
			"faces": {
				"north": {"uv": [5, 10, 5.375, 11.25], "texture": "#2"},
				"east": {"uv": [5.375, 10, 5.75, 11.25], "texture": "#2"},
				"south": {"uv": [8.875, 10, 9.25, 11.25], "texture": "#2"},
				"west": {"uv": [9.25, 10, 9.625, 11.25], "texture": "#2"},
				"up": {"uv": [14.25, 9.375, 13.875, 9], "texture": "#2"},
				"down": {"uv": [9.5, 13.875, 9.125, 14.25], "texture": "#2"}
			}
		},
		{
			"from": [3, 0.5, 0],
			"to": [13, 2.75, 3],
			"rotation": {"angle": 0, "axis": "y", "origin": [9, 0, 7]},
			"faces": {
				"north": {"uv": [11.375, 5.875, 12.625, 6.125], "texture": "#2"},
				"east": {"uv": [14.125, 0, 14.5, 0.25], "texture": "#2"},
				"south": {"uv": [11.375, 6.125, 12.625, 6.375], "texture": "#2"},
				"west": {"uv": [1.875, 14.125, 2.25, 14.375], "texture": "#2"},
				"up": {"uv": [11.25, 7.625, 10, 7.25], "texture": "#2"},
				"down": {"uv": [11.375, 0, 10.125, 0.375], "texture": "#2"}
			}
		},
		{
			"from": [3, 0.5, 13],
			"to": [13, 2.75, 16],
			"rotation": {"angle": 0, "axis": "y", "origin": [9, 0, 9]},
			"faces": {
				"north": {"uv": [11.375, 6.375, 12.625, 6.625], "texture": "#2"},
				"east": {"uv": [3.5, 14.125, 3.875, 14.375], "texture": "#2"},
				"south": {"uv": [11.5, 2.875, 12.75, 3.125], "texture": "#2"},
				"west": {"uv": [14.125, 3.5, 14.5, 3.75], "texture": "#2"},
				"up": {"uv": [11.5, 3.25, 10.25, 2.875], "texture": "#2"},
				"down": {"uv": [11.5, 3.25, 10.25, 3.625], "texture": "#2"}
			}
		},
		{
			"from": [0, 0.5, 3],
			"to": [3, 2.75, 13],
			"rotation": {"angle": 0, "axis": "y", "origin": [8, 1.625, 8]},
			"faces": {
				"north": {"uv": [14.125, 5.125, 14.5, 5.375], "texture": "#2"},
				"east": {"uv": [11.5, 3.625, 12.75, 3.875], "texture": "#2"},
				"south": {"uv": [14.125, 7.25, 14.5, 7.5], "texture": "#2"},
				"west": {"uv": [11.25, 11.5, 12.5, 11.75], "texture": "#2"},
				"up": {"uv": [11, 2.875, 10.625, 1.625], "texture": "#2"},
				"down": {"uv": [11, 5.75, 10.625, 7], "texture": "#2"}
			}
		},
		{
			"from": [13, 0.5, 3],
			"to": [16, 2.75, 13],
			"rotation": {"angle": 0, "axis": "y", "origin": [8, 1.625, 8]},
			"faces": {
				"north": {"uv": [14.125, 4.625, 14.5, 4.875], "texture": "#2"},
				"east": {"uv": [11.5, 3.125, 12.75, 3.375], "texture": "#2"},
				"south": {"uv": [14.125, 4.875, 14.5, 5.125], "texture": "#2"},
				"west": {"uv": [11.5, 3.375, 12.75, 3.625], "texture": "#2"},
				"up": {"uv": [10.875, 5.75, 10.5, 4.5], "texture": "#2"},
				"down": {"uv": [11, 0.375, 10.625, 1.625], "texture": "#2"}
			}
		},
		{
			"from": [12.35, 0.85, 12.5],
			"to": [16.65, 2.15, 16.5],
			"rotation": {"angle": 22.5, "axis": "z", "origin": [14.5, 1.5, 14.5]},
			"faces": {
				"north": {"uv": [14.625, 2, 15.125, 2.125], "texture": "#2"},
				"east": {"uv": [14.625, 2.125, 15.125, 2.25], "texture": "#2"},
				"south": {"uv": [14.625, 2.25, 15.125, 2.375], "texture": "#2"},
				"west": {"uv": [14.625, 2.375, 15.125, 2.5], "texture": "#2"},
				"up": {"uv": [12.875, 10.75, 12.375, 10.25], "texture": "#2"},
				"down": {"uv": [12.875, 10.75, 12.375, 11.25], "texture": "#2"}
			}
		},
		{
			"from": [-0.65, 0.85, 12.5],
			"to": [3.65, 2.15, 16.5],
			"rotation": {"angle": -22.5, "axis": "z", "origin": [1.5, 1.5, 14.5]},
			"faces": {
				"north": {"uv": [14.625, 1.5, 15.125, 1.625], "texture": "#2"},
				"east": {"uv": [14.625, 1.625, 15.125, 1.75], "texture": "#2"},
				"south": {"uv": [14.625, 1.75, 15.125, 1.875], "texture": "#2"},
				"west": {"uv": [14.625, 1.875, 15.125, 2], "texture": "#2"},
				"up": {"uv": [12.875, 9.25, 12.375, 8.75], "texture": "#2"},
				"down": {"uv": [12.875, 9.25, 12.375, 9.75], "texture": "#2"}
			}
		},
		{
			"from": [-0.65, 8.6, -0.5],
			"to": [3.65, 9.9, 3.5],
			"rotation": {"angle": 0, "axis": "y", "origin": [1.5, 9.25, 1.5]},
			"faces": {
				"north": {"uv": [14.625, 3.875, 15.125, 4], "texture": "#2"},
				"east": {"uv": [14.625, 4, 15.125, 4.125], "texture": "#2"},
				"south": {"uv": [14.625, 4.25, 15.125, 4.375], "texture": "#2"},
				"west": {"uv": [14.625, 4.375, 15.125, 4.5], "texture": "#2"},
				"up": {"uv": [13.125, 6.875, 12.625, 6.375], "texture": "#2"},
				"down": {"uv": [13.125, 6.875, 12.625, 7.375], "texture": "#2"}
			}
		},
		{
			"from": [12.35, 8.6, -0.5],
			"to": [16.65, 9.9, 3.5],
			"rotation": {"angle": 0, "axis": "y", "origin": [14.5, 9.25, 1.5]},
			"faces": {
				"north": {"uv": [14.625, 6.625, 15.125, 6.75], "texture": "#2"},
				"east": {"uv": [14.625, 6.75, 15.125, 6.875], "texture": "#2"},
				"south": {"uv": [14.625, 9.75, 15.125, 9.875], "texture": "#2"},
				"west": {"uv": [14.625, 9.875, 15.125, 10], "texture": "#2"},
				"up": {"uv": [9.375, 13.125, 8.875, 12.625], "texture": "#2"},
				"down": {"uv": [13.125, 9.75, 12.625, 10.25], "texture": "#2"}
			}
		},
		{
			"from": [-0.65, 8.6, 12.5],
			"to": [3.65, 9.9, 16.5],
			"rotation": {"angle": 0, "axis": "y", "origin": [1.5, 9.25, 14.5]},
			"faces": {
				"north": {"uv": [14.625, 10.875, 15.125, 11], "texture": "#2"},
				"east": {"uv": [14.625, 11, 15.125, 11.125], "texture": "#2"},
				"south": {"uv": [14.625, 11.125, 15.125, 11.25], "texture": "#2"},
				"west": {"uv": [14.625, 11.25, 15.125, 11.375], "texture": "#2"},
				"up": {"uv": [1.5, 13.25, 1, 12.75], "texture": "#2"},
				"down": {"uv": [13.25, 1.625, 12.75, 2.125], "texture": "#2"}
			}
		},
		{
			"from": [12.35, 8.6, 12.5],
			"to": [16.65, 9.9, 16.5],
			"rotation": {"angle": 0, "axis": "y", "origin": [14.5, 9.25, 14.5]},
			"faces": {
				"north": {"uv": [14.625, 10, 15.125, 10.125], "texture": "#2"},
				"east": {"uv": [14.625, 10.125, 15.125, 10.25], "texture": "#2"},
				"south": {"uv": [14.625, 10.625, 15.125, 10.75], "texture": "#2"},
				"west": {"uv": [14.625, 10.75, 15.125, 10.875], "texture": "#2"},
				"up": {"uv": [0.5, 13.25, 0, 12.75], "texture": "#2"},
				"down": {"uv": [1, 12.75, 0.5, 13.25], "texture": "#2"}
			}
		},
		{
			"from": [-0.002, -0.002, 12.998],
			"to": [3.002, 10.002, 16.002],
			"rotation": {"angle": 0, "axis": "y", "origin": [9, 0, 9]},
			"faces": {
				"north": {"uv": [10.25, 9.375, 10.625, 10.625], "texture": "#2"},
				"east": {"uv": [4.25, 10.375, 4.625, 11.625], "texture": "#2"},
				"south": {"uv": [4.625, 10.375, 5, 11.625], "texture": "#2"},
				"west": {"uv": [1.5, 10.5, 1.875, 11.75], "texture": "#2"},
				"up": {"uv": [14.25, 11, 13.875, 10.625], "texture": "#2"},
				"down": {"uv": [14.25, 11, 13.875, 11.375], "texture": "#2"}
			}
		},
		{
			"from": [12.998, -0.002, 12.998],
			"to": [16.002, 10.002, 16.002],
			"rotation": {"angle": 0, "axis": "y", "origin": [7, 0, 9]},
			"faces": {
				"north": {"uv": [10.25, 0.375, 10.625, 1.625], "texture": "#2"},
				"east": {"uv": [10.25, 1.625, 10.625, 2.875], "texture": "#2"},
				"south": {"uv": [7.875, 10.25, 8.25, 11.5], "texture": "#2"},
				"west": {"uv": [8.25, 10.25, 8.625, 11.5], "texture": "#2"},
				"up": {"uv": [9.875, 14.25, 9.5, 13.875], "texture": "#2"},
				"down": {"uv": [10.25, 13.875, 9.875, 14.25], "texture": "#2"}
			}
		}
	],
	"gui_light": "front",
	"display": {
		"thirdperson_righthand": {
			"rotation": [168.59, 32.25, -164.86],
			"translation": [0, 4.5, 0.75],
			"scale": [0.45, 0.45, 0.45]
		},
		"thirdperson_lefthand": {
			"rotation": [168.59, 32.25, -164.86],
			"translation": [0, 4.5, 0.75],
			"scale": [0.45, 0.45, 0.45]
		},
		"firstperson_righthand": {
			"rotation": [-169.74, 36.64, 176.13],
			"translation": [0.25, 4.5, -0.75],
			"scale": [0.38, 0.38, 0.38]
		},
		"firstperson_lefthand": {
			"rotation": [-169.74, 36.64, 176.13],
			"translation": [0.25, 4.5, -0.75],
			"scale": [0.38, 0.38, 0.38]
		},
		"ground": {
			"scale": [0.4, 0.4, 0.4]
		},
		"gui": {
			"rotation": [-160, 35, -180],
			"translation": [0, -0.75, 0],
			"scale": [0.61, 0.61, 0.61]
		},
		"head": {
			"translation": [0, -30.5, -1.5],
			"scale": [1.6, 1.6, 1.6]
		}
	},
	"groups": [
		{
			"name": "item/chinese/chinese_dragon_chest",
			"origin": [1.5, 14.37955, 13.57822],
			"color": 0,
			"children": [
				{
					"name": "top",
					"origin": [9, 1, 7],
					"color": 0,
					"children": [
						0,
						1,
						2,
						3,
						4,
						5,
						6,
						7,
						8,
						9,
						10,
						11,
						12,
						13,
						14,
						{
							"name": "item/chinese/chinese_dragon_helmet",
							"origin": [4.53189, 4.5192, 5.62143],
							"color": 0,
							"children": [15, 16, 17, 18, 19, 20, 21, 22, 23, 24, 25, 26, 27, 28, 29, 30, 31, 32, 33, 34, 35, 36, 37, 38, 39, 40, 41, 42, 43, 44, 45, 46, 47, 48, 49, 50, 51, 52, 53, 54, 55, 56]
						}
					]
				},
				57,
				58,
				59,
				60,
				61,
				62,
				63,
				64,
				65,
				66,
				67,
				68,
				69,
				70,
				71,
				72,
				73,
				74,
				75,
				76,
				77,
				78,
				79,
				80,
				81,
				82,
				83,
				84,
				85
			]
		}
	]
}