{"textures":{"0":"item/meg/horse_magma"},"elements":[{"from":[5.5,8.2,5.000001],"to":[10.5,8.2,11.0],"faces":{"up":{"uv":[2.8125,6.875,2.5,6.5],"tintindex":0,"rotation":0,"texture":"#0"},"down":{"uv":[2.8125,6.5,2.5,6.875],"tintindex":0,"rotation":0,"texture":"#0"}}},{"from":[5.5,0.19999981,11.0],"to":[10.5,8.2,11.0],"faces":{"south":{"uv":[3.125,5.9375,3.4375,6.4375],"tintindex":0,"rotation":0,"texture":"#0"},"north":{"uv":[3.4375,5.9375,3.125,6.4375],"tintindex":0,"rotation":0,"texture":"#0"}}},{"from":[5.5,0.19999981,5.000001],"to":[10.5,8.2,5.000001],"faces":{"south":{"uv":[3.125,5.9375,3.4375,6.4375],"tintindex":0,"rotation":0,"texture":"#0"},"north":{"uv":[3.4375,5.9375,3.125,6.4375],"tintindex":0,"rotation":0,"texture":"#0"}}},{"from":[10.5,0.19999981,5.000001],"to":[10.5,8.2,11.0],"faces":{"east":{"uv":[4.75,5.5,4.375,6.0],"tintindex":0,"rotation":0,"texture":"#0"},"west":{"uv":[4.375,5.5,4.75,6.0],"tintindex":0,"rotation":0,"texture":"#0"}}},{"from":[5.5,0.19999981,5.000001],"to":[5.5,8.2,11.0],"faces":{"east":{"uv":[4.75,5.5,4.375,6.0],"tintindex":0,"rotation":0,"texture":"#0"},"west":{"uv":[4.375,5.5,4.75,6.0],"tintindex":0,"rotation":0,"texture":"#0"}}}]}