{
  "parent": "item/generated",
  "textures": {
    "layer0": "item/leather_boots",
    "layer1": "item/leather_boots_overlay"
  },
  "overrides": [
    {
      "predicate": {
        "custom_model_data": 1
      },
      "model": "chinese:ia_auto_gen/dragondiamondarmor_boots"
    },
    {
      "predicate": {
        "custom_model_data": 2
      },
      "model": "chinese:ia_auto_gen/dragongoldarmor_boots"
    },
    {
      "predicate": {
        "custom_model_data": 3
      },
      "model": "chinese:ia_auto_gen/dragonironarmor_boots"
    },
    {
      "predicate": {
        "custom_model_data": 4
      },
      "model": "chinese:ia_auto_gen/dragonnetheritearmor_boots"
    },
    {
      "predicate": {
        "custom_model_data": 5
      },
      "model": "magma:ia_auto_gen/magmadiamondarmor_boots"
    },
    {
      "predicate": {
        "custom_model_data": 6
      },
      "model": "magma:ia_auto_gen/magmagoldarmor_boots"
    },
    {
      "predicate": {
        "custom_model_data": 7
      },
      "model": "magma:ia_auto_gen/magmaironarmor_boots"
    },
    {
      "predicate": {
        "custom_model_data": 8
      },
      "model": "magma:ia_auto_gen/magmanetheritearmor_boots"
    },
    {
      "predicate": {
        "custom_model_data": 9
      },
      "model": "valentine:ia_auto_gen/valentinediamondarmor_boots"
    },
    {
      "predicate": {
        "custom_model_data": 10
      },
      "model": "valentine:ia_auto_gen/valentinegoldarmor_boots"
    },
    {
      "predicate": {
        "custom_model_data": 11
      },
      "model": "valentine:ia_auto_gen/valentineironarmor_boots"
    },
    {
      "predicate": {
        "custom_model_data": 12
      },
      "model": "valentine:ia_auto_gen/valentinenetheritearmor_boots"
    },
    {
      "predicate": {
        "custom_model_data": 13
      },
      "model": "firework:ia_auto_gen/fireworkdiamondarmor_boots"
    },
    {
      "predicate": {
        "custom_model_data": 14
      },
      "model": "firework:ia_auto_gen/fireworkgoldarmor_boots"
    },
    {
      "predicate": {
        "custom_model_data": 15
      },
      "model": "firework:ia_auto_gen/fireworkironarmor_boots"
    },
    {
      "predicate": {
        "custom_model_data": 16
      },
      "model": "firework:ia_auto_gen/fireworknetheritearmor_boots"
    }
  ]
}