{
	"credit": "Made with Blockbench",
	"textures": {
		"1": "item/eos/grove",
		"2": "item/eos/animation_1-sheet",
		"particle": "item/eos/animation_1-sheet"
	},
	"elements": [
		{
			"from": [6.5, 6.58804, 9.4625],
			"to": [9.5, 7.58804, 9.9625],
			"rotation": {"angle": 0, "axis": "y", "origin": [8, 8, 8]},
			"faces": {
				"north": {"uv": [0, 9, 3, 10], "texture": "#1"},
				"east": {"uv": [4, 13, 4.5, 14], "texture": "#1"},
				"south": {"uv": [9, 0, 12, 1], "texture": "#1"},
				"west": {"uv": [13, 3, 13.5, 4], "texture": "#1"},
				"up": {"uv": [5.5, 14, 5, 11], "rotation": 270, "texture": "#1"},
				"down": {"uv": [6.5, 11, 6, 14], "rotation": 90, "texture": "#1"}
			}
		},
		{
			"from": [6.5, 6.58804, 6.9625],
			"to": [9.5, 7.58804, 7.4625],
			"rotation": {"angle": 0, "axis": "y", "origin": [8, 8, 8]},
			"faces": {
				"north": {"uv": [9, 1, 12, 2], "texture": "#1"},
				"east": {"uv": [13, 5, 13.5, 6], "texture": "#1"},
				"south": {"uv": [9, 2, 12, 3], "texture": "#1"},
				"west": {"uv": [13, 4, 13.5, 5], "texture": "#1"},
				"up": {"uv": [7.5, 14, 7, 11], "rotation": 270, "texture": "#1"},
				"down": {"uv": [8.5, 11, 8, 14], "rotation": 90, "texture": "#1"}
			}
		},
		{
			"from": [6.5, 6.58804, 7.4625],
			"to": [7, 7.58804, 9.4625],
			"rotation": {"angle": 0, "axis": "y", "origin": [8, 8, 8]},
			"faces": {
				"north": {"uv": [9, 13, 9.5, 14], "texture": "#1"},
				"east": {"uv": [10, 5, 12, 6], "texture": "#1"},
				"south": {"uv": [12, 13, 12.5, 14], "texture": "#1"},
				"west": {"uv": [5, 10, 7, 11], "texture": "#1"},
				"up": {"uv": [14, 10.5, 12, 10], "rotation": 270, "texture": "#1"},
				"down": {"uv": [14, 11, 12, 11.5], "rotation": 90, "texture": "#1"}
			}
		},
		{
			"from": [9, 6.58804, 7.4625],
			"to": [9.5, 7.58804, 9.4625],
			"rotation": {"angle": 0, "axis": "y", "origin": [8, 8, 8]},
			"faces": {
				"north": {"uv": [13, 13, 13.5, 14], "texture": "#1"},
				"east": {"uv": [7, 10, 9, 11], "texture": "#1"},
				"south": {"uv": [0, 14, 0.5, 15], "texture": "#1"},
				"west": {"uv": [10, 6, 12, 7], "texture": "#1"},
				"up": {"uv": [14, 12.5, 12, 12], "rotation": 270, "texture": "#1"},
				"down": {"uv": [2, 13, 0, 13.5], "rotation": 90, "texture": "#1"}
			}
		},
		{
			"from": [6.5, 9.58804, 6.9625],
			"to": [9.5, 10.58804, 7.4625],
			"rotation": {"angle": 0, "axis": "y", "origin": [8, 8, 8]},
			"faces": {
				"north": {"uv": [9, 4, 12, 5], "texture": "#1"},
				"east": {"uv": [14, 5, 14.5, 6], "texture": "#1"},
				"south": {"uv": [6, 9, 9, 10], "texture": "#1"},
				"west": {"uv": [5, 14, 5.5, 15], "texture": "#1"},
				"up": {"uv": [12.5, 3, 12, 0], "rotation": 270, "texture": "#1"},
				"down": {"uv": [12.5, 3, 12, 6], "rotation": 90, "texture": "#1"}
			}
		},
		{
			"from": [6.5, 9.58804, 7.4625],
			"to": [7, 10.58804, 9.4625],
			"rotation": {"angle": 0, "axis": "y", "origin": [8, 8, 8]},
			"faces": {
				"north": {"uv": [4, 14, 4.5, 15], "texture": "#1"},
				"east": {"uv": [10, 10, 12, 11], "texture": "#1"},
				"south": {"uv": [14, 4, 14.5, 5], "texture": "#1"},
				"west": {"uv": [10, 9, 12, 10], "texture": "#1"},
				"up": {"uv": [4, 13.5, 2, 13], "rotation": 270, "texture": "#1"},
				"down": {"uv": [15, 2, 13, 2.5], "rotation": 90, "texture": "#1"}
			}
		},
		{
			"from": [6.5, 9.58804, 9.4625],
			"to": [9.5, 10.58804, 9.9625],
			"rotation": {"angle": 0, "axis": "y", "origin": [8, 8, 8]},
			"faces": {
				"north": {"uv": [3, 9, 6, 10], "texture": "#1"},
				"east": {"uv": [14, 3, 14.5, 4], "texture": "#1"},
				"south": {"uv": [9, 3, 12, 4], "texture": "#1"},
				"west": {"uv": [3, 14, 3.5, 15], "texture": "#1"},
				"up": {"uv": [10.5, 14, 10, 11], "rotation": 270, "texture": "#1"},
				"down": {"uv": [11.5, 11, 11, 14], "rotation": 90, "texture": "#1"}
			}
		},
		{
			"from": [9, 9.58804, 7.4625],
			"to": [9.5, 10.58804, 9.4625],
			"rotation": {"angle": 0, "axis": "y", "origin": [8, 8, 8]},
			"faces": {
				"north": {"uv": [1, 14, 1.5, 15], "texture": "#1"},
				"east": {"uv": [10, 8, 12, 9], "texture": "#1"},
				"south": {"uv": [2, 14, 2.5, 15], "texture": "#1"},
				"west": {"uv": [10, 7, 12, 8], "texture": "#1"},
				"up": {"uv": [15, 0.5, 13, 0], "rotation": 270, "texture": "#1"},
				"down": {"uv": [15, 1, 13, 1.5], "rotation": 90, "texture": "#1"}
			}
		},
		{
			"from": [6.75, 6.08804, 7.1625],
			"to": [9.25, 6.58804, 9.7625],
			"rotation": {"angle": 0, "axis": "y", "origin": [8, 8, 8]},
			"faces": {
				"north": {"uv": [12, 7, 14.5, 7.5], "texture": "#1"},
				"east": {"uv": [12, 8, 14.5, 8.5], "texture": "#1"},
				"south": {"uv": [12, 9, 14.5, 9.5], "texture": "#1"},
				"west": {"uv": [12, 6, 14.5, 6.5], "texture": "#1"},
				"up": {"uv": [6.5, 2.5, 4, 0], "rotation": 270, "texture": "#1"},
				"down": {"uv": [6.5, 3, 4, 5.5], "rotation": 90, "texture": "#1"}
			}
		},
		{
			"from": [6.15207, 8.27439, 7.9625],
			"to": [6.15207, 8.77439, 8.9625],
			"rotation": {"angle": 45, "axis": "z", "origin": [8, 8, 8]},
			"faces": {
				"north": {"uv": [0, 0, 0, 0.5], "texture": "#1"},
				"east": {"uv": [7, 14, 8, 14.5], "texture": "#1"},
				"south": {"uv": [0, 0, 0, 0.5], "texture": "#1"},
				"west": {"uv": [6, 14, 7, 14.5], "texture": "#1"},
				"up": {"uv": [1, 0, 0, 0], "rotation": 270, "texture": "#1"},
				"down": {"uv": [1, 0, 0, 0], "rotation": 90, "texture": "#1"}
			}
		},
		{
			"from": [5.32046, 8.05722, 7.9625],
			"to": [5.32046, 8.55722, 8.9625],
			"rotation": {"angle": -45, "axis": "z", "origin": [8, 8, 8]},
			"faces": {
				"north": {"uv": [0, 0, 0, 0.5], "texture": "#1"},
				"east": {"uv": [9, 14, 10, 14.5], "texture": "#1"},
				"south": {"uv": [0, 0, 0, 0.5], "texture": "#1"},
				"west": {"uv": [8, 14, 9, 14.5], "texture": "#1"},
				"up": {"uv": [1, 0, 0, 0], "rotation": 270, "texture": "#1"},
				"down": {"uv": [1, 0, 0, 0], "rotation": 90, "texture": "#1"}
			}
		},
		{
			"from": [6.14574, 7.24089, 7.9625],
			"to": [6.14574, 9.94089, 8.9625],
			"rotation": {"angle": 0, "axis": "x", "origin": [8, 8, 8]},
			"faces": {
				"north": {"uv": [0, 0, 0, 2.75], "texture": "#1"},
				"east": {"uv": [4, 10, 5, 12.75], "texture": "#1"},
				"south": {"uv": [0, 0, 0, 2.75], "texture": "#1"},
				"west": {"uv": [3, 10, 4, 12.75], "texture": "#1"},
				"up": {"uv": [1, 0, 0, 0], "rotation": 270, "texture": "#1"},
				"down": {"uv": [1, 0, 0, 0], "rotation": 90, "texture": "#1"}
			}
		},
		{
			"from": [10.67954, 8.05722, 7.9625],
			"to": [10.67954, 8.55722, 8.9625],
			"rotation": {"angle": 45, "axis": "z", "origin": [8, 8, 8]},
			"faces": {
				"north": {"uv": [0, 0, 0, 0.5], "texture": "#1"},
				"east": {"uv": [9, 14, 8, 14.5], "texture": "#1"},
				"south": {"uv": [0, 0, 0, 0.5], "texture": "#1"},
				"west": {"uv": [10, 14, 9, 14.5], "texture": "#1"},
				"up": {"uv": [1, 0, 0, 0], "rotation": 270, "texture": "#1"},
				"down": {"uv": [1, 0, 0, 0], "rotation": 90, "texture": "#1"}
			}
		},
		{
			"from": [9.85426, 7.24089, 7.9625],
			"to": [9.85426, 9.94089, 8.9625],
			"rotation": {"angle": 0, "axis": "x", "origin": [8, 8, 8]},
			"faces": {
				"north": {"uv": [0, 0, 0, 2.75], "texture": "#1"},
				"east": {"uv": [4, 10, 3, 12.75], "texture": "#1"},
				"south": {"uv": [0, 0, 0, 2.75], "texture": "#1"},
				"west": {"uv": [5, 10, 4, 12.75], "texture": "#1"},
				"up": {"uv": [1, 0, 0, 0], "rotation": 270, "texture": "#1"},
				"down": {"uv": [1, 0, 0, 0], "rotation": 90, "texture": "#1"}
			}
		},
		{
			"from": [9.84793, 8.27439, 7.9625],
			"to": [9.84793, 8.77439, 8.9625],
			"rotation": {"angle": -45, "axis": "z", "origin": [8, 8, 8]},
			"faces": {
				"north": {"uv": [0, 0, 0, 0.5], "texture": "#1"},
				"east": {"uv": [7, 14, 6, 14.5], "texture": "#1"},
				"south": {"uv": [0, 0, 0, 0.5], "texture": "#1"},
				"west": {"uv": [8, 14, 7, 14.5], "texture": "#1"},
				"up": {"uv": [1, 0, 0, 0], "rotation": 270, "texture": "#1"},
				"down": {"uv": [1, 0, 0, 0], "rotation": 90, "texture": "#1"}
			}
		},
		{
			"from": [7.5, 5.16304, 6.1625],
			"to": [8.5, 8.16304, 7.1625],
			"rotation": {"angle": 0, "axis": "y", "origin": [8, 8, 8]},
			"faces": {
				"north": {"uv": [0, 10, 1, 13], "texture": "#1"},
				"east": {"uv": [1, 10, 2, 13], "texture": "#1"},
				"south": {"uv": [2, 10, 3, 13], "texture": "#1"},
				"west": {"uv": [9, 9, 10, 12], "texture": "#1"},
				"up": {"uv": [8, 6, 7, 5], "rotation": 270, "texture": "#1"},
				"down": {"uv": [10, 12, 9, 13], "rotation": 90, "texture": "#1"}
			}
		},
		{
			"from": [8, 3.03804, 5.2875],
			"to": [8, 9.03804, 7.2875],
			"rotation": {"angle": 0, "axis": "y", "origin": [8, 8, 8]},
			"faces": {
				"north": {"uv": [0, 0, 0, 6], "texture": "#1"},
				"east": {"uv": [2, 0, 4, 6], "texture": "#1"},
				"south": {"uv": [0, 0, 0, 6], "texture": "#1"},
				"west": {"uv": [0, 0, 2, 6], "texture": "#1"},
				"up": {"uv": [2, 0, 0, 0], "rotation": 270, "texture": "#1"},
				"down": {"uv": [2, 0, 0, 0], "rotation": 90, "texture": "#1"}
			}
		},
		{
			"from": [7, 3.38804, 6.2625],
			"to": [7, 8.38804, 7.2625],
			"rotation": {"angle": 0, "axis": "y", "origin": [8, 8, 8]},
			"faces": {
				"north": {"uv": [0, 0, 0, 5], "texture": "#1"},
				"east": {"uv": [8, 0, 9, 5], "texture": "#1"},
				"south": {"uv": [0, 0, 0, 5], "texture": "#1"},
				"west": {"uv": [7, 0, 8, 5], "texture": "#1"},
				"up": {"uv": [1, 0, 0, 0], "rotation": 270, "texture": "#1"},
				"down": {"uv": [1, 0, 0, 0], "rotation": 90, "texture": "#1"}
			}
		},
		{
			"from": [9, 3.38804, 6.2625],
			"to": [9, 8.38804, 7.2625],
			"rotation": {"angle": 0, "axis": "y", "origin": [8, 8, 8]},
			"faces": {
				"north": {"uv": [0, 0, 0, 5], "texture": "#1"},
				"east": {"uv": [8, 0, 7, 5], "texture": "#1"},
				"south": {"uv": [0, 0, 0, 5], "texture": "#1"},
				"west": {"uv": [9, 0, 8, 5], "texture": "#1"},
				"up": {"uv": [1, 0, 0, 0], "rotation": 270, "texture": "#1"},
				"down": {"uv": [1, 0, 0, 0], "rotation": 90, "texture": "#1"}
			}
		},
		{
			"from": [7, 7.58804, 7.4625],
			"to": [9, 10.58804, 9.4625],
			"rotation": {"angle": 0, "axis": "y", "origin": [8, 8, 8]},
			"faces": {
				"north": {"uv": [2, 6, 4, 9], "texture": "#1"},
				"east": {"uv": [4, 6, 6, 9], "texture": "#1"},
				"south": {"uv": [6, 6, 8, 9], "texture": "#1"},
				"west": {"uv": [0, 6, 2, 9], "texture": "#1"},
				"up": {"uv": [10, 7, 8, 5], "rotation": 270, "texture": "#1"},
				"down": {"uv": [10, 7, 8, 9], "rotation": 90, "texture": "#1"}
			}
		},
		{
			"from": [4.5, 7.48804, 4.4625],
			"to": [11.5, 7.48804, 11.4625],
			"rotation": {"angle": 0, "axis": "z", "origin": [8, 8, 8]},
			"faces": {
				"north": {"uv": [0, 7, 0, 0], "rotation": 270, "texture": "#2"},
				"east": {"uv": [0, 0, 0, 7], "rotation": 90, "texture": "#2"},
				"south": {"uv": [0, 0, 0, 7], "rotation": 270, "texture": "#2"},
				"west": {"uv": [0, 0, 0, 7], "rotation": 270, "texture": "#2"},
				"up": {"uv": [14, 0, 0, 14], "texture": "#2"},
				"down": {"uv": [0, 0, 14, 14], "rotation": 180, "texture": "#2"}
			}
		}
	],
	"gui_light": "front",
	"display": {
		"thirdperson_righthand": {
			"rotation": [90, -90, 0],
			"translation": [1, -2, 2.75],
			"scale": [1.84023, 1.84023, 1.84023]
		},
		"thirdperson_lefthand": {
			"rotation": [90, -90, 0],
			"translation": [1, -2, 2.75],
			"scale": [1.84023, 1.84023, 1.84023]
		},
		"firstperson_righthand": {
			"rotation": [120.96, 6.16, 3.36],
			"translation": [-2.75, 4.5, 3.75],
			"scale": [1.0957, 1.0957, 1.0957]
		},
		"firstperson_lefthand": {
			"rotation": [120.96, 6.16, 3.36],
			"translation": [-2.75, 4.5, 3.75],
			"scale": [1.0957, 1.0957, 1.0957]
		},
		"ground": {
			"rotation": [14.38, -2.48, -96.45],
			"translation": [0.5, -0.5, 0],
			"scale": [1.71875, 1.71875, 1.71875]
		},
		"gui": {
			"rotation": [143.09, 32.78, 54.21],
			"translation": [0, -1.25, -2.25],
			"scale": [1.875, 1.875, 1.875]
		},
		"fixed": {
			"rotation": [0, 48.75, 0],
			"translation": [-1, 3, -2.25],
			"scale": [4, 4, 4]
		}
	}
}