{
	"credit": "Made with Blockbench",
	"textures": {
		"1": "item/eos/animation_1-sheet",
		"2": "item/eos/hoe",
		"particle": "item/eos/hoe"
	},
	"elements": [
		{
			"from": [7.5, 0, 7.5],
			"to": [8.5, 1, 8.5],
			"rotation": {"angle": -45, "axis": "x", "origin": [8, 0.5, 8]},
			"faces": {
				"north": {"uv": [12, 13, 13, 14], "texture": "#2"},
				"east": {"uv": [13, 12, 14, 13], "texture": "#2"},
				"south": {"uv": [13, 13, 14, 14], "texture": "#2"},
				"west": {"uv": [0, 14, 1, 15], "texture": "#2"},
				"up": {"uv": [15, 1, 14, 0], "texture": "#2"},
				"down": {"uv": [15, 1, 14, 2], "texture": "#2"}
			}
		},
		{
			"from": [7.6, 0.7, 7.6],
			"to": [8.4, 2.7, 8.4],
			"rotation": {"angle": 0, "axis": "x", "origin": [8, 1.2, 8]},
			"faces": {
				"north": {"uv": [6, 11, 6.75, 13], "texture": "#2"},
				"east": {"uv": [12, 1, 12.75, 3], "texture": "#2"},
				"south": {"uv": [12, 3, 12.75, 5], "texture": "#2"},
				"west": {"uv": [12, 5, 12.75, 7], "texture": "#2"},
				"up": {"uv": [1.75, 15.75, 1, 15], "texture": "#2"},
				"down": {"uv": [15.75, 1, 15, 1.75], "texture": "#2"}
			}
		},
		{
			"from": [7.5, 2.7, 7.5],
			"to": [8.5, 3.7, 8.5],
			"rotation": {"angle": 0, "axis": "x", "origin": [8, 3.2, 8]},
			"faces": {
				"north": {"uv": [14, 2, 15, 3], "texture": "#2"},
				"east": {"uv": [14, 3, 15, 4], "texture": "#2"},
				"south": {"uv": [14, 4, 15, 5], "texture": "#2"},
				"west": {"uv": [14, 5, 15, 6], "texture": "#2"},
				"up": {"uv": [15, 7, 14, 6], "texture": "#2"},
				"down": {"uv": [8, 14, 7, 15], "texture": "#2"}
			}
		},
		{
			"from": [7.6, 3.7, 7.6],
			"to": [8.4, 5.7, 8.4],
			"rotation": {"angle": 0, "axis": "x", "origin": [8, 4.2, 8]},
			"faces": {
				"north": {"uv": [7, 12, 7.75, 14], "texture": "#2"},
				"east": {"uv": [8, 12, 8.75, 14], "texture": "#2"},
				"south": {"uv": [9, 12, 9.75, 14], "texture": "#2"},
				"west": {"uv": [10, 12, 10.75, 14], "texture": "#2"},
				"up": {"uv": [2.75, 15.75, 2, 15], "texture": "#2"},
				"down": {"uv": [15.75, 2, 15, 2.75], "texture": "#2"}
			}
		},
		{
			"from": [7.5, 13.4, 7.5],
			"to": [8.5, 15.4, 9.5],
			"rotation": {"angle": -45, "axis": "x", "origin": [8, 13.9, 8]},
			"faces": {
				"north": {"uv": [2, 11, 3, 13], "texture": "#2"},
				"east": {"uv": [8, 1, 10, 3], "texture": "#2"},
				"south": {"uv": [3, 11, 4, 13], "texture": "#2"},
				"west": {"uv": [8, 3, 10, 5], "texture": "#2"},
				"up": {"uv": [5, 13, 4, 11], "texture": "#2"},
				"down": {"uv": [6, 11, 5, 13], "texture": "#2"}
			}
		},
		{
			"from": [7.3, 13.6, 7.7],
			"to": [8.7, 15.2, 9.3],
			"rotation": {"angle": -45, "axis": "x", "origin": [8, 13.9, 8]},
			"faces": {
				"north": {"uv": [2, 9, 3.5, 10.5], "texture": "#2"},
				"east": {"uv": [4, 9, 5.5, 10.5], "texture": "#2"},
				"south": {"uv": [9, 7, 10.5, 8.5], "texture": "#2"},
				"west": {"uv": [9, 9, 10.5, 10.5], "texture": "#2"},
				"up": {"uv": [11.5, 2.5, 10, 1], "texture": "#2"},
				"down": {"uv": [11.5, 3, 10, 4.5], "texture": "#2"}
			}
		},
		{
			"from": [6.51825, 14.54975, 3.599],
			"to": [7.51825, 15.54975, 3.599],
			"rotation": {"angle": -22.5, "axis": "x", "origin": [7.16825, 17.59975, 7.999]},
			"faces": {
				"north": {"uv": [8, 14, 9, 15], "texture": "#2"},
				"east": {"uv": [0, 0, 0, 1], "texture": "#2"},
				"south": {"uv": [14, 7, 15, 8], "texture": "#2"},
				"west": {"uv": [0, 0, 0, 1], "texture": "#2"},
				"up": {"uv": [0, 1, 0, 0], "rotation": 90, "texture": "#2"},
				"down": {"uv": [0, 0, 0, 1], "rotation": 270, "texture": "#2"}
			}
		},
		{
			"from": [6.51825, 14.54975, 3.6],
			"to": [6.51825, 15.54975, 8.6],
			"rotation": {"angle": -22.5, "axis": "x", "origin": [7.16825, 17.59975, 7.999]},
			"faces": {
				"north": {"uv": [0, 0, 0, 1], "texture": "#2"},
				"east": {"uv": [8, 0, 13, 1], "texture": "#2"},
				"south": {"uv": [0, 0, 0, 1], "texture": "#2"},
				"west": {"uv": [1, 8, 6, 9], "texture": "#2"},
				"up": {"uv": [0, 5, 0, 0], "texture": "#2"},
				"down": {"uv": [0, 0, 0, 5], "texture": "#2"}
			}
		},
		{
			"from": [6.51825, 14.54975, 8.599],
			"to": [7.51825, 15.54975, 8.599],
			"rotation": {"angle": -22.5, "axis": "x", "origin": [7.16825, 17.59975, 7.999]},
			"faces": {
				"north": {"uv": [14, 8, 15, 9], "texture": "#2"},
				"east": {"uv": [0, 0, 0, 1], "texture": "#2"},
				"south": {"uv": [9, 14, 10, 15], "texture": "#2"},
				"west": {"uv": [0, 0, 0, 1], "texture": "#2"},
				"up": {"uv": [0, 1, 0, 0], "rotation": 270, "texture": "#2"},
				"down": {"uv": [0, 0, 0, 1], "rotation": 90, "texture": "#2"}
			}
		},
		{
			"from": [8.48175, 14.54975, 3.599],
			"to": [9.48175, 15.54975, 3.599],
			"rotation": {"angle": -22.5, "axis": "x", "origin": [8.83175, 17.59975, 7.999]},
			"faces": {
				"north": {"uv": [9, 14, 8, 15], "texture": "#2"},
				"east": {"uv": [0, 0, 0, 1], "texture": "#2"},
				"south": {"uv": [15, 7, 14, 8], "texture": "#2"},
				"west": {"uv": [0, 0, 0, 1], "texture": "#2"},
				"up": {"uv": [0, 0, 0, 1], "rotation": 90, "texture": "#2"},
				"down": {"uv": [0, 1, 0, 0], "rotation": 270, "texture": "#2"}
			}
		},
		{
			"from": [9.48175, 14.54975, 3.6],
			"to": [9.48175, 15.54975, 8.6],
			"rotation": {"angle": -22.5, "axis": "x", "origin": [8.83175, 17.59975, 7.999]},
			"faces": {
				"north": {"uv": [0, 0, 0, 1], "texture": "#2"},
				"east": {"uv": [6, 8, 1, 9], "texture": "#2"},
				"south": {"uv": [0, 0, 0, 1], "texture": "#2"},
				"west": {"uv": [13, 0, 8, 1], "texture": "#2"},
				"up": {"uv": [0, 5, 0, 0], "texture": "#2"},
				"down": {"uv": [0, 0, 0, 5], "texture": "#2"}
			}
		},
		{
			"from": [8.48175, 14.54975, 8.599],
			"to": [9.48175, 15.54975, 8.599],
			"rotation": {"angle": -22.5, "axis": "x", "origin": [8.83175, 17.59975, 7.999]},
			"faces": {
				"north": {"uv": [15, 8, 14, 9], "texture": "#2"},
				"east": {"uv": [0, 0, 0, 1], "texture": "#2"},
				"south": {"uv": [10, 14, 9, 15], "texture": "#2"},
				"west": {"uv": [0, 0, 0, 1], "texture": "#2"},
				"up": {"uv": [0, 0, 0, 1], "rotation": 270, "texture": "#2"},
				"down": {"uv": [0, 1, 0, 0], "rotation": 90, "texture": "#2"}
			}
		},
		{
			"from": [7.5, 5.7, 7.5],
			"to": [8.5, 11.7, 8.5],
			"rotation": {"angle": 0, "axis": "y", "origin": [7.1, 3.4, 7.1]},
			"faces": {
				"north": {"uv": [6, 5, 7, 11], "texture": "#2"},
				"east": {"uv": [7, 0, 8, 6], "texture": "#2"},
				"south": {"uv": [7, 6, 8, 12], "texture": "#2"},
				"west": {"uv": [0, 8, 1, 14], "texture": "#2"},
				"up": {"uv": [15, 10, 14, 9], "texture": "#2"},
				"down": {"uv": [11, 14, 10, 15], "texture": "#2"}
			}
		},
		{
			"from": [7.6, 11.7, 7.6],
			"to": [8.4, 13.7, 8.4],
			"rotation": {"angle": 0, "axis": "x", "origin": [8, 12.2, 8]},
			"faces": {
				"north": {"uv": [11, 12, 11.75, 14], "texture": "#2"},
				"east": {"uv": [12, 11, 12.75, 13], "texture": "#2"},
				"south": {"uv": [13, 0, 13.75, 2], "texture": "#2"},
				"west": {"uv": [1, 13, 1.75, 15], "texture": "#2"},
				"up": {"uv": [3.75, 15.75, 3, 15], "texture": "#2"},
				"down": {"uv": [15.75, 3, 15, 3.75], "texture": "#2"}
			}
		},
		{
			"from": [7.6, 13, 3.65],
			"to": [8.4, 14, 7.65],
			"rotation": {"angle": -22.5, "axis": "x", "origin": [8, 13.025, 4.84822]},
			"faces": {
				"north": {"uv": [14, 11, 14.75, 12], "texture": "#2"},
				"east": {"uv": [8, 5, 12, 6], "texture": "#2"},
				"south": {"uv": [12, 14, 12.75, 15], "texture": "#2"},
				"west": {"uv": [8, 6, 12, 7], "texture": "#2"},
				"up": {"uv": [8.75, 11, 8, 7], "texture": "#2"},
				"down": {"uv": [1.75, 9, 1, 13], "texture": "#2"}
			}
		},
		{
			"from": [7.6, 14.69298, 8.53265],
			"to": [8.4, 15.69298, 10.53265],
			"rotation": {"angle": -22.5, "axis": "x", "origin": [8, 15.42331, 8.79515]},
			"faces": {
				"north": {"uv": [14, 13, 14.75, 14], "texture": "#2"},
				"east": {"uv": [11, 8, 13, 9], "texture": "#2"},
				"south": {"uv": [14, 14, 14.75, 15], "texture": "#2"},
				"west": {"uv": [11, 9, 13, 10], "texture": "#2"},
				"up": {"uv": [6.75, 15, 6, 13], "texture": "#2"},
				"down": {"uv": [13.75, 6, 13, 8], "texture": "#2"}
			}
		},
		{
			"from": [7.61, 10.86716, 3.31152],
			"to": [8.39, 12.86716, 4.31152],
			"rotation": {"angle": 22.5, "axis": "x", "origin": [8, 13.025, 4.84822]},
			"faces": {
				"north": {"uv": [2.75, 15, 2, 13], "rotation": 180, "texture": "#2"},
				"east": {"uv": [11, 7, 13, 8], "rotation": 90, "texture": "#2"},
				"south": {"uv": [13.75, 2, 13, 4], "texture": "#2"},
				"west": {"uv": [8, 11, 10, 12], "rotation": 270, "texture": "#2"},
				"up": {"uv": [13, 14, 13.75, 15], "texture": "#2"},
				"down": {"uv": [14, 12, 14.75, 13], "rotation": 180, "texture": "#2"}
			}
		},
		{
			"from": [7.61, 15.64885, 9.86533],
			"to": [8.39, 17.64885, 10.86533],
			"rotation": {"angle": 22.5, "axis": "x", "origin": [8, 15.99734, 10.18097]},
			"faces": {
				"north": {"uv": [13.75, 10, 13, 8], "rotation": 180, "texture": "#2"},
				"east": {"uv": [10, 11, 12, 12], "rotation": 90, "texture": "#2"},
				"south": {"uv": [13.75, 10, 13, 12], "texture": "#2"},
				"west": {"uv": [11, 10, 13, 11], "rotation": 270, "texture": "#2"},
				"up": {"uv": [15, 0, 15.75, 1], "texture": "#2"},
				"down": {"uv": [0, 15, 0.75, 16], "rotation": 180, "texture": "#2"}
			}
		},
		{
			"from": [8, 9.9, 1.125],
			"to": [8, 14.9, 8.125],
			"rotation": {"angle": -22.5, "axis": "x", "origin": [8, 13.025, 4.84822]},
			"faces": {
				"north": {"uv": [0, 0, 0, 5], "texture": "#2"},
				"east": {"uv": [7, 0, 0, 5], "texture": "#2"},
				"south": {"uv": [0, 0, 0, 5], "texture": "#2"},
				"west": {"uv": [0, 0, 7, 5], "texture": "#2"},
				"up": {"uv": [0, 7, 0, 0], "texture": "#2"},
				"down": {"uv": [0, 0, 0, 7], "texture": "#2"}
			}
		},
		{
			"from": [8, 13.59298, 8.05765],
			"to": [8, 16.59298, 14.05765],
			"rotation": {"angle": -22.5, "axis": "x", "origin": [8, 15.42331, 8.79515]},
			"faces": {
				"north": {"uv": [0, 0, 0, 3], "texture": "#2"},
				"east": {"uv": [6, 5, 0, 8], "texture": "#2"},
				"south": {"uv": [0, 0, 0, 3], "texture": "#2"},
				"west": {"uv": [0, 5, 6, 8], "texture": "#2"},
				"up": {"uv": [0, 6, 0, 0], "texture": "#2"},
				"down": {"uv": [0, 0, 0, 6], "texture": "#2"}
			}
		},
		{
			"from": [7.5, 12.9, 4.3],
			"to": [8.5, 14.4, 5.3],
			"rotation": {"angle": -22.5, "axis": "x", "origin": [8, 13.025, 4.84822]},
			"faces": {
				"north": {"uv": [3, 13, 4, 14.5], "texture": "#2"},
				"east": {"uv": [4, 13, 5, 14.5], "texture": "#2"},
				"south": {"uv": [13, 4, 14, 5.5], "texture": "#2"},
				"west": {"uv": [5, 13, 6, 14.5], "texture": "#2"},
				"up": {"uv": [15, 11, 14, 10], "texture": "#2"},
				"down": {"uv": [12, 14, 11, 15], "texture": "#2"}
			}
		},
		{
			"from": [7.5, 12.9, 5.9],
			"to": [8.5, 14.4, 6.9],
			"rotation": {"angle": -22.5, "axis": "x", "origin": [8, 13.025, 4.84822]},
			"faces": {
				"north": {"uv": [3, 13, 4, 14.5], "texture": "#2"},
				"east": {"uv": [4, 13, 5, 14.5], "texture": "#2"},
				"south": {"uv": [13, 4, 14, 5.5], "texture": "#2"},
				"west": {"uv": [5, 13, 6, 14.5], "texture": "#2"},
				"up": {"uv": [15, 11, 14, 10], "texture": "#2"},
				"down": {"uv": [12, 14, 11, 15], "texture": "#2"}
			}
		},
		{
			"from": [7.5, 14.59298, 9.28265],
			"to": [8.5, 16.09298, 10.28265],
			"rotation": {"angle": -22.5, "axis": "x", "origin": [8, 15.42331, 8.79515]},
			"faces": {
				"north": {"uv": [14, 4, 13, 5.5], "texture": "#2"},
				"east": {"uv": [5, 13, 4, 14.5], "texture": "#2"},
				"south": {"uv": [4, 13, 3, 14.5], "texture": "#2"},
				"west": {"uv": [6, 13, 5, 14.5], "texture": "#2"},
				"up": {"uv": [15, 10, 14, 11], "texture": "#2"},
				"down": {"uv": [12, 15, 11, 14], "texture": "#2"}
			}
		},
		{
			"from": [4.5, 10.9, 8],
			"to": [11.5, 17.9, 8],
			"rotation": {"angle": -45, "axis": "y", "origin": [8, 14.4, 8]},
			"faces": {
				"north": {"uv": [14, 0, 0, 14], "rotation": 180, "texture": "#1"},
				"east": {"uv": [0, 0, 0, 7], "rotation": 180, "texture": "#1"},
				"south": {"uv": [0, 0, 14, 14], "rotation": 180, "texture": "#1"},
				"west": {"uv": [0, 0, 0, 7], "rotation": 180, "texture": "#1"},
				"up": {"uv": [0, 0, 0, 7], "rotation": 270, "texture": "#1"},
				"down": {"uv": [0, 7, 0, 0], "rotation": 90, "texture": "#1"}
			}
		},
		{
			"from": [4.5, 10.9, 8],
			"to": [11.5, 17.9, 8],
			"rotation": {"angle": 45, "axis": "y", "origin": [8, 14.4, 8]},
			"faces": {
				"north": {"uv": [14, 0, 0, 14], "texture": "#1"},
				"east": {"uv": [0, 0, 0, 7], "texture": "#1"},
				"south": {"uv": [0, 0, 14, 14], "texture": "#1"},
				"west": {"uv": [0, 0, 0, 7], "texture": "#1"},
				"up": {"uv": [0, 7, 0, 0], "rotation": 270, "texture": "#1"},
				"down": {"uv": [0, 0, 0, 7], "rotation": 90, "texture": "#1"}
			}
		}
	],
	"gui_light": "front",
	"display": {
		"thirdperson_righthand": {
			"translation": [0, 2.5, 1.5]
		},
		"thirdperson_lefthand": {
			"translation": [0, 2.5, 1.5]
		},
		"firstperson_righthand": {
			"rotation": [-10.03, 0.23, 0.06],
			"translation": [1.5, 2.5, 0]
		},
		"firstperson_lefthand": {
			"rotation": [-10.03, 0.23, 0.06],
			"translation": [1.5, 2.5, 0]
		},
		"ground": {
			"rotation": [10.23, 7.66, 73.66],
			"translation": [0, -1.25, 0],
			"scale": [0.85352, 0.85352, 0.85352]
		},
		"gui": {
			"rotation": [90, -135, 90],
			"translation": [-0.5, -2, 0],
			"scale": [0.83125, 0.83125, 0.83125]
		},
		"head": {
			"scale": [0, 0, 0]
		},
		"fixed": {
			"rotation": [-90, 90, 90],
			"translation": [0.5, -0.75, -2.25],
			"scale": [2.03437, 2.03437, 2.03437]
		}
	}
}