{
	"credit": "Made with Blockbench",
	"texture_size": [28, 28],
	"textures": {
		"1": "item/eos/animation_1-sheet",
		"2": "item/eos/katana",
		"particle": "item/eos/katana"
	},
	"elements": [
		{
			"from": [7.5, 0, 7.5],
			"to": [8.5, 1, 8.5],
			"rotation": {"angle": -45, "axis": "x", "origin": [8, 0.5, 8]},
			"faces": {
				"north": {"uv": [7.42857, 6.28571, 8, 6.85714], "texture": "#2"},
				"east": {"uv": [6.85714, 7.42857, 7.42857, 8], "texture": "#2"},
				"south": {"uv": [7.42857, 6.85714, 8, 7.42857], "texture": "#2"},
				"west": {"uv": [7.42857, 7.42857, 8, 8], "texture": "#2"},
				"up": {"uv": [8.57143, 0.57143, 8, 0], "texture": "#2"},
				"down": {"uv": [8.57143, 0.57143, 8, 1.14286], "texture": "#2"}
			}
		},
		{
			"from": [7.5, 5.4, 7.5],
			"to": [8.5, 7.4, 9.5],
			"rotation": {"angle": -45, "axis": "x", "origin": [8, 5.9, 8]},
			"faces": {
				"north": {"uv": [5.14286, 5.71429, 5.71429, 6.85714], "texture": "#2"},
				"east": {"uv": [4.57143, 0, 5.71429, 1.14286], "texture": "#2"},
				"south": {"uv": [5.71429, 5.71429, 6.28571, 6.85714], "texture": "#2"},
				"west": {"uv": [4.57143, 1.14286, 5.71429, 2.28571], "texture": "#2"},
				"up": {"uv": [6.85714, 6.85714, 6.28571, 5.71429], "texture": "#2"},
				"down": {"uv": [7.42857, 0, 6.85714, 1.14286], "texture": "#2"}
			}
		},
		{
			"from": [7.3, 5.6, 7.7],
			"to": [8.7, 7.2, 9.3],
			"rotation": {"angle": -45, "axis": "x", "origin": [8, 5.9, 8]},
			"faces": {
				"north": {"uv": [5.71429, 0, 6.57143, 0.85714], "texture": "#2"},
				"east": {"uv": [5.71429, 1.14286, 6.57143, 2], "texture": "#2"},
				"south": {"uv": [5.71429, 2.28571, 6.57143, 3.14286], "texture": "#2"},
				"west": {"uv": [5.71429, 3.42857, 6.57143, 4.28571], "texture": "#2"},
				"up": {"uv": [4.85714, 6.57143, 4, 5.71429], "texture": "#2"},
				"down": {"uv": [6.57143, 4.57143, 5.71429, 5.42857], "texture": "#2"}
			}
		},
		{
			"from": [7.75, 7.84454, 5.65901],
			"to": [8.25, 8.84454, 7.65901],
			"rotation": {"angle": -45, "axis": "x", "origin": [7.75, 11.50875, 8.42677]},
			"faces": {
				"north": {"uv": [8.57143, 3.42857, 8.85714, 4], "texture": "#2"},
				"east": {"uv": [6.85714, 1.14286, 8, 1.71429], "texture": "#2"},
				"south": {"uv": [4, 8.57143, 4.28571, 9.14286], "texture": "#2"},
				"west": {"uv": [6.85714, 1.71429, 8, 2.28571], "texture": "#2"},
				"up": {"uv": [8.28571, 2.28571, 8, 1.14286], "texture": "#2"},
				"down": {"uv": [2, 8, 1.71429, 9.14286], "texture": "#2"}
			}
		},
		{
			"from": [7.75, 9.05165, 2.36612],
			"to": [8.25, 10.05165, 3.36612],
			"rotation": {"angle": -45, "axis": "x", "origin": [7.75, 12.21586, 9.13388]},
			"faces": {
				"north": {"uv": [8.57143, 4, 8.85714, 4.57143], "texture": "#2"},
				"east": {"uv": [2.28571, 8, 2.85714, 8.57143], "texture": "#2"},
				"south": {"uv": [4.57143, 8.57143, 4.85714, 9.14286], "texture": "#2"},
				"west": {"uv": [8, 2.28571, 8.57143, 2.85714], "texture": "#2"},
				"up": {"uv": [8.85714, 5.14286, 8.57143, 4.57143], "texture": "#2"},
				"down": {"uv": [5.42857, 8.57143, 5.14286, 9.14286], "texture": "#2"}
			}
		},
		{
			"from": [7.755, 4.9, 5.87868],
			"to": [8.245, 5.9, 6.87868],
			"rotation": {"angle": 0, "axis": "x", "origin": [8.005, 5.4, 6.37868]},
			"faces": {
				"north": {"uv": [8.57143, 5.14286, 8.85714, 5.71429], "texture": "#2"},
				"east": {"uv": [2.85714, 8, 3.42857, 8.57143], "texture": "#2"},
				"south": {"uv": [5.71429, 8.57143, 6, 9.14286], "texture": "#2"},
				"west": {"uv": [8, 2.85714, 8.57143, 3.42857], "texture": "#2"},
				"up": {"uv": [8.85714, 6.28571, 8.57143, 5.71429], "texture": "#2"},
				"down": {"uv": [6.57143, 8.57143, 6.28571, 9.14286], "texture": "#2"}
			}
		},
		{
			"from": [7.75, 8.84454, 6.65901],
			"to": [8.25, 10.84454, 7.65901],
			"rotation": {"angle": -45, "axis": "x", "origin": [7.75, 11.50875, 8.42677]},
			"faces": {
				"north": {"uv": [3.42857, 8, 3.71429, 9.14286], "texture": "#2"},
				"east": {"uv": [6.85714, 2.28571, 7.42857, 3.42857], "texture": "#2"},
				"south": {"uv": [8, 3.42857, 8.28571, 4.57143], "texture": "#2"},
				"west": {"uv": [6.85714, 3.42857, 7.42857, 4.57143], "texture": "#2"},
				"up": {"uv": [8.85714, 6.85714, 8.57143, 6.28571], "texture": "#2"},
				"down": {"uv": [7.14286, 8.57143, 6.85714, 9.14286], "texture": "#2"}
			}
		},
		{
			"from": [7.76, 25.16257, 9.42678],
			"to": [8.24, 26.16257, 10.42678],
			"rotation": {"angle": -45, "axis": "x", "origin": [7.76, 22.32678, 11.19455]},
			"faces": {
				"north": {"uv": [8.57143, 6.85714, 8.85714, 7.42857], "texture": "#2"},
				"east": {"uv": [8, 4.57143, 8.57143, 5.14286], "texture": "#2"},
				"south": {"uv": [7.42857, 8.57143, 7.71429, 9.14286], "texture": "#2"},
				"west": {"uv": [5.14286, 8, 5.71429, 8.57143], "texture": "#2"},
				"up": {"uv": [8.85714, 8, 8.57143, 7.42857], "texture": "#2"},
				"down": {"uv": [8.28571, 8.57143, 8, 9.14286], "texture": "#2"}
			}
		},
		{
			"from": [7.755, 9.78909, 7.64645],
			"to": [8.245, 23.78909, 8.64645],
			"rotation": {"angle": 0, "axis": "x", "origin": [7.75, 11.15521, 8.78033]},
			"faces": {
				"north": {"uv": [2.85714, 0, 3.14286, 8], "texture": "#2"},
				"east": {"uv": [1.71429, 0, 2.28571, 8], "texture": "#2"},
				"south": {"uv": [3.42857, 0, 3.71429, 8], "texture": "#2"},
				"west": {"uv": [2.28571, 0, 2.85714, 8], "texture": "#2"},
				"up": {"uv": [8.85714, 8.57143, 8.57143, 8], "texture": "#2"},
				"down": {"uv": [8.85714, 8.57143, 8.57143, 9.14286], "texture": "#2"}
			}
		},
		{
			"from": [7.5, 2.7, 7.5],
			"to": [8.5, 3.7, 8.5],
			"rotation": {"angle": 0, "axis": "x", "origin": [8, 3.2, 8]},
			"faces": {
				"north": {"uv": [5.71429, 8, 6.28571, 8.57143], "texture": "#2"},
				"east": {"uv": [6.28571, 8, 6.85714, 8.57143], "texture": "#2"},
				"south": {"uv": [8, 6.28571, 8.57143, 6.85714], "texture": "#2"},
				"west": {"uv": [6.85714, 8, 7.42857, 8.57143], "texture": "#2"},
				"up": {"uv": [8.57143, 7.42857, 8, 6.85714], "texture": "#2"},
				"down": {"uv": [8, 8, 7.42857, 8.57143], "texture": "#2"}
			}
		},
		{
			"from": [7.6, 0.7, 7.6],
			"to": [8.4, 2.7, 8.4],
			"rotation": {"angle": 0, "axis": "x", "origin": [8, 1.2, 8]},
			"faces": {
				"north": {"uv": [5.71429, 6.85714, 6.14286, 8], "texture": "#2"},
				"east": {"uv": [6.28571, 6.85714, 6.71429, 8], "texture": "#2"},
				"south": {"uv": [6.85714, 6.28571, 7.28571, 7.42857], "texture": "#2"},
				"west": {"uv": [7.42857, 0, 7.85714, 1.14286], "texture": "#2"},
				"up": {"uv": [2.71429, 9, 2.28571, 8.57143], "texture": "#2"},
				"down": {"uv": [9, 2.28571, 8.57143, 2.71429], "texture": "#2"}
			}
		},
		{
			"from": [7.6, 3.7, 7.6],
			"to": [8.4, 5.7, 8.4],
			"rotation": {"angle": 0, "axis": "x", "origin": [8, 4.2, 8]},
			"faces": {
				"north": {"uv": [7.42857, 2.28571, 7.85714, 3.42857], "texture": "#2"},
				"east": {"uv": [7.42857, 3.42857, 7.85714, 4.57143], "texture": "#2"},
				"south": {"uv": [4, 7.42857, 4.42857, 8.57143], "texture": "#2"},
				"west": {"uv": [4.57143, 7.42857, 5, 8.57143], "texture": "#2"},
				"up": {"uv": [3.28571, 9, 2.85714, 8.57143], "texture": "#2"},
				"down": {"uv": [9, 2.85714, 8.57143, 3.28571], "texture": "#2"}
			}
		},
		{
			"from": [7.5, 11.35356, 6.84645],
			"to": [8.5, 12.35356, 8.84645],
			"rotation": {"angle": 0, "axis": "y", "origin": [7.5, 0.35356, -0.35355]},
			"faces": {
				"north": {"uv": [8, 7.42857, 8.57143, 8], "texture": "#2"},
				"east": {"uv": [4, 6.85714, 5.14286, 7.42857], "texture": "#2"},
				"south": {"uv": [8, 8, 8.57143, 8.57143], "texture": "#2"},
				"west": {"uv": [6.85714, 4.57143, 8, 5.14286], "texture": "#2"},
				"up": {"uv": [5.71429, 8, 5.14286, 6.85714], "texture": "#2"},
				"down": {"uv": [7.42857, 5.14286, 6.85714, 6.28571], "texture": "#2"}
			}
		},
		{
			"from": [7.5, 13.35356, 6.84645],
			"to": [8.5, 14.35356, 8.84645],
			"rotation": {"angle": 0, "axis": "y", "origin": [7.5, 0.35356, -0.35355]},
			"faces": {
				"north": {"uv": [8, 7.42857, 8.57143, 8], "texture": "#2"},
				"east": {"uv": [4, 6.85714, 5.14286, 7.42857], "texture": "#2"},
				"south": {"uv": [8, 8, 8.57143, 8.57143], "texture": "#2"},
				"west": {"uv": [6.85714, 4.57143, 8, 5.14286], "texture": "#2"},
				"up": {"uv": [5.71429, 8, 5.14286, 6.85714], "texture": "#2"},
				"down": {"uv": [7.42857, 5.14286, 6.85714, 6.28571], "texture": "#2"}
			}
		},
		{
			"from": [7.5, 15.35356, 6.84645],
			"to": [8.5, 16.35356, 8.84645],
			"rotation": {"angle": 0, "axis": "y", "origin": [7.5, 0.35356, -0.35355]},
			"faces": {
				"north": {"uv": [8, 7.42857, 8.57143, 8], "texture": "#2"},
				"east": {"uv": [4, 6.85714, 5.14286, 7.42857], "texture": "#2"},
				"south": {"uv": [8, 8, 8.57143, 8.57143], "texture": "#2"},
				"west": {"uv": [6.85714, 4.57143, 8, 5.14286], "texture": "#2"},
				"up": {"uv": [5.71429, 8, 5.14286, 6.85714], "texture": "#2"},
				"down": {"uv": [7.42857, 5.14286, 6.85714, 6.28571], "texture": "#2"}
			}
		},
		{
			"from": [7.755, 10.68909, 7.64645],
			"to": [7.755, 11.68909, 8.64645],
			"rotation": {"angle": 45, "axis": "z", "origin": [7.755, 10.68909, 7.64645]},
			"faces": {
				"north": {"uv": [0, 0, 0, 0.57143], "texture": "#2"},
				"east": {"uv": [8.57143, 0, 9.14286, 0.57143], "texture": "#2"},
				"south": {"uv": [0, 0, 0, 0.57143], "texture": "#2"},
				"west": {"uv": [8.57143, 0.57143, 9.14286, 1.14286], "texture": "#2"},
				"up": {"uv": [0, 0.57143, 0, 0], "texture": "#2"},
				"down": {"uv": [0, 0, 0, 0.57143], "texture": "#2"}
			}
		},
		{
			"from": [7.755, 16.10331, 7.64645],
			"to": [7.755, 17.10331, 8.64645],
			"rotation": {"angle": -45, "axis": "z", "origin": [7.755, 17.10331, 7.64645]},
			"faces": {
				"north": {"uv": [0, 0, 0, 0.57143], "texture": "#2"},
				"east": {"uv": [8.57143, 1.14286, 9.14286, 1.71429], "texture": "#2"},
				"south": {"uv": [0, 0, 0, 0.57143], "texture": "#2"},
				"west": {"uv": [8.57143, 1.71429, 9.14286, 2.28571], "texture": "#2"},
				"up": {"uv": [0, 0.57143, 0, 0], "texture": "#2"},
				"down": {"uv": [0, 0, 0, 0.57143], "texture": "#2"}
			}
		},
		{
			"from": [7.04789, 11.3962, 7.64645],
			"to": [7.04789, 16.3962, 8.64645],
			"rotation": {"angle": 0, "axis": "z", "origin": [7.04789, 11.3962, 7.64645]},
			"faces": {
				"north": {"uv": [0, 0, 0, 2.85714], "texture": "#2"},
				"east": {"uv": [4, 0, 4.57143, 2.85714], "texture": "#2"},
				"south": {"uv": [0, 0, 0, 2.85714], "texture": "#2"},
				"west": {"uv": [4, 2.85714, 4.57143, 5.71429], "texture": "#2"},
				"up": {"uv": [0, 0.57143, 0, 0], "texture": "#2"},
				"down": {"uv": [0, 0, 0, 0.57143], "texture": "#2"}
			}
		},
		{
			"from": [8.245, 16.10331, 7.64645],
			"to": [8.245, 17.10331, 8.64645],
			"rotation": {"angle": 45, "axis": "z", "origin": [8.245, 17.10331, 7.64645]},
			"faces": {
				"north": {"uv": [0, 0, 0, 0.57143], "texture": "#2"},
				"east": {"uv": [9.14286, 1.71429, 8.57143, 2.28571], "texture": "#2"},
				"south": {"uv": [0, 0, 0, 0.57143], "texture": "#2"},
				"west": {"uv": [9.14286, 1.14286, 8.57143, 1.71429], "texture": "#2"},
				"up": {"uv": [0, 0.57143, 0, 0], "texture": "#2"},
				"down": {"uv": [0, 0, 0, 0.57143], "texture": "#2"}
			}
		},
		{
			"from": [8.95211, 11.3962, 7.64645],
			"to": [8.95211, 16.3962, 8.64645],
			"rotation": {"angle": 0, "axis": "z", "origin": [8.95211, 11.3962, 7.64645]},
			"faces": {
				"north": {"uv": [0, 0, 0, 2.85714], "texture": "#2"},
				"east": {"uv": [4.57143, 2.85714, 4, 5.71429], "texture": "#2"},
				"south": {"uv": [0, 0, 0, 2.85714], "texture": "#2"},
				"west": {"uv": [4.57143, 0, 4, 2.85714], "texture": "#2"},
				"up": {"uv": [0, 0.57143, 0, 0], "texture": "#2"},
				"down": {"uv": [0, 0, 0, 0.57143], "texture": "#2"}
			}
		},
		{
			"from": [8.245, 10.68909, 7.64645],
			"to": [8.245, 11.68909, 8.64645],
			"rotation": {"angle": -45, "axis": "z", "origin": [8.245, 10.68909, 7.64645]},
			"faces": {
				"north": {"uv": [0, 0, 0, 0.57143], "texture": "#2"},
				"east": {"uv": [9.14286, 0.57143, 8.57143, 1.14286], "texture": "#2"},
				"south": {"uv": [0, 0, 0, 0.57143], "texture": "#2"},
				"west": {"uv": [9.14286, 0, 8.57143, 0.57143], "texture": "#2"},
				"up": {"uv": [0, 0.57143, 0, 0], "texture": "#2"},
				"down": {"uv": [0, 0, 0, 0.57143], "texture": "#2"}
			}
		},
		{
			"from": [7.3505, 7.02132, 8.83137],
			"to": [7.3505, 9.72132, 9.83137],
			"rotation": {"angle": 45, "axis": "x", "origin": [7.3505, 8.02132, 9.13137]},
			"faces": {
				"north": {"uv": [0, 0, 0, 1.57143], "texture": "#2"},
				"east": {"uv": [4.57143, 2.28571, 5.14286, 3.85714], "texture": "#2"},
				"south": {"uv": [0, 0, 0, 1.57143], "texture": "#2"},
				"west": {"uv": [4.57143, 4, 5.14286, 5.57143], "texture": "#2"},
				"up": {"uv": [0, 0.57143, 0, 0], "texture": "#2"},
				"down": {"uv": [0, 0, 0, 0.57143], "texture": "#2"}
			}
		},
		{
			"from": [8.6495, 7.02132, 8.83137],
			"to": [8.6495, 9.72132, 9.83137],
			"rotation": {"angle": 45, "axis": "x", "origin": [8.6495, 8.02132, 9.13137]},
			"faces": {
				"north": {"uv": [0, 0, 0, 1.57143], "texture": "#2"},
				"east": {"uv": [5.14286, 2.28571, 5.71429, 3.85714], "texture": "#2"},
				"south": {"uv": [0, 0, 0, 1.57143], "texture": "#2"},
				"west": {"uv": [5.14286, 4, 5.71429, 5.57143], "texture": "#2"},
				"up": {"uv": [0, 0.57143, 0, 0], "texture": "#2"},
				"down": {"uv": [0, 0, 0, 0.57143], "texture": "#2"}
			}
		},
		{
			"from": [7.3505, 9.08127, 9.97417],
			"to": [8.6505, 9.08127, 10.97417],
			"rotation": {"angle": 45, "axis": "x", "origin": [8.0005, 9.08127, 10.47417]},
			"faces": {
				"north": {"uv": [0, 0, 0.71429, 0], "texture": "#2"},
				"east": {"uv": [0, 0, 0.57143, 0], "texture": "#2"},
				"south": {"uv": [0, 0, 0.71429, 0], "texture": "#2"},
				"west": {"uv": [0, 0, 0.57143, 0], "texture": "#2"},
				"up": {"uv": [8.14286, 5.71429, 7.42857, 5.14286], "texture": "#2"},
				"down": {"uv": [8.14286, 5.71429, 7.42857, 6.28571], "texture": "#2"}
			}
		},
		{
			"from": [8, 6, 6.2],
			"to": [8, 32, 9.2],
			"rotation": {"angle": 0, "axis": "y", "origin": [7, 2, 6]},
			"faces": {
				"north": {"uv": [0, 0, 0, 14.85714], "texture": "#2"},
				"east": {"uv": [1.71429, 0, 0, 14.85714], "texture": "#2"},
				"south": {"uv": [0, 0, 0, 14.85714], "texture": "#2"},
				"west": {"uv": [0, 0, 1.71429, 14.85714], "texture": "#2"},
				"up": {"uv": [0, 1.71429, 0, 0], "texture": "#2"},
				"down": {"uv": [0, 0, 0, 1.71429], "texture": "#2"}
			}
		},
		{
			"from": [4.5, 3, 8],
			"to": [11.5, 10, 8],
			"rotation": {"angle": -45, "axis": "y", "origin": [8, 6.5, 8]},
			"faces": {
				"north": {"uv": [14, 0, 0, 14], "rotation": 180, "texture": "#1"},
				"east": {"uv": [0, 0, 0, 4], "rotation": 180, "texture": "#1"},
				"south": {"uv": [0, 0, 14, 14], "rotation": 180, "texture": "#1"},
				"west": {"uv": [0, 0, 0, 4], "rotation": 180, "texture": "#1"},
				"up": {"uv": [0, 0, 0, 4], "rotation": 270, "texture": "#1"},
				"down": {"uv": [0, 4, 0, 0], "rotation": 90, "texture": "#1"}
			}
		},
		{
			"from": [4.5, 3, 8],
			"to": [11.5, 10, 8],
			"rotation": {"angle": 45, "axis": "y", "origin": [8, 6.5, 8]},
			"faces": {
				"north": {"uv": [14, 0, 0, 14], "texture": "#1"},
				"east": {"uv": [0, 0, 0, 4], "texture": "#1"},
				"south": {"uv": [0, 0, 14, 14], "texture": "#1"},
				"west": {"uv": [0, 0, 0, 4], "texture": "#1"},
				"up": {"uv": [0, 4, 0, 0], "rotation": 270, "texture": "#1"},
				"down": {"uv": [0, 0, 0, 4], "rotation": 90, "texture": "#1"}
			}
		}
	],
	"gui_light": "front",
	"display": {
		"thirdperson_righthand": {
			"translation": [0, 2.5, 1.5]
		},
		"thirdperson_lefthand": {
			"translation": [0, 2.5, 1.5]
		},
		"firstperson_righthand": {
			"rotation": [-10.59, 19.03, 3.42],
			"translation": [1.5, 2.25, 0],
			"scale": [0.75586, 0.75586, 0.75586]
		},
		"firstperson_lefthand": {
			"rotation": [-10.59, 19.03, 3.42],
			"translation": [1.5, 2.25, 0],
			"scale": [0.75586, 0.75586, 0.75586]
		},
		"ground": {
			"rotation": [-2.31, 0.17, -84.92],
			"translation": [-9.25, -0.5, 0],
			"scale": [1.07813, 1.07813, 1.07813]
		},
		"gui": {
			"rotation": [90, -135, 90],
			"translation": [-3.75, -4, 0],
			"scale": [0.66914, 0.66914, 0.66914]
		},
		"head": {
			"scale": [0, 0, 0]
		},
		"fixed": {
			"rotation": [-90, 90, 90],
			"translation": [0, -8.5, -2.25],
			"scale": [2.05195, 2.05195, 2.05195]
		}
	}
}