{
	"credit": "Made with Blockbench",
	"textures": {
		"1": "item/eos/animation_1-sheet",
		"2": "item/eos/melee",
		"particle": "item/eos/melee"
	},
	"elements": [
		{
			"from": [7.5, 0, 7.5],
			"to": [8.5, 1, 8.5],
			"rotation": {"angle": -45, "axis": "x", "origin": [8, 0.5, 8]},
			"faces": {
				"north": {"uv": [5, 13, 6, 14], "texture": "#2"},
				"east": {"uv": [6, 13, 7, 14], "texture": "#2"},
				"south": {"uv": [13, 6, 14, 7], "texture": "#2"},
				"west": {"uv": [13, 7, 14, 8], "texture": "#2"},
				"up": {"uv": [14, 9, 13, 8], "texture": "#2"},
				"down": {"uv": [14, 9, 13, 10], "texture": "#2"}
			}
		},
		{
			"from": [7.6, 0.7, 7.6],
			"to": [8.4, 2.7, 8.4],
			"rotation": {"angle": 0, "axis": "x", "origin": [8, 1.2, 8]},
			"faces": {
				"north": {"uv": [2, 12, 2.75, 14], "texture": "#2"},
				"east": {"uv": [12, 2, 12.75, 4], "texture": "#2"},
				"south": {"uv": [3, 12, 3.75, 14], "texture": "#2"},
				"west": {"uv": [4, 12, 4.75, 14], "texture": "#2"},
				"up": {"uv": [14.75, 7.75, 14, 7], "texture": "#2"},
				"down": {"uv": [8.75, 14, 8, 14.75], "texture": "#2"}
			}
		},
		{
			"from": [7.5, 2.7, 7.5],
			"to": [8.5, 3.7, 8.5],
			"rotation": {"angle": 0, "axis": "x", "origin": [8, 3.2, 8]},
			"faces": {
				"north": {"uv": [13, 10, 14, 11], "texture": "#2"},
				"east": {"uv": [13, 11, 14, 12], "texture": "#2"},
				"south": {"uv": [13, 12, 14, 13], "texture": "#2"},
				"west": {"uv": [13, 13, 14, 14], "texture": "#2"},
				"up": {"uv": [1, 15, 0, 14], "texture": "#2"},
				"down": {"uv": [15, 0, 14, 1], "texture": "#2"}
			}
		},
		{
			"from": [7.6, 3.7, 7.6],
			"to": [8.4, 5.7, 8.4],
			"rotation": {"angle": 0, "axis": "x", "origin": [8, 4.2, 8]},
			"faces": {
				"north": {"uv": [12, 4, 12.75, 6], "texture": "#2"},
				"east": {"uv": [12, 6, 12.75, 8], "texture": "#2"},
				"south": {"uv": [7, 12, 7.75, 14], "texture": "#2"},
				"west": {"uv": [8, 12, 8.75, 14], "texture": "#2"},
				"up": {"uv": [14.75, 8.75, 14, 8], "texture": "#2"},
				"down": {"uv": [9.75, 14, 9, 14.75], "texture": "#2"}
			}
		},
		{
			"from": [7.5, 5.4, 7.5],
			"to": [8.5, 7.4, 9.5],
			"rotation": {"angle": -45, "axis": "x", "origin": [8, 5.9, 8]},
			"faces": {
				"north": {"uv": [9, 10, 10, 12], "texture": "#2"},
				"east": {"uv": [5, 8, 7, 10], "texture": "#2"},
				"south": {"uv": [10, 10, 11, 12], "texture": "#2"},
				"west": {"uv": [9, 2, 11, 4], "texture": "#2"},
				"up": {"uv": [12, 4, 11, 2], "texture": "#2"},
				"down": {"uv": [12, 6, 11, 8], "texture": "#2"}
			}
		},
		{
			"from": [7.325, 5.6, 7.7],
			"to": [8.675, 7.2, 9.3],
			"rotation": {"angle": -45, "axis": "x", "origin": [7.975, 5.9, 8]},
			"faces": {
				"north": {"uv": [11, 8, 12.25, 9.5], "texture": "#2"},
				"east": {"uv": [9, 6, 10.5, 7.5], "texture": "#2"},
				"south": {"uv": [11, 10, 12.25, 11.5], "texture": "#2"},
				"west": {"uv": [9, 8, 10.5, 9.5], "texture": "#2"},
				"up": {"uv": [1.25, 13.5, 0, 12], "texture": "#2"},
				"down": {"uv": [13.25, 0, 12, 1.5], "texture": "#2"}
			}
		},
		{
			"from": [8.37465, 6.09975, 4.79218],
			"to": [8.37465, 7.09975, 5.79218],
			"rotation": {"angle": 45, "axis": "y", "origin": [8.37465, 7.09975, 4.79218]},
			"faces": {
				"north": {"uv": [0, 0, 0, 1], "texture": "#2"},
				"east": {"uv": [3, 14, 4, 15], "texture": "#2"},
				"south": {"uv": [0, 0, 0, 1], "texture": "#2"},
				"west": {"uv": [14, 3, 15, 4], "texture": "#2"},
				"up": {"uv": [0, 1, 0, 0], "texture": "#2"},
				"down": {"uv": [0, 0, 0, 1], "texture": "#2"}
			}
		},
		{
			"from": [9.08175, 6.09975, 5.49929],
			"to": [9.08175, 7.09975, 10.49929],
			"rotation": {"angle": 0, "axis": "z", "origin": [9.08175, 7.09975, 5.49929]},
			"faces": {
				"north": {"uv": [0, 0, 0, 1], "texture": "#2"},
				"east": {"uv": [7, 0, 12, 1], "texture": "#2"},
				"south": {"uv": [0, 0, 0, 1], "texture": "#2"},
				"west": {"uv": [7, 1, 12, 2], "texture": "#2"},
				"up": {"uv": [0, 5, 0, 0], "texture": "#2"},
				"down": {"uv": [0, 0, 0, 5], "texture": "#2"}
			}
		},
		{
			"from": [8.37465, 6.09975, 10.2064],
			"to": [8.37465, 7.09975, 11.2064],
			"rotation": {"angle": -45, "axis": "y", "origin": [8.37465, 7.09975, 11.2064]},
			"faces": {
				"north": {"uv": [0, 0, 0, 1], "texture": "#2"},
				"east": {"uv": [2, 14, 3, 15], "texture": "#2"},
				"south": {"uv": [0, 0, 0, 1], "texture": "#2"},
				"west": {"uv": [14, 2, 15, 3], "texture": "#2"},
				"up": {"uv": [0, 1, 0, 0], "texture": "#2"},
				"down": {"uv": [0, 0, 0, 1], "texture": "#2"}
			}
		},
		{
			"from": [7.62535, 6.09975, 10.2064],
			"to": [7.62535, 7.09975, 11.2064],
			"rotation": {"angle": 45, "axis": "y", "origin": [7.62535, 7.09975, 11.2064]},
			"faces": {
				"north": {"uv": [0, 0, 0, 1], "texture": "#2"},
				"east": {"uv": [15, 2, 14, 3], "texture": "#2"},
				"south": {"uv": [0, 0, 0, 1], "texture": "#2"},
				"west": {"uv": [3, 14, 2, 15], "texture": "#2"},
				"up": {"uv": [0, 1, 0, 0], "texture": "#2"},
				"down": {"uv": [0, 0, 0, 1], "texture": "#2"}
			}
		},
		{
			"from": [6.91825, 6.09975, 5.49929],
			"to": [6.91825, 7.09975, 10.49929],
			"rotation": {"angle": 0, "axis": "z", "origin": [6.91825, 7.09975, 5.49929]},
			"faces": {
				"north": {"uv": [0, 0, 0, 1], "texture": "#2"},
				"east": {"uv": [12, 1, 7, 2], "texture": "#2"},
				"south": {"uv": [0, 0, 0, 1], "texture": "#2"},
				"west": {"uv": [12, 0, 7, 1], "texture": "#2"},
				"up": {"uv": [0, 5, 0, 0], "texture": "#2"},
				"down": {"uv": [0, 0, 0, 5], "texture": "#2"}
			}
		},
		{
			"from": [7.62535, 6.09975, 4.79218],
			"to": [7.62535, 7.09975, 5.79218],
			"rotation": {"angle": -45, "axis": "y", "origin": [7.62535, 7.09975, 4.79218]},
			"faces": {
				"north": {"uv": [0, 0, 0, 1], "texture": "#2"},
				"east": {"uv": [15, 3, 14, 4], "texture": "#2"},
				"south": {"uv": [0, 0, 0, 1], "texture": "#2"},
				"west": {"uv": [4, 14, 3, 15], "texture": "#2"},
				"up": {"uv": [0, 1, 0, 0], "texture": "#2"},
				"down": {"uv": [0, 0, 0, 1], "texture": "#2"}
			}
		},
		{
			"from": [7.5, 6, 11.2],
			"to": [8.5, 7.5, 12.2],
			"rotation": {"angle": 22.5, "axis": "x", "origin": [8, 6.75, 11.7]},
			"faces": {
				"north": {"uv": [9, 12, 10, 13.5], "texture": "#2"},
				"east": {"uv": [10, 12, 11, 13.5], "texture": "#2"},
				"south": {"uv": [11, 12, 12, 13.5], "texture": "#2"},
				"west": {"uv": [12, 12, 13, 13.5], "texture": "#2"},
				"up": {"uv": [2, 15, 1, 14], "texture": "#2"},
				"down": {"uv": [15, 1, 14, 2], "texture": "#2"}
			}
		},
		{
			"from": [7.6, 6.1, 8.85],
			"to": [8.4, 7.1, 11.85],
			"rotation": {"angle": 0, "axis": "y", "origin": [7.5, 6, 15.85]},
			"faces": {
				"north": {"uv": [4, 14, 4.75, 15], "texture": "#2"},
				"east": {"uv": [9, 4, 12, 5], "texture": "#2"},
				"south": {"uv": [14, 4, 14.75, 5], "texture": "#2"},
				"west": {"uv": [9, 5, 12, 6], "texture": "#2"},
				"up": {"uv": [5.75, 13, 5, 10], "texture": "#2"},
				"down": {"uv": [6.75, 10, 6, 13], "texture": "#2"}
			}
		},
		{
			"from": [7.5, 6, 3.8],
			"to": [8.5, 7.5, 4.8],
			"rotation": {"angle": -22.5, "axis": "x", "origin": [8, 6.75, 4.3]},
			"faces": {
				"north": {"uv": [12, 12, 11, 13.5], "texture": "#2"},
				"east": {"uv": [11, 12, 10, 13.5], "texture": "#2"},
				"south": {"uv": [10, 12, 9, 13.5], "texture": "#2"},
				"west": {"uv": [13, 12, 12, 13.5], "texture": "#2"},
				"up": {"uv": [2, 14, 1, 15], "texture": "#2"},
				"down": {"uv": [15, 2, 14, 1], "texture": "#2"}
			}
		},
		{
			"from": [7.6, 6.1, 4.15],
			"to": [8.4, 7.1, 7.15],
			"rotation": {"angle": 0, "axis": "y", "origin": [7.5, 6, 0.15]},
			"faces": {
				"north": {"uv": [14.75, 4, 14, 5], "texture": "#2"},
				"east": {"uv": [12, 4, 9, 5], "texture": "#2"},
				"south": {"uv": [4.75, 14, 4, 15], "texture": "#2"},
				"west": {"uv": [12, 5, 9, 6], "texture": "#2"},
				"up": {"uv": [5.75, 10, 5, 13], "texture": "#2"},
				"down": {"uv": [6.75, 13, 6, 10], "texture": "#2"}
			}
		},
		{
			"from": [7.75, 7.1, 7],
			"to": [8.25, 15.1, 9],
			"rotation": {"angle": 0, "axis": "y", "origin": [7.75, 7.6, 8.5]},
			"faces": {
				"north": {"uv": [7, 2, 7.5, 10], "texture": "#2"},
				"east": {"uv": [5, 0, 7, 8], "texture": "#2"},
				"south": {"uv": [8, 2, 8.5, 10], "texture": "#2"},
				"west": {"uv": [7, 0, 5, 8], "texture": "#2"},
				"up": {"uv": [13.5, 4, 13, 2], "texture": "#2"},
				"down": {"uv": [13.5, 4, 13, 6], "texture": "#2"}
			}
		},
		{
			"from": [8, 7.1, 5.9],
			"to": [8, 19.1, 10.1],
			"rotation": {"angle": 0, "axis": "y", "origin": [8, 7.6, 9.4]},
			"faces": {
				"north": {"uv": [0, 0, 0, 12], "texture": "#2"},
				"east": {"uv": [0, 0, 4.25, 12], "texture": "#2"},
				"south": {"uv": [0, 0, 0, 12], "texture": "#2"},
				"west": {"uv": [4.25, 0, 0, 12], "texture": "#2"},
				"up": {"uv": [0, 4.25, 0, 0], "texture": "#2"},
				"down": {"uv": [0, 0, 0, 4.25], "texture": "#2"}
			}
		},
		{
			"from": [7.745, 14.51349, 7.592],
			"to": [8.255, 15.94149, 9.02],
			"rotation": {"angle": 45, "axis": "x", "origin": [8, 15.53349, 8]},
			"faces": {
				"north": {"uv": [5, 14, 5.5, 15.5], "texture": "#2"},
				"east": {"uv": [7, 10, 8.5, 11.5], "texture": "#2"},
				"south": {"uv": [14, 5, 14.5, 6.5], "texture": "#2"},
				"west": {"uv": [8.5, 11.5, 7, 10], "rotation": 90, "texture": "#2"},
				"up": {"uv": [6.5, 15.5, 6, 14], "texture": "#2"},
				"down": {"uv": [7.5, 14, 7, 15.5], "texture": "#2"}
			}
		},
		{
			"from": [4.5, 2.9, 8],
			"to": [11.5, 9.9, 8],
			"rotation": {"angle": -45, "axis": "y", "origin": [8, 6.4, 8]},
			"faces": {
				"north": {"uv": [14, 0, 0, 14], "rotation": 180, "texture": "#1"},
				"east": {"uv": [0, 0, 0, 7], "rotation": 180, "texture": "#1"},
				"south": {"uv": [0, 0, 14, 14], "rotation": 180, "texture": "#1"},
				"west": {"uv": [0, 0, 0, 7], "rotation": 180, "texture": "#1"},
				"up": {"uv": [0, 0, 0, 7], "rotation": 270, "texture": "#1"},
				"down": {"uv": [0, 7, 0, 0], "rotation": 90, "texture": "#1"}
			}
		},
		{
			"from": [4.5, 2.9, 8],
			"to": [11.5, 9.9, 8],
			"rotation": {"angle": 45, "axis": "y", "origin": [8, 6.4, 8]},
			"faces": {
				"north": {"uv": [14, 0, 0, 14], "texture": "#1"},
				"east": {"uv": [0, 0, 0, 7], "texture": "#1"},
				"south": {"uv": [0, 0, 14, 14], "texture": "#1"},
				"west": {"uv": [0, 0, 0, 7], "texture": "#1"},
				"up": {"uv": [0, 7, 0, 0], "rotation": 270, "texture": "#1"},
				"down": {"uv": [0, 0, 0, 7], "rotation": 90, "texture": "#1"}
			}
		}
	],
	"gui_light": "front",
	"display": {
		"thirdperson_righthand": {
			"translation": [0, 2.5, 0.5]
		},
		"thirdperson_lefthand": {
			"translation": [0, 2.5, 0.5]
		},
		"firstperson_righthand": {
			"rotation": [-10, 0, 0],
			"translation": [1, 3, 0]
		},
		"firstperson_lefthand": {
			"rotation": [-10, 0, 0],
			"translation": [1, 3, 0]
		},
		"ground": {
			"rotation": [0, 0, -90],
			"translation": [0, -1.25, 0],
			"scale": [0.88477, 0.88477, 0.88477]
		},
		"gui": {
			"rotation": [90, -135, 90],
			"translation": [-0.75, -0.75, 0],
			"scale": [0.85078, 0.85078, 0.85078]
		},
		"head": {
			"scale": [0, 0, 0]
		},
		"fixed": {
			"rotation": [-90, 45, 90],
			"translation": [1.25, -1.25, -1.25],
			"scale": [1.72773, 1.72773, 1.72773]
		}
	}
}