{
	"credit": "Made with Blockbench",
	"texture_size": [20, 20],
	"textures": {
		"1": "item/eos/staff",
		"2": "item/eos/animation_1-sheet",
		"particle": "item/eos/animation_1-sheet"
	},
	"elements": [
		{
			"from": [7.5, 0, 7.5],
			"to": [8.5, 1, 8.5],
			"rotation": {"angle": -45, "axis": "x", "origin": [8, 0.5, 8]},
			"faces": {
				"north": {"uv": [10.4, 11.2, 11.2, 12], "texture": "#1"},
				"east": {"uv": [11.2, 11.2, 12, 12], "texture": "#1"},
				"south": {"uv": [12, 0, 12.8, 0.8], "texture": "#1"},
				"west": {"uv": [12, 0.8, 12.8, 1.6], "texture": "#1"},
				"up": {"uv": [12.8, 2.4, 12, 1.6], "texture": "#1"},
				"down": {"uv": [12.8, 2.4, 12, 3.2], "texture": "#1"}
			}
		},
		{
			"from": [7.6, 0.7, 7.6],
			"to": [8.4, 2.7, 8.4],
			"rotation": {"angle": 0, "axis": "x", "origin": [8, 1.2, 8]},
			"faces": {
				"north": {"uv": [8, 10.4, 8.6, 12], "texture": "#1"},
				"east": {"uv": [10.4, 9.6, 11, 11.2], "texture": "#1"},
				"south": {"uv": [0, 11.2, 0.6, 12.8], "texture": "#1"},
				"west": {"uv": [11.2, 0, 11.8, 1.6], "texture": "#1"},
				"up": {"uv": [3.8, 13.4, 3.2, 12.8], "texture": "#1"},
				"down": {"uv": [13.4, 3.2, 12.8, 3.8], "texture": "#1"}
			}
		},
		{
			"from": [7.5, 2.7, 7.5],
			"to": [8.5, 3.7, 8.5],
			"rotation": {"angle": 0, "axis": "x", "origin": [8, 3.2, 8]},
			"faces": {
				"north": {"uv": [12, 3.2, 12.8, 4], "texture": "#1"},
				"east": {"uv": [4, 12, 4.8, 12.8], "texture": "#1"},
				"south": {"uv": [12, 4, 12.8, 4.8], "texture": "#1"},
				"west": {"uv": [12, 4.8, 12.8, 5.6], "texture": "#1"},
				"up": {"uv": [12.8, 6.4, 12, 5.6], "texture": "#1"},
				"down": {"uv": [7.2, 12, 6.4, 12.8], "texture": "#1"}
			}
		},
		{
			"from": [7.6, 3.7, 7.6],
			"to": [8.4, 5.7, 8.4],
			"rotation": {"angle": 0, "axis": "x", "origin": [8, 4.2, 8]},
			"faces": {
				"north": {"uv": [0.8, 11.2, 1.4, 12.8], "texture": "#1"},
				"east": {"uv": [1.6, 11.2, 2.2, 12.8], "texture": "#1"},
				"south": {"uv": [11.2, 1.6, 11.8, 3.2], "texture": "#1"},
				"west": {"uv": [2.4, 11.2, 3, 12.8], "texture": "#1"},
				"up": {"uv": [4.6, 13.4, 4, 12.8], "texture": "#1"},
				"down": {"uv": [13.4, 4, 12.8, 4.6], "texture": "#1"}
			}
		},
		{
			"from": [7.6, 14.7, 7.6],
			"to": [8.4, 19.7, 8.4],
			"rotation": {"angle": 0, "axis": "x", "origin": [8, 15.2, 8]},
			"faces": {
				"north": {"uv": [4, 6.4, 4.6, 10.4], "texture": "#1"},
				"east": {"uv": [6.4, 8, 7, 12], "texture": "#1"},
				"south": {"uv": [8, 6.4, 8.6, 10.4], "texture": "#1"},
				"west": {"uv": [7.2, 8, 7.8, 12], "texture": "#1"},
				"up": {"uv": [5.4, 13.4, 4.8, 12.8], "texture": "#1"},
				"down": {"uv": [13.4, 4.8, 12.8, 5.4], "texture": "#1"}
			}
		},
		{
			"from": [7.5, 13.7, 7.5],
			"to": [8.5, 14.7, 8.5],
			"rotation": {"angle": 0, "axis": "x", "origin": [8, 14.2, 8]},
			"faces": {
				"north": {"uv": [12, 6.4, 12.8, 7.2], "texture": "#1"},
				"east": {"uv": [7.2, 12, 8, 12.8], "texture": "#1"},
				"south": {"uv": [12, 7.2, 12.8, 8], "texture": "#1"},
				"west": {"uv": [8, 12, 8.8, 12.8], "texture": "#1"},
				"up": {"uv": [12.8, 8.8, 12, 8], "texture": "#1"},
				"down": {"uv": [12.8, 8.8, 12, 9.6], "texture": "#1"}
			}
		},
		{
			"from": [7.6, 11.7, 7.6],
			"to": [8.4, 13.7, 8.4],
			"rotation": {"angle": 0, "axis": "x", "origin": [8, 12.2, 8]},
			"faces": {
				"north": {"uv": [3.2, 11.2, 3.8, 12.8], "texture": "#1"},
				"east": {"uv": [11.2, 3.2, 11.8, 4.8], "texture": "#1"},
				"south": {"uv": [4.8, 11.2, 5.4, 12.8], "texture": "#1"},
				"west": {"uv": [11.2, 4.8, 11.8, 6.4], "texture": "#1"},
				"up": {"uv": [6.2, 13.4, 5.6, 12.8], "texture": "#1"},
				"down": {"uv": [13.4, 5.6, 12.8, 6.2], "texture": "#1"}
			}
		},
		{
			"from": [7.5, 19.4, 7.5],
			"to": [8.5, 21.4, 9.5],
			"rotation": {"angle": -45, "axis": "x", "origin": [8, 19.9, 8]},
			"faces": {
				"north": {"uv": [8.8, 3.2, 9.6, 4.8], "texture": "#1"},
				"east": {"uv": [2.4, 6.4, 4, 8], "texture": "#1"},
				"south": {"uv": [8.8, 6.4, 9.6, 8], "texture": "#1"},
				"west": {"uv": [6.4, 4.8, 8, 6.4], "texture": "#1"},
				"up": {"uv": [9.6, 9.6, 8.8, 8], "texture": "#1"},
				"down": {"uv": [3.2, 9.6, 2.4, 11.2], "texture": "#1"}
			}
		},
		{
			"from": [7.325, 19.6, 7.7],
			"to": [8.675, 21.2, 9.3],
			"rotation": {"angle": -45, "axis": "x", "origin": [7.975, 19.9, 8]},
			"faces": {
				"north": {"uv": [9.6, 3.2, 10.6, 4.4], "texture": "#1"},
				"east": {"uv": [8.8, 0, 10, 1.2], "texture": "#1"},
				"south": {"uv": [9.6, 4.8, 10.6, 6], "texture": "#1"},
				"west": {"uv": [8.8, 1.6, 10, 2.8], "texture": "#1"},
				"up": {"uv": [10.6, 7.6, 9.6, 6.4], "texture": "#1"},
				"down": {"uv": [10.6, 8, 9.6, 9.2], "texture": "#1"}
			}
		},
		{
			"from": [7.5, 5.7, 7.5],
			"to": [8.5, 11.7, 8.5],
			"rotation": {"angle": 0, "axis": "y", "origin": [7.1, 3.4, 7.1]},
			"faces": {
				"north": {"uv": [0, 6.4, 0.8, 11.2], "texture": "#1"},
				"east": {"uv": [6.4, 0, 7.2, 4.8], "texture": "#1"},
				"south": {"uv": [0.8, 6.4, 1.6, 11.2], "texture": "#1"},
				"west": {"uv": [1.6, 6.4, 2.4, 11.2], "texture": "#1"},
				"up": {"uv": [12.8, 10.4, 12, 9.6], "texture": "#1"},
				"down": {"uv": [11.2, 12, 10.4, 12.8], "texture": "#1"}
			}
		},
		{
			"from": [7.5125, 19.8, 6.1],
			"to": [8.4875, 21.3, 7.1],
			"rotation": {"angle": -22.5, "axis": "x", "origin": [7.9875, 20.55, 6.6]},
			"faces": {
				"north": {"uv": [5.6, 11.2, 6.4, 12.4], "texture": "#1"},
				"east": {"uv": [11.2, 6.4, 12, 7.6], "texture": "#1"},
				"south": {"uv": [11.2, 8, 12, 9.2], "texture": "#1"},
				"west": {"uv": [8.8, 11.2, 9.6, 12.4], "texture": "#1"},
				"up": {"uv": [12.8, 11.2, 12, 10.4], "texture": "#1"},
				"down": {"uv": [12, 12, 11.2, 12.8], "texture": "#1"}
			}
		},
		{
			"from": [8, 11.7, 8.35],
			"to": [8, 18.7, 9.65],
			"rotation": {"angle": 0, "axis": "y", "origin": [8, 15.2, 8]},
			"faces": {
				"north": {"uv": [0, 0, 0, 5.6], "texture": "#1"},
				"east": {"uv": [4.8, 0, 5.8, 5.6], "texture": "#1"},
				"south": {"uv": [0, 0, 0, 5.6], "texture": "#1"},
				"west": {"uv": [4.8, 5.6, 5.8, 11.2], "texture": "#1"},
				"up": {"uv": [0, 1, 0, 0], "texture": "#1"},
				"down": {"uv": [0, 0, 0, 1], "texture": "#1"}
			}
		},
		{
			"from": [8, 11.7, 6.35],
			"to": [8, 18.7, 7.65],
			"rotation": {"angle": 0, "axis": "y", "origin": [8, 15.2, 8]},
			"faces": {
				"north": {"uv": [0, 0, 0, 5.6], "texture": "#1"},
				"east": {"uv": [5.8, 0, 4.8, 5.6], "texture": "#1"},
				"south": {"uv": [0, 0, 0, 5.6], "texture": "#1"},
				"west": {"uv": [5.8, 5.6, 4.8, 11.2], "texture": "#1"},
				"up": {"uv": [0, 0, 0, 1], "texture": "#1"},
				"down": {"uv": [0, 1, 0, 0], "texture": "#1"}
			}
		},
		{
			"from": [8.35, 11.7, 8],
			"to": [9.65, 18.7, 8],
			"rotation": {"angle": 0, "axis": "y", "origin": [8, 15.2, 8]},
			"faces": {
				"north": {"uv": [5.8, 5.6, 4.8, 11.2], "texture": "#1"},
				"east": {"uv": [0, 0, 0, 5.6], "texture": "#1"},
				"south": {"uv": [5.8, 0, 4.8, 5.6], "texture": "#1"},
				"west": {"uv": [0, 0, 0, 5.6], "texture": "#1"},
				"up": {"uv": [0, 0, 0, 1], "rotation": 90, "texture": "#1"},
				"down": {"uv": [0, 1, 0, 0], "rotation": 270, "texture": "#1"}
			}
		},
		{
			"from": [6.35, 11.7, 8],
			"to": [7.65, 18.7, 8],
			"rotation": {"angle": 0, "axis": "y", "origin": [8, 15.2, 8]},
			"faces": {
				"north": {"uv": [4.8, 5.6, 5.8, 11.2], "texture": "#1"},
				"east": {"uv": [0, 0, 0, 5.6], "texture": "#1"},
				"south": {"uv": [4.8, 0, 5.8, 5.6], "texture": "#1"},
				"west": {"uv": [0, 0, 0, 5.6], "texture": "#1"},
				"up": {"uv": [0, 1, 0, 0], "rotation": 90, "texture": "#1"},
				"down": {"uv": [0, 0, 0, 1], "rotation": 270, "texture": "#1"}
			}
		},
		{
			"from": [7.55, 20.96961, 5.65318],
			"to": [8.45, 21.96961, 6.55318],
			"rotation": {"angle": -45, "axis": "x", "origin": [8, 21.46961, 6.10318]},
			"faces": {
				"north": {"uv": [12, 11.2, 12.8, 12], "texture": "#1"},
				"east": {"uv": [12, 12, 12.8, 12.8], "texture": "#1"},
				"south": {"uv": [0, 12.8, 0.8, 13.6], "texture": "#1"},
				"west": {"uv": [12.8, 0, 13.6, 0.8], "texture": "#1"},
				"up": {"uv": [1.6, 13.6, 0.8, 12.8], "texture": "#1"},
				"down": {"uv": [13.6, 0.8, 12.8, 1.6], "texture": "#1"}
			}
		},
		{
			"from": [7.55, 21.67671, 5.01678],
			"to": [8.45, 23.25171, 5.91678],
			"rotation": {"angle": 45, "axis": "x", "origin": [8, 22.17671, 5.46678]},
			"faces": {
				"north": {"uv": [3.2, 9.6, 4, 11], "texture": "#1"},
				"east": {"uv": [8.8, 9.6, 9.6, 11], "texture": "#1"},
				"south": {"uv": [9.6, 9.6, 10.4, 11], "texture": "#1"},
				"west": {"uv": [10.4, 0, 11.2, 1.4], "texture": "#1"},
				"up": {"uv": [2.4, 13.6, 1.6, 12.8], "texture": "#1"},
				"down": {"uv": [13.6, 1.6, 12.8, 2.4], "texture": "#1"}
			}
		},
		{
			"from": [7.5625, 22.61866, 5.54512],
			"to": [8.4375, 24.41866, 6.54512],
			"rotation": {"angle": 0, "axis": "x", "origin": [8.0125, 23.51866, 6.09512]},
			"faces": {
				"north": {"uv": [9.6, 11.2, 10.2, 12.6], "texture": "#1"},
				"east": {"uv": [10.4, 1.6, 11.2, 3], "texture": "#1"},
				"south": {"uv": [11.2, 9.6, 11.8, 11], "texture": "#1"},
				"west": {"uv": [4, 10.4, 4.8, 11.8], "texture": "#1"},
				"up": {"uv": [3, 13.6, 2.4, 12.8], "texture": "#1"},
				"down": {"uv": [13.4, 2.4, 12.8, 3.2], "texture": "#1"}
			}
		},
		{
			"from": [8, 18.77775, 3.50422],
			"to": [8, 26.57775, 6.40422],
			"rotation": {"angle": 0, "axis": "x", "origin": [7.575, 23.67775, 5.95422]},
			"faces": {
				"north": {"uv": [0, 0, 0, 6.2], "texture": "#1"},
				"east": {"uv": [0, 0, 2.4, 6.2], "texture": "#1"},
				"south": {"uv": [0, 0, 0, 6.2], "texture": "#1"},
				"west": {"uv": [2.4, 0, 4.8, 6.2], "texture": "#1"},
				"up": {"uv": [0, 2.4, 0, 0], "texture": "#1"},
				"down": {"uv": [0, 0, 0, 2.4], "texture": "#1"}
			}
		},
		{
			"from": [7.55, 21.67671, 10.08322],
			"to": [8.45, 23.25171, 10.98322],
			"rotation": {"angle": -45, "axis": "x", "origin": [8, 22.17671, 10.53322]},
			"faces": {
				"north": {"uv": [10.4, 9.6, 9.6, 11], "texture": "#1"},
				"east": {"uv": [9.6, 9.6, 8.8, 11], "texture": "#1"},
				"south": {"uv": [4, 9.6, 3.2, 11], "texture": "#1"},
				"west": {"uv": [11.2, 0, 10.4, 1.4], "texture": "#1"},
				"up": {"uv": [2.4, 12.8, 1.6, 13.6], "texture": "#1"},
				"down": {"uv": [13.6, 2.4, 12.8, 1.6], "texture": "#1"}
			}
		},
		{
			"from": [7.5625, 22.61866, 9.45488],
			"to": [8.4375, 24.41866, 10.45488],
			"rotation": {"angle": 0, "axis": "x", "origin": [8.0125, 23.51866, 9.90488]},
			"faces": {
				"north": {"uv": [11.8, 9.6, 11.2, 11], "texture": "#1"},
				"east": {"uv": [11.2, 1.6, 10.4, 3], "texture": "#1"},
				"south": {"uv": [10.2, 11.2, 9.6, 12.6], "texture": "#1"},
				"west": {"uv": [4.8, 10.4, 4, 11.8], "texture": "#1"},
				"up": {"uv": [3, 12.8, 2.4, 13.6], "texture": "#1"},
				"down": {"uv": [13.4, 3.2, 12.8, 2.4], "texture": "#1"}
			}
		},
		{
			"from": [7.55, 20.96961, 9.44682],
			"to": [8.45, 21.96961, 10.34682],
			"rotation": {"angle": 45, "axis": "x", "origin": [8, 21.46961, 9.89682]},
			"faces": {
				"north": {"uv": [0.8, 12.8, 0, 13.6], "texture": "#1"},
				"east": {"uv": [12.8, 12, 12, 12.8], "texture": "#1"},
				"south": {"uv": [12.8, 11.2, 12, 12], "texture": "#1"},
				"west": {"uv": [13.6, 0, 12.8, 0.8], "texture": "#1"},
				"up": {"uv": [1.6, 12.8, 0.8, 13.6], "texture": "#1"},
				"down": {"uv": [13.6, 1.6, 12.8, 0.8], "texture": "#1"}
			}
		},
		{
			"from": [7.5125, 19.8, 8.9],
			"to": [8.4875, 21.3, 9.9],
			"rotation": {"angle": 22.5, "axis": "x", "origin": [7.9875, 20.55, 9.4]},
			"faces": {
				"north": {"uv": [12, 8, 11.2, 9.2], "texture": "#1"},
				"east": {"uv": [12, 6.4, 11.2, 7.6], "texture": "#1"},
				"south": {"uv": [6.4, 11.2, 5.6, 12.4], "texture": "#1"},
				"west": {"uv": [9.6, 11.2, 8.8, 12.4], "texture": "#1"},
				"up": {"uv": [12.8, 10.4, 12, 11.2], "texture": "#1"},
				"down": {"uv": [12, 12.8, 11.2, 12], "texture": "#1"}
			}
		},
		{
			"from": [8, 18.77775, 9.59578],
			"to": [8, 26.57775, 12.49578],
			"rotation": {"angle": 0, "axis": "x", "origin": [7.575, 23.67775, 10.04578]},
			"faces": {
				"north": {"uv": [0, 0, 0, 6.2], "texture": "#1"},
				"east": {"uv": [2.4, 0, 0, 6.2], "texture": "#1"},
				"south": {"uv": [0, 0, 0, 6.2], "texture": "#1"},
				"west": {"uv": [4.8, 0, 2.4, 6.2], "texture": "#1"},
				"up": {"uv": [0, 0, 0, 2.4], "texture": "#1"},
				"down": {"uv": [0, 2.4, 0, 0], "texture": "#1"}
			}
		},
		{
			"from": [6.94, 22.64, 6.94],
			"to": [9.06, 24.76, 9.06],
			"rotation": {"angle": -45, "axis": "x", "origin": [8, 23.7, 8]},
			"faces": {
				"north": {"uv": [6.4, 6.4, 8, 8], "texture": "#1"},
				"east": {"uv": [7.2, 0, 8.8, 1.6], "texture": "#1"},
				"south": {"uv": [7.2, 1.6, 8.8, 3.2], "texture": "#1"},
				"west": {"uv": [7.2, 3.2, 8.8, 4.8], "texture": "#1"},
				"up": {"uv": [4, 9.6, 2.4, 8], "texture": "#1"},
				"down": {"uv": [9.6, 4.8, 8, 6.4], "texture": "#1"}
			}
		},
		{
			"from": [4.5, 20.5, 8],
			"to": [11.5, 27.5, 8],
			"rotation": {"angle": -45, "axis": "y", "origin": [8, 24, 8]},
			"faces": {
				"north": {"uv": [0, 0, 14.1, 14.1], "rotation": 270, "texture": "#2"},
				"east": {"uv": [0, 0, 0, 5.6], "texture": "#2"},
				"south": {"uv": [14.1, 0, 0, 14.1], "rotation": 90, "texture": "#2"},
				"west": {"uv": [0, 5.6, 0, 0], "rotation": 180, "texture": "#2"},
				"up": {"uv": [0, 0, 0, 5.6], "rotation": 90, "texture": "#2"},
				"down": {"uv": [0, 0, 0, 5.6], "rotation": 90, "texture": "#2"}
			}
		},
		{
			"from": [4.5, 20.5, 8],
			"to": [11.5, 27.5, 8],
			"rotation": {"angle": 45, "axis": "y", "origin": [8, 24, 8]},
			"faces": {
				"north": {"uv": [14.1, 0, 0, 14.1], "rotation": 270, "texture": "#2"},
				"east": {"uv": [0, 0, 0, 5.6], "rotation": 180, "texture": "#2"},
				"south": {"uv": [0, 0, 14.1, 14.1], "rotation": 90, "texture": "#2"},
				"west": {"uv": [0, 5.6, 0, 0], "texture": "#2"},
				"up": {"uv": [0, 0, 0, 5.6], "rotation": 90, "texture": "#2"},
				"down": {"uv": [0, 0, 0, 5.6], "rotation": 90, "texture": "#2"}
			}
		}
	],
	"gui_light": "front",
	"display": {
		"thirdperson_righthand": {
			"translation": [0, -2.5, 1]
		},
		"thirdperson_lefthand": {
			"translation": [0, -2.5, 1]
		},
		"firstperson_righthand": {
			"rotation": [-9.98, -0.69, 3.94],
			"translation": [1.75, -4.5, 1]
		},
		"firstperson_lefthand": {
			"rotation": [-9.98, -0.69, 3.94],
			"translation": [1.75, -4.5, 1]
		},
		"ground": {
			"rotation": [-7.36, 0.33, -82.15],
			"translation": [-4.5, -1.25, 0],
			"scale": [1.07813, 1.07813, 1.07813]
		},
		"gui": {
			"rotation": [90, -135, 90],
			"translation": [-3.25, -3.25, 0],
			"scale": [0.70234, 0.70234, 0.70234]
		},
		"head": {
			"scale": [0, 0, 0]
		},
		"fixed": {
			"rotation": [-90, 90, 90],
			"translation": [0, -9, -2.25],
			"scale": [2.05195, 2.05195, 2.05195]
		}
	}
}