{
	"credit": "Made with Blockbench",
	"texture_size": [20, 20],
	"textures": {
		"1": "item/eos/animation_1-sheet",
		"2": "item/eos/trident",
		"particle": "item/eos/trident"
	},
	"elements": [
		{
			"from": [7.5, 0, 7.5],
			"to": [8.5, 1, 8.5],
			"rotation": {"angle": -45, "axis": "x", "origin": [8, 0.5, 8]},
			"faces": {
				"north": {"uv": [12, 6.4, 12.8, 7.2], "texture": "#2"},
				"east": {"uv": [12.8, 8, 13.6, 8.8], "texture": "#2"},
				"south": {"uv": [13.6, 9.6, 14.4, 10.4], "texture": "#2"},
				"west": {"uv": [13.6, 10.4, 14.4, 11.2], "texture": "#2"},
				"up": {"uv": [12, 14.4, 11.2, 13.6], "texture": "#2"},
				"down": {"uv": [14.4, 11.2, 13.6, 12], "texture": "#2"}
			}
		},
		{
			"from": [7.6, 0.7, 7.6],
			"to": [8.4, 2.7, 8.4],
			"rotation": {"angle": 0, "axis": "x", "origin": [8, 1.2, 8]},
			"faces": {
				"north": {"uv": [12.8, 0, 13.4, 1.6], "texture": "#2"},
				"east": {"uv": [12.8, 1.6, 13.4, 3.2], "texture": "#2"},
				"south": {"uv": [12.8, 3.2, 13.4, 4.8], "texture": "#2"},
				"west": {"uv": [6.4, 12.8, 7, 14.4], "texture": "#2"},
				"up": {"uv": [15, 11.8, 14.4, 11.2], "texture": "#2"},
				"down": {"uv": [12.6, 14.4, 12, 15], "texture": "#2"}
			}
		},
		{
			"from": [7.5, 2.7, 7.5],
			"to": [8.5, 3.7, 8.5],
			"rotation": {"angle": 0, "axis": "x", "origin": [8, 3.2, 8]},
			"faces": {
				"north": {"uv": [12, 13.6, 12.8, 14.4], "texture": "#2"},
				"east": {"uv": [13.6, 12, 14.4, 12.8], "texture": "#2"},
				"south": {"uv": [12.8, 13.6, 13.6, 14.4], "texture": "#2"},
				"west": {"uv": [13.6, 12.8, 14.4, 13.6], "texture": "#2"},
				"up": {"uv": [14.4, 14.4, 13.6, 13.6], "texture": "#2"},
				"down": {"uv": [15.2, 0, 14.4, 0.8], "texture": "#2"}
			}
		},
		{
			"from": [7.6, 3.7, 7.6],
			"to": [8.4, 5.7, 8.4],
			"rotation": {"angle": 0, "axis": "x", "origin": [8, 4.2, 8]},
			"faces": {
				"north": {"uv": [12.8, 6.4, 13.4, 8], "texture": "#2"},
				"east": {"uv": [7.2, 12.8, 7.8, 14.4], "texture": "#2"},
				"south": {"uv": [10.4, 12.8, 11, 14.4], "texture": "#2"},
				"west": {"uv": [12.8, 12, 13.4, 13.6], "texture": "#2"},
				"up": {"uv": [15, 12.6, 14.4, 12], "texture": "#2"},
				"down": {"uv": [13.4, 14.4, 12.8, 15], "texture": "#2"}
			}
		},
		{
			"from": [7.6, 14.7, 7.6],
			"to": [8.4, 21.7, 8.4],
			"rotation": {"angle": 0, "axis": "x", "origin": [8, 15.2, 8]},
			"faces": {
				"north": {"uv": [9.6, 9.6, 10.2, 15.2], "texture": "#2"},
				"east": {"uv": [10.4, 0, 11, 5.6], "texture": "#2"},
				"south": {"uv": [10.4, 5.6, 11, 11.2], "texture": "#2"},
				"west": {"uv": [8, 10.4, 8.6, 16], "texture": "#2"}
			}
		},
		{
			"from": [7.5, 13.7, 7.5],
			"to": [8.5, 14.7, 8.5],
			"rotation": {"angle": 0, "axis": "x", "origin": [8, 14.2, 8]},
			"faces": {
				"north": {"uv": [14.4, 4, 15.2, 4.8], "texture": "#2"},
				"east": {"uv": [14.4, 4.8, 15.2, 5.6], "texture": "#2"},
				"south": {"uv": [14.4, 5.6, 15.2, 6.4], "texture": "#2"},
				"west": {"uv": [6.4, 14.4, 7.2, 15.2], "texture": "#2"},
				"up": {"uv": [15.2, 7.2, 14.4, 6.4], "texture": "#2"},
				"down": {"uv": [8, 14.4, 7.2, 15.2], "texture": "#2"}
			}
		},
		{
			"from": [7.6, 11.7, 7.6],
			"to": [8.4, 13.7, 8.4],
			"rotation": {"angle": 0, "axis": "x", "origin": [8, 12.2, 8]},
			"faces": {
				"north": {"uv": [13.6, 1.6, 14.2, 3.2], "texture": "#2"},
				"east": {"uv": [2.4, 13.6, 3, 15.2], "texture": "#2"},
				"south": {"uv": [3.2, 13.6, 3.8, 15.2], "texture": "#2"},
				"west": {"uv": [13.6, 3.2, 14.2, 4.8], "texture": "#2"},
				"up": {"uv": [15, 13.4, 14.4, 12.8], "texture": "#2"},
				"down": {"uv": [14.2, 14.4, 13.6, 15], "texture": "#2"}
			}
		},
		{
			"from": [7.5, 21.4, 7.5],
			"to": [8.5, 23.4, 9.5],
			"rotation": {"angle": -45, "axis": "x", "origin": [8, 21.9, 8]},
			"faces": {
				"north": {"uv": [11.2, 8.8, 12, 10.4], "texture": "#2"},
				"east": {"uv": [11.2, 0, 12.8, 1.6], "texture": "#2"},
				"south": {"uv": [10.4, 11.2, 11.2, 12.8], "texture": "#2"},
				"west": {"uv": [11.2, 1.6, 12.8, 3.2], "texture": "#2"},
				"up": {"uv": [12, 12, 11.2, 10.4], "texture": "#2"},
				"down": {"uv": [12.8, 3.2, 12, 4.8], "texture": "#2"}
			}
		},
		{
			"from": [7.325, 21.6, 7.7],
			"to": [8.675, 23.2, 9.3],
			"rotation": {"angle": -45, "axis": "x", "origin": [7.975, 21.9, 8]},
			"faces": {
				"north": {"uv": [12, 4.8, 13, 6], "texture": "#2"},
				"east": {"uv": [6.4, 11.2, 7.6, 12.4], "texture": "#2"},
				"south": {"uv": [12, 8.8, 13, 10], "texture": "#2"},
				"west": {"uv": [11.2, 7.2, 12.4, 8.4], "texture": "#2"},
				"up": {"uv": [13, 11.6, 12, 10.4], "texture": "#2"},
				"down": {"uv": [12.2, 12, 11.2, 13.2], "texture": "#2"}
			}
		},
		{
			"from": [7.5, 5.7, 7.5],
			"to": [8.5, 11.7, 8.5],
			"rotation": {"angle": 0, "axis": "y", "origin": [7.1, 3.4, 7.1]},
			"faces": {
				"north": {"uv": [8, 5.6, 8.8, 10.4], "texture": "#2"},
				"east": {"uv": [8.8, 5.6, 9.6, 10.4], "texture": "#2"},
				"south": {"uv": [9.6, 0, 10.4, 4.8], "texture": "#2"},
				"west": {"uv": [9.6, 4.8, 10.4, 9.6], "texture": "#2"},
				"up": {"uv": [15.2, 1.6, 14.4, 0.8], "texture": "#2"},
				"down": {"uv": [15.2, 1.6, 14.4, 2.4], "texture": "#2"}
			}
		},
		{
			"from": [7.5125, 21.8, 6.1],
			"to": [8.4875, 23.3, 7.1],
			"rotation": {"angle": -22.5, "axis": "x", "origin": [7.9875, 22.55, 6.6]},
			"faces": {
				"north": {"uv": [0, 13.6, 0.8, 14.8], "texture": "#2"},
				"east": {"uv": [13.6, 0, 14.4, 1.2], "texture": "#2"},
				"south": {"uv": [0.8, 13.6, 1.6, 14.8], "texture": "#2"},
				"west": {"uv": [1.6, 13.6, 2.4, 14.8], "texture": "#2"},
				"up": {"uv": [15.2, 3.2, 14.4, 2.4], "texture": "#2"},
				"down": {"uv": [15.2, 3.2, 14.4, 4], "texture": "#2"}
			}
		},
		{
			"from": [7.5125, 21.8, 8.9],
			"to": [8.4875, 23.3, 9.9],
			"rotation": {"angle": 22.5, "axis": "x", "origin": [7.9875, 22.55, 9.4]},
			"faces": {
				"north": {"uv": [4, 13.6, 4.8, 14.8], "texture": "#2"},
				"east": {"uv": [13.6, 4.8, 14.4, 6], "texture": "#2"},
				"south": {"uv": [13.6, 6.4, 14.4, 7.6], "texture": "#2"},
				"west": {"uv": [13.6, 8, 14.4, 9.2], "texture": "#2"},
				"up": {"uv": [15.2, 11.2, 14.4, 10.4], "texture": "#2"},
				"down": {"uv": [12, 14.4, 11.2, 15.2], "texture": "#2"}
			}
		},
		{
			"from": [8, 14.7, 8.35],
			"to": [8, 21.7, 9.65],
			"rotation": {"angle": 0, "axis": "y", "origin": [8, 18.2, 8]},
			"faces": {
				"north": {"uv": [0, 0, 0, 5.6], "texture": "#2"},
				"east": {"uv": [4.8, 0, 5.8, 5.6], "texture": "#2"},
				"south": {"uv": [0, 0, 0, 5.6], "texture": "#2"},
				"west": {"uv": [4.8, 5.6, 5.8, 11.2], "texture": "#2"},
				"up": {"uv": [0, 1, 0, 0], "texture": "#2"},
				"down": {"uv": [0, 0, 0, 1], "texture": "#2"}
			}
		},
		{
			"from": [8, 14.7, 6.35],
			"to": [8, 21.7, 7.65],
			"rotation": {"angle": 0, "axis": "y", "origin": [8, 18.2, 8]},
			"faces": {
				"north": {"uv": [0, 0, 0, 5.6], "texture": "#2"},
				"east": {"uv": [6.4, 0, 7.4, 5.6], "texture": "#2"},
				"south": {"uv": [0, 0, 0, 5.6], "texture": "#2"},
				"west": {"uv": [6.4, 5.6, 7.4, 11.2], "texture": "#2"},
				"up": {"uv": [0, 1, 0, 0], "texture": "#2"},
				"down": {"uv": [0, 0, 0, 1], "texture": "#2"}
			}
		},
		{
			"from": [8.35, 14.7, 8],
			"to": [9.65, 21.7, 8],
			"rotation": {"angle": 0, "axis": "y", "origin": [8, 18.2, 8]},
			"faces": {
				"north": {"uv": [1.6, 8, 2.6, 13.6], "texture": "#2"},
				"east": {"uv": [0, 0, 0, 5.6], "texture": "#2"},
				"south": {"uv": [3.2, 8, 4.2, 13.6], "texture": "#2"},
				"west": {"uv": [0, 0, 0, 5.6], "texture": "#2"},
				"up": {"uv": [1, 0, 0, 0], "texture": "#2"},
				"down": {"uv": [1, 0, 0, 0], "texture": "#2"}
			}
		},
		{
			"from": [6.35, 14.7, 8],
			"to": [7.65, 21.7, 8],
			"rotation": {"angle": 0, "axis": "y", "origin": [8, 18.2, 8]},
			"faces": {
				"north": {"uv": [0, 8, 1, 13.6], "texture": "#2"},
				"east": {"uv": [0, 0, 0, 5.6], "texture": "#2"},
				"south": {"uv": [8, 0, 9, 5.6], "texture": "#2"},
				"west": {"uv": [0, 0, 0, 5.6], "texture": "#2"},
				"up": {"uv": [1, 0, 0, 0], "texture": "#2"},
				"down": {"uv": [1, 0, 0, 0], "texture": "#2"}
			}
		},
		{
			"from": [7.6, 23.5, 7.6],
			"to": [8.4, 28.5, 8.4],
			"rotation": {"angle": 0, "axis": "y", "origin": [7.5, 23.5, 7.5]},
			"faces": {
				"north": {"uv": [8.8, 10.4, 9.4, 14.4], "texture": "#2"},
				"east": {"uv": [11.2, 3.2, 11.8, 7.2], "texture": "#2"},
				"south": {"uv": [4.8, 11.2, 5.4, 15.2], "texture": "#2"},
				"west": {"uv": [5.6, 11.2, 6.2, 15.2], "texture": "#2"},
				"up": {"uv": [15, 14.2, 14.4, 13.6], "texture": "#2"},
				"down": {"uv": [15, 14.4, 14.4, 15], "texture": "#2"}
			}
		},
		{
			"from": [7.5, 28.2, 7.5],
			"to": [8.5, 29.2, 8.5],
			"rotation": {"angle": 45, "axis": "x", "origin": [8, 28.7, 8]},
			"faces": {
				"north": {"uv": [14.4, 7.2, 15.2, 8], "texture": "#2"},
				"east": {"uv": [14.4, 8, 15.2, 8.8], "texture": "#2"},
				"south": {"uv": [8.8, 14.4, 9.6, 15.2], "texture": "#2"},
				"west": {"uv": [14.4, 8.8, 15.2, 9.6], "texture": "#2"},
				"up": {"uv": [15.2, 10.4, 14.4, 9.6], "texture": "#2"},
				"down": {"uv": [11.2, 14.4, 10.4, 15.2], "texture": "#2"}
			}
		},
		{
			"from": [8, 22.5, 5],
			"to": [8, 32, 11],
			"rotation": {"angle": 0, "axis": "y", "origin": [7, 22.5, 6]},
			"faces": {
				"north": {"uv": [0, 0, 0, 7.6], "texture": "#2"},
				"east": {"uv": [4.8, 0, 0, 7.6], "texture": "#2"},
				"south": {"uv": [0, 0, 0, 7.6], "texture": "#2"},
				"west": {"uv": [0, 0, 4.8, 7.6], "texture": "#2"},
				"up": {"uv": [0, 4.8, 0, 0], "texture": "#2"},
				"down": {"uv": [0, 0, 0, 4.8], "texture": "#2"}
			}
		},
		{
			"from": [4.5, 19, 8],
			"to": [11.5, 26, 8],
			"rotation": {"angle": -45, "axis": "y", "origin": [8, 22.5, 8]},
			"faces": {
				"north": {"uv": [0, 0, 14.1, 14.1], "rotation": 270, "texture": "#1"},
				"east": {"uv": [0, 0, 0, 5.6], "texture": "#1"},
				"south": {"uv": [14.1, 0, 0, 14.1], "rotation": 90, "texture": "#1"},
				"west": {"uv": [0, 5.6, 0, 0], "rotation": 180, "texture": "#1"},
				"up": {"uv": [0, 0, 0, 5.6], "rotation": 90, "texture": "#1"},
				"down": {"uv": [0, 0, 0, 5.6], "rotation": 90, "texture": "#1"}
			}
		},
		{
			"from": [4.5, 19, 8],
			"to": [11.5, 26, 8],
			"rotation": {"angle": 45, "axis": "y", "origin": [8, 22.5, 8]},
			"faces": {
				"north": {"uv": [14.1, 0, 0, 14.1], "rotation": 270, "texture": "#1"},
				"east": {"uv": [0, 0, 0, 5.6], "rotation": 180, "texture": "#1"},
				"south": {"uv": [0, 0, 14.1, 14.1], "rotation": 90, "texture": "#1"},
				"west": {"uv": [0, 5.6, 0, 0], "texture": "#1"},
				"up": {"uv": [0, 0, 0, 5.6], "rotation": 90, "texture": "#1"},
				"down": {"uv": [0, 0, 0, 5.6], "rotation": 90, "texture": "#1"}
			}
		}
	],
	"gui_light": "front",
	"display": {
		"thirdperson_righthand": {
			"translation": [0, -2.5, 1.5]
		},
		"thirdperson_lefthand": {
			"translation": [0, -2.5, 1.5]
		},
		"firstperson_righthand": {
			"rotation": [-10, 0, 2],
			"translation": [2.5, -6.5, 1]
		},
		"firstperson_lefthand": {
			"rotation": [-10, 0, 2],
			"translation": [2.5, -6.5, 1]
		},
		"ground": {
			"rotation": [2.8, -0.18, -83.93],
			"translation": [-8.25, -0.5, 0],
			"scale": [1.07813, 1.07813, 1.07813]
		},
		"gui": {
			"rotation": [90, -135, 90],
			"translation": [-3.5, -3.75, 0],
			"scale": [0.6457, 0.6457, 0.6457]
		},
		"head": {
			"scale": [0, 0, 0]
		},
		"fixed": {
			"rotation": [-90, 90, 90],
			"translation": [0, -11.5, -2.25],
			"scale": [2.05195, 2.05195, 2.05195]
		}
	}
}