{"textures":{"0":"modelengine:entity/frog_permafrost"},"elements":[{"from":[5.444137,3.3947387,4.505104],"to":[17.444138,11.394739,11.505104],"faces":{"east":{"uv":[1.75,11.5,0.875,12.5],"tintindex":0,"rotation":0,"texture":"#0"},"south":{"uv":[10.125,3.875,8.625,4.875],"tintindex":0,"rotation":0,"texture":"#0"},"north":{"uv":[10.125,2.75,8.625,3.75],"tintindex":0,"rotation":0,"texture":"#0"},"west":{"uv":[11.875,4.625,11.0,5.625],"tintindex":0,"rotation":0,"texture":"#0"},"up":{"uv":[10.25,3.5,11.75,2.625],"tintindex":0,"rotation":0,"texture":"#0"},"down":{"uv":[10.25,3.625,11.75,4.5],"tintindex":0,"rotation":0,"texture":"#0"}},"rotation":{"origin":[11.444138,8.394739,8.005104],"angle":22.5,"axis":"z"}}]}