{"textures":{"0":"item/meg/golem_arcane"},"elements":[{"from":[4.5000005,-2.2385712,5.0994306],"to":[11.5,9.761428,12.09943],"faces":{"east":{"uv":[6.8125,4.625,6.375,5.375],"tintindex":0,"rotation":0,"texture":"#0"},"south":{"uv":[3.3125,6.375,2.875,7.125],"tintindex":0,"rotation":0,"texture":"#0"},"north":{"uv":[3.3125,6.375,2.875,7.125],"tintindex":0,"rotation":0,"texture":"#0"},"west":{"uv":[6.8125,4.625,6.375,5.375],"tintindex":0,"rotation":0,"texture":"#0"},"up":{"uv":[7.375,3.75,7.8125,3.3125],"tintindex":0,"rotation":0,"texture":"#0"},"down":{"uv":[7.375,3.75,7.8125,3.3125],"tintindex":0,"rotation":0,"texture":"#0"}},"rotation":{"origin":[8.5,6.5320263,10.446149],"angle":-22.5,"axis":"x"}}]}