{"textures":{"0":"modelengine:entity/capybara"},"elements":[{"from":[4.0,0.75,4.5000005],"to":[11.0,8.75,11.5],"faces":{"east":{"uv":[10.625,9.875,9.75,10.875],"tintindex":0,"rotation":0,"texture":"#0"},"south":{"uv":[9.625,9.875,8.75,10.875],"tintindex":0,"rotation":0,"texture":"#0"},"north":{"uv":[6.375,9.75,5.5,10.75],"tintindex":0,"rotation":0,"texture":"#0"},"west":{"uv":[10.75,5.5,9.875,6.5],"tintindex":0,"rotation":0,"texture":"#0"},"up":{"uv":[9.125,1.625,10.0,0.75],"tintindex":0,"rotation":0,"texture":"#0"},"down":{"uv":[10.125,4.125,11.0,5.0],"tintindex":0,"rotation":0,"texture":"#0"}}}]}