{"textures":{"0":"modelengine:entity/capybara"},"elements":[{"from":[1.0,4.25,-13.125],"to":[15.0,19.25,-1.125],"faces":{"east":{"uv":[1.875,6.0,3.375,7.875],"tintindex":0,"rotation":0,"texture":"#0"},"south":{"uv":[0.0,3.875,1.75,5.75],"tintindex":0,"rotation":0,"texture":"#0"},"north":{"uv":[3.75,0.0,5.5,1.875],"tintindex":0,"rotation":0,"texture":"#0"},"west":{"uv":[3.5,6.0,5.0,7.875],"tintindex":0,"rotation":0,"texture":"#0"},"up":{"uv":[6.875,8.0,5.125,6.5],"tintindex":0,"rotation":0,"texture":"#0"},"down":{"uv":[8.75,1.75,7.0,3.25],"tintindex":0,"rotation":0,"texture":"#0"}}},{"from":[1.0,4.25,-1.125],"to":[15.0,20.25,11.875],"faces":{"east":{"uv":[1.875,3.875,3.5,5.875],"tintindex":0,"rotation":0,"texture":"#0"},"south":{"uv":[1.875,0.0,3.625,2.0],"tintindex":0,"rotation":0,"texture":"#0"},"north":{"uv":[0.0,0.0,1.75,2.0],"tintindex":0,"rotation":0,"texture":"#0"},"west":{"uv":[3.625,3.875,5.25,5.875],"tintindex":0,"rotation":0,"texture":"#0"},"up":{"uv":[7.375,1.625,5.625,0.0],"tintindex":0,"rotation":0,"texture":"#0"},"down":{"uv":[1.75,5.875,0.0,7.5],"tintindex":0,"rotation":0,"texture":"#0"}}},{"from":[0.5374999,10.75,-1.375],"to":[15.4625,20.75,4.6249995],"faces":{"east":{"uv":[4.5,2.0,5.25,3.25],"tintindex":0,"rotation":0,"texture":"#0"},"south":{"uv":[7.0,4.75,9.0,6.0],"tintindex":0,"rotation":0,"texture":"#0"},"north":{"uv":[7.0,3.375,9.0,4.625],"tintindex":0,"rotation":0,"texture":"#0"},"west":{"uv":[4.625,9.75,5.375,11.0],"tintindex":0,"rotation":0,"texture":"#0"},"up":{"uv":[4.125,8.75,2.125,8.0],"tintindex":0,"rotation":0,"texture":"#0"},"down":{"uv":[6.25,8.125,4.25,8.875],"tintindex":0,"rotation":0,"texture":"#0"}}},{"from":[0.5374999,10.75,-6.375],"to":[15.4625,19.75,-1.375],"faces":{"east":{"uv":[10.125,8.625,10.75,9.75],"tintindex":0,"rotation":0,"texture":"#0"},"south":{"uv":[0.0,8.0,2.0,9.125],"tintindex":0,"rotation":0,"texture":"#0"},"north":{"uv":[7.0,7.875,9.0,9.0],"tintindex":0,"rotation":0,"texture":"#0"},"west":{"uv":[3.0,10.25,3.625,11.375],"tintindex":0,"rotation":0,"texture":"#0"},"up":{"uv":[6.625,9.625,4.625,9.0],"tintindex":0,"rotation":0,"texture":"#0"},"down":{"uv":[11.125,0.0,9.125,0.625],"tintindex":0,"rotation":0,"texture":"#0"}}}]}