{"textures":{"0":"item/meg/horse_spartan"},"elements":[{"from":[5.85625,13.113373,9.251654],"to":[10.85625,19.113373,17.251656],"faces":{"east":{"uv":[4.5,10.75,5.5,11.5],"tintindex":0,"rotation":0,"texture":"#0"},"south":{"uv":[3.5,13.625,4.125,14.375],"tintindex":0,"rotation":0,"texture":"#0"},"north":{"uv":[13.625,2.375,14.25,3.125],"tintindex":0,"rotation":0,"texture":"#0"},"west":{"uv":[2.0,10.875,3.0,11.625],"tintindex":0,"rotation":0,"texture":"#0"},"up":{"uv":[12.75,7.5,12.125,6.5],"tintindex":0,"rotation":0,"texture":"#0"},"down":{"uv":[7.375,12.25,6.75,13.25],"tintindex":0,"rotation":0,"texture":"#0"}},"rotation":{"origin":[2.88125,14.064144,-0.24849606],"angle":45.0,"axis":"x"}}]}