{"textures":{"0":"item/meg/horse_spartan"},"elements":[{"from":[5.5,-8.679321,2.2271733],"to":[10.5,-2.6793222,7.227173],"faces":{"east":{"uv":[10.75,13.125,11.375,13.875],"tintindex":0,"rotation":0,"texture":"#0"},"south":{"uv":[13.25,0.625,13.875,1.375],"tintindex":0,"rotation":0,"texture":"#0"},"north":{"uv":[10.0,13.125,10.625,13.875],"tintindex":0,"rotation":0,"texture":"#0"},"west":{"uv":[13.25,5.375,13.875,6.125],"tintindex":0,"rotation":0,"texture":"#0"},"up":{"uv":[12.5,14.25,11.875,13.625],"tintindex":0,"rotation":0,"texture":"#0"},"down":{"uv":[9.625,13.75,9.0,14.375],"tintindex":0,"rotation":0,"texture":"#0"}},"rotation":{"origin":[8.0,6.5391865,-6.843169],"angle":-45.0,"axis":"x"}}]}