{"textures":{"1":"modelengine:entity/azriel_book"},"elements":[{"from":[5.5,7.0,-4.5],"to":[10.5,9.0,20.5],"faces":{"east":{"uv":[7.75,1.5,10.875,1.75],"tintindex":0,"rotation":0,"texture":"#1"},"south":{"uv":[7.75,7.0,8.375,7.25],"tintindex":0,"rotation":0,"texture":"#1"},"north":{"uv":[7.75,6.75,8.375,7.0],"tintindex":0,"rotation":0,"texture":"#1"},"west":{"uv":[7.75,1.75,10.875,2.0],"tintindex":0,"rotation":0,"texture":"#1"},"up":{"uv":[0.625,9.375,0.0,6.25],"tintindex":0,"rotation":0,"texture":"#1"},"down":{"uv":[1.25,6.25,0.625,9.375],"tintindex":0,"rotation":0,"texture":"#1"}}}]}