{"textures":{"0":"item/meg/kfx_chinese_dragon"},"elements":[{"from":[3.8999996,0.8999996,2.9000006],"to":[12.1,11.099998,13.1],"faces":{"east":{"uv":[0.0,9.5,1.25,10.75],"tintindex":0,"rotation":0,"texture":"#0"},"south":{"uv":[9.75,4.375,10.75,5.625],"tintindex":0,"rotation":0,"texture":"#0"},"north":{"uv":[6.375,9.5,7.375,10.75],"tintindex":0,"rotation":0,"texture":"#0"},"west":{"uv":[9.5,3.125,10.75,4.375],"tintindex":0,"rotation":0,"texture":"#0"},"up":{"uv":[10.75,9.0,9.75,7.75],"tintindex":0,"rotation":0,"texture":"#0"},"down":{"uv":[10.875,0.0,9.875,1.25],"tintindex":0,"rotation":0,"texture":"#0"}},"rotation":{"origin":[8.0,6.0,8.0],"angle":45.0,"axis":"x"}}]}