{"textures":{"0":"item/meg/kfx_chinese_dragon"},"elements":[{"from":[5.2000003,0.29134274,4.73806],"to":[10.8,10.091343,11.33806],"faces":{"east":{"uv":[3.125,10.75,2.25,12.0],"tintindex":0,"rotation":0,"texture":"#0"},"south":{"uv":[11.5,8.125,10.75,9.375],"tintindex":0,"rotation":0,"texture":"#0"},"north":{"uv":[8.0,10.75,7.25,12.0],"tintindex":0,"rotation":0,"texture":"#0"},"west":{"uv":[0.875,10.75,0.0,12.0],"tintindex":0,"rotation":0,"texture":"#0"},"up":{"uv":[11.375,12.125,12.125,11.25],"tintindex":0,"rotation":0,"texture":"#0"},"down":{"uv":[5.625,11.5,6.375,12.375],"tintindex":0,"rotation":0,"texture":"#0"}},"rotation":{"origin":[8.0,5.1913433,7.53806],"angle":22.5,"axis":"x"}}]}