{
	"credit": "by w11shes",
	"textures": {
		"0": "item/warrior_weapon_assortment/warrior_shield"
	},
	"elements": [
		{
			"from": [-2, 0, 6],
			"to": [8, 18, 8],
			"rotation": {"angle": 22.5, "axis": "y", "origin": [8, 0, 6]},
			"faces": {
				"north": {"uv": [0, 0, 2.5, 4.5], "texture": "#0"},
				"south": {"uv": [2.5, 0, 5, 4.5], "texture": "#0"},
				"west": {"uv": [4, 4.5, 4.5, 9], "texture": "#0"},
				"up": {"uv": [8.5, 5, 6, 4.5], "texture": "#0"},
				"down": {"uv": [8.5, 5, 6, 5.5], "texture": "#0"}
			}
		},
		{
			"from": [-5, 12, 6],
			"to": [3, 22, 8],
			"rotation": {"angle": 22.5, "axis": "y", "origin": [8, 0, 6]},
			"faces": {
				"north": {"uv": [0, 4.5, 2, 7], "texture": "#0"},
				"east": {"uv": [6, 5.5, 6.5, 8], "texture": "#0"},
				"south": {"uv": [2, 4.5, 4, 7], "texture": "#0"},
				"west": {"uv": [6.5, 0, 7, 2.5], "texture": "#0"},
				"up": {"uv": [8.5, 4.5, 6.5, 4], "texture": "#0"},
				"down": {"uv": [9.25, 5.5, 7.25, 6], "texture": "#0"}
			}
		},
		{
			"from": [13, 12, 6],
			"to": [21, 22, 8],
			"rotation": {"angle": -22.5, "axis": "y", "origin": [8, 0, 6]},
			"faces": {
				"north": {"uv": [2, 4.5, 0, 7], "texture": "#0"},
				"east": {"uv": [7, 0, 6.5, 2.5], "texture": "#0"},
				"south": {"uv": [4, 4.5, 2, 7], "texture": "#0"},
				"west": {"uv": [6.5, 5.5, 6, 8], "texture": "#0"},
				"up": {"uv": [6.5, 4.5, 8.5, 4], "texture": "#0"},
				"down": {"uv": [7.25, 5.5, 9.25, 6], "texture": "#0"}
			}
		},
		{
			"from": [8, 0, 6],
			"to": [18, 18, 8],
			"rotation": {"angle": -22.5, "axis": "y", "origin": [8, 0, 6]},
			"faces": {
				"north": {"uv": [2.5, 0, 0, 4.5], "texture": "#0"},
				"east": {"uv": [4.5, 4.5, 4, 9], "texture": "#0"},
				"south": {"uv": [5, 0, 2.5, 4.5], "texture": "#0"},
				"up": {"uv": [6, 5, 8.5, 4.5], "texture": "#0"},
				"down": {"uv": [6, 5, 8.5, 5.5], "texture": "#0"}
			}
		},
		{
			"from": [6.5, 7, 8.1],
			"to": [9.5, 13, 14.1],
			"faces": {
				"east": {"uv": [6, 4.5, 4.5, 6], "texture": "#0"},
				"south": {"uv": [6.5, 2.5, 7.25, 4], "texture": "#0"},
				"west": {"uv": [4.5, 4.5, 6, 6], "texture": "#0"},
				"up": {"uv": [7.25, 7, 6.5, 5.5], "texture": "#0"},
				"down": {"uv": [0.75, 7, 0, 8.5], "texture": "#0"}
			}
		},
		{
			"from": [9.5, 12, 13.1],
			"to": [6.5, 8, 8.1],
			"rotation": {"angle": 0, "axis": "y", "origin": [16, 16, 16]},
			"faces": {
				"north": {"uv": [6.5, 3.75, 7.25, 2.75], "texture": "#0"},
				"up": {"uv": [0.75, 7.25, 0, 8.5], "texture": "#0"},
				"down": {"uv": [7.25, 7, 6.5, 5.75], "texture": "#0"}
			}
		},
		{
			"from": [8, 13.75, 6],
			"to": [14, 19.75, 9],
			"rotation": {"angle": 45, "axis": "z", "origin": [8, 13.75, 6]},
			"faces": {
				"north": {"uv": [5, 0, 6.5, 1.5], "texture": "#0"},
				"east": {"uv": [7, 0, 7.75, 1.5], "texture": "#0"},
				"south": {"uv": [5, 1.5, 6.5, 3], "texture": "#0"},
				"west": {"uv": [0.75, 7, 1.5, 8.5], "texture": "#0"},
				"up": {"uv": [3, 7.75, 1.5, 7], "texture": "#0"},
				"down": {"uv": [8.5, 1.5, 7, 2.25], "texture": "#0"}
			}
		},
		{
			"from": [8, -1.75, 6],
			"to": [14, 4.25, 9],
			"rotation": {"angle": -45, "axis": "z", "origin": [8, 4.25, 6]},
			"faces": {
				"north": {"uv": [5, 3, 6.5, 4.5], "texture": "#0"},
				"east": {"uv": [3, 7, 3.75, 8.5], "texture": "#0"},
				"south": {"uv": [4.5, 6, 6, 7.5], "texture": "#0"},
				"west": {"uv": [6.5, 7, 7.25, 8.5], "texture": "#0"},
				"up": {"uv": [8.75, 3, 7.25, 2.25], "texture": "#0"},
				"down": {"uv": [8.75, 3, 7.25, 3.75], "texture": "#0"}
			}
		}
	],
	"gui_light": "front",
	"display": {
		"thirdperson_righthand": {
			"rotation": [0, -90, 0],
			"translation": [2.5, -3.5, 2.5],
			"scale": [0.8, 0.8, 0.8]
		},
		"thirdperson_lefthand": {
			"rotation": [0, -90, 0],
			"translation": [2.5, -3.5, 2.5],
			"scale": [0.8, 0.8, 0.8]
		},
		"firstperson_righthand": {
			"translation": [-1.5, 1.25, 0],
			"scale": [0.32617, 0.32617, 0.32617]
		},
		"firstperson_lefthand": {
			"translation": [-1.5, 1.25, 0],
			"scale": [0.32617, 0.32617, 0.32617]
		},
		"ground": {
			"translation": [0, 6, 0],
			"scale": [0.6, 0.6, 0.6]
		},
		"gui": {
			"rotation": [0, 180, 0],
			"translation": [0, -0.75, 0],
			"scale": [0.58594, 0.58594, 0.58594]
		},
		"head": {
			"scale": [0, 0, 0]
		},
		"fixed": {
			"translation": [0, -4.75, -7.75],
			"scale": [1.6, 1.6, 1.6]
		}
	}
}