{"textures":{"0":"modelengine:entity/frog_permafrost"},"elements":[{"from":[5.008333,0.47020054,3.825593],"to":[11.008333,8.470201,9.825593],"faces":{"east":{"uv":[3.0,12.5,3.75,13.5],"tintindex":0,"rotation":0,"texture":"#0"},"south":{"uv":[3.875,12.5,4.625,13.5],"tintindex":0,"rotation":0,"texture":"#0"},"north":{"uv":[12.25,11.625,13.0,12.625],"tintindex":0,"rotation":0,"texture":"#0"},"west":{"uv":[0.875,12.625,1.625,13.625],"tintindex":0,"rotation":0,"texture":"#0"},"up":{"uv":[0.75,13.625,0.0,12.875],"tintindex":0,"rotation":0,"texture":"#0"},"down":{"uv":[13.625,6.875,12.875,7.625],"tintindex":0,"rotation":0,"texture":"#0"}},"rotation":{"origin":[9.008333,5.4702005,7.575593],"angle":22.5,"axis":"x"}}]}