{"textures":{"0":"item/meg/frog_green"},"elements":[{"from":[2.791296,0.20124912,5.3401384],"to":[8.791296,10.201249,10.340138],"faces":{"east":{"uv":[12.625,3.75,12.0,5.0],"tintindex":0,"rotation":0,"texture":"#0"},"south":{"uv":[8.75,11.375,8.0,12.625],"tintindex":0,"rotation":0,"texture":"#0"},"north":{"uv":[7.875,11.375,7.125,12.625],"tintindex":0,"rotation":0,"texture":"#0"},"west":{"uv":[6.75,11.625,6.125,12.875],"tintindex":0,"rotation":0,"texture":"#0"},"up":{"uv":[13.25,10.125,14.0,9.5],"tintindex":0,"rotation":0,"texture":"#0"},"down":{"uv":[13.25,10.25,14.0,10.875],"tintindex":0,"rotation":0,"texture":"#0"}},"rotation":{"origin":[4.291296,3.2012491,6.8401384],"angle":-22.5,"axis":"z"}}]}