{
	"credit": "Made with Blockbench",
	"textures": {
		"1": "item/firework/firework_ef_long",
		"2": "item/firework/firework_set"
	},
	"elements": [
		{
			"from": [1.492, 21.742, 7.792],
			"to": [14.508, 24.758, 8.208],
			"rotation": {"angle": 0, "axis": "y", "origin": [7, -1, 7]},
			"faces": {
				"north": {"uv": [6.6875, 4.125, 7.5, 4.3125], "texture": "#2"},
				"east": {"uv": [7.625, 8.6875, 7.6875, 8.875], "texture": "#2"},
				"south": {"uv": [6.6875, 5, 7.5, 5.1875], "texture": "#2"},
				"west": {"uv": [8.75, 0.625, 8.8125, 0.8125], "texture": "#2"},
				"up": {"uv": [8.5, 3.8125, 7.6875, 3.75], "texture": "#2"},
				"down": {"uv": [8.5625, 5.625, 7.75, 5.6875], "texture": "#2"}
			}
		},
		{
			"from": [11.228, 15.1294, 9.00294],
			"to": [13.26411, 19.19352, 10.02506],
			"rotation": {"angle": -22.5, "axis": "z", "origin": [8.55864, 23.04745, 11.01015]},
			"faces": {
				"north": {"uv": [8.25, 1.4375, 8.375, 1.6875], "texture": "#2"},
				"east": {"uv": [8.25, 8.5625, 8.3125, 8.8125], "texture": "#2"},
				"south": {"uv": [1.5625, 8.25, 1.6875, 8.5], "texture": "#2"},
				"west": {"uv": [8.375, 8.5625, 8.4375, 8.8125], "texture": "#2"},
				"up": {"uv": [8.9375, 3.5, 8.8125, 3.4375], "texture": "#2"},
				"down": {"uv": [3.625, 8.8125, 3.5, 8.875], "texture": "#2"}
			}
		},
		{
			"from": [7.12703, 16.99504, 9.007],
			"to": [9.15503, 21.05104, 10.021],
			"rotation": {"angle": 22.5, "axis": "z", "origin": [8.55864, 23.04745, 11.01015]},
			"faces": {
				"north": {"uv": [8.25, 0.875, 8.375, 1.125], "texture": "#2"},
				"east": {"uv": [8, 8.5625, 8.0625, 8.8125], "texture": "#2"},
				"south": {"uv": [1.4375, 8.25, 1.5625, 8.5], "texture": "#2"},
				"west": {"uv": [8.1875, 8.5625, 8.25, 8.8125], "texture": "#2"},
				"up": {"uv": [8.9375, 3.375, 8.8125, 3.3125], "texture": "#2"},
				"down": {"uv": [8.9375, 3.375, 8.8125, 3.4375], "texture": "#2"}
			}
		},
		{
			"from": [2.73589, 15.1294, 9.00294],
			"to": [4.772, 19.19352, 10.02506],
			"rotation": {"angle": 22.5, "axis": "z", "origin": [7.44136, 23.04745, 11.01015]},
			"faces": {
				"north": {"uv": [0.5, 8.25, 0.625, 8.5], "texture": "#2"},
				"east": {"uv": [7.6875, 8.5625, 7.75, 8.8125], "texture": "#2"},
				"south": {"uv": [8.25, 0.625, 8.375, 0.875], "texture": "#2"},
				"west": {"uv": [7.75, 8.5625, 7.8125, 8.8125], "texture": "#2"},
				"up": {"uv": [8.9375, 3.125, 8.8125, 3.0625], "texture": "#2"},
				"down": {"uv": [8.9375, 3.125, 8.8125, 3.1875], "texture": "#2"}
			}
		},
		{
			"from": [6.84497, 16.99504, 9.007],
			"to": [8.87297, 21.05104, 10.021],
			"rotation": {"angle": -22.5, "axis": "z", "origin": [7.44136, 23.04745, 11.01015]},
			"faces": {
				"north": {"uv": [8.25, 0, 8.375, 0.25], "texture": "#2"},
				"east": {"uv": [7.5, 8.5625, 7.5625, 8.8125], "texture": "#2"},
				"south": {"uv": [0.0625, 8.25, 0.1875, 8.5], "texture": "#2"},
				"west": {"uv": [7.5625, 8.5625, 7.625, 8.8125], "texture": "#2"},
				"up": {"uv": [8.9375, 2.75, 8.8125, 2.6875], "texture": "#2"},
				"down": {"uv": [8.9375, 2.75, 8.8125, 2.8125], "texture": "#2"}
			}
		},
		{
			"from": [2.73589, 15.1294, 5.97494],
			"to": [4.772, 19.19352, 6.99706],
			"rotation": {"angle": 22.5, "axis": "z", "origin": [7.44136, 23.04745, 4.98985]},
			"faces": {
				"north": {"uv": [8.1875, 7.875, 8.3125, 8.125], "texture": "#2"},
				"east": {"uv": [6.5625, 8.5625, 6.625, 8.8125], "texture": "#2"},
				"south": {"uv": [8.1875, 8.125, 8.3125, 8.375], "texture": "#2"},
				"west": {"uv": [8.5625, 6.8125, 8.625, 7.0625], "texture": "#2"},
				"up": {"uv": [2.75, 8.875, 2.625, 8.8125], "texture": "#2"},
				"down": {"uv": [8.9375, 2.625, 8.8125, 2.6875], "texture": "#2"}
			}
		},
		{
			"from": [6.84497, 16.99504, 5.979],
			"to": [8.87297, 21.05104, 6.993],
			"rotation": {"angle": -22.5, "axis": "z", "origin": [7.44136, 23.04745, 4.98985]},
			"faces": {
				"north": {"uv": [7.4375, 8.1875, 7.5625, 8.4375], "texture": "#2"},
				"east": {"uv": [6.125, 8.5625, 6.1875, 8.8125], "texture": "#2"},
				"south": {"uv": [7.5625, 8.1875, 7.6875, 8.4375], "texture": "#2"},
				"west": {"uv": [6.5, 8.5625, 6.5625, 8.8125], "texture": "#2"},
				"up": {"uv": [8.9375, 2.4375, 8.8125, 2.375], "texture": "#2"},
				"down": {"uv": [8.9375, 2.5, 8.8125, 2.5625], "texture": "#2"}
			}
		},
		{
			"from": [7.12703, 16.99504, 5.979],
			"to": [9.15503, 21.05104, 6.993],
			"rotation": {"angle": 22.5, "axis": "z", "origin": [8.55864, 23.04745, 4.98985]},
			"faces": {
				"north": {"uv": [6.5, 8.1875, 6.625, 8.4375], "texture": "#2"},
				"east": {"uv": [5.9375, 8.5625, 6, 8.8125], "texture": "#2"},
				"south": {"uv": [8.1875, 6.5625, 8.3125, 6.8125], "texture": "#2"},
				"west": {"uv": [6, 8.5625, 6.0625, 8.8125], "texture": "#2"},
				"up": {"uv": [8.9375, 2.1875, 8.8125, 2.125], "texture": "#2"},
				"down": {"uv": [8.9375, 2.1875, 8.8125, 2.25], "texture": "#2"}
			}
		},
		{
			"from": [11.228, 15.1294, 5.97494],
			"to": [13.26411, 19.19352, 6.99706],
			"rotation": {"angle": -22.5, "axis": "z", "origin": [8.55864, 23.04745, 4.98985]},
			"faces": {
				"north": {"uv": [8.1875, 6.8125, 8.3125, 7.0625], "texture": "#2"},
				"east": {"uv": [6.0625, 8.5625, 6.125, 8.8125], "texture": "#2"},
				"south": {"uv": [7.3125, 8.1875, 7.4375, 8.4375], "texture": "#2"},
				"west": {"uv": [8.5625, 6.0625, 8.625, 6.3125], "texture": "#2"},
				"up": {"uv": [8.9375, 2.3125, 8.8125, 2.25], "texture": "#2"},
				"down": {"uv": [8.9375, 2.3125, 8.8125, 2.375], "texture": "#2"}
			}
		},
		{
			"from": [7.95407, 13.98445, 6.95694],
			"to": [16.08818, 22.11856, 9.04306],
			"rotation": {"angle": -45, "axis": "z", "origin": [8.90491, 22.44745, 5.48985]},
			"faces": {
				"north": {"uv": [6.5, 1, 7, 1.5], "texture": "#2"},
				"east": {"uv": [0.75, 8.125, 0.8125, 8.625], "texture": "#2"},
				"south": {"uv": [3.9375, 6.5, 4.4375, 7], "texture": "#2"},
				"west": {"uv": [5.25, 8.125, 5.3125, 8.625], "texture": "#2"},
				"up": {"uv": [8.5625, 4.375, 8.0625, 4.3125], "texture": "#2"},
				"down": {"uv": [8.625, 0.4375, 8.125, 0.5], "texture": "#2"}
			}
		},
		{
			"from": [20.13312, -8.7665, 7.493],
			"to": [24.18912, -4.7105, 8.507],
			"rotation": {"angle": -45, "axis": "z", "origin": [8.90491, 7.79745, 5.48985]},
			"faces": {
				"north": {"uv": [2.875, 7.6875, 3.125, 7.9375], "texture": "#2"},
				"east": {"uv": [5.8125, 8.5625, 5.875, 8.8125], "texture": "#2"},
				"south": {"uv": [3.125, 7.6875, 3.375, 7.9375], "texture": "#2"},
				"west": {"uv": [5.875, 8.5625, 5.9375, 8.8125], "texture": "#2"},
				"up": {"uv": [8.8125, 0.5625, 8.5625, 0.5], "texture": "#2"},
				"down": {"uv": [8.8125, 2, 8.5625, 2.0625], "texture": "#2"}
			}
		},
		{
			"from": [6.8846, -10.91086, 6.8846],
			"to": [9.1154, -6.85486, 9.1154],
			"rotation": {"angle": 0, "axis": "y", "origin": [8.90491, 7.79745, 5.48985]},
			"faces": {
				"north": {"uv": [8.1875, 5.1875, 8.3125, 5.4375], "texture": "#2"},
				"east": {"uv": [8.1875, 5.6875, 8.3125, 5.9375], "texture": "#2"},
				"south": {"uv": [6.25, 8.1875, 6.375, 8.4375], "texture": "#2"},
				"west": {"uv": [6.375, 8.1875, 6.5, 8.4375], "texture": "#2"},
				"up": {"uv": [8.6875, 2.5, 8.5625, 2.375], "texture": "#2"},
				"down": {"uv": [8.6875, 2.875, 8.5625, 3], "texture": "#2"}
			}
		},
		{
			"from": [7.18474, -6.87312, 7.18474],
			"to": [8.81526, 13.61779, 8.81526],
			"rotation": {"angle": 0, "axis": "y", "origin": [9.64949, 4.44745, 5.48985]},
			"faces": {
				"north": {"uv": [4.875, 6.625, 5, 7.875], "texture": "#2"},
				"east": {"uv": [5, 6.625, 5.125, 7.875], "texture": "#2"},
				"south": {"uv": [5.125, 6.625, 5.25, 7.875], "texture": "#2"},
				"west": {"uv": [5.25, 6.625, 5.375, 7.875], "texture": "#2"},
				"up": {"uv": [8.625, 0.375, 8.5, 0.25], "texture": "#2"},
				"down": {"uv": [0.625, 8.5, 0.5, 8.625], "texture": "#2"}
			}
		},
		{
			"from": [15.248, 16.498, 7.798],
			"to": [18.252, 23.252, 8.202],
			"rotation": {"angle": -22.5, "axis": "z", "origin": [17.25, 23.75, 8]},
			"faces": {
				"north": {"uv": [5.625, 7.5, 5.8125, 7.9375], "texture": "#2"},
				"east": {"uv": [4.3125, 8.375, 4.375, 8.8125], "texture": "#2"},
				"south": {"uv": [5.8125, 7.5, 6, 7.9375], "texture": "#2"},
				"west": {"uv": [4.375, 8.375, 4.4375, 8.8125], "texture": "#2"},
				"up": {"uv": [8.9375, 1.375, 8.75, 1.3125], "texture": "#2"},
				"down": {"uv": [8.9375, 1.375, 8.75, 1.4375], "texture": "#2"}
			}
		},
		{
			"from": [14.68016, 22.0831, 7.8],
			"to": [16.80516, 24.1831, 8.2],
			"rotation": {"angle": 22.5, "axis": "z", "origin": [15.30516, 25.4581, 8]},
			"faces": {
				"north": {"uv": [4.8125, 8.625, 4.9375, 8.75], "texture": "#2"},
				"east": {"uv": [6.3125, 8.8125, 6.375, 8.9375], "texture": "#2"},
				"south": {"uv": [8.625, 5, 8.75, 5.125], "texture": "#2"},
				"west": {"uv": [6.375, 8.8125, 6.4375, 8.9375], "texture": "#2"},
				"up": {"uv": [6.625, 8.875, 6.5, 8.8125], "texture": "#2"},
				"down": {"uv": [8.9375, 6.625, 8.8125, 6.6875], "texture": "#2"}
			}
		},
		{
			"from": [7.92816, 15.10931, 7.798],
			"to": [14.43216, 18.11331, 8.202],
			"rotation": {"angle": 22.5, "axis": "z", "origin": [18.55516, 23.61131, 8]},
			"faces": {
				"north": {"uv": [7.5, 0.625, 7.9375, 0.8125], "texture": "#2"},
				"east": {"uv": [1.4375, 8.75, 1.5, 8.9375], "texture": "#2"},
				"south": {"uv": [7.5, 0.8125, 7.9375, 1], "texture": "#2"},
				"west": {"uv": [1.5, 8.75, 1.5625, 8.9375], "texture": "#2"},
				"up": {"uv": [8.8125, 2.75, 8.375, 2.6875], "texture": "#2"},
				"down": {"uv": [8.8125, 2.75, 8.375, 2.8125], "texture": "#2"}
			}
		},
		{
			"from": [17.26099, 14.51252, 7.8],
			"to": [19.36099, 16.66252, 8.2],
			"rotation": {"angle": -22.5, "axis": "z", "origin": [17.86099, 17.76252, 8]},
			"faces": {
				"north": {"uv": [8.625, 4.5625, 8.75, 4.6875], "texture": "#2"},
				"east": {"uv": [5.9375, 8.8125, 6, 8.9375], "texture": "#2"},
				"south": {"uv": [4.6875, 8.625, 4.8125, 8.75], "texture": "#2"},
				"west": {"uv": [6, 8.8125, 6.0625, 8.9375], "texture": "#2"},
				"up": {"uv": [8.9375, 5.875, 8.8125, 5.8125], "texture": "#2"},
				"down": {"uv": [6.1875, 8.8125, 6.0625, 8.875], "texture": "#2"}
			}
		},
		{
			"from": [10.97096, 22.11665, 7.794],
			"to": [14.23296, 26.12865, 8.206],
			"rotation": {"angle": 22.5, "axis": "z", "origin": [7.72696, 24.12265, 8]},
			"faces": {
				"north": {"uv": [7.9375, 2.4375, 8.125, 2.6875], "texture": "#2"},
				"east": {"uv": [3.375, 8.625, 3.4375, 8.875], "texture": "#2"},
				"south": {"uv": [2.625, 7.9375, 2.8125, 8.1875], "texture": "#2"},
				"west": {"uv": [3.4375, 8.625, 3.5, 8.875], "texture": "#2"},
				"up": {"uv": [8.9375, 0.875, 8.75, 0.8125], "texture": "#2"},
				"down": {"uv": [8.9375, 1, 8.75, 1.0625], "texture": "#2"}
			}
		},
		{
			"from": [8.6274, 26.4643, 7.796],
			"to": [12.1354, 29.9723, 8.204],
			"rotation": {"angle": 45, "axis": "z", "origin": [10.1314, 28.4683, 8]},
			"faces": {
				"north": {"uv": [1.1875, 7.8125, 1.4375, 8.0625], "texture": "#2"},
				"east": {"uv": [3.6875, 8.625, 3.75, 8.875], "texture": "#2"},
				"south": {"uv": [2.3125, 7.8125, 2.5625, 8.0625], "texture": "#2"},
				"west": {"uv": [3.75, 8.625, 3.8125, 8.875], "texture": "#2"},
				"up": {"uv": [8.875, 4.5, 8.625, 4.4375], "texture": "#2"},
				"down": {"uv": [8.875, 4.5, 8.625, 4.5625], "texture": "#2"}
			}
		},
		{
			"from": [1.56784, 15.10931, 7.798],
			"to": [8.07184, 18.11331, 8.202],
			"rotation": {"angle": -22.5, "axis": "z", "origin": [-2.55516, 23.61131, 8]},
			"faces": {
				"north": {"uv": [7.9375, 0.625, 7.5, 0.8125], "texture": "#2"},
				"east": {"uv": [1.5625, 8.75, 1.5, 8.9375], "texture": "#2"},
				"south": {"uv": [7.9375, 0.8125, 7.5, 1], "texture": "#2"},
				"west": {"uv": [1.5, 8.75, 1.4375, 8.9375], "texture": "#2"},
				"up": {"uv": [8.375, 2.75, 8.8125, 2.6875], "texture": "#2"},
				"down": {"uv": [8.375, 2.75, 8.8125, 2.8125], "texture": "#2"}
			}
		},
		{
			"from": [-3.36099, 14.51252, 7.8],
			"to": [-1.26099, 16.66252, 8.2],
			"rotation": {"angle": 22.5, "axis": "z", "origin": [-1.86099, 17.76252, 8]},
			"faces": {
				"north": {"uv": [8.75, 4.5625, 8.625, 4.6875], "texture": "#2"},
				"east": {"uv": [6.0625, 8.8125, 6, 8.9375], "texture": "#2"},
				"south": {"uv": [4.8125, 8.625, 4.6875, 8.75], "texture": "#2"},
				"west": {"uv": [6, 8.8125, 5.9375, 8.9375], "texture": "#2"},
				"up": {"uv": [8.8125, 5.875, 8.9375, 5.8125], "texture": "#2"},
				"down": {"uv": [6.0625, 8.8125, 6.1875, 8.875], "texture": "#2"}
			}
		},
		{
			"from": [-0.80516, 22.0831, 7.8],
			"to": [1.31984, 24.1831, 8.2],
			"rotation": {"angle": -22.5, "axis": "z", "origin": [0.69484, 25.4581, 8]},
			"faces": {
				"north": {"uv": [4.9375, 8.625, 4.8125, 8.75], "texture": "#2"},
				"east": {"uv": [6.4375, 8.8125, 6.375, 8.9375], "texture": "#2"},
				"south": {"uv": [8.75, 5, 8.625, 5.125], "texture": "#2"},
				"west": {"uv": [6.375, 8.8125, 6.3125, 8.9375], "texture": "#2"},
				"up": {"uv": [6.5, 8.875, 6.625, 8.8125], "texture": "#2"},
				"down": {"uv": [8.8125, 6.625, 8.9375, 6.6875], "texture": "#2"}
			}
		},
		{
			"from": [-2.252, 16.498, 7.798],
			"to": [0.752, 23.252, 8.202],
			"rotation": {"angle": 22.5, "axis": "z", "origin": [-1.25, 23.75, 8]},
			"faces": {
				"north": {"uv": [5.8125, 7.5, 5.625, 7.9375], "texture": "#2"},
				"east": {"uv": [4.4375, 8.375, 4.375, 8.8125], "texture": "#2"},
				"south": {"uv": [6, 7.5, 5.8125, 7.9375], "texture": "#2"},
				"west": {"uv": [4.375, 8.375, 4.3125, 8.8125], "texture": "#2"},
				"up": {"uv": [8.75, 1.375, 8.9375, 1.3125], "texture": "#2"},
				"down": {"uv": [8.75, 1.375, 8.9375, 1.4375], "texture": "#2"}
			}
		},
		{
			"from": [1.76704, 22.11665, 7.794],
			"to": [5.02904, 26.12865, 8.206],
			"rotation": {"angle": -22.5, "axis": "z", "origin": [8.27304, 24.12265, 8]},
			"faces": {
				"north": {"uv": [8.125, 2.4375, 7.9375, 2.6875], "texture": "#2"},
				"east": {"uv": [3.5, 8.625, 3.4375, 8.875], "texture": "#2"},
				"south": {"uv": [2.8125, 7.9375, 2.625, 8.1875], "texture": "#2"},
				"west": {"uv": [3.4375, 8.625, 3.375, 8.875], "texture": "#2"},
				"up": {"uv": [8.75, 0.875, 8.9375, 0.8125], "texture": "#2"},
				"down": {"uv": [8.75, 1, 8.9375, 1.0625], "texture": "#2"}
			}
		},
		{
			"from": [3.8646, 26.4643, 7.796],
			"to": [7.3726, 29.9723, 8.204],
			"rotation": {"angle": -45, "axis": "z", "origin": [5.8686, 28.4683, 8]},
			"faces": {
				"north": {"uv": [1.4375, 7.8125, 1.1875, 8.0625], "texture": "#2"},
				"east": {"uv": [3.8125, 8.625, 3.75, 8.875], "texture": "#2"},
				"south": {"uv": [2.5625, 7.8125, 2.3125, 8.0625], "texture": "#2"},
				"west": {"uv": [3.75, 8.625, 3.6875, 8.875], "texture": "#2"},
				"up": {"uv": [8.625, 4.5, 8.875, 4.4375], "texture": "#2"},
				"down": {"uv": [8.625, 4.5, 8.875, 4.5625], "texture": "#2"}
			}
		},
		{
			"from": [5.5, 28.44649, 7.8],
			"to": [10.5, 30.94649, 8.2],
			"rotation": {"angle": 0, "axis": "y", "origin": [8, 28.94649, 8]},
			"faces": {
				"north": {"uv": [7.8125, 3.0625, 8.125, 3.25], "texture": "#2"},
				"east": {"uv": [8.75, 1.125, 8.8125, 1.3125], "texture": "#2"},
				"south": {"uv": [7.8125, 3.25, 8.125, 3.4375], "texture": "#2"},
				"west": {"uv": [1.375, 8.75, 1.4375, 8.9375], "texture": "#2"},
				"up": {"uv": [8.75, 6.8125, 8.4375, 6.75], "texture": "#2"},
				"down": {"uv": [8.75, 7.0625, 8.4375, 7.125], "texture": "#2"}
			}
		},
		{
			"from": [12.04902, 17.99048, 7.487],
			"to": [14.59602, 24.08648, 8.513],
			"rotation": {"angle": -22.5, "axis": "z", "origin": [10.60573, 19.58119, 8]},
			"faces": {
				"north": {"uv": [7.625, 3.3125, 7.8125, 3.6875], "texture": "#2"},
				"east": {"uv": [2.6875, 8.4375, 2.75, 8.8125], "texture": "#2"},
				"south": {"uv": [6.25, 7.625, 6.4375, 8], "texture": "#2"},
				"west": {"uv": [2.75, 8.4375, 2.8125, 8.8125], "texture": "#2"},
				"up": {"uv": [8.875, 4.8125, 8.6875, 4.75], "texture": "#2"},
				"down": {"uv": [8.875, 4.8125, 8.6875, 4.875], "texture": "#2"}
			}
		},
		{
			"from": [14.08121, 12.80928, 7.485],
			"to": [17.13221, 20.86908, 8.515],
			"rotation": {"angle": -45, "axis": "z", "origin": [10.60573, 19.58119, 8]},
			"faces": {
				"north": {"uv": [3.375, 7.375, 3.5625, 7.875], "texture": "#2"},
				"east": {"uv": [6.8125, 8.125, 6.875, 8.625], "texture": "#2"},
				"south": {"uv": [6.6875, 7.375, 6.875, 7.875], "texture": "#2"},
				"west": {"uv": [7.8125, 8.125, 7.875, 8.625], "texture": "#2"},
				"up": {"uv": [7.375, 8.75, 7.1875, 8.6875], "texture": "#2"},
				"down": {"uv": [8.875, 7.375, 8.6875, 7.4375], "texture": "#2"}
			}
		},
		{
			"from": [-1.13221, 12.80928, 7.485],
			"to": [1.91879, 20.86908, 8.515],
			"rotation": {"angle": 45, "axis": "z", "origin": [5.39427, 19.58119, 8]},
			"faces": {
				"north": {"uv": [3.5625, 7.375, 3.375, 7.875], "texture": "#2"},
				"east": {"uv": [7.875, 8.125, 7.8125, 8.625], "texture": "#2"},
				"south": {"uv": [6.875, 7.375, 6.6875, 7.875], "texture": "#2"},
				"west": {"uv": [6.875, 8.125, 6.8125, 8.625], "texture": "#2"},
				"up": {"uv": [7.1875, 8.75, 7.375, 8.6875], "texture": "#2"},
				"down": {"uv": [8.6875, 7.375, 8.875, 7.4375], "texture": "#2"}
			}
		},
		{
			"from": [1.40398, 17.99048, 7.487],
			"to": [3.95098, 24.08648, 8.513],
			"rotation": {"angle": 22.5, "axis": "z", "origin": [5.39427, 19.58119, 8]},
			"faces": {
				"north": {"uv": [7.8125, 3.3125, 7.625, 3.6875], "texture": "#2"},
				"east": {"uv": [2.8125, 8.4375, 2.75, 8.8125], "texture": "#2"},
				"south": {"uv": [6.4375, 7.625, 6.25, 8], "texture": "#2"},
				"west": {"uv": [2.75, 8.4375, 2.6875, 8.8125], "texture": "#2"},
				"up": {"uv": [8.6875, 4.8125, 8.875, 4.75], "texture": "#2"},
				"down": {"uv": [8.6875, 4.8125, 8.875, 4.875], "texture": "#2"}
			}
		},
		{
			"from": [6.9579, 17.40907, 7.493],
			"to": [14.2587, 24.81127, 8.507],
			"rotation": {"angle": 45, "axis": "z", "origin": [5.39427, 19.58119, 8]},
			"faces": {
				"north": {"uv": [4.0625, 4.9375, 4.5, 5.375], "texture": "#2"},
				"east": {"uv": [0.625, 8.375, 0.6875, 8.8125], "texture": "#2"},
				"south": {"uv": [4.4375, 6.625, 4.875, 7.0625], "texture": "#2"},
				"west": {"uv": [8.375, 0.625, 8.4375, 1.0625], "texture": "#2"},
				"up": {"uv": [8.8125, 0.0625, 8.375, 0], "texture": "#2"},
				"down": {"uv": [8.8125, 0.0625, 8.375, 0.125], "texture": "#2"}
			}
		},
		{
			"from": [2.8246, 14.67636, 7.489],
			"to": [13.1754, 24.31736, 8.511],
			"rotation": {"angle": 0, "axis": "y", "origin": [5.39427, 19.58119, 8]},
			"faces": {
				"north": {"uv": [5.9375, 5.4375, 6.5625, 6.0625], "texture": "#2"},
				"east": {"uv": [5.3125, 7.875, 5.375, 8.5], "texture": "#2"},
				"south": {"uv": [3.0625, 6, 3.6875, 6.625], "texture": "#2"},
				"west": {"uv": [2.125, 7.9375, 2.1875, 8.5625], "texture": "#2"},
				"up": {"uv": [6.3125, 3.1875, 5.6875, 3.125], "texture": "#2"},
				"down": {"uv": [8.5625, 4.375, 7.9375, 4.4375], "texture": "#2"}
			}
		},
		{
			"name": "ef",
			"from": [-10.95754, 0, 13.98427],
			"to": [10.64246, 31.2, 13.98427],
			"rotation": {"angle": -22.5, "axis": "y", "origin": [7.34672, 9.7, 8.32992]},
			"faces": {
				"north": {"uv": [11.5, 0.625, 6.625, 7.9375], "texture": "#1"},
				"east": {"uv": [0, 0, 0, 1.5625], "texture": "#missing"},
				"south": {"uv": [6.625, 0.625, 11.5, 7.9375], "texture": "#1"},
				"west": {"uv": [0, 0, 0, 1.5625], "texture": "#missing"},
				"up": {"uv": [0.875, 0, 0, 0], "texture": "#missing"},
				"down": {"uv": [0.875, 0, 0, 0], "texture": "#missing"}
			}
		},
		{
			"name": "ef",
			"from": [-4.81368, -9.6, 3.20674],
			"to": [11.98632, 15.6, 3.20674],
			"rotation": {"angle": 22.5, "axis": "y", "origin": [7.34672, 9.7, 8.32992]},
			"faces": {
				"north": {"uv": [0.5, 8.6875, 5.375, 16], "texture": "#1"},
				"east": {"uv": [0, 0, 0, 1.5625], "texture": "#missing"},
				"south": {"uv": [5.375, 8.6875, 0.5, 16], "texture": "#1"},
				"west": {"uv": [0, 0, 0, 1.5625], "texture": "#missing"},
				"up": {"uv": [0, 0, 0.875, 0], "texture": "#missing"},
				"down": {"uv": [0, 0, 0.875, 0], "texture": "#missing"}
			}
		},
		{
			"name": "ef",
			"from": [3.16673, 3.8, 13.64349],
			"to": [19.96673, 29, 13.64349],
			"rotation": {"angle": 22.5, "axis": "y", "origin": [7.34672, 9.7, 8.32992]},
			"faces": {
				"north": {"uv": [5.375, 8.6875, 0.5, 16], "texture": "#1"},
				"east": {"uv": [0, 0, 0, 1.5625], "texture": "#missing"},
				"south": {"uv": [0.5, 8.6875, 5.375, 16], "texture": "#1"},
				"west": {"uv": [0, 0, 0, 1.5625], "texture": "#missing"},
				"up": {"uv": [0.875, 0, 0, 0], "texture": "#missing"},
				"down": {"uv": [0.875, 0, 0, 0], "texture": "#missing"}
			}
		},
		{
			"name": "ef",
			"from": [4.00557, -9.8, 2.56596],
			"to": [25.60557, 21.4, 2.56596],
			"rotation": {"angle": -22.5, "axis": "y", "origin": [7.34672, 9.7, 8.32992]},
			"faces": {
				"north": {"uv": [0.75, 0.625, 5.625, 7.9375], "texture": "#1"},
				"east": {"uv": [0, 0, 0, 1.5625], "texture": "#missing"},
				"south": {"uv": [5.625, 0.625, 0.75, 7.9375], "texture": "#1"},
				"west": {"uv": [0, 0, 0, 1.5625], "texture": "#missing"},
				"up": {"uv": [0, 0, 0.875, 0], "texture": "#missing"},
				"down": {"uv": [0, 0, 0.875, 0], "texture": "#missing"}
			}
		}
	],
	"gui_light": "front",
	"display": {
		"thirdperson_righthand": {
			"rotation": [0, 90, 0],
			"translation": [0, 4, 2],
			"scale": [0.6, 0.6, 0.6]
		},
		"thirdperson_lefthand": {
			"rotation": [0, 90, 0],
			"translation": [0, 4, 2],
			"scale": [0.6, 0.6, 0.6]
		},
		"firstperson_righthand": {
			"rotation": [145.2, 86.44, -135.24],
			"translation": [-0.25, 4.25, -0.25],
			"scale": [0.45, 0.45, 0.45]
		},
		"firstperson_lefthand": {
			"rotation": [145.2, 86.44, -135.24],
			"translation": [-0.25, 4.25, -0.25],
			"scale": [0.45, 0.45, 0.45]
		},
		"ground": {
			"rotation": [0, 0, 45],
			"translation": [0, 4.25, 0],
			"scale": [0.3, 0.3, 0.3]
		},
		"gui": {
			"rotation": [-180, 0, -135],
			"translation": [-0.25, -0.5, 0],
			"scale": [0.45, 0.45, 0.45]
		},
		"head": {
			"translation": [0, 1.5, 0],
			"scale": [0, 0, 0]
		},
		"fixed": {
			"translation": [0, 0, -1.25],
			"scale": [0.7, 0.7, 0.7]
		}
	},
	"groups": [
		{
			"name": "firework_shovel",
			"origin": [9.90919, 7.01604, 8],
			"color": 0,
			"children": [0, 1, 2, 3, 4, 5, 6, 7, 8, 9, 10, 11, 12, 13, 14, 15, 16, 17, 18, 19, 20, 21, 22, 23, 24, 25, 26, 27, 28, 29, 30, 31, 32, 33, 34, 35]
		}
	]
}