{
	"credit": "Made with Blockbench",
	"textures": {
		"1": "item/firework/firework_ef_long",
		"2": "item/firework/firework_set"
	},
	"elements": [
		{
			"from": [7.18474, -10.20892, 7.18474],
			"to": [8.81526, -3.91401, 8.81526],
			"rotation": {"angle": 0, "axis": "y", "origin": [8.90491, 4.44745, 5.48985]},
			"faces": {
				"north": {"uv": [7.8125, 4.375, 7.9375, 4.75], "texture": "#2"},
				"east": {"uv": [7.8125, 6.0625, 7.9375, 6.4375], "texture": "#2"},
				"south": {"uv": [7.3125, 7.8125, 7.4375, 8.1875], "texture": "#2"},
				"west": {"uv": [7.4375, 7.8125, 7.5625, 8.1875], "texture": "#2"},
				"up": {"uv": [4.5625, 6.625, 4.4375, 6.5], "texture": "#2"},
				"down": {"uv": [6.625, 8.4375, 6.5, 8.5625], "texture": "#2"}
			}
		},
		{
			"from": [7.12703, -1.00496, 6.479],
			"to": [9.15503, 3.05104, 7.493],
			"rotation": {"angle": 22.5, "axis": "z", "origin": [8.55864, 5.04745, 5.48985]},
			"faces": {
				"north": {"uv": [6.5, 1.5, 6.625, 1.75], "texture": "#2"},
				"east": {"uv": [8.4375, 7.125, 8.5, 7.375], "texture": "#2"},
				"south": {"uv": [1.3125, 8.0625, 1.4375, 8.3125], "texture": "#2"},
				"west": {"uv": [7.3125, 8.4375, 7.375, 8.6875], "texture": "#2"},
				"up": {"uv": [7.375, 5.4375, 7.25, 5.375], "texture": "#2"},
				"down": {"uv": [4.375, 7.3125, 4.25, 7.375], "texture": "#2"}
			}
		},
		{
			"from": [11.228, -2.8706, 6.47494],
			"to": [13.26411, 1.19352, 7.49706],
			"rotation": {"angle": -22.5, "axis": "z", "origin": [8.55864, 5.04745, 5.48985]},
			"faces": {
				"north": {"uv": [8.0625, 4.4375, 8.1875, 4.6875], "texture": "#2"},
				"east": {"uv": [7.375, 8.4375, 7.4375, 8.6875], "texture": "#2"},
				"south": {"uv": [7.875, 8.0625, 8, 8.3125], "texture": "#2"},
				"west": {"uv": [7.4375, 8.4375, 7.5, 8.6875], "texture": "#2"},
				"up": {"uv": [7.6875, 0.3125, 7.5625, 0.25], "texture": "#2"},
				"down": {"uv": [8.1875, 4.6875, 8.0625, 4.75], "texture": "#2"}
			}
		},
		{
			"from": [2.73589, -2.8706, 6.47494],
			"to": [4.772, 1.19352, 7.49706],
			"rotation": {"angle": 22.5, "axis": "z", "origin": [7.44136, 5.04745, 5.48985]},
			"faces": {
				"north": {"uv": [2.1875, 8.1875, 2.3125, 8.4375], "texture": "#2"},
				"east": {"uv": [2.5, 8.5625, 2.5625, 8.8125], "texture": "#2"},
				"south": {"uv": [2.625, 8.1875, 2.75, 8.4375], "texture": "#2"},
				"west": {"uv": [3.3125, 8.5625, 3.375, 8.8125], "texture": "#2"},
				"up": {"uv": [8.9375, 1.1875, 8.8125, 1.125], "texture": "#2"},
				"down": {"uv": [8.9375, 1.1875, 8.8125, 1.25], "texture": "#2"}
			}
		},
		{
			"from": [6.84497, -1.00496, 6.479],
			"to": [8.87297, 3.05104, 7.493],
			"rotation": {"angle": -22.5, "axis": "z", "origin": [7.44136, 5.04745, 5.48985]},
			"faces": {
				"north": {"uv": [1.0625, 8.1875, 1.1875, 8.4375], "texture": "#2"},
				"east": {"uv": [0.8125, 8.5625, 0.875, 8.8125], "texture": "#2"},
				"south": {"uv": [1.9375, 8.1875, 2.0625, 8.4375], "texture": "#2"},
				"west": {"uv": [2.125, 8.5625, 2.1875, 8.8125], "texture": "#2"},
				"up": {"uv": [8.9375, 0.8125, 8.8125, 0.75], "texture": "#2"},
				"down": {"uv": [8.9375, 1.0625, 8.8125, 1.125], "texture": "#2"}
			}
		},
		{
			"from": [2.73589, -2.8706, 8.50294],
			"to": [4.772, 1.19352, 9.52506],
			"rotation": {"angle": 22.5, "axis": "z", "origin": [7.44136, 5.04745, 10.51015]},
			"faces": {
				"north": {"uv": [8.1875, 4.4375, 8.3125, 4.6875], "texture": "#2"},
				"east": {"uv": [8.5625, 5.5625, 8.625, 5.8125], "texture": "#2"},
				"south": {"uv": [8.1875, 4.6875, 8.3125, 4.9375], "texture": "#2"},
				"west": {"uv": [5.75, 8.5625, 5.8125, 8.8125], "texture": "#2"},
				"up": {"uv": [8.9375, 2.0625, 8.8125, 2], "texture": "#2"},
				"down": {"uv": [8.9375, 2.0625, 8.8125, 2.125], "texture": "#2"}
			}
		},
		{
			"from": [6.84497, -1.00496, 8.507],
			"to": [8.87297, 3.05104, 9.521],
			"rotation": {"angle": -22.5, "axis": "z", "origin": [7.44136, 5.04745, 10.51015]},
			"faces": {
				"north": {"uv": [3.8125, 8.1875, 3.9375, 8.4375], "texture": "#2"},
				"east": {"uv": [8.5625, 4.5, 8.625, 4.75], "texture": "#2"},
				"south": {"uv": [4.4375, 8.1875, 4.5625, 8.4375], "texture": "#2"},
				"west": {"uv": [4.625, 8.5625, 4.6875, 8.8125], "texture": "#2"},
				"up": {"uv": [8.9375, 1.6875, 8.8125, 1.625], "texture": "#2"},
				"down": {"uv": [2.0625, 8.8125, 1.9375, 8.875], "texture": "#2"}
			}
		},
		{
			"from": [11.228, -2.8706, 8.50294],
			"to": [13.26411, 1.19352, 9.52506],
			"rotation": {"angle": -22.5, "axis": "z", "origin": [8.55864, 5.04745, 10.51015]},
			"faces": {
				"north": {"uv": [3, 8.1875, 3.125, 8.4375], "texture": "#2"},
				"east": {"uv": [3.625, 8.5625, 3.6875, 8.8125], "texture": "#2"},
				"south": {"uv": [3.6875, 8.1875, 3.8125, 8.4375], "texture": "#2"},
				"west": {"uv": [8.5625, 4.25, 8.625, 4.5], "texture": "#2"},
				"up": {"uv": [8.9375, 1.5625, 8.8125, 1.5], "texture": "#2"},
				"down": {"uv": [8.9375, 1.5625, 8.8125, 1.625], "texture": "#2"}
			}
		},
		{
			"from": [7.12703, -1.00496, 8.507],
			"to": [9.15503, 3.05104, 9.521],
			"rotation": {"angle": 22.5, "axis": "z", "origin": [8.55864, 5.04745, 10.51015]},
			"faces": {
				"north": {"uv": [2.75, 8.1875, 2.875, 8.4375], "texture": "#2"},
				"east": {"uv": [3.5, 8.5625, 3.5625, 8.8125], "texture": "#2"},
				"south": {"uv": [2.875, 8.1875, 3, 8.4375], "texture": "#2"},
				"west": {"uv": [3.5625, 8.5625, 3.625, 8.8125], "texture": "#2"},
				"up": {"uv": [8.9375, 1.3125, 8.8125, 1.25], "texture": "#2"},
				"down": {"uv": [8.9375, 1.4375, 8.8125, 1.5], "texture": "#2"}
			}
		},
		{
			"from": [7.95407, -4.01555, 7.45694],
			"to": [16.08818, 4.11856, 8.54306],
			"rotation": {"angle": -45, "axis": "z", "origin": [8.90491, 4.44745, 5.48985]},
			"faces": {
				"north": {"uv": [1.4375, 6.375, 1.9375, 6.875], "texture": "#2"},
				"east": {"uv": [2.5, 8.0625, 2.5625, 8.5625], "texture": "#2"},
				"south": {"uv": [0, 6.5, 0.5, 7], "texture": "#2"},
				"west": {"uv": [8, 8.0625, 8.0625, 8.5625], "texture": "#2"},
				"up": {"uv": [8.5, 1.375, 8, 1.3125], "texture": "#2"},
				"down": {"uv": [8.5, 1.375, 8, 1.4375], "texture": "#2"}
			}
		},
		{
			"from": [6.8846, -14.26086, 6.8846],
			"to": [9.1154, -10.20486, 9.1154],
			"rotation": {"angle": 0, "axis": "y", "origin": [8.90491, 4.44745, 5.48985]},
			"faces": {
				"north": {"uv": [8.0625, 8.0625, 8.1875, 8.3125], "texture": "#2"},
				"east": {"uv": [8.125, 0.1875, 8.25, 0.4375], "texture": "#2"},
				"south": {"uv": [0.625, 8.125, 0.75, 8.375], "texture": "#2"},
				"west": {"uv": [8.125, 0.625, 8.25, 0.875], "texture": "#2"},
				"up": {"uv": [7.625, 8.5625, 7.5, 8.4375], "texture": "#2"},
				"down": {"uv": [8.5, 8.4375, 8.375, 8.5625], "texture": "#2"}
			}
		},
		{
			"from": [20.13312, -12.1165, 7.493],
			"to": [24.18912, -8.0605, 8.507],
			"rotation": {"angle": -45, "axis": "z", "origin": [8.90491, 4.44745, 5.48985]},
			"faces": {
				"north": {"uv": [7.6875, 0.25, 7.9375, 0.5], "texture": "#2"},
				"east": {"uv": [7.625, 8.4375, 7.6875, 8.6875], "texture": "#2"},
				"south": {"uv": [7.6875, 1, 7.9375, 1.25], "texture": "#2"},
				"west": {"uv": [0.0625, 8.5, 0.125, 8.75], "texture": "#2"},
				"up": {"uv": [2.1875, 7.4375, 1.9375, 7.375], "texture": "#2"},
				"down": {"uv": [8.6875, 7.375, 8.4375, 7.4375], "texture": "#2"}
			}
		},
		{
			"from": [1.79203, -1.38569, 7.1888],
			"to": [2.90743, -0.27029, 8.8112],
			"rotation": {"angle": 45, "axis": "z", "origin": [8.90491, 4.44745, 5.48985]},
			"faces": {
				"north": {"uv": [4.375, 7, 4.4375, 7.0625], "texture": "#2"},
				"east": {"uv": [8.75, 2.4375, 8.875, 2.5], "texture": "#2"},
				"south": {"uv": [3.3125, 7.375, 3.375, 7.4375], "texture": "#2"},
				"west": {"uv": [8.75, 2.5625, 8.875, 2.625], "texture": "#2"},
				"up": {"uv": [4.5, 4.125, 4.4375, 4], "texture": "#2"},
				"down": {"uv": [6.5, 1, 6.4375, 1.125], "texture": "#2"}
			}
		},
		{
			"from": [4.43983, -1.09003, 7.48183],
			"to": [11.56017, 20.4291, 8.51817],
			"rotation": {"angle": 0, "axis": "y", "origin": [8.90491, 4.44745, 5.48985]},
			"faces": {
				"north": {"uv": [2.1875, 4.9375, 2.625, 6.3125], "texture": "#2"},
				"east": {"uv": [0.25, 7.4375, 0.3125, 8.8125], "texture": "#2"},
				"south": {"uv": [2.625, 4.9375, 3.0625, 6.3125], "texture": "#2"},
				"west": {"uv": [0.875, 7.5, 0.9375, 8.875], "texture": "#2"},
				"up": {"uv": [4.5, 5.4375, 4.0625, 5.375], "texture": "#2"},
				"down": {"uv": [7.625, 2.1875, 7.1875, 2.25], "texture": "#2"}
			}
		},
		{
			"from": [14.15981, 18.18635, 7.48894],
			"to": [17.46343, 21.43926, 8.51106],
			"rotation": {"angle": 22.5, "axis": "z", "origin": [8.90491, 4.44745, 5.48985]},
			"faces": {
				"north": {"uv": [7.9375, 6.5625, 8.125, 6.75], "texture": "#2"},
				"east": {"uv": [8.125, 5.1875, 8.1875, 5.375], "texture": "#2"},
				"south": {"uv": [7.9375, 7.375, 8.125, 7.5625], "texture": "#2"},
				"west": {"uv": [8.125, 6.5625, 8.1875, 6.75], "texture": "#2"},
				"up": {"uv": [7.1875, 1.5, 7, 1.4375], "texture": "#2"},
				"down": {"uv": [7.3125, 0.3125, 7.125, 0.375], "texture": "#2"}
			}
		},
		{
			"from": [-1.32972, 17.48971, 7.48489],
			"to": [1.98201, 20.75073, 8.51511],
			"rotation": {"angle": -22.5, "axis": "z", "origin": [8.90491, 4.44745, 5.48985]},
			"faces": {
				"north": {"uv": [7.9375, 7.5625, 8.125, 7.75], "texture": "#2"},
				"east": {"uv": [8.125, 7.875, 8.1875, 8.0625], "texture": "#2"},
				"south": {"uv": [8, 3.4375, 8.1875, 3.625], "texture": "#2"},
				"west": {"uv": [2.0625, 8.6875, 2.125, 8.875], "texture": "#2"},
				"up": {"uv": [7.6875, 7.4375, 7.5, 7.375], "texture": "#2"},
				"down": {"uv": [7.8125, 2.6875, 7.625, 2.75], "texture": "#2"}
			}
		},
		{
			"from": [20.01722, 16.86485, 7.493],
			"to": [23.31272, 20.10965, 8.507],
			"rotation": {"angle": 45, "axis": "z", "origin": [8.90491, 4.44745, 5.48985]},
			"faces": {
				"north": {"uv": [4.4375, 8, 4.625, 8.1875], "texture": "#2"},
				"east": {"uv": [8.6875, 2.125, 8.75, 2.3125], "texture": "#2"},
				"south": {"uv": [8, 4.75, 8.1875, 4.9375], "texture": "#2"},
				"west": {"uv": [8.6875, 2.3125, 8.75, 2.5], "texture": "#2"},
				"up": {"uv": [4.625, 7.75, 4.4375, 7.6875], "texture": "#2"},
				"down": {"uv": [8.8125, 7.3125, 8.625, 7.375], "texture": "#2"}
			}
		},
		{
			"name": "ef",
			"from": [3.09458, -1.2, 10.34641],
			"to": [19.89458, 24, 10.34641],
			"rotation": {"angle": 22.5, "axis": "y", "origin": [8.0574, 9.3, 8]},
			"faces": {
				"north": {"uv": [5.375, 8.6875, 0.5, 16], "texture": "#1"},
				"east": {"uv": [0, 0, 0, 1.5625], "texture": "#missing"},
				"south": {"uv": [0.5, 8.6875, 5.375, 16], "texture": "#1"},
				"west": {"uv": [0, 0, 0, 1.5625], "texture": "#missing"},
				"up": {"uv": [0.875, 0, 0, 0], "texture": "#missing"},
				"down": {"uv": [0.875, 0, 0, 0], "texture": "#missing"}
			}
		},
		{
			"name": "ef",
			"from": [-3.88584, -9.6, 5.90966],
			"to": [12.91416, 15.6, 5.90966],
			"rotation": {"angle": 22.5, "axis": "y", "origin": [8.0574, 9.3, 8]},
			"faces": {
				"north": {"uv": [0.5, 8.6875, 5.375, 16], "texture": "#1"},
				"east": {"uv": [0, 0, 0, 1.5625], "texture": "#missing"},
				"south": {"uv": [5.375, 8.6875, 0.5, 16], "texture": "#1"},
				"west": {"uv": [0, 0, 0, 1.5625], "texture": "#missing"},
				"up": {"uv": [0, 0, 0.875, 0], "texture": "#missing"},
				"down": {"uv": [0, 0, 0.875, 0], "texture": "#missing"}
			}
		},
		{
			"name": "ef",
			"from": [-5.77718, 0, 10.23112],
			"to": [15.82282, 31.2, 10.23112],
			"rotation": {"angle": -22.5, "axis": "y", "origin": [8.0574, 9.3, 8]},
			"faces": {
				"north": {"uv": [11.5, 0.625, 6.625, 7.9375], "texture": "#1"},
				"east": {"uv": [0, 0, 0, 1.5625], "texture": "#missing"},
				"south": {"uv": [6.625, 0.625, 11.5, 7.9375], "texture": "#1"},
				"west": {"uv": [0, 0, 0, 1.5625], "texture": "#missing"},
				"up": {"uv": [0.875, 0, 0, 0], "texture": "#missing"},
				"down": {"uv": [0.875, 0, 0, 0], "texture": "#missing"}
			}
		},
		{
			"name": "ef",
			"from": [0.18592, -10.8, 5.81282],
			"to": [21.78592, 20.4, 5.81282],
			"rotation": {"angle": -22.5, "axis": "y", "origin": [8.0574, 9.3, 8]},
			"faces": {
				"north": {"uv": [0.75, 0.625, 5.625, 7.9375], "texture": "#1"},
				"east": {"uv": [0, 0, 0, 1.5625], "texture": "#missing"},
				"south": {"uv": [5.625, 0.625, 0.75, 7.9375], "texture": "#1"},
				"west": {"uv": [0, 0, 0, 1.5625], "texture": "#missing"},
				"up": {"uv": [0, 0, 0.875, 0], "texture": "#missing"},
				"down": {"uv": [0, 0, 0.875, 0], "texture": "#missing"}
			}
		},
		{
			"from": [3.242, -0.258, 7.792],
			"to": [12.758, 23.008, 8.208],
			"rotation": {"angle": 0, "axis": "y", "origin": [7, 0, 7]},
			"faces": {
				"north": {"uv": [4.5, 4, 5.125, 5.4375], "texture": "#2"},
				"east": {"uv": [0.4375, 7, 0.5, 8.4375], "texture": "#2"},
				"south": {"uv": [1.5625, 4.9375, 2.1875, 6.375], "texture": "#2"},
				"west": {"uv": [1.75, 7.25, 1.8125, 8.6875], "texture": "#2"},
				"up": {"uv": [8.5625, 6.25, 7.9375, 6.1875], "texture": "#2"},
				"down": {"uv": [8.5625, 6.25, 7.9375, 6.3125], "texture": "#2"}
			}
		},
		{
			"from": [8.47092, 21.44944, 7.796],
			"to": [11.72892, 25.65744, 8.204],
			"rotation": {"angle": 22.5, "axis": "z", "origin": [8.34992, 24.80344, 8]},
			"faces": {
				"north": {"uv": [7.9375, 0.875, 8.125, 1.125], "texture": "#2"},
				"east": {"uv": [2.1875, 8.625, 2.25, 8.875], "texture": "#2"},
				"south": {"uv": [7.9375, 1.4375, 8.125, 1.6875], "texture": "#2"},
				"west": {"uv": [2.25, 8.625, 2.3125, 8.875], "texture": "#2"},
				"up": {"uv": [8.875, 8.6875, 8.6875, 8.625], "texture": "#2"},
				"down": {"uv": [8.875, 8.6875, 8.6875, 8.75], "texture": "#2"}
			}
		},
		{
			"from": [5.53878, 24.76617, 7.8],
			"to": [9.98878, 29.21617, 8.2],
			"rotation": {"angle": 45, "axis": "z", "origin": [8.01378, 27.21617, 8]},
			"faces": {
				"north": {"uv": [7.6875, 6.5625, 7.9375, 6.8125], "texture": "#2"},
				"east": {"uv": [2.8125, 8.625, 2.875, 8.875], "texture": "#2"},
				"south": {"uv": [7.6875, 7.375, 7.9375, 7.625], "texture": "#2"},
				"west": {"uv": [2.875, 8.625, 2.9375, 8.875], "texture": "#2"},
				"up": {"uv": [8.8125, 5.875, 8.5625, 5.8125], "texture": "#2"},
				"down": {"uv": [8.875, 0.4375, 8.625, 0.5], "texture": "#2"}
			}
		},
		{
			"from": [4.26908, 21.44744, 7.794],
			"to": [7.53108, 25.65944, 8.206],
			"rotation": {"angle": -22.5, "axis": "z", "origin": [7.65008, 24.80344, 8]},
			"faces": {
				"north": {"uv": [1.9375, 7.9375, 2.125, 8.1875], "texture": "#2"},
				"east": {"uv": [2.3125, 8.625, 2.375, 8.875], "texture": "#2"},
				"south": {"uv": [7.9375, 2.1875, 8.125, 2.4375], "texture": "#2"},
				"west": {"uv": [2.375, 8.625, 2.4375, 8.875], "texture": "#2"},
				"up": {"uv": [0.25, 8.8125, 0.0625, 8.75], "texture": "#2"},
				"down": {"uv": [8.9375, 0.25, 8.75, 0.3125], "texture": "#2"}
			}
		}
	],
	"gui_light": "front",
	"display": {
		"thirdperson_righthand": {
			"rotation": [0, 90, 0],
			"translation": [0, 8, 2],
			"scale": [0.6, 0.6, 0.6]
		},
		"thirdperson_lefthand": {
			"rotation": [0, 90, 0],
			"translation": [0, 8, 2],
			"scale": [0.6, 0.6, 0.6]
		},
		"firstperson_righthand": {
			"rotation": [107.62, 83.68, -97.58],
			"translation": [1, 5.5, 0],
			"scale": [0.45, 0.45, 0.45]
		},
		"firstperson_lefthand": {
			"rotation": [107.62, 83.68, -97.58],
			"translation": [1, 5.5, 0],
			"scale": [0.45, 0.45, 0.45]
		},
		"ground": {
			"rotation": [0, 0, 45],
			"translation": [0, 4.25, 0],
			"scale": [0.3, 0.3, 0.3]
		},
		"gui": {
			"rotation": [-180, 0, -135],
			"translation": [0.5, 0.5, 0],
			"scale": [0.45, 0.45, 0.45]
		},
		"head": {
			"translation": [0, 1.5, 0],
			"scale": [0, 0, 0]
		},
		"fixed": {
			"translation": [0, 0, -1.25],
			"scale": [0.7, 0.7, 0.7]
		}
	},
	"groups": [
		{
			"name": "firework_sword",
			"origin": [8, 15.56937, 8],
			"color": 0,
			"children": [0, 1, 2, 3, 4, 5, 6, 7, 8, 9, 10, 11, 12, 13, 14, 15, 16, 17, 18, 19, 20, 21, 22, 23, 24]
		}
	]
}