{
	"credit": "Made with Blockbench",
	"textures": {
		"1": "item/firework/firework_ef_long",
		"2": "item/firework/firework_set"
	},
	"elements": [
		{
			"from": [1.2996, 13.24917, 7.485],
			"to": [14.7004, 20.36317, 8.515],
			"rotation": {"angle": 0, "axis": "y", "origin": [9.17638, 2.38169, 4.7368]},
			"faces": {
				"north": {"uv": [5.6875, 2.6875, 6.5, 3.125], "texture": "#2"},
				"east": {"uv": [8.125, 8.3125, 8.1875, 8.75], "texture": "#2"},
				"south": {"uv": [5.8125, 1.75, 6.625, 2.1875], "texture": "#2"},
				"west": {"uv": [8.3125, 8.3125, 8.375, 8.75], "texture": "#2"},
				"up": {"uv": [6.625, 2.25, 5.8125, 2.1875], "texture": "#2"},
				"down": {"uv": [8.5, 0.5625, 7.6875, 0.625], "texture": "#2"}
			}
		},
		{
			"from": [2.73589, 15.1294, 5.97494],
			"to": [4.772, 19.19352, 6.99706],
			"rotation": {"angle": 22.5, "axis": "z", "origin": [7.44136, 23.04745, 4.98985]},
			"faces": {
				"north": {"uv": [8.1875, 7.875, 8.3125, 8.125], "texture": "#2"},
				"east": {"uv": [6.5625, 8.5625, 6.625, 8.8125], "texture": "#2"},
				"south": {"uv": [8.1875, 8.125, 8.3125, 8.375], "texture": "#2"},
				"west": {"uv": [8.5625, 6.8125, 8.625, 7.0625], "texture": "#2"},
				"up": {"uv": [2.75, 8.875, 2.625, 8.8125], "texture": "#2"},
				"down": {"uv": [8.9375, 2.625, 8.8125, 2.6875], "texture": "#2"}
			}
		},
		{
			"from": [6.84497, 16.99504, 5.979],
			"to": [8.87297, 21.05104, 6.993],
			"rotation": {"angle": -22.5, "axis": "z", "origin": [7.44136, 23.04745, 4.98985]},
			"faces": {
				"north": {"uv": [7.4375, 8.1875, 7.5625, 8.4375], "texture": "#2"},
				"east": {"uv": [6.125, 8.5625, 6.1875, 8.8125], "texture": "#2"},
				"south": {"uv": [7.5625, 8.1875, 7.6875, 8.4375], "texture": "#2"},
				"west": {"uv": [6.5, 8.5625, 6.5625, 8.8125], "texture": "#2"},
				"up": {"uv": [8.9375, 2.4375, 8.8125, 2.375], "texture": "#2"},
				"down": {"uv": [8.9375, 2.5, 8.8125, 2.5625], "texture": "#2"}
			}
		},
		{
			"from": [11.228, 15.1294, 5.97494],
			"to": [13.26411, 19.19352, 6.99706],
			"rotation": {"angle": -22.5, "axis": "z", "origin": [8.55864, 23.04745, 4.98985]},
			"faces": {
				"north": {"uv": [8.1875, 6.8125, 8.3125, 7.0625], "texture": "#2"},
				"east": {"uv": [6.0625, 8.5625, 6.125, 8.8125], "texture": "#2"},
				"south": {"uv": [7.3125, 8.1875, 7.4375, 8.4375], "texture": "#2"},
				"west": {"uv": [8.5625, 6.0625, 8.625, 6.3125], "texture": "#2"},
				"up": {"uv": [8.9375, 2.3125, 8.8125, 2.25], "texture": "#2"},
				"down": {"uv": [8.9375, 2.3125, 8.8125, 2.375], "texture": "#2"}
			}
		},
		{
			"from": [7.12703, 16.99504, 5.979],
			"to": [9.15503, 21.05104, 6.993],
			"rotation": {"angle": 22.5, "axis": "z", "origin": [8.55864, 23.04745, 4.98985]},
			"faces": {
				"north": {"uv": [6.5, 8.1875, 6.625, 8.4375], "texture": "#2"},
				"east": {"uv": [5.9375, 8.5625, 6, 8.8125], "texture": "#2"},
				"south": {"uv": [8.1875, 6.5625, 8.3125, 6.8125], "texture": "#2"},
				"west": {"uv": [6, 8.5625, 6.0625, 8.8125], "texture": "#2"},
				"up": {"uv": [8.9375, 2.1875, 8.8125, 2.125], "texture": "#2"},
				"down": {"uv": [8.9375, 2.1875, 8.8125, 2.25], "texture": "#2"}
			}
		},
		{
			"from": [6.84497, 16.99504, 9.007],
			"to": [8.87297, 21.05104, 10.021],
			"rotation": {"angle": -22.5, "axis": "z", "origin": [7.44136, 23.04745, 11.01015]},
			"faces": {
				"north": {"uv": [8.25, 0, 8.375, 0.25], "texture": "#2"},
				"east": {"uv": [7.5, 8.5625, 7.5625, 8.8125], "texture": "#2"},
				"south": {"uv": [0.0625, 8.25, 0.1875, 8.5], "texture": "#2"},
				"west": {"uv": [7.5625, 8.5625, 7.625, 8.8125], "texture": "#2"},
				"up": {"uv": [8.9375, 2.75, 8.8125, 2.6875], "texture": "#2"},
				"down": {"uv": [8.9375, 2.75, 8.8125, 2.8125], "texture": "#2"}
			}
		},
		{
			"from": [11.228, 15.1294, 9.00294],
			"to": [13.26411, 19.19352, 10.02506],
			"rotation": {"angle": -22.5, "axis": "z", "origin": [8.55864, 23.04745, 11.01015]},
			"faces": {
				"north": {"uv": [8.25, 1.4375, 8.375, 1.6875], "texture": "#2"},
				"east": {"uv": [8.25, 8.5625, 8.3125, 8.8125], "texture": "#2"},
				"south": {"uv": [1.5625, 8.25, 1.6875, 8.5], "texture": "#2"},
				"west": {"uv": [8.375, 8.5625, 8.4375, 8.8125], "texture": "#2"},
				"up": {"uv": [8.9375, 3.5, 8.8125, 3.4375], "texture": "#2"},
				"down": {"uv": [3.625, 8.8125, 3.5, 8.875], "texture": "#2"}
			}
		},
		{
			"from": [7.12703, 16.99504, 9.007],
			"to": [9.15503, 21.05104, 10.021],
			"rotation": {"angle": 22.5, "axis": "z", "origin": [8.55864, 23.04745, 11.01015]},
			"faces": {
				"north": {"uv": [8.25, 0.875, 8.375, 1.125], "texture": "#2"},
				"east": {"uv": [8, 8.5625, 8.0625, 8.8125], "texture": "#2"},
				"south": {"uv": [1.4375, 8.25, 1.5625, 8.5], "texture": "#2"},
				"west": {"uv": [8.1875, 8.5625, 8.25, 8.8125], "texture": "#2"},
				"up": {"uv": [8.9375, 3.375, 8.8125, 3.3125], "texture": "#2"},
				"down": {"uv": [8.9375, 3.375, 8.8125, 3.4375], "texture": "#2"}
			}
		},
		{
			"from": [2.73589, 15.1294, 9.00294],
			"to": [4.772, 19.19352, 10.02506],
			"rotation": {"angle": 22.5, "axis": "z", "origin": [7.44136, 23.04745, 11.01015]},
			"faces": {
				"north": {"uv": [0.5, 8.25, 0.625, 8.5], "texture": "#2"},
				"east": {"uv": [7.6875, 8.5625, 7.75, 8.8125], "texture": "#2"},
				"south": {"uv": [8.25, 0.625, 8.375, 0.875], "texture": "#2"},
				"west": {"uv": [7.75, 8.5625, 7.8125, 8.8125], "texture": "#2"},
				"up": {"uv": [8.9375, 3.125, 8.8125, 3.0625], "texture": "#2"},
				"down": {"uv": [8.9375, 3.125, 8.8125, 3.1875], "texture": "#2"}
			}
		},
		{
			"from": [7.95407, 13.98445, 6.95694],
			"to": [16.08818, 22.11856, 9.04306],
			"rotation": {"angle": -45, "axis": "z", "origin": [8.90491, 22.44745, 5.48985]},
			"faces": {
				"north": {"uv": [6.5, 1, 7, 1.5], "texture": "#2"},
				"east": {"uv": [0.75, 8.125, 0.8125, 8.625], "texture": "#2"},
				"south": {"uv": [3.9375, 6.5, 4.4375, 7], "texture": "#2"},
				"west": {"uv": [5.25, 8.125, 5.3125, 8.625], "texture": "#2"},
				"up": {"uv": [8.5625, 4.375, 8.0625, 4.3125], "texture": "#2"},
				"down": {"uv": [8.625, 0.4375, 8.125, 0.5], "texture": "#2"}
			}
		},
		{
			"from": [20.13312, -8.7665, 7.493],
			"to": [24.18912, -4.7105, 8.507],
			"rotation": {"angle": -45, "axis": "z", "origin": [8.90491, 7.79745, 5.48985]},
			"faces": {
				"north": {"uv": [2.875, 7.6875, 3.125, 7.9375], "texture": "#2"},
				"east": {"uv": [5.8125, 8.5625, 5.875, 8.8125], "texture": "#2"},
				"south": {"uv": [3.125, 7.6875, 3.375, 7.9375], "texture": "#2"},
				"west": {"uv": [5.875, 8.5625, 5.9375, 8.8125], "texture": "#2"},
				"up": {"uv": [8.8125, 0.5625, 8.5625, 0.5], "texture": "#2"},
				"down": {"uv": [8.8125, 2, 8.5625, 2.0625], "texture": "#2"}
			}
		},
		{
			"from": [6.8846, -10.91086, 6.8846],
			"to": [9.1154, -6.85486, 9.1154],
			"rotation": {"angle": 0, "axis": "y", "origin": [8.90491, 7.79745, 5.48985]},
			"faces": {
				"north": {"uv": [8.1875, 5.1875, 8.3125, 5.4375], "texture": "#2"},
				"east": {"uv": [8.1875, 5.6875, 8.3125, 5.9375], "texture": "#2"},
				"south": {"uv": [6.25, 8.1875, 6.375, 8.4375], "texture": "#2"},
				"west": {"uv": [6.375, 8.1875, 6.5, 8.4375], "texture": "#2"},
				"up": {"uv": [8.6875, 2.5, 8.5625, 2.375], "texture": "#2"},
				"down": {"uv": [8.6875, 2.875, 8.5625, 3], "texture": "#2"}
			}
		},
		{
			"from": [7.18474, -6.87312, 7.18474],
			"to": [8.81526, 13.61779, 8.81526],
			"rotation": {"angle": 0, "axis": "y", "origin": [9.64949, 4.44745, 5.48985]},
			"faces": {
				"north": {"uv": [4.875, 6.625, 5, 7.875], "texture": "#2"},
				"east": {"uv": [5, 6.625, 5.125, 7.875], "texture": "#2"},
				"south": {"uv": [5.125, 6.625, 5.25, 7.875], "texture": "#2"},
				"west": {"uv": [5.25, 6.625, 5.375, 7.875], "texture": "#2"},
				"up": {"uv": [8.625, 0.375, 8.5, 0.25], "texture": "#2"},
				"down": {"uv": [0.625, 8.5, 0.5, 8.625], "texture": "#2"}
			}
		},
		{
			"from": [7.32242, 15.80172, 7.487],
			"to": [11.08622, 21.49212, 8.513],
			"rotation": {"angle": -22.5, "axis": "z", "origin": [8.17363, 2.38185, 4.7368]},
			"faces": {
				"north": {"uv": [3.3125, 7, 3.5625, 7.375], "texture": "#2"},
				"east": {"uv": [1.375, 5.5, 1.4375, 5.875], "texture": "#2"},
				"south": {"uv": [4.625, 7.375, 4.875, 7.75], "texture": "#2"},
				"west": {"uv": [6.6875, 8.375, 6.75, 8.75], "texture": "#2"},
				"up": {"uv": [8.75, 0.625, 8.5, 0.5625], "texture": "#2"},
				"down": {"uv": [8.75, 1.25, 8.5, 1.3125], "texture": "#2"}
			}
		},
		{
			"from": [16.61982, 4.83436, 7.493],
			"to": [21.68982, 7.57216, 8.507],
			"rotation": {"angle": 45, "axis": "z", "origin": [8.17363, 2.38185, 4.7368]},
			"faces": {
				"north": {"uv": [7.6875, 6.8125, 8, 7], "texture": "#2"},
				"east": {"uv": [5.5, 8.6875, 5.5625, 8.875], "texture": "#2"},
				"south": {"uv": [7.8125, 2.6875, 8.125, 2.875], "texture": "#2"},
				"west": {"uv": [5.5625, 8.6875, 5.625, 8.875], "texture": "#2"},
				"up": {"uv": [8.75, 1.0625, 8.4375, 1], "texture": "#2"},
				"down": {"uv": [8.75, 2.0625, 8.4375, 2.125], "texture": "#2"}
			}
		},
		{
			"from": [23.48437, 4.26559, 7.489],
			"to": [26.93997, 7.01139, 8.511],
			"rotation": {"angle": 45, "axis": "z", "origin": [8.17363, 2.38185, 4.7368]},
			"faces": {
				"north": {"uv": [8, 5.375, 8.1875, 5.5625], "texture": "#2"},
				"east": {"uv": [2.5625, 8.6875, 2.625, 8.875], "texture": "#2"},
				"south": {"uv": [8, 5.6875, 8.1875, 5.875], "texture": "#2"},
				"west": {"uv": [3.125, 8.6875, 3.1875, 8.875], "texture": "#2"},
				"up": {"uv": [8.875, 0.4375, 8.6875, 0.375], "texture": "#2"},
				"down": {"uv": [8.875, 0.875, 8.6875, 0.9375], "texture": "#2"}
			}
		},
		{
			"from": [21.53857, 7.04513, 7.491],
			"to": [24.78737, 11.30793, 8.509],
			"rotation": {"angle": 22.5, "axis": "z", "origin": [8.17363, 2.38185, 4.7368]},
			"faces": {
				"north": {"uv": [4.5, 1.125, 4.6875, 1.375], "texture": "#2"},
				"east": {"uv": [1.5, 8.5, 1.5625, 8.75], "texture": "#2"},
				"south": {"uv": [7.8125, 3.4375, 8, 3.6875], "texture": "#2"},
				"west": {"uv": [1.5625, 8.5, 1.625, 8.75], "texture": "#2"},
				"up": {"uv": [8.875, 1, 8.6875, 0.9375], "texture": "#2"},
				"down": {"uv": [8.875, 1.9375, 8.6875, 2], "texture": "#2"}
			}
		},
		{
			"from": [9.00371, 16.52312, 7.493],
			"to": [10.22051, 19.51442, 8.507],
			"rotation": {"angle": -45, "axis": "z", "origin": [8.17363, 2.38185, 4.7368]},
			"faces": {
				"north": {"uv": [8.6875, 4, 8.75, 4.1875], "texture": "#2"},
				"east": {"uv": [4.5625, 8.6875, 4.625, 8.875], "texture": "#2"},
				"south": {"uv": [5.375, 8.6875, 5.4375, 8.875], "texture": "#2"},
				"west": {"uv": [5.4375, 8.6875, 5.5, 8.875], "texture": "#2"},
				"up": {"uv": [8.25, 7.125, 8.1875, 7.0625], "texture": "#2"},
				"down": {"uv": [8.5625, 5.5625, 8.5, 5.625], "texture": "#2"}
			}
		},
		{
			"from": [-5.68982, 4.83436, 7.493],
			"to": [-0.61982, 7.57216, 8.507],
			"rotation": {"angle": -45, "axis": "z", "origin": [7.82637, 2.38185, 4.7368]},
			"faces": {
				"north": {"uv": [8, 6.8125, 7.6875, 7], "texture": "#2"},
				"east": {"uv": [5.625, 8.6875, 5.5625, 8.875], "texture": "#2"},
				"south": {"uv": [8.125, 2.6875, 7.8125, 2.875], "texture": "#2"},
				"west": {"uv": [5.5625, 8.6875, 5.5, 8.875], "texture": "#2"},
				"up": {"uv": [8.4375, 1.0625, 8.75, 1], "texture": "#2"},
				"down": {"uv": [8.4375, 2.0625, 8.75, 2.125], "texture": "#2"}
			}
		},
		{
			"from": [5.77949, 16.52312, 7.493],
			"to": [6.99629, 19.51442, 8.507],
			"rotation": {"angle": 45, "axis": "z", "origin": [7.82637, 2.38185, 4.7368]},
			"faces": {
				"north": {"uv": [8.75, 4, 8.6875, 4.1875], "texture": "#2"},
				"east": {"uv": [5.5, 8.6875, 5.4375, 8.875], "texture": "#2"},
				"south": {"uv": [5.4375, 8.6875, 5.375, 8.875], "texture": "#2"},
				"west": {"uv": [4.625, 8.6875, 4.5625, 8.875], "texture": "#2"},
				"up": {"uv": [8.1875, 7.125, 8.25, 7.0625], "texture": "#2"},
				"down": {"uv": [8.5, 5.5625, 8.5625, 5.625], "texture": "#2"}
			}
		},
		{
			"from": [-8.78737, 7.04513, 7.491],
			"to": [-5.53857, 11.30793, 8.509],
			"rotation": {"angle": -22.5, "axis": "z", "origin": [7.82637, 2.38185, 4.7368]},
			"faces": {
				"north": {"uv": [4.6875, 1.125, 4.5, 1.375], "texture": "#2"},
				"east": {"uv": [1.625, 8.5, 1.5625, 8.75], "texture": "#2"},
				"south": {"uv": [8, 3.4375, 7.8125, 3.6875], "texture": "#2"},
				"west": {"uv": [1.5625, 8.5, 1.5, 8.75], "texture": "#2"},
				"up": {"uv": [8.6875, 1, 8.875, 0.9375], "texture": "#2"},
				"down": {"uv": [8.6875, 1.9375, 8.875, 2], "texture": "#2"}
			}
		},
		{
			"from": [-10.93997, 4.26559, 7.489],
			"to": [-7.48437, 7.01139, 8.511],
			"rotation": {"angle": -45, "axis": "z", "origin": [7.82637, 2.38185, 4.7368]},
			"faces": {
				"north": {"uv": [8.1875, 5.375, 8, 5.5625], "texture": "#2"},
				"east": {"uv": [3.1875, 8.6875, 3.125, 8.875], "texture": "#2"},
				"south": {"uv": [8.1875, 5.6875, 8, 5.875], "texture": "#2"},
				"west": {"uv": [2.625, 8.6875, 2.5625, 8.875], "texture": "#2"},
				"up": {"uv": [8.6875, 0.4375, 8.875, 0.375], "texture": "#2"},
				"down": {"uv": [8.6875, 0.875, 8.875, 0.9375], "texture": "#2"}
			}
		},
		{
			"from": [4.91378, 15.80172, 7.487],
			"to": [8.67758, 21.49212, 8.513],
			"rotation": {"angle": 22.5, "axis": "z", "origin": [7.82637, 2.38185, 4.7368]},
			"faces": {
				"north": {"uv": [3.5625, 7, 3.3125, 7.375], "texture": "#2"},
				"east": {"uv": [6.75, 8.375, 6.6875, 8.75], "texture": "#2"},
				"south": {"uv": [4.875, 7.375, 4.625, 7.75], "texture": "#2"},
				"west": {"uv": [1.4375, 5.5, 1.375, 5.875], "texture": "#2"},
				"up": {"uv": [8.5, 0.625, 8.75, 0.5625], "texture": "#2"},
				"down": {"uv": [8.5, 1.25, 8.75, 1.3125], "texture": "#2"}
			}
		},
		{
			"from": [1.492, 11.742, 7.792],
			"to": [14.508, 22.008, 8.208],
			"rotation": {"angle": 0, "axis": "y", "origin": [7, 0, 7]},
			"faces": {
				"north": {"uv": [5.5, 3.1875, 6.3125, 3.8125], "texture": "#2"},
				"east": {"uv": [6.0625, 7.9375, 6.125, 8.5625], "texture": "#2"},
				"south": {"uv": [5.625, 4.375, 6.4375, 5], "texture": "#2"},
				"west": {"uv": [6.125, 7.9375, 6.1875, 8.5625], "texture": "#2"},
				"up": {"uv": [8.5, 1.3125, 7.6875, 1.25], "texture": "#2"},
				"down": {"uv": [8.5, 3.6875, 7.6875, 3.75], "texture": "#2"}
			}
		},
		{
			"from": [13.72453, 18.06119, 7.794],
			"to": [18.23653, 19.57319, 8.206],
			"rotation": {"angle": -22.5, "axis": "z", "origin": [20.23053, 18.81719, 8]},
			"faces": {
				"north": {"uv": [6.125, 1, 6.4375, 1.125], "texture": "#2"},
				"east": {"uv": [8.8125, 5.125, 8.875, 5.25], "texture": "#2"},
				"south": {"uv": [7.9375, 6.3125, 8.25, 6.4375], "texture": "#2"},
				"west": {"uv": [8.8125, 5.25, 8.875, 5.375], "texture": "#2"},
				"up": {"uv": [8.75, 6.6875, 8.4375, 6.625], "texture": "#2"},
				"down": {"uv": [8.75, 6.6875, 8.4375, 6.75], "texture": "#2"}
			}
		},
		{
			"from": [11.10789, 9.47668, 7.798],
			"to": [15.11189, 10.98068, 8.202],
			"rotation": {"angle": 45, "axis": "z", "origin": [12.85989, 12.12868, 8]},
			"faces": {
				"north": {"uv": [8.25, 1.8125, 8.5, 1.9375], "texture": "#2"},
				"east": {"uv": [5.6875, 8.8125, 5.75, 8.9375], "texture": "#2"},
				"south": {"uv": [8.25, 6.3125, 8.5, 6.4375], "texture": "#2"},
				"west": {"uv": [5.75, 8.8125, 5.8125, 8.9375], "texture": "#2"},
				"up": {"uv": [8.875, 4.375, 8.625, 4.3125], "texture": "#2"},
				"down": {"uv": [8.875, 4.375, 8.625, 4.4375], "texture": "#2"}
			}
		},
		{
			"from": [15.74983, 11.97203, 7.8],
			"to": [17.24983, 14.47203, 8.2],
			"rotation": {"angle": -22.5, "axis": "z", "origin": [16.49983, 14.22203, 8]},
			"faces": {
				"north": {"uv": [2.9375, 8.4375, 3.0625, 8.625], "texture": "#2"},
				"east": {"uv": [7.375, 8.6875, 7.4375, 8.875], "texture": "#2"},
				"south": {"uv": [3.6875, 8.4375, 3.8125, 8.625], "texture": "#2"},
				"west": {"uv": [7.4375, 8.6875, 7.5, 8.875], "texture": "#2"},
				"up": {"uv": [8.9375, 5.5625, 8.8125, 5.5], "texture": "#2"},
				"down": {"uv": [5.9375, 8.8125, 5.8125, 8.875], "texture": "#2"}
			}
		},
		{
			"from": [17.4869, 17.39317, 7.796],
			"to": [20.9949, 18.90117, 8.204],
			"rotation": {"angle": -45, "axis": "z", "origin": [19.7409, 18.14717, 8]},
			"faces": {
				"north": {"uv": [8.1875, 5.9375, 8.4375, 6.0625], "texture": "#2"},
				"east": {"uv": [8.8125, 5.375, 8.875, 5.5], "texture": "#2"},
				"south": {"uv": [8.25, 0.25, 8.5, 0.375], "texture": "#2"},
				"west": {"uv": [5.625, 8.8125, 5.6875, 8.9375], "texture": "#2"},
				"up": {"uv": [8.875, 3.6875, 8.625, 3.625], "texture": "#2"},
				"down": {"uv": [8.875, 3.6875, 8.625, 3.75], "texture": "#2"}
			}
		},
		{
			"from": [16.13688, 12.87736, 7.798],
			"to": [21.89088, 17.63136, 8.202],
			"rotation": {"angle": 22.5, "axis": "z", "origin": [21.13888, 15.87936, 8]},
			"faces": {
				"north": {"uv": [4.25, 7.375, 4.625, 7.6875], "texture": "#2"},
				"east": {"uv": [6.375, 8.4375, 6.4375, 8.75], "texture": "#2"},
				"south": {"uv": [7.375, 5.375, 7.75, 5.6875], "texture": "#2"},
				"west": {"uv": [6.4375, 8.4375, 6.5, 8.75], "texture": "#2"},
				"up": {"uv": [8.75, 3.875, 8.375, 3.8125], "texture": "#2"},
				"down": {"uv": [8.75, 3.875, 8.375, 3.9375], "texture": "#2"}
			}
		},
		{
			"from": [18.58799, 10.49312, 7.8],
			"to": [22.66299, 14.54312, 8.2],
			"rotation": {"angle": -22.5, "axis": "z", "origin": [19.91299, 13.16812, 8]},
			"faces": {
				"north": {"uv": [7.75, 5.375, 8, 5.625], "texture": "#2"},
				"east": {"uv": [3.1875, 8.625, 3.25, 8.875], "texture": "#2"},
				"south": {"uv": [0, 7.8125, 0.25, 8.0625], "texture": "#2"},
				"west": {"uv": [3.25, 8.625, 3.3125, 8.875], "texture": "#2"},
				"up": {"uv": [8.875, 4, 8.625, 3.9375], "texture": "#2"},
				"down": {"uv": [8.875, 4.25, 8.625, 4.3125], "texture": "#2"}
			}
		},
		{
			"from": [0.88811, 9.47668, 7.798],
			"to": [4.89211, 10.98068, 8.202],
			"rotation": {"angle": -45, "axis": "z", "origin": [3.14011, 12.12868, 8]},
			"faces": {
				"north": {"uv": [8.5, 1.8125, 8.25, 1.9375], "texture": "#2"},
				"east": {"uv": [5.8125, 8.8125, 5.75, 8.9375], "texture": "#2"},
				"south": {"uv": [8.5, 6.3125, 8.25, 6.4375], "texture": "#2"},
				"west": {"uv": [5.75, 8.8125, 5.6875, 8.9375], "texture": "#2"},
				"up": {"uv": [8.625, 4.375, 8.875, 4.3125], "texture": "#2"},
				"down": {"uv": [8.625, 4.375, 8.875, 4.4375], "texture": "#2"}
			}
		},
		{
			"from": [-1.24983, 11.97203, 7.8],
			"to": [0.25017, 14.47203, 8.2],
			"rotation": {"angle": 22.5, "axis": "z", "origin": [-0.49983, 14.22203, 8]},
			"faces": {
				"north": {"uv": [3.0625, 8.4375, 2.9375, 8.625], "texture": "#2"},
				"east": {"uv": [7.5, 8.6875, 7.4375, 8.875], "texture": "#2"},
				"south": {"uv": [3.8125, 8.4375, 3.6875, 8.625], "texture": "#2"},
				"west": {"uv": [7.4375, 8.6875, 7.375, 8.875], "texture": "#2"},
				"up": {"uv": [8.8125, 5.5625, 8.9375, 5.5], "texture": "#2"},
				"down": {"uv": [5.8125, 8.8125, 5.9375, 8.875], "texture": "#2"}
			}
		},
		{
			"from": [-6.66299, 10.49312, 7.8],
			"to": [-2.58799, 14.54312, 8.2],
			"rotation": {"angle": 22.5, "axis": "z", "origin": [-3.91299, 13.16812, 8]},
			"faces": {
				"north": {"uv": [8, 5.375, 7.75, 5.625], "texture": "#2"},
				"east": {"uv": [3.3125, 8.625, 3.25, 8.875], "texture": "#2"},
				"south": {"uv": [0.25, 7.8125, 0, 8.0625], "texture": "#2"},
				"west": {"uv": [3.25, 8.625, 3.1875, 8.875], "texture": "#2"},
				"up": {"uv": [8.625, 4, 8.875, 3.9375], "texture": "#2"},
				"down": {"uv": [8.625, 4.25, 8.875, 4.3125], "texture": "#2"}
			}
		},
		{
			"from": [-5.89088, 12.87736, 7.798],
			"to": [-0.13688, 17.63136, 8.202],
			"rotation": {"angle": -22.5, "axis": "z", "origin": [-5.13888, 15.87936, 8]},
			"faces": {
				"north": {"uv": [4.625, 7.375, 4.25, 7.6875], "texture": "#2"},
				"east": {"uv": [6.5, 8.4375, 6.4375, 8.75], "texture": "#2"},
				"south": {"uv": [7.75, 5.375, 7.375, 5.6875], "texture": "#2"},
				"west": {"uv": [6.4375, 8.4375, 6.375, 8.75], "texture": "#2"},
				"up": {"uv": [8.375, 3.875, 8.75, 3.8125], "texture": "#2"},
				"down": {"uv": [8.375, 3.875, 8.75, 3.9375], "texture": "#2"}
			}
		},
		{
			"from": [-4.9949, 17.39317, 7.796],
			"to": [-1.4869, 18.90117, 8.204],
			"rotation": {"angle": 45, "axis": "z", "origin": [-3.7409, 18.14717, 8]},
			"faces": {
				"north": {"uv": [8.4375, 5.9375, 8.1875, 6.0625], "texture": "#2"},
				"east": {"uv": [5.6875, 8.8125, 5.625, 8.9375], "texture": "#2"},
				"south": {"uv": [8.5, 0.25, 8.25, 0.375], "texture": "#2"},
				"west": {"uv": [8.875, 5.375, 8.8125, 5.5], "texture": "#2"},
				"up": {"uv": [8.625, 3.6875, 8.875, 3.625], "texture": "#2"},
				"down": {"uv": [8.625, 3.6875, 8.875, 3.75], "texture": "#2"}
			}
		},
		{
			"from": [-2.23653, 18.06119, 7.794],
			"to": [2.27547, 19.57319, 8.206],
			"rotation": {"angle": 22.5, "axis": "z", "origin": [-4.23053, 18.81719, 8]},
			"faces": {
				"north": {"uv": [6.4375, 1, 6.125, 1.125], "texture": "#2"},
				"east": {"uv": [8.875, 5.25, 8.8125, 5.375], "texture": "#2"},
				"south": {"uv": [8.25, 6.3125, 7.9375, 6.4375], "texture": "#2"},
				"west": {"uv": [8.875, 5.125, 8.8125, 5.25], "texture": "#2"},
				"up": {"uv": [8.4375, 6.6875, 8.75, 6.625], "texture": "#2"},
				"down": {"uv": [8.4375, 6.6875, 8.75, 6.75], "texture": "#2"}
			}
		},
		{
			"name": "ef",
			"from": [-10.95754, 0, 2.01573],
			"to": [10.64246, 31.2, 2.01573],
			"rotation": {"angle": 22.5, "axis": "y", "origin": [7.34672, 9.7, 7.67008]},
			"faces": {
				"north": {"uv": [11.5, 0.625, 6.625, 7.9375], "texture": "#1"},
				"east": {"uv": [0, 0, 0, 1.5625], "texture": "#missing"},
				"south": {"uv": [6.625, 0.625, 11.5, 7.9375], "texture": "#1"},
				"west": {"uv": [0, 0, 0, 1.5625], "texture": "#missing"},
				"up": {"uv": [0.875, 0, 0, 0], "texture": "#missing"},
				"down": {"uv": [0.875, 0, 0, 0], "texture": "#missing"}
			}
		},
		{
			"name": "ef",
			"from": [-4.81368, -9.6, 12.79326],
			"to": [11.98632, 15.6, 12.79326],
			"rotation": {"angle": -22.5, "axis": "y", "origin": [7.34672, 9.7, 7.67008]},
			"faces": {
				"north": {"uv": [0.5, 8.6875, 5.375, 16], "texture": "#1"},
				"east": {"uv": [0, 0, 0, 1.5625], "texture": "#missing"},
				"south": {"uv": [5.375, 8.6875, 0.5, 16], "texture": "#1"},
				"west": {"uv": [0, 0, 0, 1.5625], "texture": "#missing"},
				"up": {"uv": [0, 0, 0.875, 0], "texture": "#missing"},
				"down": {"uv": [0, 0, 0.875, 0], "texture": "#missing"}
			}
		},
		{
			"name": "ef",
			"from": [3.16673, 3.8, 2.35651],
			"to": [19.96673, 29, 2.35651],
			"rotation": {"angle": -22.5, "axis": "y", "origin": [7.34672, 9.7, 7.67008]},
			"faces": {
				"north": {"uv": [5.375, 8.6875, 0.5, 16], "texture": "#1"},
				"east": {"uv": [0, 0, 0, 1.5625], "texture": "#missing"},
				"south": {"uv": [0.5, 8.6875, 5.375, 16], "texture": "#1"},
				"west": {"uv": [0, 0, 0, 1.5625], "texture": "#missing"},
				"up": {"uv": [0.875, 0, 0, 0], "texture": "#missing"},
				"down": {"uv": [0.875, 0, 0, 0], "texture": "#missing"}
			}
		},
		{
			"name": "ef",
			"from": [4.00557, -9.8, 13.43404],
			"to": [25.60557, 21.4, 13.43404],
			"rotation": {"angle": 22.5, "axis": "y", "origin": [7.34672, 9.7, 7.67008]},
			"faces": {
				"north": {"uv": [0.75, 0.625, 5.625, 7.9375], "texture": "#1"},
				"east": {"uv": [0, 0, 0, 1.5625], "texture": "#missing"},
				"south": {"uv": [5.625, 0.625, 0.75, 7.9375], "texture": "#1"},
				"west": {"uv": [0, 0, 0, 1.5625], "texture": "#missing"},
				"up": {"uv": [0, 0, 0.875, 0], "texture": "#missing"},
				"down": {"uv": [0, 0, 0.875, 0], "texture": "#missing"}
			}
		}
	],
	"gui_light": "front",
	"display": {
		"thirdperson_righthand": {
			"rotation": [0, 90, 0],
			"translation": [0, 4, 2],
			"scale": [0.6, 0.6, 0.6]
		},
		"thirdperson_lefthand": {
			"rotation": [0, 90, 0],
			"translation": [0, 4, 2],
			"scale": [0.6, 0.6, 0.6]
		},
		"firstperson_righthand": {
			"rotation": [145.2, 86.44, -135.24],
			"translation": [-0.25, 5.25, 0],
			"scale": [0.45, 0.45, 0.45]
		},
		"firstperson_lefthand": {
			"rotation": [145.2, 86.44, -135.24],
			"translation": [-0.25, 5.25, 0],
			"scale": [0.45, 0.45, 0.45]
		},
		"ground": {
			"rotation": [0, 0, 45],
			"translation": [0, 4.25, 0],
			"scale": [0.3, 0.3, 0.3]
		},
		"gui": {
			"rotation": [-180, 0, -135],
			"translation": [0, -0.25, 0],
			"scale": [0.47, 0.47, 0.47]
		},
		"head": {
			"translation": [0, 1.5, 0],
			"scale": [0, 0, 0]
		},
		"fixed": {
			"translation": [0, 0, -1.25],
			"scale": [0.7, 0.7, 0.7]
		}
	},
	"groups": [
		{
			"name": "firework_pickaxe",
			"origin": [9.90919, 7.01604, 8],
			"color": 0,
			"children": [0, 1, 2, 3, 4, 5, 6, 7, 8, 9, 10, 11, 12, 13, 14, 15, 16, 17, 18, 19, 20, 21, 22, 23, 24, 25, 26, 27, 28, 29, 30, 31, 32, 33, 34, 35, 36, 37, 38, 39]
		}
	]
}