{"textures":{"0":"modelengine:entity/frog_green"},"elements":[{"from":[-1.0,2.4718485,4.370475],"to":[17.0,5.4718485,7.370475],"faces":{"east":{"uv":[5.625,6.625,6.0,7.0],"tintindex":0,"rotation":0,"texture":"#0"},"south":{"uv":[11.875,2.25,14.125,2.625],"tintindex":0,"rotation":0,"texture":"#0"},"north":{"uv":[11.625,7.75,13.875,8.125],"tintindex":0,"rotation":0,"texture":"#0"},"west":{"uv":[7.125,10.875,7.5,11.25],"tintindex":0,"rotation":0,"texture":"#0"},"up":{"uv":[14.125,3.125,11.875,2.75],"tintindex":0,"rotation":0,"texture":"#0"},"down":{"uv":[14.125,3.25,11.875,3.625],"tintindex":0,"rotation":0,"texture":"#0"}}},{"from":[-0.5625,2.9718485,-1.6295252],"to":[16.5625,14.9718485,8.370475],"faces":{"east":{"uv":[2.375,6.875,3.625,8.375],"tintindex":0,"rotation":0,"texture":"#0"},"south":{"uv":[4.25,0.0,6.375,1.5],"tintindex":0,"rotation":0,"texture":"#0"},"north":{"uv":[2.0,3.5,4.125,5.0],"tintindex":0,"rotation":0,"texture":"#0"},"west":{"uv":[7.875,7.125,9.125,8.625],"tintindex":0,"rotation":0,"texture":"#0"},"up":{"uv":[8.375,7.0,6.25,5.75],"tintindex":0,"rotation":0,"texture":"#0"},"down":{"uv":[8.625,0.0,6.5,1.25],"tintindex":0,"rotation":0,"texture":"#0"}}},{"from":[-1.0249996,5.4718485,-0.6295252],"to":[17.025,15.4718485,9.370475],"faces":{"east":{"uv":[1.75,8.5,3.0,9.75],"tintindex":0,"rotation":0,"texture":"#0"},"south":{"uv":[6.25,1.625,8.5,2.875],"tintindex":0,"rotation":0,"texture":"#0"},"north":{"uv":[0.0,5.75,2.25,7.0],"tintindex":0,"rotation":0,"texture":"#0"},"west":{"uv":[8.625,1.375,9.875,2.625],"tintindex":0,"rotation":0,"texture":"#0"},"up":{"uv":[8.5,4.25,6.25,3.0],"tintindex":0,"rotation":0,"texture":"#0"},"down":{"uv":[8.5,4.375,6.25,5.625],"tintindex":0,"rotation":0,"texture":"#0"}}},{"from":[-1.0,17.915482,11.173643],"to":[17.0,23.915482,11.173643],"faces":{"south":{"uv":[8.5,5.75,10.75,6.5],"tintindex":0,"rotation":0,"texture":"#0"},"north":{"uv":[5.5,8.375,7.75,9.125],"tintindex":0,"rotation":0,"texture":"#0"}},"rotation":{"origin":[8.0,20.915482,11.173643],"angle":22.5,"axis":"x"}},{"from":[-1.0,14.315417,6.6113796],"to":[17.0,16.315418,11.61138],"faces":{"east":{"uv":[8.5,6.625,9.125,6.875],"tintindex":0,"rotation":0,"texture":"#0"},"south":{"uv":[13.0,8.25,15.25,8.5],"tintindex":0,"rotation":0,"texture":"#0"},"north":{"uv":[12.875,12.75,15.125,13.0],"tintindex":0,"rotation":0,"texture":"#0"},"west":{"uv":[10.25,4.625,10.875,4.875],"tintindex":0,"rotation":0,"texture":"#0"},"up":{"uv":[10.875,5.625,8.625,5.0],"tintindex":0,"rotation":0,"texture":"#0"},"down":{"uv":[11.5,7.75,9.25,8.375],"tintindex":0,"rotation":0,"texture":"#0"}},"rotation":{"origin":[8.0,15.315417,8.61138],"angle":-45.0,"axis":"x"}}]}