{"textures":{"0":"modelengine:entity/frog_green"},"elements":[{"from":[4.0625,5.25,-6.500001],"to":[11.9375,5.25,4.5],"faces":{"up":{"uv":[3.0,11.25,2.0,9.875],"tintindex":0,"rotation":0,"texture":"#0"},"down":{"uv":[11.0,1.125,10.0,2.5],"tintindex":0,"rotation":0,"texture":"#0"}}},{"from":[4.0625,5.25,4.5],"to":[11.9375,8.25,10.5],"faces":{"east":{"uv":[6.375,13.875,7.125,14.25],"tintindex":0,"rotation":0,"texture":"#0"},"south":{"uv":[13.75,13.125,14.75,13.5],"tintindex":0,"rotation":0,"texture":"#0"},"north":{"uv":[13.25,11.0,14.25,11.375],"tintindex":0,"rotation":0,"texture":"#0"},"west":{"uv":[7.25,13.875,8.0,14.25],"tintindex":0,"rotation":0,"texture":"#0"},"up":{"uv":[13.125,2.125,12.125,1.375],"tintindex":0,"rotation":0,"texture":"#0"},"down":{"uv":[2.75,12.625,1.75,13.375],"tintindex":0,"rotation":0,"texture":"#0"}}}]}