{"textures":{"0":"item/meg/golem_corrupted"},"elements":[{"from":[8.740865,10.595957,-5.3638763],"to":[11.740865,14.595957,-0.3638773],"faces":{"east":{"uv":[6.875,2.3125,7.1875,2.5625],"tintindex":0,"rotation":0,"texture":"#0"},"south":{"uv":[8.0625,8.25,8.25,8.5],"tintindex":0,"rotation":0,"texture":"#0"},"north":{"uv":[8.25,3.8125,8.4375,4.0625],"tintindex":0,"rotation":0,"texture":"#0"},"west":{"uv":[7.8125,6.25,8.125,6.5],"tintindex":0,"rotation":0,"texture":"#0"},"up":{"uv":[8.375,7.8125,8.1875,7.5],"tintindex":0,"rotation":0,"texture":"#0"},"down":{"uv":[7.75,8.1875,7.5625,8.5],"tintindex":0,"rotation":0,"texture":"#0"}},"rotation":{"origin":[10.240865,12.620956,-2.8638773],"angle":-45.0,"axis":"y"}},{"from":[8.347806,15.585421,-0.8974371],"to":[11.347806,25.58542,3.102563],"faces":{"east":{"uv":[0.25,7.8125,0.0,8.4375],"tintindex":0,"rotation":0,"texture":"#0"},"south":{"uv":[2.0625,7.875,1.875,8.5],"tintindex":0,"rotation":0,"texture":"#0"},"north":{"uv":[1.8125,7.875,1.625,8.5],"tintindex":0,"rotation":0,"texture":"#0"},"west":{"uv":[3.375,7.75,3.125,8.375],"tintindex":0,"rotation":0,"texture":"#0"},"up":{"uv":[8.3125,2.375,8.5,2.125],"tintindex":0,"rotation":0,"texture":"#0"},"down":{"uv":[8.3125,2.4375,8.5,2.6875],"tintindex":0,"rotation":0,"texture":"#0"}},"rotation":{"origin":[15.847806,11.0854225,-4.897436],"angle":22.5,"axis":"x"}},{"from":[5.847806,1.6209564,1.7091646],"to":[13.847806,14.6209545,11.709165],"faces":{"east":{"uv":[3.4375,4.8125,4.0625,5.625],"tintindex":0,"rotation":0,"texture":"#0"},"south":{"uv":[6.125,5.4375,6.625,6.25],"tintindex":0,"rotation":0,"texture":"#0"},"north":{"uv":[4.8125,5.6875,5.3125,6.5],"tintindex":0,"rotation":0,"texture":"#0"},"west":{"uv":[4.125,4.8125,4.75,5.625],"tintindex":0,"rotation":0,"texture":"#0"},"up":{"uv":[6.875,7.4375,6.375,6.8125],"tintindex":0,"rotation":0,"texture":"#0"},"down":{"uv":[7.375,1.625,6.875,2.25],"tintindex":0,"rotation":0,"texture":"#0"}},"rotation":{"origin":[16.347805,9.120956,3.7091646],"angle":-22.5,"axis":"y"}},{"from":[5.8228064,1.6209564,1.7091646],"to":[5.8228064,14.6209545,11.709165],"faces":{"east":{"uv":[5.375,2.4375,4.75,3.25],"tintindex":0,"rotation":0,"texture":"#0"},"west":{"uv":[4.75,2.4375,5.375,3.25],"tintindex":0,"rotation":0,"texture":"#0"}},"rotation":{"origin":[16.347805,9.120956,3.7091646],"angle":-22.5,"axis":"y"}},{"from":[8.740865,1.5959568,-5.3638763],"to":[11.740865,5.595957,-0.3638773],"faces":{"east":{"uv":[4.5,3.9375,4.8125,4.1875],"tintindex":0,"rotation":0,"texture":"#0"},"south":{"uv":[8.25,3.5,8.4375,3.75],"tintindex":0,"rotation":0,"texture":"#0"},"north":{"uv":[8.25,3.1875,8.4375,3.4375],"tintindex":0,"rotation":0,"texture":"#0"},"west":{"uv":[5.0,6.5625,5.3125,6.8125],"tintindex":0,"rotation":0,"texture":"#0"},"up":{"uv":[3.625,8.5,3.4375,8.1875],"tintindex":0,"rotation":0,"texture":"#0"},"down":{"uv":[8.375,6.75,8.1875,7.0625],"tintindex":0,"rotation":0,"texture":"#0"}},"rotation":{"origin":[10.240865,12.620956,-2.8638773],"angle":-45.0,"axis":"y"}}]}