{"textures":{"0":"item/meg/horse_glacial"},"elements":[{"from":[2.0,4.6980343,-0.8266411],"to":[14.0,16.698034,13.173359],"faces":{"east":{"uv":[0.0,3.0625,0.875,3.8125],"tintindex":0,"rotation":0,"texture":"#0"},"south":{"uv":[3.5,0.8125,4.25,1.5625],"tintindex":0,"rotation":0,"texture":"#0"},"north":{"uv":[3.375,0.0,4.125,0.75],"tintindex":0,"rotation":0,"texture":"#0"},"west":{"uv":[2.0,3.0625,2.875,3.8125],"tintindex":0,"rotation":0,"texture":"#0"},"up":{"uv":[3.6875,3.9375,2.9375,3.0625],"tintindex":0,"rotation":0,"texture":"#0"},"down":{"uv":[4.0625,1.9375,3.3125,2.8125],"tintindex":0,"rotation":0,"texture":"#0"}}}]}