{
	"credit": "Made with Blockbench",
	"texture_size": [32, 32],
	"textures": {
		"0": "item/lightiningtheme/lightaxe",
		"particle": "item/lightiningtheme/lightaxe"
	},
	"elements": [
		{
			"from": [7.25, 1.85, 7.25],
			"to": [8.75, 10.35, 8.75],
			"rotation": {"angle": 0, "axis": "y", "origin": [8, 9.13661, 5.5]},
			"faces": {
				"north": {"uv": [0, 0, 0.75, 4.25], "texture": "#0"},
				"east": {"uv": [1, 0, 1.75, 4.25], "texture": "#0"},
				"south": {"uv": [2, 0, 2.75, 4.25], "texture": "#0"},
				"west": {"uv": [3, 0, 3.75, 4.25], "texture": "#0"},
				"up": {"uv": [2.75, 10.75, 2, 10], "texture": "#0"},
				"down": {"uv": [10.75, 4, 10, 4.75], "texture": "#0"}
			}
		},
		{
			"from": [7, 3.0293, 0.62549],
			"to": [9, 5.0293, 2.62549],
			"rotation": {"angle": -45, "axis": "x", "origin": [8, 10.40758, 7.99088]},
			"faces": {
				"north": {"uv": [6.5, 8, 7.5, 9], "texture": "#0"},
				"east": {"uv": [7.5, 8, 8.5, 9], "texture": "#0"},
				"south": {"uv": [0, 8.5, 1, 9.5], "texture": "#0"},
				"west": {"uv": [8.5, 0, 9.5, 1], "texture": "#0"},
				"up": {"uv": [9.5, 2, 8.5, 1], "texture": "#0"},
				"down": {"uv": [9.5, 2, 8.5, 3], "texture": "#0"}
			}
		},
		{
			"from": [7, 1.0293, 2.62549],
			"to": [9, 3.0293, 2.62549],
			"rotation": {"angle": -45, "axis": "x", "origin": [8, 10.40758, 7.99088]},
			"faces": {
				"north": {"uv": [8.5, 3, 9.5, 4], "texture": "#0"},
				"east": {"uv": [0, 0, 0, 1], "texture": "#0"},
				"south": {"uv": [8.5, 7.5, 9.5, 8.5], "texture": "#0"},
				"west": {"uv": [0, 0, 0, 1], "texture": "#0"},
				"up": {"uv": [1, 0, 0, 0], "texture": "#0"},
				"down": {"uv": [1, 0, 0, 0], "texture": "#0"}
			}
		},
		{
			"from": [7, 5.0293, -1.37451],
			"to": [9, 5.0293, 0.62549],
			"rotation": {"angle": -45, "axis": "x", "origin": [8, 10.40758, 7.99088]},
			"faces": {
				"north": {"uv": [0, 0, 1, 0], "texture": "#0"},
				"east": {"uv": [0, 0, 1, 0], "texture": "#0"},
				"south": {"uv": [0, 0, 1, 0], "texture": "#0"},
				"west": {"uv": [0, 0, 1, 0], "texture": "#0"},
				"up": {"uv": [9.5, 9.5, 8.5, 8.5], "texture": "#0"},
				"down": {"uv": [3, 9, 2, 10], "texture": "#0"}
			}
		},
		{
			"from": [7.25, 14.35, 7.25],
			"to": [8.75, 15.35, 8.75],
			"rotation": {"angle": 0, "axis": "y", "origin": [8, 9.13661, 5.5]},
			"faces": {
				"north": {"uv": [5.5, 10, 6.25, 10.5], "texture": "#0"},
				"east": {"uv": [10, 6, 10.75, 6.5], "texture": "#0"},
				"south": {"uv": [6.5, 10, 7.25, 10.5], "texture": "#0"},
				"west": {"uv": [10, 6.5, 10.75, 7], "texture": "#0"},
				"up": {"uv": [5.25, 10.75, 4.5, 10], "texture": "#0"},
				"down": {"uv": [10.75, 5, 10, 5.75], "texture": "#0"}
			}
		},
		{
			"from": [7, 3.35, 7],
			"to": [9, 8.85, 9],
			"rotation": {"angle": 0, "axis": "y", "origin": [8, 5.6, 8]},
			"faces": {
				"north": {"uv": [1.5, 4.5, 2.5, 7.25], "texture": "#0"},
				"east": {"uv": [2.5, 4.5, 3.5, 7.25], "texture": "#0"},
				"south": {"uv": [5.5, 4, 6.5, 6.75], "texture": "#0"},
				"west": {"uv": [6, 0, 7, 2.75], "texture": "#0"},
				"up": {"uv": [10, 5, 9, 4], "texture": "#0"},
				"down": {"uv": [6, 9, 5, 10], "texture": "#0"}
			}
		},
		{
			"from": [7, 10.35, 7],
			"to": [9, 14.35, 9],
			"rotation": {"angle": 0, "axis": "y", "origin": [8, 9.13661, 5.5]},
			"faces": {
				"north": {"uv": [3.5, 6, 4.5, 8], "texture": "#0"},
				"east": {"uv": [4.5, 6, 5.5, 8], "texture": "#0"},
				"south": {"uv": [0, 6.5, 1, 8.5], "texture": "#0"},
				"west": {"uv": [6.5, 3, 7.5, 5], "texture": "#0"},
				"up": {"uv": [10, 6, 9, 5], "texture": "#0"},
				"down": {"uv": [7, 9, 6, 10], "texture": "#0"}
			}
		},
		{
			"from": [7.5, 10.85, 4.25],
			"to": [8.5, 14.1, 7.5],
			"rotation": {"angle": 45, "axis": "x", "origin": [8, 12.35, 5.75]},
			"faces": {
				"north": {"uv": [8, 9, 8.5, 10.75], "texture": "#0"},
				"east": {"uv": [4, 0, 5.75, 1.75], "texture": "#0"},
				"south": {"uv": [3, 9.5, 3.5, 11.25], "texture": "#0"},
				"west": {"uv": [4, 2, 5.75, 3.75], "texture": "#0"},
				"up": {"uv": [4, 11.25, 3.5, 9.5], "texture": "#0"},
				"down": {"uv": [4.5, 9.5, 4, 11.25], "texture": "#0"}
			}
		},
		{
			"from": [7.5, 13.6, 7.1],
			"to": [8.5, 15.6, 9.1],
			"rotation": {"angle": 45, "axis": "x", "origin": [8, 12.35, 5.75]},
			"faces": {
				"north": {"uv": [3.5, 4.5, 4, 5.5], "texture": "#0"},
				"east": {"uv": [9, 6, 10, 7], "texture": "#0"},
				"south": {"uv": [6, 3, 6.5, 4], "texture": "#0"},
				"west": {"uv": [7, 9, 8, 10], "texture": "#0"},
				"up": {"uv": [1.5, 7.5, 1, 6.5], "texture": "#0"},
				"down": {"uv": [5.5, 8, 5, 9], "texture": "#0"}
			}
		},
		{
			"from": [7.35, 10.35, 2.75],
			"to": [8.6, 14.35, 5.75],
			"rotation": {"angle": 0, "axis": "y", "origin": [8.1, 9.63661, 5.25]},
			"faces": {
				"north": {"uv": [5.5, 7, 6.25, 9], "texture": "#0"},
				"east": {"uv": [4, 4, 5.5, 6], "texture": "#0"},
				"south": {"uv": [1, 7.5, 1.75, 9.5], "texture": "#0"},
				"west": {"uv": [0, 4.5, 1.5, 6.5], "texture": "#0"},
				"up": {"uv": [2.75, 9, 2, 7.5], "texture": "#0"},
				"down": {"uv": [8.25, 3, 7.5, 4.5], "texture": "#0"}
			}
		},
		{
			"from": [7.35, 13.85, 3.25],
			"to": [8.6, 16.35, 6.25],
			"rotation": {"angle": 22.5, "axis": "x", "origin": [7.975, 15.35, 4.25]},
			"faces": {
				"north": {"uv": [0, 9.5, 0.75, 10.75], "texture": "#0"},
				"east": {"uv": [6.5, 5, 8, 6.25], "texture": "#0"},
				"south": {"uv": [9.5, 0, 10.25, 1.25], "texture": "#0"},
				"west": {"uv": [6.5, 6.5, 8, 7.75], "texture": "#0"},
				"up": {"uv": [3.75, 9.5, 3, 8], "texture": "#0"},
				"down": {"uv": [4.75, 8, 4, 9.5], "texture": "#0"}
			}
		},
		{
			"from": [7.35, 16.35, 3.25],
			"to": [7.35, 17.35, 6.25],
			"rotation": {"angle": 22.5, "axis": "x", "origin": [7.975, 15.35, 4.25]},
			"faces": {
				"north": {"uv": [0, 0, 0, 0.5], "texture": "#0"},
				"east": {"uv": [9, 7, 10.5, 7.5], "texture": "#0"},
				"south": {"uv": [0, 0, 0, 0.5], "texture": "#0"},
				"west": {"uv": [9.5, 3, 11, 3.5], "texture": "#0"},
				"up": {"uv": [0, 1.5, 0, 0], "texture": "#0"},
				"down": {"uv": [0, 0, 0, 1.5], "texture": "#0"}
			}
		},
		{
			"from": [7.35, 16.35, 3.25],
			"to": [8.6, 17.35, 3.25],
			"rotation": {"angle": 22.5, "axis": "x", "origin": [7.975, 15.35, 4.25]},
			"faces": {
				"north": {"uv": [8.5, 10, 9.25, 10.5], "texture": "#0"},
				"east": {"uv": [0, 0, 0, 0.5], "texture": "#0"},
				"south": {"uv": [9.5, 10, 10.25, 10.5], "texture": "#0"},
				"west": {"uv": [0, 0, 0, 0.5], "texture": "#0"},
				"up": {"uv": [0.75, 0, 0, 0], "texture": "#0"},
				"down": {"uv": [0.75, 0, 0, 0], "texture": "#0"}
			}
		},
		{
			"from": [8.6, 16.35, 3.25],
			"to": [8.6, 17.35, 6.25],
			"rotation": {"angle": 22.5, "axis": "x", "origin": [7.975, 15.35, 4.25]},
			"faces": {
				"north": {"uv": [0, 0, 0, 0.5], "texture": "#0"},
				"east": {"uv": [9.5, 3.5, 11, 4], "texture": "#0"},
				"south": {"uv": [0, 0, 0, 0.5], "texture": "#0"},
				"west": {"uv": [9.5, 7.5, 11, 8], "texture": "#0"},
				"up": {"uv": [0, 1.5, 0, 0], "texture": "#0"},
				"down": {"uv": [0, 0, 0, 1.5], "texture": "#0"}
			}
		},
		{
			"from": [7.35, 8.35, 3.25],
			"to": [8.6, 10.85, 6.25],
			"rotation": {"angle": -22.5, "axis": "x", "origin": [8.1, 9.35, 4.25]},
			"faces": {
				"north": {"uv": [1, 9.5, 1.75, 10.75], "texture": "#0"},
				"east": {"uv": [7, 0, 8.5, 1.25], "texture": "#0"},
				"south": {"uv": [9.5, 1.5, 10.25, 2.75], "texture": "#0"},
				"west": {"uv": [7, 1.5, 8.5, 2.75], "texture": "#0"},
				"up": {"uv": [8.75, 6, 8, 4.5], "texture": "#0"},
				"down": {"uv": [8.75, 6, 8, 7.5], "texture": "#0"}
			}
		},
		{
			"from": [8.6, 7.35, 3.25],
			"to": [8.6, 8.35, 6.25],
			"rotation": {"angle": -22.5, "axis": "x", "origin": [8.1, 9.35, 4.25]},
			"faces": {
				"north": {"uv": [0, 0, 0, 0.5], "texture": "#0"},
				"east": {"uv": [9.5, 8, 11, 8.5], "texture": "#0"},
				"south": {"uv": [0, 0, 0, 0.5], "texture": "#0"},
				"west": {"uv": [8.5, 9.5, 10, 10], "texture": "#0"},
				"up": {"uv": [0, 1.5, 0, 0], "texture": "#0"},
				"down": {"uv": [0, 0, 0, 1.5], "texture": "#0"}
			}
		},
		{
			"from": [7.35, 7.35, 3.25],
			"to": [7.35, 8.35, 6.25],
			"rotation": {"angle": -22.5, "axis": "x", "origin": [8.1, 9.35, 4.25]},
			"faces": {
				"north": {"uv": [0, 0, 0, 0.5], "texture": "#0"},
				"east": {"uv": [9.5, 8.5, 11, 9], "texture": "#0"},
				"south": {"uv": [0, 0, 0, 0.5], "texture": "#0"},
				"west": {"uv": [9.5, 9, 11, 9.5], "texture": "#0"},
				"up": {"uv": [0, 1.5, 0, 0], "texture": "#0"},
				"down": {"uv": [0, 0, 0, 1.5], "texture": "#0"}
			}
		},
		{
			"from": [7.35, 7.35, 3.25],
			"to": [8.6, 8.35, 3.25],
			"rotation": {"angle": -22.5, "axis": "x", "origin": [8.1, 9.35, 4.25]},
			"faces": {
				"north": {"uv": [10, 9.5, 10.75, 10], "texture": "#0"},
				"east": {"uv": [0, 0, 0, 0.5], "texture": "#0"},
				"south": {"uv": [10.5, 0, 11.25, 0.5], "texture": "#0"},
				"west": {"uv": [0, 0, 0, 0.5], "texture": "#0"},
				"up": {"uv": [0.75, 0, 0, 0], "texture": "#0"},
				"down": {"uv": [0.75, 0, 0, 0], "texture": "#0"}
			}
		}
	],
	"display": {
		"thirdperson_righthand": {
			"translation": [0, 0.5, 0.75],
			"scale": [1.3, 1.3, 1.3]
		},
		"thirdperson_lefthand": {
			"translation": [0, 0.5, 0.75],
			"scale": [1.3, 1.3, 1.3]
		},
		"firstperson_righthand": {
			"translation": [0, 4, 0]
		},
		"firstperson_lefthand": {
			"translation": [0, 4, 0]
		},
		"ground": {
			"translation": [0, 6, 0]
		},
		"gui": {
			"rotation": [-75, -45, -90],
			"translation": [-1.25, 0, 0]
		},
		"fixed": {
			"rotation": [-90, 45, 90],
			"translation": [1, 0, 0]
		}
	},
	"groups": [
		{
			"name": "lightiningaxe",
			"origin": [8, 8.30909, 8.01261],
			"color": 0,
			"children": [0, 1, 2, 3, 4, 5, 6, 7, 8, 9, 10, 11, 12, 13, 14, 15, 16, 17]
		}
	]
}