{
	"credit": "Made with Blockbench",
	"texture_size": [32, 32],
	"textures": {
		"0": "item/lightiningtheme/lightpickaxe",
		"particle": "item/lightiningtheme/lightpickaxe"
	},
	"elements": [
		{
			"from": [7, 1.0293, 2.62549],
			"to": [9, 3.0293, 2.62549],
			"rotation": {"angle": -45, "axis": "x", "origin": [8, 10.40758, 7.99088]},
			"faces": {
				"north": {"uv": [1, 5, 2, 6], "texture": "#0"},
				"east": {"uv": [0, 0, 0, 1], "texture": "#0"},
				"south": {"uv": [2, 5, 3, 6], "texture": "#0"},
				"west": {"uv": [0, 0, 0, 1], "texture": "#0"},
				"up": {"uv": [1, 0, 0, 0], "texture": "#0"},
				"down": {"uv": [1, 0, 0, 0], "texture": "#0"}
			}
		},
		{
			"from": [7, 5.0293, -1.37451],
			"to": [9, 5.0293, 0.62549],
			"rotation": {"angle": -45, "axis": "x", "origin": [8, 10.40758, 7.99088]},
			"faces": {
				"north": {"uv": [0, 0, 1, 0], "texture": "#0"},
				"east": {"uv": [0, 0, 1, 0], "texture": "#0"},
				"south": {"uv": [0, 0, 1, 0], "texture": "#0"},
				"west": {"uv": [0, 0, 1, 0], "texture": "#0"},
				"up": {"uv": [6, 3, 5, 2], "texture": "#0"},
				"down": {"uv": [6, 3, 5, 4], "texture": "#0"}
			}
		},
		{
			"from": [7, 8.3293, 9.42549],
			"to": [9, 10.3293, 11.42549],
			"rotation": {"angle": -45, "axis": "x", "origin": [8, 6.90758, 7.99088]},
			"faces": {
				"north": {"uv": [4, 5, 5, 6], "texture": "#0"},
				"east": {"uv": [5, 4, 6, 5], "texture": "#0"},
				"south": {"uv": [5, 5, 6, 6], "texture": "#0"},
				"west": {"uv": [5.5, 0, 6.5, 1], "texture": "#0"},
				"up": {"uv": [6.5, 2, 5.5, 1], "texture": "#0"},
				"down": {"uv": [4, 5.5, 3, 6.5], "texture": "#0"}
			}
		},
		{
			"from": [7.25, 1.75, 7.25],
			"to": [8.75, 9.75, 8.75],
			"rotation": {"angle": 0, "axis": "y", "origin": [8, 10.40758, 7.99088]},
			"faces": {
				"north": {"uv": [0, 0, 0.75, 4], "texture": "#0"},
				"east": {"uv": [1, 0, 1.75, 4], "texture": "#0"},
				"south": {"uv": [2, 0, 2.75, 4], "texture": "#0"},
				"west": {"uv": [3, 0, 3.75, 4], "texture": "#0"},
				"up": {"uv": [8.25, 5.75, 7.5, 5], "texture": "#0"},
				"down": {"uv": [8.25, 6, 7.5, 6.75], "texture": "#0"}
			}
		},
		{
			"from": [7.25, 11.25, 7.25],
			"to": [8.75, 12.25, 8.75],
			"rotation": {"angle": 0, "axis": "y", "origin": [8, 10.40758, 7.99088]},
			"faces": {
				"north": {"uv": [8, 3, 8.75, 3.5], "texture": "#0"},
				"east": {"uv": [8, 3.5, 8.75, 4], "texture": "#0"},
				"south": {"uv": [4, 8, 4.75, 8.5], "texture": "#0"},
				"west": {"uv": [8, 4, 8.75, 4.5], "texture": "#0"},
				"up": {"uv": [8.75, 0.75, 8, 0], "texture": "#0"},
				"down": {"uv": [1.75, 8, 1, 8.75], "texture": "#0"}
			}
		},
		{
			"from": [7.5, 10.31034, 9.35776],
			"to": [8.5, 12.06034, 11.85776],
			"rotation": {"angle": 22.5, "axis": "x", "origin": [8, 6.90758, 7.99088]},
			"faces": {
				"north": {"uv": [5, 8, 5.5, 8.75], "texture": "#0"},
				"east": {"uv": [5, 6, 6.25, 6.75], "texture": "#0"},
				"south": {"uv": [5.5, 8, 6, 8.75], "texture": "#0"},
				"west": {"uv": [6, 5, 7.25, 5.75], "texture": "#0"},
				"up": {"uv": [0.5, 8.75, 0, 7.5], "texture": "#0"},
				"down": {"uv": [1, 7.5, 0.5, 8.75], "texture": "#0"}
			}
		},
		{
			"from": [7.5, 9.38418, 13.21566],
			"to": [8.5, 9.38418, 15.21566],
			"rotation": {"angle": 45, "axis": "x", "origin": [8, 9.45918, 14.31566]},
			"faces": {
				"north": {"uv": [0, 0, 0.5, 0], "texture": "#0"},
				"east": {"uv": [0, 0, 1, 0], "texture": "#0"},
				"south": {"uv": [0, 0, 0.5, 0], "texture": "#0"},
				"west": {"uv": [0, 0, 1, 0], "texture": "#0"},
				"up": {"uv": [8.5, 2, 8, 1], "texture": "#0"},
				"down": {"uv": [2.5, 8, 2, 9], "texture": "#0"}
			}
		},
		{
			"from": [8.5, 7.88418, 13.21566],
			"to": [8.5, 9.38418, 15.21566],
			"rotation": {"angle": 45, "axis": "x", "origin": [8, 9.45918, 14.31566]},
			"faces": {
				"north": {"uv": [0, 0, 0, 0.75], "texture": "#0"},
				"east": {"uv": [0, 6.5, 1, 7.25], "texture": "#0"},
				"south": {"uv": [0, 0, 0, 0.75], "texture": "#0"},
				"west": {"uv": [3, 6.5, 4, 7.25], "texture": "#0"},
				"up": {"uv": [0, 1, 0, 0], "texture": "#0"},
				"down": {"uv": [0, 0, 0, 1], "texture": "#0"}
			}
		},
		{
			"from": [7.5, 7.88418, 13.21566],
			"to": [7.5, 9.38418, 15.21566],
			"rotation": {"angle": 45, "axis": "x", "origin": [8, 9.45918, 14.31566]},
			"faces": {
				"north": {"uv": [0, 0, 0, 0.75], "texture": "#0"},
				"east": {"uv": [6.5, 6, 7.5, 6.75], "texture": "#0"},
				"south": {"uv": [0, 0, 0, 0.75], "texture": "#0"},
				"west": {"uv": [1, 7, 2, 7.75], "texture": "#0"},
				"up": {"uv": [0, 1, 0, 0], "texture": "#0"},
				"down": {"uv": [0, 0, 0, 1], "texture": "#0"}
			}
		},
		{
			"from": [7.25, 9.5, 8.25],
			"to": [8.75, 11.25, 11.25],
			"rotation": {"angle": 0, "axis": "y", "origin": [8, 6.90758, 7.99088]},
			"faces": {
				"north": {"uv": [2, 7, 2.75, 8], "texture": "#0"},
				"east": {"uv": [0, 4, 1.5, 5], "texture": "#0"},
				"south": {"uv": [7, 2, 7.75, 3], "texture": "#0"},
				"west": {"uv": [4, 0, 5.5, 1], "texture": "#0"},
				"up": {"uv": [4.75, 3.5, 4, 2], "texture": "#0"},
				"down": {"uv": [3.75, 4, 3, 5.5], "texture": "#0"}
			}
		},
		{
			"from": [7.25, 9.5, 4.69625],
			"to": [8.75, 11.25, 7.69625],
			"rotation": {"angle": 0, "axis": "y", "origin": [8, 6.90758, 7.99088]},
			"faces": {
				"north": {"uv": [7, 3, 7.75, 4], "texture": "#0"},
				"east": {"uv": [4, 1, 5.5, 2], "texture": "#0"},
				"south": {"uv": [4, 7, 4.75, 8], "texture": "#0"},
				"west": {"uv": [1.5, 4, 3, 5], "texture": "#0"},
				"up": {"uv": [4.75, 5, 4, 3.5], "texture": "#0"},
				"down": {"uv": [0.75, 5, 0, 6.5], "texture": "#0"}
			}
		},
		{
			"from": [7.5, 9.02964, 2.63375],
			"to": [8.5, 10.77964, 5.13375],
			"rotation": {"angle": -22.5, "axis": "x", "origin": [8, 9.90464, 3.88375]},
			"faces": {
				"north": {"uv": [6, 8, 6.5, 8.75], "texture": "#0"},
				"east": {"uv": [6.5, 0, 7.75, 0.75], "texture": "#0"},
				"south": {"uv": [6.5, 8, 7, 8.75], "texture": "#0"},
				"west": {"uv": [6.5, 1, 7.75, 1.75], "texture": "#0"},
				"up": {"uv": [3.5, 8.75, 3, 7.5], "texture": "#0"},
				"down": {"uv": [4, 7.5, 3.5, 8.75], "texture": "#0"}
			}
		},
		{
			"from": [7.5, 9.4353, 0.73759],
			"to": [8.5, 9.4353, 2.73759],
			"rotation": {"angle": -45, "axis": "x", "origin": [8, 9.4478, 1.63759]},
			"faces": {
				"north": {"uv": [0, 0, 0.5, 0], "texture": "#0"},
				"east": {"uv": [0, 0, 1, 0], "texture": "#0"},
				"south": {"uv": [0, 0, 0.5, 0], "texture": "#0"},
				"west": {"uv": [0, 0, 1, 0], "texture": "#0"},
				"up": {"uv": [8.5, 3, 8, 2], "texture": "#0"},
				"down": {"uv": [3, 8, 2.5, 9], "texture": "#0"}
			}
		},
		{
			"from": [8.5, 7.9353, 0.73759],
			"to": [8.5, 9.4353, 2.73759],
			"rotation": {"angle": -45, "axis": "x", "origin": [8, 9.4478, 1.63759]},
			"faces": {
				"north": {"uv": [0, 0, 0, 0.75], "texture": "#0"},
				"east": {"uv": [7, 4, 8, 4.75], "texture": "#0"},
				"south": {"uv": [0, 0, 0, 0.75], "texture": "#0"},
				"west": {"uv": [5, 7, 6, 7.75], "texture": "#0"},
				"up": {"uv": [0, 1, 0, 0], "texture": "#0"},
				"down": {"uv": [0, 0, 0, 1], "texture": "#0"}
			}
		},
		{
			"from": [7.5, 7.9353, 0.73759],
			"to": [7.5, 9.4353, 2.73759],
			"rotation": {"angle": -45, "axis": "x", "origin": [8, 9.4478, 1.63759]},
			"faces": {
				"north": {"uv": [0, 0, 0, 0.75], "texture": "#0"},
				"east": {"uv": [6, 7, 7, 7.75], "texture": "#0"},
				"south": {"uv": [0, 0, 0, 0.75], "texture": "#0"},
				"west": {"uv": [7, 7, 8, 7.75], "texture": "#0"},
				"up": {"uv": [0, 1, 0, 0], "texture": "#0"},
				"down": {"uv": [0, 0, 0, 1], "texture": "#0"}
			}
		},
		{
			"from": [7, 3.0293, 0.62549],
			"to": [9, 5.0293, 2.62549],
			"rotation": {"angle": -45, "axis": "x", "origin": [8, 10.40758, 7.99088]},
			"faces": {
				"north": {"uv": [1, 6, 2, 7], "texture": "#0"},
				"east": {"uv": [2, 6, 3, 7], "texture": "#0"},
				"south": {"uv": [6, 2, 7, 3], "texture": "#0"},
				"west": {"uv": [6, 3, 7, 4], "texture": "#0"},
				"up": {"uv": [5, 7, 4, 6], "texture": "#0"},
				"down": {"uv": [7, 4, 6, 5], "texture": "#0"}
			}
		}
	],
	"display": {
		"thirdperson_righthand": {
			"translation": [0, 2, 0],
			"scale": [1.3, 1.3, 1.3]
		},
		"thirdperson_lefthand": {
			"translation": [0, 2, 0],
			"scale": [1.3, 1.3, 1.3]
		},
		"firstperson_righthand": {
			"translation": [0, 4.5, 0]
		},
		"firstperson_lefthand": {
			"translation": [0, 4.5, 0]
		},
		"ground": {
			"translation": [0, 6.5, 0]
		},
		"gui": {
			"rotation": [105, 45, -90],
			"translation": [1, 0.75, 0],
			"scale": [1.1, 1.1, 1.1]
		},
		"fixed": {
			"rotation": [-180, 90, -180],
			"translation": [0, 1.5, 0]
		}
	},
	"groups": [
		{
			"name": "lightiningpickaxe",
			"origin": [8, 14.25, 6.25],
			"color": 0,
			"children": [0, 1, 2, 3, 4, 5, 6, 7, 8, 9, 10, 11, 12, 13, 14, 15]
		}
	]
}