{"textures":{"0":"item/meg/horse_spartan"},"elements":[{"from":[5.6,-3.1000004,4.799999],"to":[11.6,8.9,10.799999],"faces":{"east":{"uv":[1.875,8.875,2.625,10.375],"tintindex":0,"rotation":0,"texture":"#0"},"south":{"uv":[7.5,8.375,8.25,9.875],"tintindex":0,"rotation":0,"texture":"#0"},"north":{"uv":[7.5,8.375,8.25,9.875],"tintindex":0,"rotation":0,"texture":"#0"},"west":{"uv":[1.875,8.875,2.625,10.375],"tintindex":0,"rotation":0,"texture":"#0"},"up":{"uv":[13.125,1.875,12.375,1.125],"tintindex":0,"rotation":0,"texture":"#0"},"down":{"uv":[13.125,5.375,12.375,6.125],"tintindex":0,"rotation":0,"texture":"#0"}}}]}