{"textures":{"0":"modelengine:entity/golem_arcane"},"elements":[{"from":[3.5,-1.1637039,-0.28456306],"to":[12.5,7.836296,12.715437],"faces":{"east":{"uv":[6.3125,5.375,5.5,4.8125],"tintindex":0,"rotation":0,"texture":"#0"},"south":{"uv":[6.6875,5.4375,7.25,6.0],"tintindex":0,"rotation":0,"texture":"#0"},"north":{"uv":[6.6875,5.4375,7.25,6.0],"tintindex":0,"rotation":0,"texture":"#0"},"west":{"uv":[5.5,4.8125,6.3125,5.375],"tintindex":0,"rotation":0,"texture":"#0"},"up":{"uv":[6.0625,6.25,5.5,5.4375],"tintindex":0,"rotation":0,"texture":"#0"},"down":{"uv":[5.5,6.25,6.0625,5.4375],"tintindex":0,"rotation":0,"texture":"#0"}},"rotation":{"origin":[7.5,1.4833059,3.9490294],"angle":-45.0,"axis":"x"}}]}