{
	"credit": "by w11shes",
	"textures": {
		"0": "item/necromancer_assortment/armor/necromancer_assortment_helmet",
		"1": "item/necromancer_assortment/halloween_particle",
		"particle": "item/necromancer_assortment/armor/necromancer_assortment_helmet"
	},
	"elements": [
		{
			"from": [3, 3, 3],
			"to": [13, 11, 13],
			"faces": {
				"north": {"uv": [5.5, 2.5, 8, 4.5], "texture": "#0"},
				"east": {"uv": [2.5, 6, 0, 8], "texture": "#0"},
				"south": {"uv": [5.5, 4.5, 8, 6.5], "texture": "#0"},
				"west": {"uv": [0, 6, 2.5, 8], "texture": "#0"},
				"up": {"uv": [5.5, 2.5, 3, 0], "texture": "#0"},
				"down": {"uv": [5.5, 2.5, 3, 5], "texture": "#0"}
			}
		},
		{
			"from": [2.97, -2, 3],
			"to": [13.03, 1, 13],
			"rotation": {"angle": -22.5, "axis": "x", "origin": [0, 1, 11]},
			"faces": {
				"north": {"uv": [0, 8, 2.5, 8.75], "texture": "#0"},
				"east": {"uv": [10.5, 0.75, 8, 1.5], "texture": "#0"},
				"south": {"uv": [8, 0, 10.5, 0.75], "texture": "#0"},
				"west": {"uv": [8, 0.75, 10.5, 1.5], "texture": "#0"},
				"up": {"uv": [5.5, 7.5, 3, 5], "texture": "#0"},
				"down": {"uv": [8, 0, 5.5, 2.5], "texture": "#0"}
			}
		},
		{
			"from": [5, 1, 3],
			"to": [11, 3, 5],
			"rotation": {"angle": -22.5, "axis": "x", "origin": [5, 1, 11]},
			"faces": {
				"north": {"uv": [9, 3, 10.5, 3.5], "texture": "#0"},
				"east": {"uv": [9.5, 8.5, 10, 9], "texture": "#0"},
				"south": {"uv": [9, 3.5, 10.5, 4], "texture": "#0"},
				"west": {"uv": [9, 9.5, 9.5, 10], "texture": "#0"},
				"up": {"uv": [10.5, 4.5, 9, 4], "texture": "#0"}
			}
		},
		{
			"from": [5, 1, 3],
			"to": [11, 3, 5],
			"faces": {
				"north": {"uv": [9, 1.5, 10.5, 2], "texture": "#0"},
				"east": {"uv": [7.5, 9.5, 8, 10], "texture": "#0"},
				"south": {"uv": [9, 2, 10.5, 2.5], "texture": "#0"},
				"west": {"uv": [8, 9.5, 8.5, 10], "texture": "#0"},
				"down": {"uv": [10.5, 2.5, 9, 3], "texture": "#0"}
			}
		},
		{
			"from": [2, 7, 2],
			"to": [14, 10, 14],
			"faces": {
				"north": {"uv": [5.5, 6.5, 8.5, 7.25], "texture": "#0"},
				"east": {"uv": [2.5, 7.5, 5.5, 8.25], "texture": "#0"},
				"south": {"uv": [5.5, 7.25, 8.5, 8], "texture": "#0"},
				"west": {"uv": [2.5, 7.5, 5.5, 8.25], "texture": "#0"},
				"up": {"uv": [3, 3, 0, 0], "texture": "#0"},
				"down": {"uv": [3, 3, 0, 6], "texture": "#0"}
			}
		},
		{
			"from": [6, 10, 2],
			"to": [10, 17, 4],
			"faces": {
				"north": {"uv": [8, 1.5, 9, 3.25], "texture": "#0"},
				"east": {"uv": [5, 8.25, 5.5, 10], "texture": "#0"},
				"south": {"uv": [8, 3.25, 9, 5], "texture": "#0"},
				"west": {"uv": [3.75, 8.75, 4.25, 10.5], "texture": "#0"}
			}
		},
		{
			"from": [6, 15, 1.98],
			"to": [10, 19, 4.02],
			"rotation": {"angle": 45, "axis": "z", "origin": [8, 17, 3]},
			"faces": {
				"north": {"uv": [8.5, 6.25, 9.5, 7.25], "texture": "#0"},
				"east": {"uv": [9.25, 4.5, 9.75, 5.5], "texture": "#0"},
				"south": {"uv": [7.5, 8.5, 8.5, 9.5], "texture": "#0"},
				"west": {"uv": [5.5, 9.25, 6, 10.25], "texture": "#0"},
				"up": {"uv": [10.25, 6, 9.25, 5.5], "texture": "#0"},
				"down": {"uv": [7, 9.25, 6, 9.75], "texture": "#0"}
			}
		},
		{
			"from": [6, 6, 0],
			"to": [11, 11, 3],
			"rotation": {"angle": 45, "axis": "z", "origin": [8, 8, 0]},
			"faces": {
				"north": {"uv": [8, 5, 9.25, 6.25], "texture": "#0"},
				"east": {"uv": [1, 8.75, 1.75, 10], "texture": "#0"},
				"west": {"uv": [1.75, 8.75, 2.5, 10], "texture": "#0"},
				"up": {"uv": [9.75, 8, 8.5, 7.25], "texture": "#0"},
				"down": {"uv": [3.75, 8.75, 2.5, 9.5], "texture": "#0"}
			}
		},
		{
			"from": [1.98, 13, 6],
			"to": [4.02, 17, 10],
			"rotation": {"angle": -45, "axis": "x", "origin": [0, 15, 8]},
			"faces": {
				"north": {"uv": [7, 9.25, 7.5, 10.25], "texture": "#0"},
				"east": {"uv": [8.5, 8.5, 9.5, 9.5], "texture": "#0"},
				"south": {"uv": [2.5, 9.5, 3, 10.5], "texture": "#0"},
				"west": {"uv": [0, 8.75, 1, 9.75], "texture": "#0"},
				"up": {"uv": [3.5, 10.5, 3, 9.5], "texture": "#0"},
				"down": {"uv": [10, 6, 9.5, 7], "texture": "#0"}
			}
		},
		{
			"from": [2, 10, 6],
			"to": [4, 15, 10],
			"faces": {
				"north": {"uv": [2.5, 6, 3, 7.25], "texture": "#0"},
				"east": {"uv": [5.5, 8, 6.5, 9.25], "texture": "#0"},
				"south": {"uv": [4.25, 8.75, 4.75, 10], "texture": "#0"},
				"west": {"uv": [6.5, 8, 7.5, 9.25], "texture": "#0"}
			}
		},
		{
			"from": [11.98, 13, 6],
			"to": [14.02, 17, 10],
			"rotation": {"angle": -45, "axis": "x", "origin": [0, 15, 8]},
			"faces": {
				"north": {"uv": [7.5, 9.25, 7, 10.25], "texture": "#0"},
				"east": {"uv": [1, 8.75, 0, 9.75], "texture": "#0"},
				"south": {"uv": [3, 9.5, 2.5, 10.5], "texture": "#0"},
				"west": {"uv": [9.5, 8.5, 8.5, 9.5], "texture": "#0"},
				"up": {"uv": [3, 10.5, 3.5, 9.5], "texture": "#0"},
				"down": {"uv": [9.5, 6, 10, 7], "texture": "#0"}
			}
		},
		{
			"from": [12, 10, 6],
			"to": [14, 15, 10],
			"faces": {
				"north": {"uv": [3, 6, 2.5, 7.25], "texture": "#0"},
				"east": {"uv": [7.5, 8, 6.5, 9.25], "texture": "#0"},
				"south": {"uv": [4.75, 8.75, 4.25, 10], "texture": "#0"},
				"west": {"uv": [6.5, 8, 5.5, 9.25], "texture": "#0"}
			}
		},
		{
			"from": [6, 13, 11.98],
			"to": [10, 17, 14.02],
			"rotation": {"angle": -45, "axis": "z", "origin": [8, 15, 0]},
			"faces": {
				"north": {"uv": [9.5, 8.5, 8.5, 9.5], "texture": "#0"},
				"east": {"uv": [7.5, 9.25, 7, 10.25], "texture": "#0"},
				"south": {"uv": [1, 8.75, 0, 9.75], "texture": "#0"},
				"west": {"uv": [3, 9.5, 2.5, 10.5], "texture": "#0"},
				"up": {"uv": [3, 10.5, 3.5, 9.5], "rotation": 90, "texture": "#0"},
				"down": {"uv": [9.5, 6, 10, 7], "rotation": 270, "texture": "#0"}
			}
		},
		{
			"from": [6, 10, 12],
			"to": [10, 15, 14],
			"faces": {
				"north": {"uv": [6.5, 8, 5.5, 9.25], "texture": "#0"},
				"east": {"uv": [3, 6, 2.5, 7.25], "texture": "#0"},
				"south": {"uv": [7.5, 8, 6.5, 9.25], "texture": "#0"},
				"west": {"uv": [4.75, 8.75, 4.25, 10], "texture": "#0"}
			}
		},
		{
			"from": [3, 1, 11],
			"to": [13, 3, 13],
			"faces": {
				"north": {"uv": [7.5, 8, 10, 8.5], "texture": "#0"},
				"east": {"uv": [9, 9.5, 8.5, 10], "texture": "#0"},
				"south": {"uv": [2.5, 8.25, 5, 8.75], "texture": "#0"},
				"west": {"uv": [8.5, 9.5, 9, 10], "texture": "#0"}
			}
		},
		{
			"from": [8.25, 12.49, 3.25],
			"to": [2.75, 6.99, -1.25],
			"rotation": {"angle": 45, "axis": "z", "origin": [8, 12.24, -3]},
			"faces": {
				"east": {"uv": [12.5, 0, 13.25, 0.75], "texture": "#0"},
				"south": {"uv": [13.25, 0.75, 12.5, 0], "texture": "#0"},
				"west": {"uv": [12.5, 0, 13.25, 0.75], "texture": "#0"},
				"up": {"uv": [12.5, 0, 13.25, 0.75], "texture": "#0"},
				"down": {"uv": [12.5, 0, 13.25, 0.75], "texture": "#0"}
			}
		},
		{
			"from": [7, 11.24, 1],
			"to": [4, 8.24, -1],
			"rotation": {"angle": 45, "axis": "z", "origin": [8, 12.24, -3]},
			"faces": {
				"north": {"uv": [11.25, 0.75, 10.5, 0], "texture": "#0"},
				"east": {"uv": [11.25, 0, 11.75, 0.75], "texture": "#0"},
				"south": {"uv": [12.5, 0.75, 11.75, 0], "texture": "#0"},
				"west": {"uv": [11.75, 0, 11.25, 0.75], "texture": "#0"},
				"up": {"uv": [10.5, 1.25, 11.25, 0.75], "texture": "#0"},
				"down": {"uv": [10.5, 0.75, 11.25, 1.25], "texture": "#0"}
			}
		},
		{
			"from": [5.25, 3.85, 0.6],
			"to": [6.05, 4.65, 1.4],
			"shade": false,
			"rotation": {"angle": 22.5, "axis": "z", "origin": [0, 0, 0]},
			"faces": {
				"north": {"uv": [0, 14, 2, 16], "texture": "#1"},
				"east": {"uv": [0, 14, 2, 16], "texture": "#1"},
				"south": {"uv": [0, 14, 2, 16], "texture": "#1"},
				"west": {"uv": [0, 14, 2, 16], "texture": "#1"},
				"up": {"uv": [0, 14, 2, 16], "texture": "#1"},
				"down": {"uv": [0, 14, 2, 16], "texture": "#1"}
			}
		},
		{
			"from": [6.4, 5, 1.75],
			"to": [4.9, 3.5, 0.25],
			"shade": false,
			"rotation": {"angle": 22.5, "axis": "z", "origin": [0, 0, 0]},
			"faces": {
				"north": {"uv": [2, 14, 4, 16], "texture": "#1"},
				"east": {"uv": [2, 14, 4, 16], "texture": "#1"},
				"south": {"uv": [2, 14, 4, 16], "texture": "#1"},
				"west": {"uv": [2, 14, 4, 16], "texture": "#1"},
				"up": {"uv": [2, 14, 4, 16], "texture": "#1"},
				"down": {"uv": [2, 14, 4, 16], "texture": "#1"}
			}
		},
		{
			"from": [5.2, 4.3, 0.55],
			"to": [6.1, 5.2, 1.45],
			"shade": false,
			"rotation": {"angle": 22.5, "axis": "z", "origin": [0, 0, 0]},
			"faces": {
				"north": {"uv": [0, 12, 2, 14], "texture": "#1"},
				"east": {"uv": [0, 12, 2, 14], "texture": "#1"},
				"south": {"uv": [0, 12, 2, 14], "texture": "#1"},
				"west": {"uv": [0, 12, 2, 14], "texture": "#1"},
				"up": {"uv": [0, 12, 2, 14], "texture": "#1"},
				"down": {"uv": [0, 12, 2, 14], "texture": "#1"}
			}
		},
		{
			"from": [6.4, 5.5, 1.75],
			"to": [4.9, 4, 0.25],
			"shade": false,
			"rotation": {"angle": 22.5, "axis": "z", "origin": [0, 0, 0]},
			"faces": {
				"north": {"uv": [2, 12, 4, 14], "texture": "#1"},
				"east": {"uv": [2, 12, 4, 14], "texture": "#1"},
				"south": {"uv": [2, 12, 4, 14], "texture": "#1"},
				"west": {"uv": [2, 12, 4, 14], "texture": "#1"},
				"up": {"uv": [2, 12, 4, 14], "texture": "#1"},
				"down": {"uv": [2, 12, 4, 14], "texture": "#1"}
			}
		},
		{
			"from": [5.15, 4.75, 0.5],
			"to": [6.15, 5.75, 1.5],
			"shade": false,
			"rotation": {"angle": 22.5, "axis": "z", "origin": [0, 0, 0]},
			"faces": {
				"north": {"uv": [0, 10, 2, 12], "texture": "#1"},
				"east": {"uv": [0, 10, 2, 12], "texture": "#1"},
				"south": {"uv": [0, 10, 2, 12], "texture": "#1"},
				"west": {"uv": [0, 10, 2, 12], "texture": "#1"},
				"up": {"uv": [0, 10, 2, 12], "texture": "#1"},
				"down": {"uv": [0, 10, 2, 12], "texture": "#1"}
			}
		},
		{
			"from": [6.4, 6, 1.75],
			"to": [4.9, 4.5, 0.25],
			"shade": false,
			"rotation": {"angle": 22.5, "axis": "z", "origin": [0, 0, 0]},
			"faces": {
				"north": {"uv": [2, 10, 4, 12], "texture": "#1"},
				"east": {"uv": [2, 10, 4, 12], "texture": "#1"},
				"south": {"uv": [2, 10, 4, 12], "texture": "#1"},
				"west": {"uv": [2, 10, 4, 12], "texture": "#1"},
				"up": {"uv": [2, 10, 4, 12], "texture": "#1"},
				"down": {"uv": [2, 10, 4, 12], "texture": "#1"}
			}
		},
		{
			"from": [5.15, 5.25, 0.5],
			"to": [6.15, 6.25, 1.5],
			"shade": false,
			"rotation": {"angle": 22.5, "axis": "z", "origin": [0, 0, 0]},
			"faces": {
				"north": {"uv": [0, 8, 2, 10], "texture": "#1"},
				"east": {"uv": [0, 8, 2, 10], "texture": "#1"},
				"south": {"uv": [0, 8, 2, 10], "texture": "#1"},
				"west": {"uv": [0, 8, 2, 10], "texture": "#1"},
				"up": {"uv": [0, 8, 2, 10], "texture": "#1"},
				"down": {"uv": [0, 8, 2, 10], "texture": "#1"}
			}
		},
		{
			"from": [6.4, 6.5, 1.75],
			"to": [4.9, 5, 0.25],
			"shade": false,
			"rotation": {"angle": 22.5, "axis": "z", "origin": [0, 0, 0]},
			"faces": {
				"north": {"uv": [2, 8, 4, 10], "texture": "#1"},
				"east": {"uv": [2, 8, 4, 10], "texture": "#1"},
				"south": {"uv": [2, 8, 4, 10], "texture": "#1"},
				"west": {"uv": [2, 8, 4, 10], "texture": "#1"},
				"up": {"uv": [2, 8, 4, 10], "texture": "#1"},
				"down": {"uv": [2, 8, 4, 10], "texture": "#1"}
			}
		},
		{
			"from": [5.15, 5.75, 0.5],
			"to": [6.15, 6.75, 1.5],
			"shade": false,
			"rotation": {"angle": 22.5, "axis": "z", "origin": [0, 0, 0]},
			"faces": {
				"north": {"uv": [0, 6, 2, 8], "texture": "#1"},
				"east": {"uv": [0, 6, 2, 8], "texture": "#1"},
				"south": {"uv": [0, 6, 2, 8], "texture": "#1"},
				"west": {"uv": [0, 6, 2, 8], "texture": "#1"},
				"up": {"uv": [0, 6, 2, 8], "texture": "#1"},
				"down": {"uv": [0, 6, 2, 8], "texture": "#1"}
			}
		},
		{
			"from": [6.4, 7, 1.75],
			"to": [4.9, 5.5, 0.25],
			"shade": false,
			"rotation": {"angle": 22.5, "axis": "z", "origin": [0, 0, 0]},
			"faces": {
				"north": {"uv": [2, 6, 4, 8], "texture": "#1"},
				"east": {"uv": [2, 6, 4, 8], "texture": "#1"},
				"south": {"uv": [2, 6, 4, 8], "texture": "#1"},
				"west": {"uv": [2, 6, 4, 8], "texture": "#1"},
				"up": {"uv": [2, 6, 4, 8], "texture": "#1"},
				"down": {"uv": [2, 6, 4, 8], "texture": "#1"}
			}
		},
		{
			"from": [5.2, 6.3, 0.55],
			"to": [6.1, 7.2, 1.45],
			"shade": false,
			"rotation": {"angle": 22.5, "axis": "z", "origin": [0, 0, 0]},
			"faces": {
				"north": {"uv": [0, 4, 2, 6], "texture": "#1"},
				"east": {"uv": [0, 4, 2, 6], "texture": "#1"},
				"south": {"uv": [0, 4, 2, 6], "texture": "#1"},
				"west": {"uv": [0, 4, 2, 6], "texture": "#1"},
				"up": {"uv": [0, 4, 2, 6], "texture": "#1"},
				"down": {"uv": [0, 4, 2, 6], "texture": "#1"}
			}
		},
		{
			"from": [6.4, 7.5, 1.75],
			"to": [4.9, 6, 0.25],
			"shade": false,
			"rotation": {"angle": 22.5, "axis": "z", "origin": [0, 0, 0]},
			"faces": {
				"north": {"uv": [2, 4, 4, 6], "texture": "#1"},
				"east": {"uv": [2, 4, 4, 6], "texture": "#1"},
				"south": {"uv": [2, 4, 4, 6], "texture": "#1"},
				"west": {"uv": [2, 4, 4, 6], "texture": "#1"},
				"up": {"uv": [2, 4, 4, 6], "texture": "#1"},
				"down": {"uv": [2, 4, 4, 6], "texture": "#1"}
			}
		},
		{
			"from": [5.25, 7.35, 0.6],
			"to": [6.05, 8.15, 1.4],
			"shade": false,
			"rotation": {"angle": 22.5, "axis": "z", "origin": [0, 0, 0]},
			"faces": {
				"north": {"uv": [0, 2, 2, 4], "texture": "#1"},
				"east": {"uv": [0, 2, 2, 4], "texture": "#1"},
				"south": {"uv": [0, 2, 2, 4], "texture": "#1"},
				"west": {"uv": [0, 2, 2, 4], "texture": "#1"},
				"up": {"uv": [0, 2, 2, 4], "texture": "#1"},
				"down": {"uv": [0, 2, 2, 4], "texture": "#1"}
			}
		},
		{
			"from": [6.4, 8.5, 1.75],
			"to": [4.9, 7, 0.25],
			"shade": false,
			"rotation": {"angle": 22.5, "axis": "z", "origin": [0, 0, 0]},
			"faces": {
				"north": {"uv": [2, 2, 4, 4], "texture": "#1"},
				"east": {"uv": [2, 2, 4, 4], "texture": "#1"},
				"south": {"uv": [2, 2, 4, 4], "texture": "#1"},
				"west": {"uv": [2, 2, 4, 4], "texture": "#1"},
				"up": {"uv": [2, 2, 4, 4], "texture": "#1"},
				"down": {"uv": [2, 2, 4, 4], "texture": "#1"}
			}
		},
		{
			"from": [8.95, 9.85, 0.6],
			"to": [9.75, 10.65, 1.4],
			"shade": false,
			"rotation": {"angle": -22.5, "axis": "z", "origin": [0, 0, 0]},
			"faces": {
				"north": {"uv": [4, 14, 6, 16], "texture": "#1"},
				"east": {"uv": [4, 14, 6, 16], "texture": "#1"},
				"south": {"uv": [4, 14, 6, 16], "texture": "#1"},
				"west": {"uv": [4, 14, 6, 16], "texture": "#1"},
				"up": {"uv": [4, 14, 6, 16], "texture": "#1"},
				"down": {"uv": [4, 14, 6, 16], "texture": "#1"}
			}
		},
		{
			"from": [10.1, 11, 1.75],
			"to": [8.6, 9.5, 0.25],
			"shade": false,
			"rotation": {"angle": -22.5, "axis": "z", "origin": [0, 0, 0]},
			"faces": {
				"north": {"uv": [6, 14, 8, 16], "texture": "#1"},
				"east": {"uv": [6, 14, 8, 16], "texture": "#1"},
				"south": {"uv": [6, 14, 8, 16], "texture": "#1"},
				"west": {"uv": [6, 14, 8, 16], "texture": "#1"},
				"up": {"uv": [6, 14, 8, 16], "texture": "#1"},
				"down": {"uv": [6, 14, 8, 16], "texture": "#1"}
			}
		},
		{
			"from": [8.9, 10.3, 0.55],
			"to": [9.8, 11.2, 1.45],
			"shade": false,
			"rotation": {"angle": -22.5, "axis": "z", "origin": [0, 0, 0]},
			"faces": {
				"north": {"uv": [4, 12, 6, 14], "texture": "#1"},
				"east": {"uv": [4, 12, 6, 14], "texture": "#1"},
				"south": {"uv": [4, 12, 6, 14], "texture": "#1"},
				"west": {"uv": [4, 12, 6, 14], "texture": "#1"},
				"up": {"uv": [4, 12, 6, 14], "texture": "#1"},
				"down": {"uv": [4, 12, 6, 14], "texture": "#1"}
			}
		},
		{
			"from": [10.1, 11.5, 1.75],
			"to": [8.6, 10, 0.25],
			"shade": false,
			"rotation": {"angle": -22.5, "axis": "z", "origin": [0, 0, 0]},
			"faces": {
				"north": {"uv": [6, 12, 8, 14], "texture": "#1"},
				"east": {"uv": [6, 12, 8, 14], "texture": "#1"},
				"south": {"uv": [6, 12, 8, 14], "texture": "#1"},
				"west": {"uv": [6, 12, 8, 14], "texture": "#1"},
				"up": {"uv": [6, 12, 8, 14], "texture": "#1"},
				"down": {"uv": [6, 12, 8, 14], "texture": "#1"}
			}
		},
		{
			"from": [8.85, 11.25, 0.5],
			"to": [9.85, 12.25, 1.5],
			"shade": false,
			"rotation": {"angle": -22.5, "axis": "z", "origin": [0, 0, 0]},
			"faces": {
				"north": {"uv": [4, 10, 6, 12], "texture": "#1"},
				"east": {"uv": [4, 10, 6, 12], "texture": "#1"},
				"south": {"uv": [4, 10, 6, 12], "texture": "#1"},
				"west": {"uv": [4, 10, 6, 12], "texture": "#1"},
				"up": {"uv": [4, 10, 6, 12], "texture": "#1"},
				"down": {"uv": [4, 10, 6, 12], "texture": "#1"}
			}
		},
		{
			"from": [10.1, 12.5, 1.75],
			"to": [8.6, 11, 0.25],
			"shade": false,
			"rotation": {"angle": -22.5, "axis": "z", "origin": [0, 0, 0]},
			"faces": {
				"north": {"uv": [6, 10, 8, 12], "texture": "#1"},
				"east": {"uv": [6, 10, 8, 12], "texture": "#1"},
				"south": {"uv": [6, 10, 8, 12], "texture": "#1"},
				"west": {"uv": [6, 10, 8, 12], "texture": "#1"},
				"up": {"uv": [6, 10, 8, 12], "texture": "#1"},
				"down": {"uv": [6, 10, 8, 12], "texture": "#1"}
			}
		},
		{
			"from": [8.85, 11.75, 0.5],
			"to": [9.85, 12.75, 1.5],
			"shade": false,
			"rotation": {"angle": -22.5, "axis": "z", "origin": [0, 0, 0]},
			"faces": {
				"north": {"uv": [4, 8, 6, 10], "texture": "#1"},
				"east": {"uv": [4, 8, 6, 10], "texture": "#1"},
				"south": {"uv": [4, 8, 6, 10], "texture": "#1"},
				"west": {"uv": [4, 8, 6, 10], "texture": "#1"},
				"up": {"uv": [4, 8, 6, 10], "texture": "#1"},
				"down": {"uv": [4, 8, 6, 10], "texture": "#1"}
			}
		},
		{
			"from": [10.1, 13, 1.75],
			"to": [8.6, 11.5, 0.25],
			"shade": false,
			"rotation": {"angle": -22.5, "axis": "z", "origin": [0, 0, 0]},
			"faces": {
				"north": {"uv": [6, 8, 8, 10], "texture": "#1"},
				"east": {"uv": [6, 8, 8, 10], "texture": "#1"},
				"south": {"uv": [6, 8, 8, 10], "texture": "#1"},
				"west": {"uv": [6, 8, 8, 10], "texture": "#1"},
				"up": {"uv": [6, 8, 8, 10], "texture": "#1"},
				"down": {"uv": [6, 8, 8, 10], "texture": "#1"}
			}
		},
		{
			"from": [8.85, 12.25, 0.5],
			"to": [9.85, 13.25, 1.5],
			"shade": false,
			"rotation": {"angle": -22.5, "axis": "z", "origin": [0, 0, 0]},
			"faces": {
				"north": {"uv": [4, 6, 6, 8], "texture": "#1"},
				"east": {"uv": [4, 6, 6, 8], "texture": "#1"},
				"south": {"uv": [4, 6, 6, 8], "texture": "#1"},
				"west": {"uv": [4, 6, 6, 8], "texture": "#1"},
				"up": {"uv": [4, 6, 6, 8], "texture": "#1"},
				"down": {"uv": [4, 6, 6, 8], "texture": "#1"}
			}
		},
		{
			"from": [10.1, 13.5, 1.75],
			"to": [8.6, 12, 0.25],
			"shade": false,
			"rotation": {"angle": -22.5, "axis": "z", "origin": [0, 0, 0]},
			"faces": {
				"north": {"uv": [6, 6, 8, 8], "texture": "#1"},
				"east": {"uv": [6, 6, 8, 8], "texture": "#1"},
				"south": {"uv": [6, 6, 8, 8], "texture": "#1"},
				"west": {"uv": [6, 6, 8, 8], "texture": "#1"},
				"up": {"uv": [6, 6, 8, 8], "texture": "#1"},
				"down": {"uv": [6, 6, 8, 8], "texture": "#1"}
			}
		},
		{
			"from": [8.9, 12.8, 0.55],
			"to": [9.8, 13.7, 1.45],
			"shade": false,
			"rotation": {"angle": -22.5, "axis": "z", "origin": [0, 0, 0]},
			"faces": {
				"north": {"uv": [4, 4, 6, 6], "texture": "#1"},
				"east": {"uv": [4, 4, 6, 6], "texture": "#1"},
				"south": {"uv": [4, 4, 6, 6], "texture": "#1"},
				"west": {"uv": [4, 4, 6, 6], "texture": "#1"},
				"up": {"uv": [4, 4, 6, 6], "texture": "#1"},
				"down": {"uv": [4, 4, 6, 6], "texture": "#1"}
			}
		},
		{
			"from": [10.1, 14, 1.75],
			"to": [8.6, 12.5, 0.25],
			"shade": false,
			"rotation": {"angle": -22.5, "axis": "z", "origin": [0, 0, 0]},
			"faces": {
				"north": {"uv": [6, 4, 8, 6], "texture": "#1"},
				"east": {"uv": [6, 4, 8, 6], "texture": "#1"},
				"south": {"uv": [6, 4, 8, 6], "texture": "#1"},
				"west": {"uv": [6, 4, 8, 6], "texture": "#1"},
				"up": {"uv": [6, 4, 8, 6], "texture": "#1"},
				"down": {"uv": [6, 4, 8, 6], "texture": "#1"}
			}
		},
		{
			"from": [8.95, 13.35, 0.6],
			"to": [9.75, 14.15, 1.4],
			"shade": false,
			"rotation": {"angle": -22.5, "axis": "z", "origin": [0, 0, 0]},
			"faces": {
				"north": {"uv": [4, 2, 6, 4], "texture": "#1"},
				"east": {"uv": [4, 2, 6, 4], "texture": "#1"},
				"south": {"uv": [4, 2, 6, 4], "texture": "#1"},
				"west": {"uv": [4, 2, 6, 4], "texture": "#1"},
				"up": {"uv": [4, 2, 6, 4], "texture": "#1"},
				"down": {"uv": [4, 2, 6, 4], "texture": "#1"}
			}
		},
		{
			"from": [10.1, 14.5, 1.75],
			"to": [8.6, 13, 0.25],
			"shade": false,
			"rotation": {"angle": -22.5, "axis": "z", "origin": [0, 0, 0]},
			"faces": {
				"north": {"uv": [6, 2, 8, 4], "texture": "#1"},
				"east": {"uv": [6, 2, 8, 4], "texture": "#1"},
				"south": {"uv": [6, 2, 8, 4], "texture": "#1"},
				"west": {"uv": [6, 2, 8, 4], "texture": "#1"},
				"up": {"uv": [6, 2, 8, 4], "texture": "#1"},
				"down": {"uv": [6, 2, 8, 4], "texture": "#1"}
			}
		}
	],
	"gui_light": "front",
	"display": {
		"thirdperson_righthand": {
			"rotation": [42.76, 10.93, -4.97],
			"translation": [0, 4, 0],
			"scale": [0.54492, 0.54492, 0.54492]
		},
		"thirdperson_lefthand": {
			"rotation": [42.76, 10.93, -4.97],
			"translation": [0, 4, 0],
			"scale": [0.54492, 0.54492, 0.54492]
		},
		"firstperson_righthand": {
			"rotation": [0, 106, 0],
			"translation": [10, 3.75, -12]
		},
		"firstperson_lefthand": {
			"rotation": [0, 106, 0],
			"translation": [10, 3.75, -12]
		},
		"ground": {
			"translation": [0, 3, 0],
			"scale": [0.54688, 0.54688, 0.54688]
		},
		"gui": {
			"rotation": [20, 155, 0],
			"translation": [0, 1, 0],
			"scale": [0.60781, 0.60781, 0.60781]
		},
		"head": {
			"rotation": [-4, 0, 0],
			"translation": [0, 7.5, -0.5],
			"scale": [1.53266, 1.53266, 1.53266]
		},
		"fixed": {
			"translation": [0, 0.5, -9.5],
			"scale": [1.61133, 1.61133, 1.61133]
		}
	},
	"groups": [
		0,
		1,
		2,
		3,
		4,
		5,
		6,
		7,
		8,
		9,
		10,
		11,
		12,
		13,
		14,
		15,
		16,
		{
			"name": "particles",
			"origin": [8, 8, 8],
			"color": 0,
			"boneType": "",
			"children": [
				{
					"name": "particles1",
					"origin": [0, 0, 0],
					"color": 0,
					"boneType": "",
					"children": [
						{
							"name": "particle1",
							"origin": [0, 0, 0],
							"color": 0,
							"boneType": "",
							"children": [17, 18]
						},
						{
							"name": "particle2",
							"origin": [0, 0, 0],
							"color": 0,
							"boneType": "",
							"children": [19, 20]
						},
						{
							"name": "particle3",
							"origin": [0, 0, 0],
							"color": 0,
							"boneType": "",
							"children": [21, 22]
						},
						{
							"name": "particle4",
							"origin": [0, 0, 0],
							"color": 0,
							"boneType": "",
							"children": [23, 24]
						},
						{
							"name": "particle5",
							"origin": [0, 0, 0],
							"color": 0,
							"boneType": "",
							"children": [25, 26]
						},
						{
							"name": "particle6",
							"origin": [0, 0, 0],
							"color": 0,
							"boneType": "",
							"children": [27, 28]
						},
						{
							"name": "particle7",
							"origin": [0, 0, 0],
							"color": 0,
							"boneType": "",
							"children": [29, 30]
						}
					]
				},
				{
					"name": "particles2",
					"origin": [0, 0, 0],
					"color": 0,
					"boneType": "",
					"children": [
						{
							"name": "particle1",
							"origin": [0, 0, 0],
							"color": 0,
							"boneType": "",
							"children": [31, 32]
						},
						{
							"name": "particle2",
							"origin": [0, 0, 0],
							"color": 0,
							"boneType": "",
							"children": [33, 34]
						},
						{
							"name": "particle3",
							"origin": [0, 0, 0],
							"color": 0,
							"boneType": "",
							"children": [35, 36]
						},
						{
							"name": "particle4",
							"origin": [0, 0, 0],
							"color": 0,
							"boneType": "",
							"children": [37, 38]
						},
						{
							"name": "particle5",
							"origin": [0, 0, 0],
							"color": 0,
							"boneType": "",
							"children": [39, 40]
						},
						{
							"name": "particle6",
							"origin": [0, 0, 0],
							"color": 0,
							"boneType": "",
							"children": [41, 42]
						},
						{
							"name": "particle7",
							"origin": [0, 0, 0],
							"color": 0,
							"boneType": "",
							"children": [43, 44]
						}
					]
				}
			]
		}
	]
}