{
	"credit": "by w11shes",
	"textures": {
		"0": "item/necromancer_assortment/halloween_shovel",
		"1": "item/necromancer_assortment/halloween_particle",
		"particle": "item/necromancer_assortment/halloween_shovel"
	},
	"elements": [
		{
			"from": [6.5, 10, 6.5],
			"to": [9.5, 14, 9.5],
			"rotation": {"angle": -45, "axis": "y", "origin": [8, 8.7, 8]},
			"faces": {
				"north": {"uv": [12, 0, 13.5, 2], "texture": "#0"},
				"east": {"uv": [12, 0, 13.5, 2], "texture": "#0"},
				"south": {"uv": [12, 0, 13.5, 2], "texture": "#0"},
				"west": {"uv": [12, 0, 13.5, 2], "texture": "#0"}
			}
		},
		{
			"from": [6, 8, 6],
			"to": [10, 10, 10],
			"rotation": {"angle": -45, "axis": "y", "origin": [8, 8.7, 8]},
			"faces": {
				"north": {"uv": [8, 4, 10, 5], "texture": "#0"},
				"east": {"uv": [8, 4, 10, 5], "texture": "#0"},
				"south": {"uv": [8, 4, 10, 5], "texture": "#0"},
				"west": {"uv": [8, 4, 10, 5], "texture": "#0"},
				"up": {"uv": [2, 7, 0, 5], "rotation": 90, "texture": "#0"},
				"down": {"uv": [8.5, 0, 6.5, 2], "rotation": 270, "texture": "#0"}
			}
		},
		{
			"from": [7, -1, 7],
			"to": [9, 8, 9],
			"rotation": {"angle": 0, "axis": "y", "origin": [8, 8.7, 8]},
			"faces": {
				"north": {"uv": [2.5, 2.5, 3.5, 7], "texture": "#0"},
				"east": {"uv": [2.5, 2.5, 3.5, 7], "texture": "#0"},
				"south": {"uv": [2.5, 2.5, 3.5, 7], "texture": "#0"},
				"west": {"uv": [2.5, 2.5, 3.5, 7], "texture": "#0"}
			}
		},
		{
			"from": [6, -3, 6],
			"to": [10, -1, 10],
			"rotation": {"angle": -45, "axis": "y", "origin": [8, 8.7, 8]},
			"faces": {
				"north": {"uv": [8, 5, 10, 6], "texture": "#0"},
				"east": {"uv": [8, 5, 10, 6], "texture": "#0"},
				"south": {"uv": [8, 5, 10, 6], "texture": "#0"},
				"west": {"uv": [8, 5, 10, 6], "texture": "#0"},
				"up": {"uv": [6.5, 2, 4.5, 0], "rotation": 90, "texture": "#0"},
				"down": {"uv": [8.5, 2, 6.5, 4], "rotation": 270, "texture": "#0"}
			}
		},
		{
			"from": [6, -2.98736, -3.68736],
			"to": [10, 1.01264, 0.31264],
			"rotation": {"angle": -45, "axis": "x", "origin": [8, 8.7, 8]},
			"faces": {
				"north": {"uv": [13.5, 0, 15.5, 2], "texture": "#0"},
				"east": {"uv": [6, 4, 8, 6], "texture": "#0"},
				"south": {"uv": [8.5, 0, 10.5, 2], "texture": "#0"},
				"west": {"uv": [8, 4, 6, 6], "texture": "#0"},
				"up": {"uv": [10.5, 4, 8.5, 2], "rotation": 90, "texture": "#0"},
				"down": {"uv": [2, 7, 0, 9], "rotation": 270, "texture": "#0"}
			}
		},
		{
			"from": [6.22283, 12.09813, 6.5],
			"to": [9.22283, 14.09813, 9.5],
			"rotation": {"angle": -22.5, "axis": "z", "origin": [8, 8.7, 8]},
			"faces": {
				"north": {"uv": [14.5, 2, 16, 3], "texture": "#0"},
				"east": {"uv": [14.5, 3, 16, 4], "texture": "#0"},
				"south": {"uv": [16, 2, 14.5, 3], "texture": "#0"},
				"west": {"uv": [13, 2, 14.5, 3], "texture": "#0"},
				"down": {"uv": [13, 2, 11.5, 3.5], "rotation": 270, "texture": "#0"}
			}
		},
		{
			"from": [7, 12.77247, -0.54115],
			"to": [9, 16.77247, 5.45885],
			"rotation": {"angle": 22.5, "axis": "x", "origin": [8, 8.7, 8]},
			"faces": {
				"east": {"uv": [2, 7, 5, 9], "texture": "#0"},
				"west": {"uv": [5, 7, 2, 9], "texture": "#0"},
				"up": {"uv": [5, 7, 8, 8], "rotation": 90, "texture": "#0"},
				"down": {"uv": [6, 6, 9, 7], "rotation": 270, "texture": "#0"}
			}
		},
		{
			"from": [6.98, 17.6276, 4.8486],
			"to": [9.02, 20.4476, 7.6686],
			"rotation": {"angle": -22.5, "axis": "x", "origin": [8, 8.7, 8]},
			"faces": {
				"north": {"uv": [10.5, 1.5, 11.5, 2.91], "texture": "#0"},
				"east": {"uv": [10.5, 0, 11.91, 1.41], "texture": "#0"},
				"south": {"uv": [0, 0, 1, 1.41], "texture": "#0"},
				"west": {"uv": [11.91, 0, 10.5, 1.41], "texture": "#0"},
				"up": {"uv": [13, 3, 14.41, 4], "rotation": 90, "texture": "#0"},
				"down": {"uv": [0, 0, 1.41, 1], "rotation": 270, "texture": "#0"}
			}
		},
		{
			"from": [7, 12.77247, 10.54115],
			"to": [9, 16.77247, 16.54115],
			"rotation": {"angle": -22.5, "axis": "x", "origin": [8, 8.7, 8]},
			"faces": {
				"east": {"uv": [5, 7, 2, 9], "texture": "#0"},
				"west": {"uv": [2, 7, 5, 9], "texture": "#0"},
				"up": {"uv": [8, 7, 5, 8], "rotation": 90, "texture": "#0"},
				"down": {"uv": [9, 6, 6, 7], "rotation": 270, "texture": "#0"}
			}
		},
		{
			"from": [6.98, 17.6276, 8.3314],
			"to": [9.02, 20.4476, 11.1514],
			"rotation": {"angle": 22.5, "axis": "x", "origin": [8, 8.7, 8]},
			"faces": {
				"north": {"uv": [1, 0, 0, 1.41], "texture": "#0"},
				"east": {"uv": [11.91, 0, 10.5, 1.41], "texture": "#0"},
				"south": {"uv": [11.5, 1.5, 10.5, 2.91], "texture": "#0"},
				"west": {"uv": [10.5, 0, 11.91, 1.41], "texture": "#0"},
				"up": {"uv": [14.41, 3, 13, 4], "rotation": 90, "texture": "#0"},
				"down": {"uv": [1.41, 0, 0, 1], "rotation": 270, "texture": "#0"}
			}
		},
		{
			"from": [5.22283, 14.09813, 5.5],
			"to": [9.22283, 19.09813, 10.5],
			"rotation": {"angle": -22.5, "axis": "z", "origin": [8, 8.7, 8]},
			"faces": {
				"north": {"uv": [2.5, 0, 4.5, 2.5], "texture": "#0"},
				"east": {"uv": [0, 0, 2.5, 2.5], "texture": "#0"},
				"south": {"uv": [4.5, 0, 2.5, 2.5], "texture": "#0"},
				"west": {"uv": [0, 2.5, 2.5, 5], "texture": "#0"},
				"up": {"uv": [6, 4.5, 3.5, 2.5], "rotation": 90, "texture": "#0"},
				"down": {"uv": [6, 4.5, 3.5, 6.5], "rotation": 270, "texture": "#0"}
			}
		},
		{
			"from": [6.77717, 14.09813, 5.5],
			"to": [10.77717, 19.09813, 10.5],
			"rotation": {"angle": 22.5, "axis": "z", "origin": [8, 8.7, 8]},
			"faces": {
				"north": {"uv": [4.5, 0, 2.5, 2.5], "texture": "#0"},
				"east": {"uv": [2.5, 2.5, 0, 5], "texture": "#0"},
				"south": {"uv": [2.5, 0, 4.5, 2.5], "texture": "#0"},
				"west": {"uv": [2.5, 0, 0, 2.5], "texture": "#0"},
				"up": {"uv": [6, 2.5, 3.5, 4.5], "rotation": 90, "texture": "#0"},
				"down": {"uv": [6, 6.5, 3.5, 4.5], "rotation": 270, "texture": "#0"}
			}
		},
		{
			"from": [6.77717, 12.09813, 6.5],
			"to": [9.77717, 14.09813, 9.5],
			"rotation": {"angle": 22.5, "axis": "z", "origin": [8, 8.7, 8]},
			"faces": {
				"north": {"uv": [16, 2, 14.5, 3], "texture": "#0"},
				"east": {"uv": [14.5, 2, 13, 3], "texture": "#0"},
				"south": {"uv": [14.5, 2, 16, 3], "texture": "#0"},
				"west": {"uv": [16, 3, 14.5, 4], "texture": "#0"},
				"down": {"uv": [13, 3.5, 11.5, 2], "rotation": 270, "texture": "#0"}
			}
		},
		{
			"from": [7.5, 17.4, 4],
			"to": [8.5, 24.4, 12],
			"rotation": {"angle": 0, "axis": "y", "origin": [8, 8.7, 8]},
			"faces": {
				"north": {"uv": [3.5, 12.5, 4, 16], "texture": "#0"},
				"east": {"uv": [0, 12.5, 4, 16], "texture": "#0"},
				"south": {"uv": [0, 12.5, 0.5, 16], "texture": "#0"},
				"west": {"uv": [0, 12.5, 4, 16], "texture": "#0"},
				"up": {"uv": [0, 12.5, 4, 13], "rotation": 90, "texture": "#0"}
			}
		},
		{
			"from": [7.95, 17.4, 4],
			"to": [8, 27.4, 12],
			"rotation": {"angle": 0, "axis": "y", "origin": [8, 8.7, 8]},
			"faces": {
				"east": {"uv": [0, 11, 4, 16], "texture": "#0"},
				"west": {"uv": [0, 11, 4, 16], "texture": "#0"}
			}
		},
		{
			"from": [10.27717, 13.59813, 10],
			"to": [6.27717, 11.59813, 6],
			"shade": false,
			"rotation": {"angle": 22.5, "axis": "z", "origin": [8, 8.7, 8]},
			"faces": {
				"north": {"uv": [14.5, 12, 16, 13.5], "texture": "#0"},
				"east": {"uv": [14.5, 12, 16, 13.5], "texture": "#0"},
				"south": {"uv": [14.5, 12, 16, 13.5], "texture": "#0"},
				"up": {"uv": [16, 13.5, 14.5, 12], "rotation": 90, "texture": "#0"}
			}
		},
		{
			"from": [11.27717, 19.59813, 11],
			"to": [6.27717, 13.59813, 5],
			"shade": false,
			"rotation": {"angle": 22.5, "axis": "z", "origin": [8, 8.7, 8]},
			"faces": {
				"north": {"uv": [14.5, 12, 16, 13.5], "texture": "#0"},
				"east": {"uv": [14.5, 12, 16, 13.5], "texture": "#0"},
				"south": {"uv": [14.5, 12, 16, 13.5], "texture": "#0"},
				"west": {"uv": [14.5, 12, 16, 13.5], "texture": "#0"},
				"up": {"uv": [16, 16, 13.5, 13.5], "rotation": 90, "texture": "#0"},
				"down": {"uv": [16, 13.5, 14.5, 12], "rotation": 270, "texture": "#0"}
			}
		},
		{
			"from": [9.72283, 19.59813, 11],
			"to": [4.72283, 13.59813, 5],
			"shade": false,
			"rotation": {"angle": -22.5, "axis": "z", "origin": [8, 8.7, 8]},
			"faces": {
				"north": {"uv": [16, 12, 14.5, 13.5], "texture": "#0"},
				"east": {"uv": [16, 12, 14.5, 13.5], "texture": "#0"},
				"south": {"uv": [16, 12, 14.5, 13.5], "texture": "#0"},
				"west": {"uv": [16, 12, 14.5, 13.5], "texture": "#0"},
				"up": {"uv": [16, 13.5, 13.5, 16], "rotation": 90, "texture": "#0"},
				"down": {"uv": [16, 12, 14.5, 13.5], "rotation": 270, "texture": "#0"}
			}
		},
		{
			"from": [9.72283, 13.59813, 10],
			"to": [5.72283, 11.59813, 6],
			"shade": false,
			"rotation": {"angle": -22.5, "axis": "z", "origin": [8, 8.7, 8]},
			"faces": {
				"north": {"uv": [16, 12, 14.5, 13.5], "texture": "#0"},
				"south": {"uv": [16, 12, 14.5, 13.5], "texture": "#0"},
				"west": {"uv": [16, 12, 14.5, 13.5], "texture": "#0"},
				"up": {"uv": [16, 12, 14.5, 13.5], "rotation": 90, "texture": "#0"}
			}
		},
		{
			"from": [11.35, 14.85, 4.25],
			"to": [12.15, 15.65, 5.05],
			"shade": false,
			"rotation": {"angle": 0, "axis": "y", "origin": [8, 8.7, 8]},
			"faces": {
				"north": {"uv": [0, 14, 2, 16], "texture": "#1"},
				"east": {"uv": [0, 14, 2, 16], "texture": "#1"},
				"south": {"uv": [0, 14, 2, 16], "texture": "#1"},
				"west": {"uv": [0, 14, 2, 16], "texture": "#1"},
				"up": {"uv": [0, 14, 2, 16], "rotation": 90, "texture": "#1"},
				"down": {"uv": [0, 14, 2, 16], "rotation": 270, "texture": "#1"}
			}
		},
		{
			"from": [12.5, 16, 5.4],
			"to": [11, 14.5, 3.9],
			"shade": false,
			"rotation": {"angle": 0, "axis": "y", "origin": [8, 8.7, 8]},
			"faces": {
				"north": {"uv": [2, 14, 4, 16], "texture": "#1"},
				"east": {"uv": [2, 14, 4, 16], "texture": "#1"},
				"south": {"uv": [2, 14, 4, 16], "texture": "#1"},
				"west": {"uv": [2, 14, 4, 16], "texture": "#1"},
				"up": {"uv": [2, 14, 4, 16], "rotation": 90, "texture": "#1"},
				"down": {"uv": [2, 14, 4, 16], "rotation": 270, "texture": "#1"}
			}
		},
		{
			"from": [11.3, 15.3, 4.2],
			"to": [12.2, 16.2, 5.1],
			"shade": false,
			"rotation": {"angle": 0, "axis": "y", "origin": [8, 8.7, 8]},
			"faces": {
				"north": {"uv": [0, 12, 2, 14], "texture": "#1"},
				"east": {"uv": [0, 12, 2, 14], "texture": "#1"},
				"south": {"uv": [0, 12, 2, 14], "texture": "#1"},
				"west": {"uv": [0, 12, 2, 14], "texture": "#1"},
				"up": {"uv": [0, 12, 2, 14], "rotation": 90, "texture": "#1"},
				"down": {"uv": [0, 12, 2, 14], "rotation": 270, "texture": "#1"}
			}
		},
		{
			"from": [12.5, 16.5, 5.4],
			"to": [11, 15, 3.9],
			"shade": false,
			"rotation": {"angle": 0, "axis": "y", "origin": [8, 8.7, 8]},
			"faces": {
				"north": {"uv": [2, 12, 4, 14], "texture": "#1"},
				"east": {"uv": [2, 12, 4, 14], "texture": "#1"},
				"south": {"uv": [2, 12, 4, 14], "texture": "#1"},
				"west": {"uv": [2, 12, 4, 14], "texture": "#1"},
				"up": {"uv": [2, 12, 4, 14], "rotation": 90, "texture": "#1"},
				"down": {"uv": [2, 12, 4, 14], "rotation": 270, "texture": "#1"}
			}
		},
		{
			"from": [11.25, 15.75, 4.15],
			"to": [12.25, 16.75, 5.15],
			"shade": false,
			"rotation": {"angle": 0, "axis": "y", "origin": [8, 8.7, 8]},
			"faces": {
				"north": {"uv": [0, 10, 2, 12], "texture": "#1"},
				"east": {"uv": [0, 10, 2, 12], "texture": "#1"},
				"south": {"uv": [0, 10, 2, 12], "texture": "#1"},
				"west": {"uv": [0, 10, 2, 12], "texture": "#1"},
				"up": {"uv": [0, 10, 2, 12], "rotation": 90, "texture": "#1"},
				"down": {"uv": [0, 10, 2, 12], "rotation": 270, "texture": "#1"}
			}
		},
		{
			"from": [12.5, 17, 5.4],
			"to": [11, 15.5, 3.9],
			"shade": false,
			"rotation": {"angle": 0, "axis": "y", "origin": [8, 8.7, 8]},
			"faces": {
				"north": {"uv": [2, 10, 4, 12], "texture": "#1"},
				"east": {"uv": [2, 10, 4, 12], "texture": "#1"},
				"south": {"uv": [2, 10, 4, 12], "texture": "#1"},
				"west": {"uv": [2, 10, 4, 12], "texture": "#1"},
				"up": {"uv": [2, 10, 4, 12], "rotation": 90, "texture": "#1"},
				"down": {"uv": [2, 10, 4, 12], "rotation": 270, "texture": "#1"}
			}
		},
		{
			"from": [11.25, 16.25, 4.15],
			"to": [12.25, 17.25, 5.15],
			"shade": false,
			"rotation": {"angle": 0, "axis": "y", "origin": [8, 8.7, 8]},
			"faces": {
				"north": {"uv": [0, 8, 2, 10], "texture": "#1"},
				"east": {"uv": [0, 8, 2, 10], "texture": "#1"},
				"south": {"uv": [0, 8, 2, 10], "texture": "#1"},
				"west": {"uv": [0, 8, 2, 10], "texture": "#1"},
				"up": {"uv": [0, 8, 2, 10], "rotation": 90, "texture": "#1"},
				"down": {"uv": [0, 8, 2, 10], "rotation": 270, "texture": "#1"}
			}
		},
		{
			"from": [12.5, 17.5, 5.4],
			"to": [11, 16, 3.9],
			"shade": false,
			"rotation": {"angle": 0, "axis": "y", "origin": [8, 8.7, 8]},
			"faces": {
				"north": {"uv": [2, 8, 4, 10], "texture": "#1"},
				"east": {"uv": [2, 8, 4, 10], "texture": "#1"},
				"south": {"uv": [2, 8, 4, 10], "texture": "#1"},
				"west": {"uv": [2, 8, 4, 10], "texture": "#1"},
				"up": {"uv": [2, 8, 4, 10], "rotation": 90, "texture": "#1"},
				"down": {"uv": [2, 8, 4, 10], "rotation": 270, "texture": "#1"}
			}
		},
		{
			"from": [11.25, 16.75, 4.15],
			"to": [12.25, 17.75, 5.15],
			"shade": false,
			"rotation": {"angle": 0, "axis": "y", "origin": [8, 8.7, 8]},
			"faces": {
				"north": {"uv": [0, 6, 2, 8], "texture": "#1"},
				"east": {"uv": [0, 6, 2, 8], "texture": "#1"},
				"south": {"uv": [0, 6, 2, 8], "texture": "#1"},
				"west": {"uv": [0, 6, 2, 8], "texture": "#1"},
				"up": {"uv": [0, 6, 2, 8], "rotation": 90, "texture": "#1"},
				"down": {"uv": [0, 6, 2, 8], "rotation": 270, "texture": "#1"}
			}
		},
		{
			"from": [12.5, 18, 5.4],
			"to": [11, 16.5, 3.9],
			"shade": false,
			"rotation": {"angle": 0, "axis": "y", "origin": [8, 8.7, 8]},
			"faces": {
				"north": {"uv": [2, 6, 4, 8], "texture": "#1"},
				"east": {"uv": [2, 6, 4, 8], "texture": "#1"},
				"south": {"uv": [2, 6, 4, 8], "texture": "#1"},
				"west": {"uv": [2, 6, 4, 8], "texture": "#1"},
				"up": {"uv": [2, 6, 4, 8], "rotation": 90, "texture": "#1"},
				"down": {"uv": [2, 6, 4, 8], "rotation": 270, "texture": "#1"}
			}
		},
		{
			"from": [11.3, 17.3, 4.2],
			"to": [12.2, 18.2, 5.1],
			"shade": false,
			"rotation": {"angle": 0, "axis": "y", "origin": [8, 8.7, 8]},
			"faces": {
				"north": {"uv": [0, 4, 2, 6], "texture": "#1"},
				"east": {"uv": [0, 4, 2, 6], "texture": "#1"},
				"south": {"uv": [0, 4, 2, 6], "texture": "#1"},
				"west": {"uv": [0, 4, 2, 6], "texture": "#1"},
				"up": {"uv": [0, 4, 2, 6], "rotation": 90, "texture": "#1"},
				"down": {"uv": [0, 4, 2, 6], "rotation": 270, "texture": "#1"}
			}
		},
		{
			"from": [12.5, 18.5, 5.4],
			"to": [11, 17, 3.9],
			"shade": false,
			"rotation": {"angle": 0, "axis": "y", "origin": [8, 8.7, 8]},
			"faces": {
				"north": {"uv": [2, 4, 4, 6], "texture": "#1"},
				"east": {"uv": [2, 4, 4, 6], "texture": "#1"},
				"south": {"uv": [2, 4, 4, 6], "texture": "#1"},
				"west": {"uv": [2, 4, 4, 6], "texture": "#1"},
				"up": {"uv": [2, 4, 4, 6], "rotation": 90, "texture": "#1"},
				"down": {"uv": [2, 4, 4, 6], "rotation": 270, "texture": "#1"}
			}
		},
		{
			"from": [11.35, 18.35, 4.25],
			"to": [12.15, 19.15, 5.05],
			"shade": false,
			"rotation": {"angle": 0, "axis": "y", "origin": [8, 8.7, 8]},
			"faces": {
				"north": {"uv": [0, 2, 2, 4], "texture": "#1"},
				"east": {"uv": [0, 2, 2, 4], "texture": "#1"},
				"south": {"uv": [0, 2, 2, 4], "texture": "#1"},
				"west": {"uv": [0, 2, 2, 4], "texture": "#1"},
				"up": {"uv": [0, 2, 2, 4], "rotation": 90, "texture": "#1"},
				"down": {"uv": [0, 2, 2, 4], "rotation": 270, "texture": "#1"}
			}
		},
		{
			"from": [12.5, 19.5, 5.4],
			"to": [11, 18, 3.9],
			"shade": false,
			"rotation": {"angle": 0, "axis": "y", "origin": [8, 8.7, 8]},
			"faces": {
				"north": {"uv": [2, 2, 4, 4], "texture": "#1"},
				"east": {"uv": [2, 2, 4, 4], "texture": "#1"},
				"south": {"uv": [2, 2, 4, 4], "texture": "#1"},
				"west": {"uv": [2, 2, 4, 4], "texture": "#1"},
				"up": {"uv": [2, 2, 4, 4], "rotation": 90, "texture": "#1"},
				"down": {"uv": [2, 2, 4, 4], "rotation": 270, "texture": "#1"}
			}
		},
		{
			"from": [11.35, 14.85, 10.95],
			"to": [12.15, 15.65, 11.75],
			"shade": false,
			"rotation": {"angle": 0, "axis": "y", "origin": [8, 8.7, 8]},
			"faces": {
				"north": {"uv": [4, 14, 6, 16], "texture": "#1"},
				"east": {"uv": [4, 14, 6, 16], "texture": "#1"},
				"south": {"uv": [4, 14, 6, 16], "texture": "#1"},
				"west": {"uv": [4, 14, 6, 16], "texture": "#1"},
				"up": {"uv": [4, 14, 6, 16], "rotation": 90, "texture": "#1"},
				"down": {"uv": [4, 14, 6, 16], "rotation": 270, "texture": "#1"}
			}
		},
		{
			"from": [12.5, 16, 12.1],
			"to": [11, 14.5, 10.6],
			"shade": false,
			"rotation": {"angle": 0, "axis": "y", "origin": [8, 8.7, 8]},
			"faces": {
				"north": {"uv": [6, 14, 8, 16], "texture": "#1"},
				"east": {"uv": [6, 14, 8, 16], "texture": "#1"},
				"south": {"uv": [6, 14, 8, 16], "texture": "#1"},
				"west": {"uv": [6, 14, 8, 16], "texture": "#1"},
				"up": {"uv": [6, 14, 8, 16], "rotation": 90, "texture": "#1"},
				"down": {"uv": [6, 14, 8, 16], "rotation": 270, "texture": "#1"}
			}
		},
		{
			"from": [11.3, 15.3, 10.9],
			"to": [12.2, 16.2, 11.8],
			"shade": false,
			"rotation": {"angle": 0, "axis": "y", "origin": [8, 8.7, 8]},
			"faces": {
				"north": {"uv": [4, 12, 6, 14], "texture": "#1"},
				"east": {"uv": [4, 12, 6, 14], "texture": "#1"},
				"south": {"uv": [4, 12, 6, 14], "texture": "#1"},
				"west": {"uv": [4, 12, 6, 14], "texture": "#1"},
				"up": {"uv": [4, 12, 6, 14], "rotation": 90, "texture": "#1"},
				"down": {"uv": [4, 12, 6, 14], "rotation": 270, "texture": "#1"}
			}
		},
		{
			"from": [12.5, 16.5, 12.1],
			"to": [11, 15, 10.6],
			"shade": false,
			"rotation": {"angle": 0, "axis": "y", "origin": [8, 8.7, 8]},
			"faces": {
				"north": {"uv": [6, 12, 8, 14], "texture": "#1"},
				"east": {"uv": [6, 12, 8, 14], "texture": "#1"},
				"south": {"uv": [6, 12, 8, 14], "texture": "#1"},
				"west": {"uv": [6, 12, 8, 14], "texture": "#1"},
				"up": {"uv": [6, 12, 8, 14], "rotation": 90, "texture": "#1"},
				"down": {"uv": [6, 12, 8, 14], "rotation": 270, "texture": "#1"}
			}
		},
		{
			"from": [11.25, 16.25, 10.85],
			"to": [12.25, 17.25, 11.85],
			"shade": false,
			"rotation": {"angle": 0, "axis": "y", "origin": [8, 8.7, 8]},
			"faces": {
				"north": {"uv": [4, 10, 6, 12], "texture": "#1"},
				"east": {"uv": [4, 10, 6, 12], "texture": "#1"},
				"south": {"uv": [4, 10, 6, 12], "texture": "#1"},
				"west": {"uv": [4, 10, 6, 12], "texture": "#1"},
				"up": {"uv": [4, 10, 6, 12], "rotation": 90, "texture": "#1"},
				"down": {"uv": [4, 10, 6, 12], "rotation": 270, "texture": "#1"}
			}
		},
		{
			"from": [12.5, 17.5, 12.1],
			"to": [11, 16, 10.6],
			"shade": false,
			"rotation": {"angle": 0, "axis": "y", "origin": [8, 8.7, 8]},
			"faces": {
				"north": {"uv": [6, 10, 8, 12], "texture": "#1"},
				"east": {"uv": [6, 10, 8, 12], "texture": "#1"},
				"south": {"uv": [6, 10, 8, 12], "texture": "#1"},
				"west": {"uv": [6, 10, 8, 12], "texture": "#1"},
				"up": {"uv": [6, 10, 8, 12], "rotation": 90, "texture": "#1"},
				"down": {"uv": [6, 10, 8, 12], "rotation": 270, "texture": "#1"}
			}
		},
		{
			"from": [11.25, 16.75, 10.85],
			"to": [12.25, 17.75, 11.85],
			"shade": false,
			"rotation": {"angle": 0, "axis": "y", "origin": [8, 8.7, 8]},
			"faces": {
				"north": {"uv": [4, 8, 6, 10], "texture": "#1"},
				"east": {"uv": [4, 8, 6, 10], "texture": "#1"},
				"south": {"uv": [4, 8, 6, 10], "texture": "#1"},
				"west": {"uv": [4, 8, 6, 10], "texture": "#1"},
				"up": {"uv": [4, 8, 6, 10], "rotation": 90, "texture": "#1"},
				"down": {"uv": [4, 8, 6, 10], "rotation": 270, "texture": "#1"}
			}
		},
		{
			"from": [12.5, 18, 12.1],
			"to": [11, 16.5, 10.6],
			"shade": false,
			"rotation": {"angle": 0, "axis": "y", "origin": [8, 8.7, 8]},
			"faces": {
				"north": {"uv": [6, 8, 8, 10], "texture": "#1"},
				"east": {"uv": [6, 8, 8, 10], "texture": "#1"},
				"south": {"uv": [6, 8, 8, 10], "texture": "#1"},
				"west": {"uv": [6, 8, 8, 10], "texture": "#1"},
				"up": {"uv": [6, 8, 8, 10], "rotation": 90, "texture": "#1"},
				"down": {"uv": [6, 8, 8, 10], "rotation": 270, "texture": "#1"}
			}
		},
		{
			"from": [11.25, 17.25, 10.85],
			"to": [12.25, 18.25, 11.85],
			"shade": false,
			"rotation": {"angle": 0, "axis": "y", "origin": [8, 8.7, 8]},
			"faces": {
				"north": {"uv": [4, 6, 6, 8], "texture": "#1"},
				"east": {"uv": [4, 6, 6, 8], "texture": "#1"},
				"south": {"uv": [4, 6, 6, 8], "texture": "#1"},
				"west": {"uv": [4, 6, 6, 8], "texture": "#1"},
				"up": {"uv": [4, 6, 6, 8], "rotation": 90, "texture": "#1"},
				"down": {"uv": [4, 6, 6, 8], "rotation": 270, "texture": "#1"}
			}
		},
		{
			"from": [12.5, 18.5, 12.1],
			"to": [11, 17, 10.6],
			"shade": false,
			"rotation": {"angle": 0, "axis": "y", "origin": [8, 8.7, 8]},
			"faces": {
				"north": {"uv": [6, 6, 8, 8], "texture": "#1"},
				"east": {"uv": [6, 6, 8, 8], "texture": "#1"},
				"south": {"uv": [6, 6, 8, 8], "texture": "#1"},
				"west": {"uv": [6, 6, 8, 8], "texture": "#1"},
				"up": {"uv": [6, 6, 8, 8], "rotation": 90, "texture": "#1"},
				"down": {"uv": [6, 6, 8, 8], "rotation": 270, "texture": "#1"}
			}
		},
		{
			"from": [11.3, 17.8, 10.9],
			"to": [12.2, 18.7, 11.8],
			"shade": false,
			"rotation": {"angle": 0, "axis": "y", "origin": [8, 8.7, 8]},
			"faces": {
				"north": {"uv": [4, 4, 6, 6], "texture": "#1"},
				"east": {"uv": [4, 4, 6, 6], "texture": "#1"},
				"south": {"uv": [4, 4, 6, 6], "texture": "#1"},
				"west": {"uv": [4, 4, 6, 6], "texture": "#1"},
				"up": {"uv": [4, 4, 6, 6], "rotation": 90, "texture": "#1"},
				"down": {"uv": [4, 4, 6, 6], "rotation": 270, "texture": "#1"}
			}
		},
		{
			"from": [12.5, 19, 12.1],
			"to": [11, 17.5, 10.6],
			"shade": false,
			"rotation": {"angle": 0, "axis": "y", "origin": [8, 8.7, 8]},
			"faces": {
				"north": {"uv": [6, 4, 8, 6], "texture": "#1"},
				"east": {"uv": [6, 4, 8, 6], "texture": "#1"},
				"south": {"uv": [6, 4, 8, 6], "texture": "#1"},
				"west": {"uv": [6, 4, 8, 6], "texture": "#1"},
				"up": {"uv": [6, 4, 8, 6], "rotation": 90, "texture": "#1"},
				"down": {"uv": [6, 4, 8, 6], "rotation": 270, "texture": "#1"}
			}
		},
		{
			"from": [11.35, 18.35, 10.95],
			"to": [12.15, 19.15, 11.75],
			"shade": false,
			"rotation": {"angle": 0, "axis": "y", "origin": [8, 8.7, 8]},
			"faces": {
				"north": {"uv": [4, 2, 6, 4], "texture": "#1"},
				"east": {"uv": [4, 2, 6, 4], "texture": "#1"},
				"south": {"uv": [4, 2, 6, 4], "texture": "#1"},
				"west": {"uv": [4, 2, 6, 4], "texture": "#1"},
				"up": {"uv": [4, 2, 6, 4], "rotation": 90, "texture": "#1"},
				"down": {"uv": [4, 2, 6, 4], "rotation": 270, "texture": "#1"}
			}
		},
		{
			"from": [12.5, 19.5, 12.1],
			"to": [11, 18, 10.6],
			"shade": false,
			"rotation": {"angle": 0, "axis": "y", "origin": [8, 8.7, 8]},
			"faces": {
				"north": {"uv": [6, 2, 8, 4], "texture": "#1"},
				"east": {"uv": [6, 2, 8, 4], "texture": "#1"},
				"south": {"uv": [6, 2, 8, 4], "texture": "#1"},
				"west": {"uv": [6, 2, 8, 4], "texture": "#1"},
				"up": {"uv": [6, 2, 8, 4], "rotation": 90, "texture": "#1"},
				"down": {"uv": [6, 2, 8, 4], "rotation": 270, "texture": "#1"}
			}
		},
		{
			"from": [3.85, 14.85, 10.95],
			"to": [4.65, 15.65, 11.75],
			"shade": false,
			"rotation": {"angle": 0, "axis": "y", "origin": [8, 8.7, 8]},
			"faces": {
				"north": {"uv": [12, 14, 14, 16], "texture": "#1"},
				"east": {"uv": [12, 14, 14, 16], "texture": "#1"},
				"south": {"uv": [12, 14, 14, 16], "texture": "#1"},
				"west": {"uv": [12, 14, 14, 16], "texture": "#1"},
				"up": {"uv": [12, 14, 14, 16], "rotation": 90, "texture": "#1"},
				"down": {"uv": [12, 14, 14, 16], "rotation": 270, "texture": "#1"}
			}
		},
		{
			"from": [5, 16, 12.1],
			"to": [3.5, 14.5, 10.6],
			"shade": false,
			"rotation": {"angle": 0, "axis": "y", "origin": [8, 8.7, 8]},
			"faces": {
				"north": {"uv": [14, 14, 16, 16], "texture": "#1"},
				"east": {"uv": [14, 14, 16, 16], "texture": "#1"},
				"south": {"uv": [14, 14, 16, 16], "texture": "#1"},
				"west": {"uv": [14, 14, 16, 16], "texture": "#1"},
				"up": {"uv": [14, 14, 16, 16], "rotation": 90, "texture": "#1"},
				"down": {"uv": [14, 14, 16, 16], "rotation": 270, "texture": "#1"}
			}
		},
		{
			"from": [3.8, 15.3, 10.9],
			"to": [4.7, 16.2, 11.8],
			"shade": false,
			"rotation": {"angle": 0, "axis": "y", "origin": [8, 8.7, 8]},
			"faces": {
				"north": {"uv": [12, 12, 14, 14], "texture": "#1"},
				"east": {"uv": [12, 12, 14, 14], "texture": "#1"},
				"south": {"uv": [12, 12, 14, 14], "texture": "#1"},
				"west": {"uv": [12, 12, 14, 14], "texture": "#1"},
				"up": {"uv": [12, 12, 14, 14], "rotation": 90, "texture": "#1"},
				"down": {"uv": [12, 12, 14, 14], "rotation": 270, "texture": "#1"}
			}
		},
		{
			"from": [5, 16.5, 12.1],
			"to": [3.5, 15, 10.6],
			"shade": false,
			"rotation": {"angle": 0, "axis": "y", "origin": [8, 8.7, 8]},
			"faces": {
				"north": {"uv": [14, 12, 16, 14], "texture": "#1"},
				"east": {"uv": [14, 12, 16, 14], "texture": "#1"},
				"south": {"uv": [14, 12, 16, 14], "texture": "#1"},
				"west": {"uv": [14, 12, 16, 14], "texture": "#1"},
				"up": {"uv": [14, 12, 16, 14], "rotation": 90, "texture": "#1"},
				"down": {"uv": [14, 12, 16, 14], "rotation": 270, "texture": "#1"}
			}
		},
		{
			"from": [3.75, 15.75, 10.85],
			"to": [4.75, 16.75, 11.85],
			"shade": false,
			"rotation": {"angle": 0, "axis": "y", "origin": [8, 8.7, 8]},
			"faces": {
				"north": {"uv": [12, 10, 14, 12], "texture": "#1"},
				"east": {"uv": [12, 10, 14, 12], "texture": "#1"},
				"south": {"uv": [12, 10, 14, 12], "texture": "#1"},
				"west": {"uv": [12, 10, 14, 12], "texture": "#1"},
				"up": {"uv": [12, 10, 14, 12], "rotation": 90, "texture": "#1"},
				"down": {"uv": [12, 10, 14, 12], "rotation": 270, "texture": "#1"}
			}
		},
		{
			"from": [5, 17, 12.1],
			"to": [3.5, 15.5, 10.6],
			"shade": false,
			"rotation": {"angle": 0, "axis": "y", "origin": [8, 8.7, 8]},
			"faces": {
				"north": {"uv": [14, 10, 16, 12], "texture": "#1"},
				"east": {"uv": [14, 10, 16, 12], "texture": "#1"},
				"south": {"uv": [14, 10, 16, 12], "texture": "#1"},
				"west": {"uv": [14, 10, 16, 12], "texture": "#1"},
				"up": {"uv": [14, 10, 16, 12], "rotation": 90, "texture": "#1"},
				"down": {"uv": [14, 10, 16, 12], "rotation": 270, "texture": "#1"}
			}
		},
		{
			"from": [3.75, 16.25, 10.85],
			"to": [4.75, 17.25, 11.85],
			"shade": false,
			"rotation": {"angle": 0, "axis": "y", "origin": [8, 8.7, 8]},
			"faces": {
				"north": {"uv": [12, 8, 14, 10], "texture": "#1"},
				"east": {"uv": [12, 8, 14, 10], "texture": "#1"},
				"south": {"uv": [12, 8, 14, 10], "texture": "#1"},
				"west": {"uv": [12, 8, 14, 10], "texture": "#1"},
				"up": {"uv": [12, 8, 14, 10], "rotation": 90, "texture": "#1"},
				"down": {"uv": [12, 8, 14, 10], "rotation": 270, "texture": "#1"}
			}
		},
		{
			"from": [5, 17.5, 12.1],
			"to": [3.5, 16, 10.6],
			"shade": false,
			"rotation": {"angle": 0, "axis": "y", "origin": [8, 8.7, 8]},
			"faces": {
				"north": {"uv": [14, 8, 16, 10], "texture": "#1"},
				"east": {"uv": [14, 8, 16, 10], "texture": "#1"},
				"south": {"uv": [14, 8, 16, 10], "texture": "#1"},
				"west": {"uv": [14, 8, 16, 10], "texture": "#1"},
				"up": {"uv": [14, 8, 16, 10], "rotation": 90, "texture": "#1"},
				"down": {"uv": [14, 8, 16, 10], "rotation": 270, "texture": "#1"}
			}
		},
		{
			"from": [3.75, 16.75, 10.85],
			"to": [4.75, 17.75, 11.85],
			"shade": false,
			"rotation": {"angle": 0, "axis": "y", "origin": [8, 8.7, 8]},
			"faces": {
				"north": {"uv": [12, 6, 14, 8], "texture": "#1"},
				"east": {"uv": [12, 6, 14, 8], "texture": "#1"},
				"south": {"uv": [12, 6, 14, 8], "texture": "#1"},
				"west": {"uv": [12, 6, 14, 8], "texture": "#1"},
				"up": {"uv": [12, 6, 14, 8], "rotation": 90, "texture": "#1"},
				"down": {"uv": [12, 6, 14, 8], "rotation": 270, "texture": "#1"}
			}
		},
		{
			"from": [5, 18, 12.1],
			"to": [3.5, 16.5, 10.6],
			"shade": false,
			"rotation": {"angle": 0, "axis": "y", "origin": [8, 8.7, 8]},
			"faces": {
				"north": {"uv": [14, 6, 16, 8], "texture": "#1"},
				"east": {"uv": [14, 6, 16, 8], "texture": "#1"},
				"south": {"uv": [14, 6, 16, 8], "texture": "#1"},
				"west": {"uv": [14, 6, 16, 8], "texture": "#1"},
				"up": {"uv": [14, 6, 16, 8], "rotation": 90, "texture": "#1"},
				"down": {"uv": [14, 6, 16, 8], "rotation": 270, "texture": "#1"}
			}
		},
		{
			"from": [3.8, 17.3, 10.9],
			"to": [4.7, 18.2, 11.8],
			"shade": false,
			"rotation": {"angle": 0, "axis": "y", "origin": [8, 8.7, 8]},
			"faces": {
				"north": {"uv": [12, 4, 14, 6], "texture": "#1"},
				"east": {"uv": [12, 4, 14, 6], "texture": "#1"},
				"south": {"uv": [12, 4, 14, 6], "texture": "#1"},
				"west": {"uv": [12, 4, 14, 6], "texture": "#1"},
				"up": {"uv": [12, 4, 14, 6], "rotation": 90, "texture": "#1"},
				"down": {"uv": [12, 4, 14, 6], "rotation": 270, "texture": "#1"}
			}
		},
		{
			"from": [5, 18.5, 12.1],
			"to": [3.5, 17, 10.6],
			"shade": false,
			"rotation": {"angle": 0, "axis": "y", "origin": [8, 8.7, 8]},
			"faces": {
				"north": {"uv": [14, 4, 16, 6], "texture": "#1"},
				"east": {"uv": [14, 4, 16, 6], "texture": "#1"},
				"south": {"uv": [14, 4, 16, 6], "texture": "#1"},
				"west": {"uv": [14, 4, 16, 6], "texture": "#1"},
				"up": {"uv": [14, 4, 16, 6], "rotation": 90, "texture": "#1"},
				"down": {"uv": [14, 4, 16, 6], "rotation": 270, "texture": "#1"}
			}
		},
		{
			"from": [3.85, 17.85, 10.95],
			"to": [4.65, 18.65, 11.75],
			"shade": false,
			"rotation": {"angle": 0, "axis": "y", "origin": [8, 8.7, 8]},
			"faces": {
				"north": {"uv": [12, 2, 14, 4], "texture": "#1"},
				"east": {"uv": [12, 2, 14, 4], "texture": "#1"},
				"south": {"uv": [12, 2, 14, 4], "texture": "#1"},
				"west": {"uv": [12, 2, 14, 4], "texture": "#1"},
				"up": {"uv": [12, 2, 14, 4], "rotation": 90, "texture": "#1"},
				"down": {"uv": [12, 2, 14, 4], "rotation": 270, "texture": "#1"}
			}
		},
		{
			"from": [5, 19, 12.1],
			"to": [3.5, 17.5, 10.6],
			"shade": false,
			"rotation": {"angle": 0, "axis": "y", "origin": [8, 8.7, 8]},
			"faces": {
				"north": {"uv": [14, 2, 16, 4], "texture": "#1"},
				"east": {"uv": [14, 2, 16, 4], "texture": "#1"},
				"south": {"uv": [14, 2, 16, 4], "texture": "#1"},
				"west": {"uv": [14, 2, 16, 4], "texture": "#1"},
				"up": {"uv": [14, 2, 16, 4], "rotation": 90, "texture": "#1"},
				"down": {"uv": [14, 2, 16, 4], "rotation": 270, "texture": "#1"}
			}
		},
		{
			"from": [3.85, 14.85, 4.25],
			"to": [4.65, 15.65, 5.05],
			"shade": false,
			"rotation": {"angle": 0, "axis": "y", "origin": [8, 8.7, 8]},
			"faces": {
				"north": {"uv": [8, 14, 10, 16], "texture": "#1"},
				"east": {"uv": [8, 14, 10, 16], "texture": "#1"},
				"south": {"uv": [8, 14, 10, 16], "texture": "#1"},
				"west": {"uv": [8, 14, 10, 16], "texture": "#1"},
				"up": {"uv": [8, 14, 10, 16], "rotation": 90, "texture": "#1"},
				"down": {"uv": [8, 14, 10, 16], "rotation": 270, "texture": "#1"}
			}
		},
		{
			"from": [5, 16, 5.4],
			"to": [3.5, 14.5, 3.9],
			"shade": false,
			"rotation": {"angle": 0, "axis": "y", "origin": [8, 8.7, 8]},
			"faces": {
				"north": {"uv": [10, 14, 12, 16], "texture": "#1"},
				"east": {"uv": [10, 14, 12, 16], "texture": "#1"},
				"south": {"uv": [10, 14, 12, 16], "texture": "#1"},
				"west": {"uv": [10, 14, 12, 16], "texture": "#1"},
				"up": {"uv": [10, 14, 12, 16], "rotation": 90, "texture": "#1"},
				"down": {"uv": [10, 14, 12, 16], "rotation": 270, "texture": "#1"}
			}
		},
		{
			"from": [3.8, 15.3, 4.2],
			"to": [4.7, 16.2, 5.1],
			"shade": false,
			"rotation": {"angle": 0, "axis": "y", "origin": [8, 8.7, 8]},
			"faces": {
				"north": {"uv": [8, 12, 10, 14], "texture": "#1"},
				"east": {"uv": [8, 12, 10, 14], "texture": "#1"},
				"south": {"uv": [8, 12, 10, 14], "texture": "#1"},
				"west": {"uv": [8, 12, 10, 14], "texture": "#1"},
				"up": {"uv": [8, 12, 10, 14], "rotation": 90, "texture": "#1"},
				"down": {"uv": [8, 12, 10, 14], "rotation": 270, "texture": "#1"}
			}
		},
		{
			"from": [5, 16.5, 5.4],
			"to": [3.5, 15, 3.9],
			"shade": false,
			"rotation": {"angle": 0, "axis": "y", "origin": [8, 8.7, 8]},
			"faces": {
				"north": {"uv": [10, 12, 12, 14], "texture": "#1"},
				"east": {"uv": [10, 12, 12, 14], "texture": "#1"},
				"south": {"uv": [10, 12, 12, 14], "texture": "#1"},
				"west": {"uv": [10, 12, 12, 14], "texture": "#1"},
				"up": {"uv": [10, 12, 12, 14], "rotation": 90, "texture": "#1"},
				"down": {"uv": [10, 12, 12, 14], "rotation": 270, "texture": "#1"}
			}
		},
		{
			"from": [3.75, 15.75, 4.15],
			"to": [4.75, 16.75, 5.15],
			"shade": false,
			"rotation": {"angle": 0, "axis": "y", "origin": [8, 8.7, 8]},
			"faces": {
				"north": {"uv": [8, 10, 10, 12], "texture": "#1"},
				"east": {"uv": [8, 10, 10, 12], "texture": "#1"},
				"south": {"uv": [8, 10, 10, 12], "texture": "#1"},
				"west": {"uv": [8, 10, 10, 12], "texture": "#1"},
				"up": {"uv": [8, 10, 10, 12], "rotation": 90, "texture": "#1"},
				"down": {"uv": [8, 10, 10, 12], "rotation": 270, "texture": "#1"}
			}
		},
		{
			"from": [5, 17, 5.4],
			"to": [3.5, 15.5, 3.9],
			"shade": false,
			"rotation": {"angle": 0, "axis": "y", "origin": [8, 8.7, 8]},
			"faces": {
				"north": {"uv": [10, 10, 12, 12], "texture": "#1"},
				"east": {"uv": [10, 10, 12, 12], "texture": "#1"},
				"south": {"uv": [10, 10, 12, 12], "texture": "#1"},
				"west": {"uv": [10, 10, 12, 12], "texture": "#1"},
				"up": {"uv": [10, 10, 12, 12], "rotation": 90, "texture": "#1"},
				"down": {"uv": [10, 10, 12, 12], "rotation": 270, "texture": "#1"}
			}
		},
		{
			"from": [3.75, 16.25, 4.15],
			"to": [4.75, 17.25, 5.15],
			"shade": false,
			"rotation": {"angle": 0, "axis": "y", "origin": [8, 8.7, 8]},
			"faces": {
				"north": {"uv": [8, 8, 10, 10], "texture": "#1"},
				"east": {"uv": [8, 8, 10, 10], "texture": "#1"},
				"south": {"uv": [8, 8, 10, 10], "texture": "#1"},
				"west": {"uv": [8, 8, 10, 10], "texture": "#1"},
				"up": {"uv": [8, 8, 10, 10], "rotation": 90, "texture": "#1"},
				"down": {"uv": [8, 8, 10, 10], "rotation": 270, "texture": "#1"}
			}
		},
		{
			"from": [5, 17.5, 5.4],
			"to": [3.5, 16, 3.9],
			"shade": false,
			"rotation": {"angle": 0, "axis": "y", "origin": [8, 8.7, 8]},
			"faces": {
				"north": {"uv": [10, 8, 12, 10], "texture": "#1"},
				"east": {"uv": [10, 8, 12, 10], "texture": "#1"},
				"south": {"uv": [10, 8, 12, 10], "texture": "#1"},
				"west": {"uv": [10, 8, 12, 10], "texture": "#1"},
				"up": {"uv": [10, 8, 12, 10], "rotation": 90, "texture": "#1"},
				"down": {"uv": [10, 8, 12, 10], "rotation": 270, "texture": "#1"}
			}
		},
		{
			"from": [3.75, 16.75, 4.15],
			"to": [4.75, 17.75, 5.15],
			"shade": false,
			"rotation": {"angle": 0, "axis": "y", "origin": [8, 8.7, 8]},
			"faces": {
				"north": {"uv": [8, 6, 10, 8], "texture": "#1"},
				"east": {"uv": [8, 6, 10, 8], "texture": "#1"},
				"south": {"uv": [8, 6, 10, 8], "texture": "#1"},
				"west": {"uv": [8, 6, 10, 8], "texture": "#1"},
				"up": {"uv": [8, 6, 10, 8], "rotation": 90, "texture": "#1"},
				"down": {"uv": [8, 6, 10, 8], "rotation": 270, "texture": "#1"}
			}
		},
		{
			"from": [5, 18, 5.4],
			"to": [3.5, 16.5, 3.9],
			"shade": false,
			"rotation": {"angle": 0, "axis": "y", "origin": [8, 8.7, 8]},
			"faces": {
				"north": {"uv": [10, 6, 12, 8], "texture": "#1"},
				"east": {"uv": [10, 6, 12, 8], "texture": "#1"},
				"south": {"uv": [10, 6, 12, 8], "texture": "#1"},
				"west": {"uv": [10, 6, 12, 8], "texture": "#1"},
				"up": {"uv": [10, 6, 12, 8], "rotation": 90, "texture": "#1"},
				"down": {"uv": [10, 6, 12, 8], "rotation": 270, "texture": "#1"}
			}
		},
		{
			"from": [3.8, 17.3, 4.2],
			"to": [4.7, 18.2, 5.1],
			"shade": false,
			"rotation": {"angle": 0, "axis": "y", "origin": [8, 8.7, 8]},
			"faces": {
				"north": {"uv": [8, 4, 10, 6], "texture": "#1"},
				"east": {"uv": [8, 4, 10, 6], "texture": "#1"},
				"south": {"uv": [8, 4, 10, 6], "texture": "#1"},
				"west": {"uv": [8, 4, 10, 6], "texture": "#1"},
				"up": {"uv": [8, 4, 10, 6], "rotation": 90, "texture": "#1"},
				"down": {"uv": [8, 4, 10, 6], "rotation": 270, "texture": "#1"}
			}
		},
		{
			"from": [5, 18.5, 5.4],
			"to": [3.5, 17, 3.9],
			"shade": false,
			"rotation": {"angle": 0, "axis": "y", "origin": [8, 8.7, 8]},
			"faces": {
				"north": {"uv": [10, 4, 12, 6], "texture": "#1"},
				"east": {"uv": [10, 4, 12, 6], "texture": "#1"},
				"south": {"uv": [10, 4, 12, 6], "texture": "#1"},
				"west": {"uv": [10, 4, 12, 6], "texture": "#1"},
				"up": {"uv": [10, 4, 12, 6], "rotation": 90, "texture": "#1"},
				"down": {"uv": [10, 4, 12, 6], "rotation": 270, "texture": "#1"}
			}
		},
		{
			"from": [3.85, 17.85, 4.25],
			"to": [4.65, 18.65, 5.05],
			"shade": false,
			"rotation": {"angle": 0, "axis": "y", "origin": [8, 8.7, 8]},
			"faces": {
				"north": {"uv": [8, 2, 10, 4], "texture": "#1"},
				"east": {"uv": [8, 2, 10, 4], "texture": "#1"},
				"south": {"uv": [8, 2, 10, 4], "texture": "#1"},
				"west": {"uv": [8, 2, 10, 4], "texture": "#1"},
				"up": {"uv": [8, 2, 10, 4], "rotation": 90, "texture": "#1"},
				"down": {"uv": [8, 2, 10, 4], "rotation": 270, "texture": "#1"}
			}
		},
		{
			"from": [5, 19, 5.4],
			"to": [3.5, 17.5, 3.9],
			"shade": false,
			"rotation": {"angle": 0, "axis": "y", "origin": [8, 8.7, 8]},
			"faces": {
				"north": {"uv": [10, 2, 12, 4], "texture": "#1"},
				"east": {"uv": [10, 2, 12, 4], "texture": "#1"},
				"south": {"uv": [10, 2, 12, 4], "texture": "#1"},
				"west": {"uv": [10, 2, 12, 4], "texture": "#1"},
				"up": {"uv": [10, 2, 12, 4], "rotation": 90, "texture": "#1"},
				"down": {"uv": [10, 2, 12, 4], "rotation": 270, "texture": "#1"}
			}
		}
	],
	"gui_light": "front",
	"display": {
		"thirdperson_righthand": {
			"rotation": [0, -168, 0],
			"translation": [0, -0.5, 1.75],
			"scale": [0.6, 0.6, 0.6]
		},
		"thirdperson_lefthand": {
			"rotation": [0, -168, 0],
			"translation": [0, -0.5, 1.75],
			"scale": [0.6, 0.6, 0.6]
		},
		"firstperson_righthand": {
			"rotation": [-2, 180, -2],
			"translation": [1.75, 1.75, -0.25],
			"scale": [0.54883, 0.54883, 0.54883]
		},
		"firstperson_lefthand": {
			"rotation": [-2, 180, -2],
			"translation": [1.75, 1.75, -0.25],
			"scale": [0.54883, 0.54883, 0.54883]
		},
		"ground": {
			"rotation": [94, 85, 0],
			"translation": [0, 0, -3.5],
			"scale": [0.5, 0.5, 0.5]
		},
		"gui": {
			"rotation": [90, -46, 90],
			"translation": [1.25, -1.25, 0],
			"scale": [0.49547, 0.49547, 0.49547]
		},
		"head": {
			"rotation": [90, 22, 90],
			"translation": [7.75, 12, 0.25],
			"scale": [0.7, 0.7, 0.7]
		},
		"fixed": {
			"rotation": [0, 90, 0],
			"translation": [0, -8, -1.75],
			"scale": [1.42109, 1.42109, 1.42109]
		}
	},
	"groups": [
		0,
		1,
		2,
		3,
		4,
		5,
		6,
		7,
		8,
		9,
		10,
		11,
		12,
		13,
		14,
		15,
		16,
		17,
		18,
		{
			"name": "particles",
			"origin": [8, 8, 8],
			"color": 0,
			"boneType": "",
			"children": [
				{
					"name": "particles1",
					"origin": [0, 0, 0],
					"color": 0,
					"boneType": "",
					"children": [
						{
							"name": "particle1",
							"origin": [0, 0, 0],
							"color": 0,
							"boneType": "",
							"children": [19, 20]
						},
						{
							"name": "particle2",
							"origin": [0, 0, 0],
							"color": 0,
							"boneType": "",
							"children": [21, 22]
						},
						{
							"name": "particle3",
							"origin": [0, 0, 0],
							"color": 0,
							"boneType": "",
							"children": [23, 24]
						},
						{
							"name": "particle4",
							"origin": [0, 0, 0],
							"color": 0,
							"boneType": "",
							"children": [25, 26]
						},
						{
							"name": "particle5",
							"origin": [0, 0, 0],
							"color": 0,
							"boneType": "",
							"children": [27, 28]
						},
						{
							"name": "particle6",
							"origin": [0, 0, 0],
							"color": 0,
							"boneType": "",
							"children": [29, 30]
						},
						{
							"name": "particle7",
							"origin": [0, 0, 0],
							"color": 0,
							"boneType": "",
							"children": [31, 32]
						}
					]
				},
				{
					"name": "particles2",
					"origin": [0, 0, 0],
					"color": 0,
					"boneType": "",
					"children": [
						{
							"name": "particle1",
							"origin": [0, 0, 0],
							"color": 0,
							"boneType": "",
							"children": [33, 34]
						},
						{
							"name": "particle2",
							"origin": [0, 0, 0],
							"color": 0,
							"boneType": "",
							"children": [35, 36]
						},
						{
							"name": "particle3",
							"origin": [0, 0, 0],
							"color": 0,
							"boneType": "",
							"children": [37, 38]
						},
						{
							"name": "particle4",
							"origin": [0, 0, 0],
							"color": 0,
							"boneType": "",
							"children": [39, 40]
						},
						{
							"name": "particle5",
							"origin": [0, 0, 0],
							"color": 0,
							"boneType": "",
							"children": [41, 42]
						},
						{
							"name": "particle6",
							"origin": [0, 0, 0],
							"color": 0,
							"boneType": "",
							"children": [43, 44]
						},
						{
							"name": "particle7",
							"origin": [0, 0, 0],
							"color": 0,
							"boneType": "",
							"children": [45, 46]
						}
					]
				},
				{
					"name": "particles3",
					"origin": [0, 0, 0],
					"color": 0,
					"boneType": "",
					"children": [
						{
							"name": "particle1",
							"origin": [0, 0, 0],
							"color": 0,
							"boneType": "",
							"children": [47, 48]
						},
						{
							"name": "particle2",
							"origin": [0, 0, 0],
							"color": 0,
							"boneType": "",
							"children": [49, 50]
						},
						{
							"name": "particle3",
							"origin": [0, 0, 0],
							"color": 0,
							"boneType": "",
							"children": [51, 52]
						},
						{
							"name": "particle4",
							"origin": [0, 0, 0],
							"color": 0,
							"boneType": "",
							"children": [53, 54]
						},
						{
							"name": "particle5",
							"origin": [0, 0, 0],
							"color": 0,
							"boneType": "",
							"children": [55, 56]
						},
						{
							"name": "particle6",
							"origin": [0, 0, 0],
							"color": 0,
							"boneType": "",
							"children": [57, 58]
						},
						{
							"name": "particle7",
							"origin": [0, 0, 0],
							"color": 0,
							"boneType": "",
							"children": [59, 60]
						}
					]
				},
				{
					"name": "particles4",
					"origin": [0, 0, 0],
					"color": 0,
					"boneType": "",
					"children": [
						{
							"name": "particle1",
							"origin": [0, 0, 0],
							"color": 0,
							"boneType": "",
							"children": [61, 62]
						},
						{
							"name": "particle2",
							"origin": [0, 0, 0],
							"color": 0,
							"boneType": "",
							"children": [63, 64]
						},
						{
							"name": "particle3",
							"origin": [0, 0, 0],
							"color": 0,
							"boneType": "",
							"children": [65, 66]
						},
						{
							"name": "particle4",
							"origin": [0, 0, 0],
							"color": 0,
							"boneType": "",
							"children": [67, 68]
						},
						{
							"name": "particle5",
							"origin": [0, 0, 0],
							"color": 0,
							"boneType": "",
							"children": [69, 70]
						},
						{
							"name": "particle6",
							"origin": [0, 0, 0],
							"color": 0,
							"boneType": "",
							"children": [71, 72]
						},
						{
							"name": "particle7",
							"origin": [0, 0, 0],
							"color": 0,
							"boneType": "",
							"children": [73, 74]
						}
					]
				}
			]
		}
	]
}