{
  "parent": "minecraft:item/handheld",
  "textures": {
    "layer0": "minecraft:item/diamond_hoe"
  },
  "overrides": [
    {
      "predicate": {
        "damage": 0
      },
      "model": "item/diamond_hoe"
    },
    {
      "predicate": {
        "custom_model_data": 1
      },
      "model": "necromancer_assortment/hoe"
    },
    {
      "predicate": {
        "custom_model_data": 2
      },
      "model": "rogue_assortment/rogue_hoe"
    },
    {
      "model": "goblin_weapon_set/hoe",
      "predicate": {
        "custom_model_data": 3
      }
    },
    {
      "predicate": {
        "custom_model_data": 4
      },
      "model": "necromancer_assortment/scythe"
    },
    {
      "model": "goblin_weapon_set/sickle",
      "predicate": {
        "custom_model_data": 5
      }
    }
  ]
}