{"textures":{"0":"modelengine:entity/frog_royal"},"elements":[{"from":[2.791296,0.20124912,5.3401384],"to":[8.791296,10.201249,10.340138],"faces":{"east":{"uv":[3.5,6.3125,3.8125,6.9375],"tintindex":0,"rotation":0,"texture":"#0"},"south":{"uv":[1.0,6.0625,1.375,6.6875],"tintindex":0,"rotation":0,"texture":"#0"},"north":{"uv":[6.0,3.0,6.375,3.625],"tintindex":0,"rotation":0,"texture":"#0"},"west":{"uv":[3.875,6.3125,4.1875,6.9375],"tintindex":0,"rotation":0,"texture":"#0"},"up":{"uv":[6.9375,7.25,6.5625,6.9375],"tintindex":0,"rotation":0,"texture":"#0"},"down":{"uv":[2.25,7.0,1.875,7.3125],"tintindex":0,"rotation":0,"texture":"#0"}},"rotation":{"origin":[4.291296,3.2012491,6.8401384],"angle":-22.5,"axis":"z"}}]}