{
	"credit": "by w11shes",
	"texture_size": [8, 8],
	"textures": {
		"0": "item/dragon/dragonborn_staff",
		"1": "item/dragon/dragonborn_particle",
		"particle": "item/dragon/dragonborn_staff"
	},
	"elements": [
		{
			"from": [3.5, -15.8, 8],
			"to": [10.5, -7.8, 8.05],
			"rotation": {"angle": 0, "axis": "y", "origin": [0, -7, 0]},
			"faces": {
				"north": {"uv": [0, 3.75, 1.75, 5.75], "texture": "#0"},
				"south": {"uv": [1.75, 3.75, 0, 5.75], "texture": "#0"}
			}
		},
		{
			"from": [6, -9.5, 6],
			"to": [10, -5.5, 10],
			"rotation": {"angle": -45, "axis": "z", "origin": [8, -7.5, 8]},
			"faces": {
				"north": {"uv": [6.25, 4, 7.25, 5], "texture": "#0"},
				"east": {"uv": [6.25, 5, 7.25, 6], "texture": "#0"},
				"south": {"uv": [7.25, 4, 6.25, 5], "texture": "#0"},
				"west": {"uv": [6.25, 6, 7.25, 7], "texture": "#0"},
				"up": {"uv": [7.75, 3.5, 6.75, 2.5], "texture": "#0"},
				"down": {"uv": [2.5, 7, 1.5, 8], "texture": "#0"}
			}
		},
		{
			"from": [7, -6.3, 7],
			"to": [9, 10.7, 9],
			"rotation": {"angle": -45, "axis": "y", "origin": [8, 1, 8]},
			"faces": {
				"north": {"uv": [5.5, 0, 6, 4.25], "texture": "#0"},
				"east": {"uv": [6, 0, 5.5, 4.25], "texture": "#0"},
				"south": {"uv": [5.5, 0, 6, 4.25], "texture": "#0"},
				"west": {"uv": [6, 0, 5.5, 4.25], "texture": "#0"}
			}
		},
		{
			"from": [6.5, 10.7, 6.5],
			"to": [9.5, 16.7, 9.5],
			"rotation": {"angle": 0, "axis": "y", "origin": [8, 11.7, 8]},
			"faces": {
				"north": {"uv": [6, 2.5, 6.75, 4], "texture": "#0"},
				"east": {"uv": [6, 2.5, 6.75, 4], "texture": "#0"},
				"south": {"uv": [6, 2.5, 6.75, 4], "texture": "#0"},
				"west": {"uv": [6, 2.5, 6.75, 4], "texture": "#0"},
				"down": {"uv": [3.25, 7, 2.5, 7.75], "texture": "#0"}
			}
		},
		{
			"from": [5.5, 16.2, 5.5],
			"to": [10.5, 21.2, 10.5],
			"rotation": {"angle": -45, "axis": "z", "origin": [8, 18.7, 8]},
			"faces": {
				"north": {"uv": [1.5, 5.75, 2.75, 7], "texture": "#0"},
				"east": {"uv": [7.25, 1.25, 8.5, 2.5], "texture": "#0"},
				"south": {"uv": [1.5, 5.75, 2.75, 7], "texture": "#0"},
				"west": {"uv": [7.25, 0, 8.5, 1.25], "texture": "#0"},
				"up": {"uv": [7.25, 1.25, 6, 0], "texture": "#0"},
				"down": {"uv": [7.25, 1.25, 6, 2.5], "texture": "#0"}
			}
		},
		{
			"from": [6.58579, 13.20711, 6.48],
			"to": [9.58579, 27.20711, 9.52],
			"rotation": {"angle": 45, "axis": "z", "origin": [8, 18.7, 8]},
			"faces": {
				"north": {"uv": [3.25, 4, 4, 7.5], "texture": "#0"},
				"east": {"uv": [4, 4, 4.75, 7.5], "texture": "#0"},
				"south": {"uv": [4, 4, 3.25, 7.5], "texture": "#0"},
				"west": {"uv": [4.75, 4, 5.5, 7.5], "texture": "#0"},
				"down": {"uv": [6.25, 7, 5.5, 7.75], "texture": "#0"}
			}
		},
		{
			"from": [0.58579, 21.20711, 8],
			"to": [6.58579, 29.20711, 8.05],
			"rotation": {"angle": 45, "axis": "z", "origin": [8, 18.7, 8]},
			"faces": {
				"north": {"uv": [3.75, 2, 5.25, 4], "texture": "#0"},
				"south": {"uv": [5.25, 2, 3.75, 4], "texture": "#0"}
			}
		},
		{
			"from": [2.58579, 23.20711, 7.5],
			"to": [6.58579, 26.20711, 8.55],
			"rotation": {"angle": 45, "axis": "z", "origin": [8, 18.7, 8]},
			"faces": {
				"north": {"uv": [3.75, 2.75, 5, 3.5], "texture": "#0"},
				"south": {"uv": [5, 2.75, 3.75, 3.5], "texture": "#0"},
				"west": {"uv": [4.75, 2.75, 5, 3.5], "texture": "#0"},
				"up": {"uv": [5, 2.75, 3.75, 3], "texture": "#0"},
				"down": {"uv": [5, 3.25, 3.75, 3.5], "texture": "#0"}
			}
		},
		{
			"from": [11, 7.9, 8],
			"to": [17, 15.9, 8.05],
			"rotation": {"angle": 0, "axis": "y", "origin": [8, 18.7, 8]},
			"faces": {
				"north": {"uv": [3.75, 0, 5.25, 2], "texture": "#0"},
				"south": {"uv": [5.25, 0, 3.75, 2], "texture": "#0"}
			}
		},
		{
			"from": [-0.40074, 20.64897, 6.5],
			"to": [2.59926, 30.64897, 9.5],
			"rotation": {"angle": -22.5, "axis": "z", "origin": [8, 18.7, 8]},
			"faces": {
				"north": {"uv": [5.5, 4.25, 6.25, 6.75], "texture": "#0"},
				"east": {"uv": [0, 5.75, 0.75, 8.25], "texture": "#0"},
				"south": {"uv": [6.25, 4.25, 5.5, 6.75], "texture": "#0"},
				"west": {"uv": [0.75, 5.75, 1.5, 8.25], "texture": "#0"},
				"up": {"uv": [7, 7.75, 6.25, 7], "texture": "#0"}
			}
		},
		{
			"from": [-6.40074, 21.64897, 7.96],
			"to": [-0.40074, 29.64897, 8.01],
			"rotation": {"angle": -22.5, "axis": "z", "origin": [8, 18.7, 8]},
			"faces": {
				"north": {"uv": [1.75, 3.75, 3.25, 5.75], "texture": "#0"},
				"south": {"uv": [3.25, 3.75, 1.75, 5.75], "texture": "#0"}
			}
		},
		{
			"from": [-4.40074, 23.64897, 7.46],
			"to": [-0.40074, 26.64897, 8.46],
			"rotation": {"angle": -22.5, "axis": "z", "origin": [8, 18.7, 8]},
			"faces": {
				"north": {"uv": [1.75, 4.5, 2.75, 5.25], "texture": "#0"},
				"south": {"uv": [2.75, 4.5, 1.75, 5.25], "texture": "#0"},
				"west": {"uv": [2.5, 4.5, 2.75, 5.25], "texture": "#0"},
				"up": {"uv": [2.75, 4.5, 1.75, 4.75], "texture": "#0"},
				"down": {"uv": [2.75, 5, 1.75, 5.25], "texture": "#0"}
			}
		},
		{
			"from": [3.58698, 25.58521, 7.98],
			"to": [18.58698, 40.58521, 8.03],
			"rotation": {"angle": 0, "axis": "y", "origin": [8, 18.7, 8]},
			"faces": {
				"north": {"uv": [0, 0, 3.75, 3.75], "texture": "#0"},
				"south": {"uv": [3.75, 0, 0, 3.75], "texture": "#0"}
			}
		},
		{
			"from": [5.58698, 30.58521, 7.48],
			"to": [14.58698, 33.58521, 8.48],
			"rotation": {"angle": 0, "axis": "y", "origin": [8, 18.7, 8]},
			"faces": {
				"north": {"uv": [1, 1.75, 3.25, 2.5], "texture": "#0"},
				"east": {"uv": [1, 1.75, 1.25, 2.5], "texture": "#0"},
				"south": {"uv": [3.25, 1.75, 1, 2.5], "texture": "#0"},
				"west": {"uv": [3, 1.75, 3.25, 2.5], "texture": "#0"},
				"up": {"uv": [3.25, 1.75, 1, 2], "texture": "#0"},
				"down": {"uv": [3.25, 2.25, 1, 2.5], "texture": "#0"}
			}
		},
		{
			"from": [5.5, -12.8, 7.5],
			"to": [10.5, -7.8, 8.5],
			"rotation": {"angle": 0, "axis": "y", "origin": [0, -7, 0]},
			"faces": {
				"north": {"uv": [0, 3.75, 1.25, 5], "texture": "#0"},
				"east": {"uv": [0, 3.75, 0.25, 5], "texture": "#0"},
				"south": {"uv": [1.25, 3.75, 0, 5], "texture": "#0"},
				"west": {"uv": [1, 3.75, 1.25, 5], "texture": "#0"},
				"down": {"uv": [1.25, 4.75, 0, 5], "texture": "#0"}
			}
		},
		{
			"from": [11.49289, 26.95711, 6.98],
			"to": [12.90711, 28.37132, 9.02],
			"rotation": {"angle": 45, "axis": "z", "origin": [12.2, 26.25, 8]},
			"faces": {
				"north": {"uv": [8.5, 0, 9, 0.5], "texture": "#0"},
				"east": {"uv": [8.5, 0, 9, 0.5], "texture": "#0"},
				"south": {"uv": [8.5, 0, 9, 0.5], "texture": "#0"},
				"up": {"uv": [8.5, 0, 9, 0.5], "texture": "#0"}
			}
		},
		{
			"from": [10.2, 23.25, 7],
			"to": [12.2, 27.25, 9],
			"rotation": {"angle": 0, "axis": "y", "origin": [12.2, 27.25, 8]},
			"faces": {
				"north": {"uv": [8.5, 0, 9, 0.5], "texture": "#0"},
				"east": {"uv": [8.5, 0, 9, 0.5], "texture": "#0"},
				"south": {"uv": [8.5, 0, 9, 0.5], "texture": "#0"},
				"west": {"uv": [8.5, 0, 9, 0.5], "texture": "#0"}
			}
		},
		{
			"from": [13.61421, 23.00736, 6.98],
			"to": [15.02843, 24.42157, 9.02],
			"rotation": {"angle": -45, "axis": "z", "origin": [12.2, 27.25, 8]},
			"faces": {
				"north": {"uv": [8.5, 0.5, 9, 0], "texture": "#0"},
				"east": {"uv": [8.5, 0.5, 9, 0], "texture": "#0"},
				"south": {"uv": [8.5, 0.5, 9, 0], "texture": "#0"},
				"down": {"uv": [8.5, 0.5, 9, 0], "texture": "#0"}
			}
		},
		{
			"from": [13, 27.55, 9.8],
			"to": [9.4, 22.95, 6.2],
			"rotation": {"angle": 0, "axis": "y", "origin": [12.2, 27.75, 8]},
			"faces": {
				"north": {"uv": [8.5, 0.5, 9, 1], "texture": "#0"},
				"east": {"uv": [8.5, 0.5, 9, 1], "texture": "#0"},
				"south": {"uv": [8.5, 0.5, 9, 1], "texture": "#0"},
				"west": {"uv": [8.5, 0.5, 9, 1], "texture": "#0"}
			}
		},
		{
			"from": [11.69289, 27.50563, 9.82],
			"to": [9.14731, 24.96005, 6.18],
			"rotation": {"angle": -45, "axis": "z", "origin": [12.4, 25.95, 7.82]},
			"faces": {
				"north": {"uv": [8.5, 2, 9, 1.5], "texture": "#0"},
				"east": {"uv": [8.5, 1, 9, 0.5], "texture": "#0"},
				"south": {"uv": [9, 2, 8.5, 1.5], "texture": "#0"},
				"down": {"uv": [8.5, 1, 9, 0.5], "texture": "#0"}
			}
		},
		{
			"from": [9.37157, 26.33579, 9.82],
			"to": [6.82599, 23.7902, 6.18],
			"rotation": {"angle": 45, "axis": "z", "origin": [12.2, 27.75, 8]},
			"faces": {
				"north": {"uv": [8.5, 1.5, 9, 2], "texture": "#0"},
				"east": {"uv": [8.5, 0.5, 9, 1], "texture": "#0"},
				"south": {"uv": [9, 1.5, 8.5, 2], "texture": "#0"},
				"up": {"uv": [8.5, 0.5, 9, 1], "texture": "#0"}
			}
		},
		{
			"from": [14, 28.05, 10.8],
			"to": [8.4, 22.45, 5.2],
			"rotation": {"angle": 0, "axis": "y", "origin": [12.2, 27.25, 8]},
			"faces": {
				"north": {"uv": [8.5, 1, 9, 1.5], "texture": "#0"},
				"east": {"uv": [8.5, 1, 9, 1.5], "texture": "#0"},
				"south": {"uv": [8.5, 1, 9, 1.5], "texture": "#0"},
				"west": {"uv": [8.5, 1, 9, 1.5], "texture": "#0"}
			}
		},
		{
			"from": [12.2, 28.79558, 10.82],
			"to": [8.2402, 24.83579, 5.18],
			"rotation": {"angle": -45, "axis": "z", "origin": [12.2, 26.25, 8]},
			"faces": {
				"north": {"uv": [8.5, 2.5, 9, 2], "texture": "#0"},
				"east": {"uv": [8.5, 1.5, 9, 1], "texture": "#0"},
				"south": {"uv": [9, 2.5, 8.5, 2], "texture": "#0"},
				"down": {"uv": [8.5, 1.5, 9, 1], "texture": "#0"}
			}
		},
		{
			"from": [10.07868, 26.54289, 10.82],
			"to": [6.11888, 22.5831, 5.18],
			"rotation": {"angle": 45, "axis": "z", "origin": [12.2, 27.25, 8]},
			"faces": {
				"north": {"uv": [8.5, 2, 9, 2.5], "texture": "#0"},
				"east": {"uv": [8.5, 1, 9, 1.5], "texture": "#0"},
				"south": {"uv": [9, 2, 8.5, 2.5], "texture": "#0"},
				"up": {"uv": [8.5, 1, 9, 1.5], "texture": "#0"}
			}
		},
		{
			"from": [7.55, 20.95, 3.45],
			"to": [8.15, 21.55, 4.05],
			"shade": false,
			"rotation": {"angle": 0, "axis": "y", "origin": [2, 9, 0]},
			"faces": {
				"north": {"uv": [0, 14, 2, 16], "texture": "#1"},
				"east": {"uv": [0, 14, 2, 16], "texture": "#1"},
				"south": {"uv": [0, 14, 2, 16], "texture": "#1"},
				"west": {"uv": [0, 14, 2, 16], "texture": "#1"},
				"up": {"uv": [0, 14, 2, 16], "texture": "#1"},
				"down": {"uv": [0, 14, 2, 16], "texture": "#1"}
			}
		},
		{
			"from": [8.4, 21.8, 4.3],
			"to": [7.3, 20.7, 3.2],
			"shade": false,
			"rotation": {"angle": 0, "axis": "y", "origin": [2, 9, 0]},
			"faces": {
				"north": {"uv": [2, 14, 4, 16], "texture": "#1"},
				"east": {"uv": [2, 14, 4, 16], "texture": "#1"},
				"south": {"uv": [2, 14, 4, 16], "texture": "#1"},
				"west": {"uv": [2, 14, 4, 16], "texture": "#1"},
				"up": {"uv": [2, 14, 4, 16], "texture": "#1"},
				"down": {"uv": [2, 14, 4, 16], "texture": "#1"}
			}
		},
		{
			"from": [11.56436, 18.34384, 3.4],
			"to": [12.26436, 19.04384, 4.1],
			"shade": false,
			"rotation": {"angle": 22.5, "axis": "z", "origin": [2, 9, 0]},
			"faces": {
				"north": {"uv": [0, 12, 2, 14], "texture": "#1"},
				"east": {"uv": [0, 12, 2, 14], "texture": "#1"},
				"south": {"uv": [0, 12, 2, 14], "texture": "#1"},
				"west": {"uv": [0, 12, 2, 14], "texture": "#1"},
				"up": {"uv": [0, 12, 2, 14], "texture": "#1"},
				"down": {"uv": [0, 12, 2, 14], "texture": "#1"}
			}
		},
		{
			"from": [12.56436, 19.34384, 4.4],
			"to": [11.26436, 18.04384, 3.1],
			"shade": false,
			"rotation": {"angle": 22.5, "axis": "z", "origin": [2, 9, 0]},
			"faces": {
				"north": {"uv": [2, 12, 4, 14], "texture": "#1"},
				"east": {"uv": [2, 12, 4, 14], "texture": "#1"},
				"south": {"uv": [2, 12, 4, 14], "texture": "#1"},
				"west": {"uv": [2, 12, 4, 14], "texture": "#1"},
				"up": {"uv": [2, 12, 4, 14], "texture": "#1"},
				"down": {"uv": [2, 12, 4, 14], "texture": "#1"}
			}
		},
		{
			"from": [14.65219, 14.51041, 3.25],
			"to": [15.65219, 15.51041, 4.25],
			"shade": false,
			"rotation": {"angle": 45, "axis": "z", "origin": [2, 9, 0]},
			"faces": {
				"north": {"uv": [0, 10, 2, 12], "texture": "#1"},
				"east": {"uv": [0, 10, 2, 12], "texture": "#1"},
				"south": {"uv": [0, 10, 2, 12], "texture": "#1"},
				"west": {"uv": [0, 10, 2, 12], "texture": "#1"},
				"up": {"uv": [0, 10, 2, 12], "texture": "#1"},
				"down": {"uv": [0, 10, 2, 12], "texture": "#1"}
			}
		},
		{
			"from": [15.90219, 15.76041, 4.5],
			"to": [14.40219, 14.26041, 3],
			"shade": false,
			"rotation": {"angle": 45, "axis": "z", "origin": [2, 9, 0]},
			"faces": {
				"north": {"uv": [2, 10, 4, 12], "texture": "#1"},
				"east": {"uv": [2, 10, 4, 12], "texture": "#1"},
				"south": {"uv": [2, 10, 4, 12], "texture": "#1"},
				"west": {"uv": [2, 10, 4, 12], "texture": "#1"},
				"up": {"uv": [2, 10, 4, 12], "texture": "#1"},
				"down": {"uv": [2, 10, 4, 12], "texture": "#1"}
			}
		},
		{
			"from": [1.26668, 23.82744, 3.25],
			"to": [2.26668, 24.82744, 4.25],
			"shade": false,
			"rotation": {"angle": -22.5, "axis": "z", "origin": [2, 9, 0]},
			"faces": {
				"north": {"uv": [0, 8, 2, 10], "rotation": 90, "texture": "#1"},
				"east": {"uv": [0, 8, 2, 10], "rotation": 270, "texture": "#1"},
				"south": {"uv": [0, 8, 2, 10], "rotation": 270, "texture": "#1"},
				"west": {"uv": [0, 8, 2, 10], "rotation": 270, "texture": "#1"},
				"up": {"uv": [0, 8, 2, 10], "rotation": 270, "texture": "#1"},
				"down": {"uv": [0, 8, 2, 10], "rotation": 270, "texture": "#1"}
			}
		},
		{
			"from": [2.51668, 25.07744, 4.5],
			"to": [1.01668, 23.57744, 3],
			"shade": false,
			"rotation": {"angle": -22.5, "axis": "z", "origin": [2, 9, 0]},
			"faces": {
				"north": {"uv": [2, 8, 4, 10], "rotation": 90, "texture": "#1"},
				"east": {"uv": [2, 8, 4, 10], "rotation": 270, "texture": "#1"},
				"south": {"uv": [2, 8, 4, 10], "rotation": 270, "texture": "#1"},
				"west": {"uv": [2, 8, 4, 10], "rotation": 270, "texture": "#1"},
				"up": {"uv": [2, 8, 4, 10], "rotation": 270, "texture": "#1"},
				"down": {"uv": [2, 8, 4, 10], "rotation": 270, "texture": "#1"}
			}
		},
		{
			"from": [7.65, 23.35, 3.25],
			"to": [8.65, 24.35, 4.25],
			"shade": false,
			"rotation": {"angle": 0, "axis": "y", "origin": [2, 9, 0]},
			"faces": {
				"north": {"uv": [0, 6, 2, 8], "texture": "#1"},
				"east": {"uv": [0, 6, 2, 8], "texture": "#1"},
				"south": {"uv": [0, 6, 2, 8], "texture": "#1"},
				"west": {"uv": [0, 6, 2, 8], "texture": "#1"},
				"up": {"uv": [0, 6, 2, 8], "texture": "#1"},
				"down": {"uv": [0, 6, 2, 8], "texture": "#1"}
			}
		},
		{
			"from": [8.9, 24.6, 4.5],
			"to": [7.4, 23.1, 3],
			"shade": false,
			"rotation": {"angle": 0, "axis": "y", "origin": [2, 9, 0]},
			"faces": {
				"north": {"uv": [2, 6, 4, 8], "texture": "#1"},
				"east": {"uv": [2, 6, 4, 8], "texture": "#1"},
				"south": {"uv": [2, 6, 4, 8], "texture": "#1"},
				"west": {"uv": [2, 6, 4, 8], "texture": "#1"},
				"up": {"uv": [2, 6, 4, 8], "texture": "#1"},
				"down": {"uv": [2, 6, 4, 8], "texture": "#1"}
			}
		},
		{
			"from": [1.15809, 25.38568, 3.4],
			"to": [1.85809, 26.08568, 4.1],
			"shade": false,
			"rotation": {"angle": -22.5, "axis": "z", "origin": [2, 9, 0]},
			"faces": {
				"north": {"uv": [0, 4, 2, 6], "texture": "#1"},
				"east": {"uv": [0, 4, 2, 6], "texture": "#1"},
				"south": {"uv": [0, 4, 2, 6], "texture": "#1"},
				"west": {"uv": [0, 4, 2, 6], "texture": "#1"},
				"up": {"uv": [0, 4, 2, 6], "texture": "#1"},
				"down": {"uv": [0, 4, 2, 6], "texture": "#1"}
			}
		},
		{
			"from": [2.15809, 26.38568, 4.4],
			"to": [0.85809, 25.08568, 3.1],
			"shade": false,
			"rotation": {"angle": -22.5, "axis": "z", "origin": [2, 9, 0]},
			"faces": {
				"north": {"uv": [2, 4, 4, 6], "texture": "#1"},
				"east": {"uv": [2, 4, 4, 6], "texture": "#1"},
				"south": {"uv": [2, 4, 4, 6], "texture": "#1"},
				"west": {"uv": [2, 4, 4, 6], "texture": "#1"},
				"up": {"uv": [2, 4, 4, 6], "texture": "#1"},
				"down": {"uv": [2, 4, 4, 6], "texture": "#1"}
			}
		},
		{
			"from": [7.4, 24.95, 3.45],
			"to": [8, 25.55, 4.05],
			"shade": false,
			"rotation": {"angle": 0, "axis": "y", "origin": [2, 9, 0]},
			"faces": {
				"north": {"uv": [0, 2, 2, 4], "texture": "#1"},
				"east": {"uv": [0, 2, 2, 4], "texture": "#1"},
				"south": {"uv": [0, 2, 2, 4], "texture": "#1"},
				"west": {"uv": [0, 2, 2, 4], "texture": "#1"},
				"up": {"uv": [0, 2, 2, 4], "texture": "#1"},
				"down": {"uv": [0, 2, 2, 4], "texture": "#1"}
			}
		},
		{
			"from": [8.25, 25.8, 4.3],
			"to": [7.15, 24.7, 3.2],
			"shade": false,
			"rotation": {"angle": 0, "axis": "y", "origin": [2, 9, 0]},
			"faces": {
				"north": {"uv": [2, 2, 4, 4], "texture": "#1"},
				"east": {"uv": [2, 2, 4, 4], "texture": "#1"},
				"south": {"uv": [2, 2, 4, 4], "texture": "#1"},
				"west": {"uv": [2, 2, 4, 4], "texture": "#1"},
				"up": {"uv": [2, 2, 4, 4], "texture": "#1"},
				"down": {"uv": [2, 2, 4, 4], "texture": "#1"}
			}
		},
		{
			"from": [13.85, 23.95, 3.45],
			"to": [14.45, 24.55, 4.05],
			"shade": false,
			"rotation": {"angle": 0, "axis": "y", "origin": [4, 10, 0]},
			"faces": {
				"north": {"uv": [6, 14, 4, 16], "texture": "#1"},
				"east": {"uv": [6, 14, 4, 16], "texture": "#1"},
				"south": {"uv": [6, 14, 4, 16], "texture": "#1"},
				"west": {"uv": [6, 14, 4, 16], "texture": "#1"},
				"up": {"uv": [6, 14, 4, 16], "texture": "#1"},
				"down": {"uv": [6, 14, 4, 16], "texture": "#1"}
			}
		},
		{
			"from": [14.7, 24.8, 4.3],
			"to": [13.6, 23.7, 3.2],
			"shade": false,
			"rotation": {"angle": 0, "axis": "y", "origin": [4, 10, 0]},
			"faces": {
				"north": {"uv": [8, 14, 6, 16], "texture": "#1"},
				"east": {"uv": [8, 14, 6, 16], "texture": "#1"},
				"south": {"uv": [8, 14, 6, 16], "texture": "#1"},
				"west": {"uv": [8, 14, 6, 16], "texture": "#1"},
				"up": {"uv": [8, 14, 6, 16], "texture": "#1"},
				"down": {"uv": [8, 14, 6, 16], "texture": "#1"}
			}
		},
		{
			"from": [7.75235, 27.31453, 3.4],
			"to": [8.45235, 28.01453, 4.1],
			"shade": false,
			"rotation": {"angle": -22.5, "axis": "z", "origin": [4, 10, 0]},
			"faces": {
				"north": {"uv": [6, 12, 4, 14], "texture": "#1"},
				"east": {"uv": [6, 12, 4, 14], "texture": "#1"},
				"south": {"uv": [6, 12, 4, 14], "texture": "#1"},
				"west": {"uv": [6, 12, 4, 14], "texture": "#1"},
				"up": {"uv": [6, 12, 4, 14], "texture": "#1"},
				"down": {"uv": [6, 12, 4, 14], "texture": "#1"}
			}
		},
		{
			"from": [8.75235, 28.31453, 4.4],
			"to": [7.45235, 27.01453, 3.1],
			"shade": false,
			"rotation": {"angle": -22.5, "axis": "z", "origin": [4, 10, 0]},
			"faces": {
				"north": {"uv": [8, 12, 6, 14], "texture": "#1"},
				"east": {"uv": [8, 12, 6, 14], "texture": "#1"},
				"south": {"uv": [8, 12, 6, 14], "texture": "#1"},
				"west": {"uv": [8, 12, 6, 14], "texture": "#1"},
				"up": {"uv": [8, 12, 6, 14], "texture": "#1"},
				"down": {"uv": [8, 12, 6, 14], "texture": "#1"}
			}
		},
		{
			"from": [0.24731, 28.23833, 3.25],
			"to": [1.24731, 29.23833, 4.25],
			"shade": false,
			"rotation": {"angle": -45, "axis": "z", "origin": [4, 10, 0]},
			"faces": {
				"north": {"uv": [6, 10, 4, 12], "texture": "#1"},
				"east": {"uv": [6, 10, 4, 12], "texture": "#1"},
				"south": {"uv": [6, 10, 4, 12], "texture": "#1"},
				"west": {"uv": [6, 10, 4, 12], "texture": "#1"},
				"up": {"uv": [6, 10, 4, 12], "texture": "#1"},
				"down": {"uv": [6, 10, 4, 12], "texture": "#1"}
			}
		},
		{
			"from": [1.49731, 29.48833, 4.5],
			"to": [-0.00269, 27.98833, 3],
			"shade": false,
			"rotation": {"angle": -45, "axis": "z", "origin": [4, 10, 0]},
			"faces": {
				"north": {"uv": [8, 10, 6, 12], "texture": "#1"},
				"east": {"uv": [8, 10, 6, 12], "texture": "#1"},
				"south": {"uv": [8, 10, 6, 12], "texture": "#1"},
				"west": {"uv": [8, 10, 6, 12], "texture": "#1"},
				"up": {"uv": [8, 10, 6, 12], "texture": "#1"},
				"down": {"uv": [8, 10, 6, 12], "texture": "#1"}
			}
		},
		{
			"from": [19.28076, 20.55227, 3.25],
			"to": [20.28076, 21.55227, 4.25],
			"shade": false,
			"rotation": {"angle": 22.5, "axis": "z", "origin": [4, 10, 0]},
			"faces": {
				"north": {"uv": [4, 10, 6, 8], "rotation": 90, "texture": "#1"},
				"east": {"uv": [4, 10, 6, 8], "rotation": 270, "texture": "#1"},
				"south": {"uv": [4, 10, 6, 8], "rotation": 270, "texture": "#1"},
				"west": {"uv": [4, 10, 6, 8], "rotation": 270, "texture": "#1"},
				"up": {"uv": [4, 10, 6, 8], "rotation": 270, "texture": "#1"},
				"down": {"uv": [4, 10, 6, 8], "rotation": 270, "texture": "#1"}
			}
		},
		{
			"from": [20.53076, 21.80227, 4.5],
			"to": [19.03076, 20.30227, 3],
			"shade": false,
			"rotation": {"angle": 22.5, "axis": "z", "origin": [4, 10, 0]},
			"faces": {
				"north": {"uv": [6, 10, 8, 8], "rotation": 90, "texture": "#1"},
				"east": {"uv": [6, 10, 8, 8], "rotation": 270, "texture": "#1"},
				"south": {"uv": [6, 10, 8, 8], "rotation": 270, "texture": "#1"},
				"west": {"uv": [6, 10, 8, 8], "rotation": 270, "texture": "#1"},
				"up": {"uv": [6, 10, 8, 8], "rotation": 270, "texture": "#1"},
				"down": {"uv": [6, 10, 8, 8], "rotation": 270, "texture": "#1"}
			}
		},
		{
			"from": [13.35, 26.35, 3.25],
			"to": [14.35, 27.35, 4.25],
			"shade": false,
			"rotation": {"angle": 0, "axis": "y", "origin": [4, 10, 0]},
			"faces": {
				"north": {"uv": [6, 6, 4, 8], "texture": "#1"},
				"east": {"uv": [6, 6, 4, 8], "texture": "#1"},
				"south": {"uv": [6, 6, 4, 8], "texture": "#1"},
				"west": {"uv": [6, 6, 4, 8], "texture": "#1"},
				"up": {"uv": [6, 6, 4, 8], "texture": "#1"},
				"down": {"uv": [6, 6, 4, 8], "texture": "#1"}
			}
		},
		{
			"from": [14.6, 27.6, 4.5],
			"to": [13.1, 26.1, 3],
			"shade": false,
			"rotation": {"angle": 0, "axis": "y", "origin": [4, 10, 0]},
			"faces": {
				"north": {"uv": [8, 6, 6, 8], "texture": "#1"},
				"east": {"uv": [8, 6, 6, 8], "texture": "#1"},
				"south": {"uv": [8, 6, 6, 8], "texture": "#1"},
				"west": {"uv": [8, 6, 6, 8], "texture": "#1"},
				"up": {"uv": [8, 6, 6, 8], "texture": "#1"},
				"down": {"uv": [8, 6, 6, 8], "texture": "#1"}
			}
		},
		{
			"from": [19.68935, 22.11051, 3.4],
			"to": [20.38935, 22.81051, 4.1],
			"shade": false,
			"rotation": {"angle": 22.5, "axis": "z", "origin": [4, 10, 0]},
			"faces": {
				"north": {"uv": [6, 4, 4, 6], "texture": "#1"},
				"east": {"uv": [6, 4, 4, 6], "texture": "#1"},
				"south": {"uv": [6, 4, 4, 6], "texture": "#1"},
				"west": {"uv": [6, 4, 4, 6], "texture": "#1"},
				"up": {"uv": [6, 4, 4, 6], "texture": "#1"},
				"down": {"uv": [6, 4, 4, 6], "texture": "#1"}
			}
		},
		{
			"from": [20.68935, 23.11051, 4.4],
			"to": [19.38935, 21.81051, 3.1],
			"shade": false,
			"rotation": {"angle": 22.5, "axis": "z", "origin": [4, 10, 0]},
			"faces": {
				"north": {"uv": [8, 4, 6, 6], "texture": "#1"},
				"east": {"uv": [8, 4, 6, 6], "texture": "#1"},
				"south": {"uv": [8, 4, 6, 6], "texture": "#1"},
				"west": {"uv": [8, 4, 6, 6], "texture": "#1"},
				"up": {"uv": [8, 4, 6, 6], "texture": "#1"},
				"down": {"uv": [8, 4, 6, 6], "texture": "#1"}
			}
		},
		{
			"from": [14, 27.95, 3.45],
			"to": [14.6, 28.55, 4.05],
			"shade": false,
			"rotation": {"angle": 0, "axis": "y", "origin": [4, 10, 0]},
			"faces": {
				"north": {"uv": [6, 2, 4, 4], "texture": "#1"},
				"east": {"uv": [6, 2, 4, 4], "texture": "#1"},
				"south": {"uv": [6, 2, 4, 4], "texture": "#1"},
				"west": {"uv": [6, 2, 4, 4], "texture": "#1"},
				"up": {"uv": [6, 2, 4, 4], "texture": "#1"},
				"down": {"uv": [6, 2, 4, 4], "texture": "#1"}
			}
		},
		{
			"from": [14.85, 28.8, 4.3],
			"to": [13.75, 27.7, 3.2],
			"shade": false,
			"rotation": {"angle": 0, "axis": "y", "origin": [4, 10, 0]},
			"faces": {
				"north": {"uv": [8, 2, 6, 4], "texture": "#1"},
				"east": {"uv": [8, 2, 6, 4], "texture": "#1"},
				"south": {"uv": [8, 2, 6, 4], "texture": "#1"},
				"west": {"uv": [8, 2, 6, 4], "texture": "#1"},
				"up": {"uv": [8, 2, 6, 4], "texture": "#1"},
				"down": {"uv": [8, 2, 6, 4], "texture": "#1"}
			}
		},
		{
			"from": [9.85, 27.95, 3.45],
			"to": [10.45, 28.55, 4.05],
			"shade": false,
			"rotation": {"angle": 0, "axis": "y", "origin": [0, 14, -8]},
			"faces": {
				"north": {"uv": [14, 14, 12, 16], "texture": "#1"},
				"east": {"uv": [14, 14, 12, 16], "texture": "#1"},
				"south": {"uv": [14, 14, 12, 16], "texture": "#1"},
				"west": {"uv": [14, 14, 12, 16], "texture": "#1"},
				"up": {"uv": [14, 14, 12, 16], "texture": "#1"},
				"down": {"uv": [14, 14, 12, 16], "texture": "#1"}
			}
		},
		{
			"from": [10.7, 28.8, 4.3],
			"to": [9.6, 27.7, 3.2],
			"shade": false,
			"rotation": {"angle": 0, "axis": "y", "origin": [0, 14, -8]},
			"faces": {
				"north": {"uv": [16, 14, 14, 16], "texture": "#1"},
				"east": {"uv": [16, 14, 14, 16], "texture": "#1"},
				"south": {"uv": [16, 14, 14, 16], "texture": "#1"},
				"west": {"uv": [16, 14, 14, 16], "texture": "#1"},
				"up": {"uv": [16, 14, 14, 16], "texture": "#1"},
				"down": {"uv": [16, 14, 14, 16], "texture": "#1"}
			}
		},
		{
			"from": [3.75235, 31.31453, 3.4],
			"to": [4.45235, 32.01453, 4.1],
			"shade": false,
			"rotation": {"angle": -22.5, "axis": "z", "origin": [0, 14, -8]},
			"faces": {
				"north": {"uv": [14, 12, 12, 14], "texture": "#1"},
				"east": {"uv": [14, 12, 12, 14], "texture": "#1"},
				"south": {"uv": [14, 12, 12, 14], "texture": "#1"},
				"west": {"uv": [14, 12, 12, 14], "texture": "#1"},
				"up": {"uv": [14, 12, 12, 14], "texture": "#1"},
				"down": {"uv": [14, 12, 12, 14], "texture": "#1"}
			}
		},
		{
			"from": [4.75235, 32.31453, 4.4],
			"to": [3.45235, 31.01453, 3.1],
			"shade": false,
			"rotation": {"angle": -22.5, "axis": "z", "origin": [0, 14, -8]},
			"faces": {
				"north": {"uv": [16, 12, 14, 14], "texture": "#1"},
				"east": {"uv": [16, 12, 14, 14], "texture": "#1"},
				"south": {"uv": [16, 12, 14, 14], "texture": "#1"},
				"west": {"uv": [16, 12, 14, 14], "texture": "#1"},
				"up": {"uv": [16, 12, 14, 14], "texture": "#1"},
				"down": {"uv": [16, 12, 14, 14], "texture": "#1"}
			}
		},
		{
			"from": [-3.75269, 32.23833, 3.25],
			"to": [-2.75269, 33.23833, 4.25],
			"shade": false,
			"rotation": {"angle": -45, "axis": "z", "origin": [0, 14, -8]},
			"faces": {
				"north": {"uv": [14, 10, 12, 12], "texture": "#1"},
				"east": {"uv": [14, 10, 12, 12], "texture": "#1"},
				"south": {"uv": [14, 10, 12, 12], "texture": "#1"},
				"west": {"uv": [14, 10, 12, 12], "texture": "#1"},
				"up": {"uv": [14, 10, 12, 12], "texture": "#1"},
				"down": {"uv": [14, 10, 12, 12], "texture": "#1"}
			}
		},
		{
			"from": [-2.50269, 33.48833, 4.5],
			"to": [-4.00269, 31.98833, 3],
			"shade": false,
			"rotation": {"angle": -45, "axis": "z", "origin": [0, 14, -8]},
			"faces": {
				"north": {"uv": [16, 10, 14, 12], "texture": "#1"},
				"east": {"uv": [16, 10, 14, 12], "texture": "#1"},
				"south": {"uv": [16, 10, 14, 12], "texture": "#1"},
				"west": {"uv": [16, 10, 14, 12], "texture": "#1"},
				"up": {"uv": [16, 10, 14, 12], "texture": "#1"},
				"down": {"uv": [16, 10, 14, 12], "texture": "#1"}
			}
		},
		{
			"from": [15.28076, 24.55227, 3.25],
			"to": [16.28076, 25.55227, 4.25],
			"shade": false,
			"rotation": {"angle": 22.5, "axis": "z", "origin": [0, 14, -8]},
			"faces": {
				"north": {"uv": [12, 10, 14, 8], "rotation": 90, "texture": "#1"},
				"east": {"uv": [12, 10, 14, 8], "rotation": 270, "texture": "#1"},
				"south": {"uv": [12, 10, 14, 8], "rotation": 270, "texture": "#1"},
				"west": {"uv": [12, 10, 14, 8], "rotation": 270, "texture": "#1"},
				"up": {"uv": [12, 10, 14, 8], "rotation": 270, "texture": "#1"},
				"down": {"uv": [12, 10, 14, 8], "rotation": 270, "texture": "#1"}
			}
		},
		{
			"from": [16.53076, 25.80227, 4.5],
			"to": [15.03076, 24.30227, 3],
			"shade": false,
			"rotation": {"angle": 22.5, "axis": "z", "origin": [0, 14, -8]},
			"faces": {
				"north": {"uv": [14, 10, 16, 8], "rotation": 90, "texture": "#1"},
				"east": {"uv": [14, 10, 16, 8], "rotation": 270, "texture": "#1"},
				"south": {"uv": [14, 10, 16, 8], "rotation": 270, "texture": "#1"},
				"west": {"uv": [14, 10, 16, 8], "rotation": 270, "texture": "#1"},
				"up": {"uv": [14, 10, 16, 8], "rotation": 270, "texture": "#1"},
				"down": {"uv": [14, 10, 16, 8], "rotation": 270, "texture": "#1"}
			}
		},
		{
			"from": [9.35, 30.35, 3.25],
			"to": [10.35, 31.35, 4.25],
			"shade": false,
			"rotation": {"angle": 0, "axis": "y", "origin": [0, 14, -8]},
			"faces": {
				"north": {"uv": [14, 6, 12, 8], "texture": "#1"},
				"east": {"uv": [14, 6, 12, 8], "texture": "#1"},
				"south": {"uv": [14, 6, 12, 8], "texture": "#1"},
				"west": {"uv": [14, 6, 12, 8], "texture": "#1"},
				"up": {"uv": [14, 6, 12, 8], "texture": "#1"},
				"down": {"uv": [14, 6, 12, 8], "texture": "#1"}
			}
		},
		{
			"from": [10.6, 31.6, 4.5],
			"to": [9.1, 30.1, 3],
			"shade": false,
			"rotation": {"angle": 0, "axis": "y", "origin": [0, 14, -8]},
			"faces": {
				"north": {"uv": [16, 6, 14, 8], "texture": "#1"},
				"east": {"uv": [16, 6, 14, 8], "texture": "#1"},
				"south": {"uv": [16, 6, 14, 8], "texture": "#1"},
				"west": {"uv": [16, 6, 14, 8], "texture": "#1"},
				"up": {"uv": [16, 6, 14, 8], "texture": "#1"},
				"down": {"uv": [16, 6, 14, 8], "texture": "#1"}
			}
		},
		{
			"from": [15.68935, 26.11051, 3.4],
			"to": [16.38935, 26.81051, 4.1],
			"shade": false,
			"rotation": {"angle": 22.5, "axis": "z", "origin": [0, 14, -8]},
			"faces": {
				"north": {"uv": [14, 4, 12, 6], "texture": "#1"},
				"east": {"uv": [14, 4, 12, 6], "texture": "#1"},
				"south": {"uv": [14, 4, 12, 6], "texture": "#1"},
				"west": {"uv": [14, 4, 12, 6], "texture": "#1"},
				"up": {"uv": [14, 4, 12, 6], "texture": "#1"},
				"down": {"uv": [14, 4, 12, 6], "texture": "#1"}
			}
		},
		{
			"from": [16.68935, 27.11051, 4.4],
			"to": [15.38935, 25.81051, 3.1],
			"shade": false,
			"rotation": {"angle": 22.5, "axis": "z", "origin": [0, 14, -8]},
			"faces": {
				"north": {"uv": [16, 4, 14, 6], "texture": "#1"},
				"east": {"uv": [16, 4, 14, 6], "texture": "#1"},
				"south": {"uv": [16, 4, 14, 6], "texture": "#1"},
				"west": {"uv": [16, 4, 14, 6], "texture": "#1"},
				"up": {"uv": [16, 4, 14, 6], "texture": "#1"},
				"down": {"uv": [16, 4, 14, 6], "texture": "#1"}
			}
		},
		{
			"from": [10, 31.95, 3.45],
			"to": [10.6, 32.55, 4.05],
			"shade": false,
			"rotation": {"angle": 0, "axis": "y", "origin": [0, 14, -8]},
			"faces": {
				"north": {"uv": [14, 2, 12, 4], "texture": "#1"},
				"east": {"uv": [14, 2, 12, 4], "texture": "#1"},
				"south": {"uv": [14, 2, 12, 4], "texture": "#1"},
				"west": {"uv": [14, 2, 12, 4], "texture": "#1"},
				"up": {"uv": [14, 2, 12, 4], "texture": "#1"},
				"down": {"uv": [14, 2, 12, 4], "texture": "#1"}
			}
		},
		{
			"from": [10.85, 32.8, 4.3],
			"to": [9.75, 31.7, 3.2],
			"shade": false,
			"rotation": {"angle": 0, "axis": "y", "origin": [0, 14, -8]},
			"faces": {
				"north": {"uv": [16, 2, 14, 4], "texture": "#1"},
				"east": {"uv": [16, 2, 14, 4], "texture": "#1"},
				"south": {"uv": [16, 2, 14, 4], "texture": "#1"},
				"west": {"uv": [16, 2, 14, 4], "texture": "#1"},
				"up": {"uv": [16, 2, 14, 4], "texture": "#1"},
				"down": {"uv": [16, 2, 14, 4], "texture": "#1"}
			}
		},
		{
			"from": [13.85, 23.95, 11.95],
			"to": [14.45, 24.55, 12.55],
			"shade": false,
			"rotation": {"angle": 0, "axis": "y", "origin": [4, 10, 0.5]},
			"faces": {
				"north": {"uv": [14, 14, 12, 16], "texture": "#1"},
				"east": {"uv": [14, 14, 12, 16], "texture": "#1"},
				"south": {"uv": [14, 14, 12, 16], "texture": "#1"},
				"west": {"uv": [14, 14, 12, 16], "texture": "#1"},
				"up": {"uv": [14, 14, 12, 16], "texture": "#1"},
				"down": {"uv": [14, 14, 12, 16], "texture": "#1"}
			}
		},
		{
			"from": [14.7, 24.8, 12.8],
			"to": [13.6, 23.7, 11.7],
			"shade": false,
			"rotation": {"angle": 0, "axis": "y", "origin": [4, 10, 0.5]},
			"faces": {
				"north": {"uv": [16, 14, 14, 16], "texture": "#1"},
				"east": {"uv": [16, 14, 14, 16], "texture": "#1"},
				"south": {"uv": [16, 14, 14, 16], "texture": "#1"},
				"west": {"uv": [16, 14, 14, 16], "texture": "#1"},
				"up": {"uv": [16, 14, 14, 16], "texture": "#1"},
				"down": {"uv": [16, 14, 14, 16], "texture": "#1"}
			}
		},
		{
			"from": [7.75235, 27.31453, 11.9],
			"to": [8.45235, 28.01453, 12.6],
			"shade": false,
			"rotation": {"angle": -22.5, "axis": "z", "origin": [4, 10, 0.5]},
			"faces": {
				"north": {"uv": [14, 12, 12, 14], "texture": "#1"},
				"east": {"uv": [14, 12, 12, 14], "texture": "#1"},
				"south": {"uv": [14, 12, 12, 14], "texture": "#1"},
				"west": {"uv": [14, 12, 12, 14], "texture": "#1"},
				"up": {"uv": [14, 12, 12, 14], "texture": "#1"},
				"down": {"uv": [14, 12, 12, 14], "texture": "#1"}
			}
		},
		{
			"from": [8.75235, 28.31453, 12.9],
			"to": [7.45235, 27.01453, 11.6],
			"shade": false,
			"rotation": {"angle": -22.5, "axis": "z", "origin": [4, 10, 0.5]},
			"faces": {
				"north": {"uv": [16, 12, 14, 14], "texture": "#1"},
				"east": {"uv": [16, 12, 14, 14], "texture": "#1"},
				"south": {"uv": [16, 12, 14, 14], "texture": "#1"},
				"west": {"uv": [16, 12, 14, 14], "texture": "#1"},
				"up": {"uv": [16, 12, 14, 14], "texture": "#1"},
				"down": {"uv": [16, 12, 14, 14], "texture": "#1"}
			}
		},
		{
			"from": [0.24731, 28.23833, 11.75],
			"to": [1.24731, 29.23833, 12.75],
			"shade": false,
			"rotation": {"angle": -45, "axis": "z", "origin": [4, 10, 0.5]},
			"faces": {
				"north": {"uv": [14, 10, 12, 12], "texture": "#1"},
				"east": {"uv": [14, 10, 12, 12], "texture": "#1"},
				"south": {"uv": [14, 10, 12, 12], "texture": "#1"},
				"west": {"uv": [14, 10, 12, 12], "texture": "#1"},
				"up": {"uv": [14, 10, 12, 12], "texture": "#1"},
				"down": {"uv": [14, 10, 12, 12], "texture": "#1"}
			}
		},
		{
			"from": [1.49731, 29.48833, 13],
			"to": [-0.00269, 27.98833, 11.5],
			"shade": false,
			"rotation": {"angle": -45, "axis": "z", "origin": [4, 10, 0.5]},
			"faces": {
				"north": {"uv": [16, 10, 14, 12], "texture": "#1"},
				"east": {"uv": [16, 10, 14, 12], "texture": "#1"},
				"south": {"uv": [16, 10, 14, 12], "texture": "#1"},
				"west": {"uv": [16, 10, 14, 12], "texture": "#1"},
				"up": {"uv": [16, 10, 14, 12], "texture": "#1"},
				"down": {"uv": [16, 10, 14, 12], "texture": "#1"}
			}
		},
		{
			"from": [19.28076, 20.55227, 11.75],
			"to": [20.28076, 21.55227, 12.75],
			"shade": false,
			"rotation": {"angle": 22.5, "axis": "z", "origin": [4, 10, 0.5]},
			"faces": {
				"north": {"uv": [12, 10, 14, 8], "rotation": 90, "texture": "#1"},
				"east": {"uv": [12, 10, 14, 8], "rotation": 270, "texture": "#1"},
				"south": {"uv": [12, 10, 14, 8], "rotation": 270, "texture": "#1"},
				"west": {"uv": [12, 10, 14, 8], "rotation": 270, "texture": "#1"},
				"up": {"uv": [12, 10, 14, 8], "rotation": 270, "texture": "#1"},
				"down": {"uv": [12, 10, 14, 8], "rotation": 270, "texture": "#1"}
			}
		},
		{
			"from": [20.53076, 21.80227, 13],
			"to": [19.03076, 20.30227, 11.5],
			"shade": false,
			"rotation": {"angle": 22.5, "axis": "z", "origin": [4, 10, 0.5]},
			"faces": {
				"north": {"uv": [14, 10, 16, 8], "rotation": 90, "texture": "#1"},
				"east": {"uv": [14, 10, 16, 8], "rotation": 270, "texture": "#1"},
				"south": {"uv": [14, 10, 16, 8], "rotation": 270, "texture": "#1"},
				"west": {"uv": [14, 10, 16, 8], "rotation": 270, "texture": "#1"},
				"up": {"uv": [14, 10, 16, 8], "rotation": 270, "texture": "#1"},
				"down": {"uv": [14, 10, 16, 8], "rotation": 270, "texture": "#1"}
			}
		},
		{
			"from": [13.35, 26.35, 11.75],
			"to": [14.35, 27.35, 12.75],
			"shade": false,
			"rotation": {"angle": 0, "axis": "y", "origin": [4, 10, 0.5]},
			"faces": {
				"north": {"uv": [14, 6, 12, 8], "texture": "#1"},
				"east": {"uv": [14, 6, 12, 8], "texture": "#1"},
				"south": {"uv": [14, 6, 12, 8], "texture": "#1"},
				"west": {"uv": [14, 6, 12, 8], "texture": "#1"},
				"up": {"uv": [14, 6, 12, 8], "texture": "#1"},
				"down": {"uv": [14, 6, 12, 8], "texture": "#1"}
			}
		},
		{
			"from": [14.6, 27.6, 13],
			"to": [13.1, 26.1, 11.5],
			"shade": false,
			"rotation": {"angle": 0, "axis": "y", "origin": [4, 10, 0.5]},
			"faces": {
				"north": {"uv": [16, 6, 14, 8], "texture": "#1"},
				"east": {"uv": [16, 6, 14, 8], "texture": "#1"},
				"south": {"uv": [16, 6, 14, 8], "texture": "#1"},
				"west": {"uv": [16, 6, 14, 8], "texture": "#1"},
				"up": {"uv": [16, 6, 14, 8], "texture": "#1"},
				"down": {"uv": [16, 6, 14, 8], "texture": "#1"}
			}
		},
		{
			"from": [19.68935, 22.11051, 11.9],
			"to": [20.38935, 22.81051, 12.6],
			"shade": false,
			"rotation": {"angle": 22.5, "axis": "z", "origin": [4, 10, 0.5]},
			"faces": {
				"north": {"uv": [14, 4, 12, 6], "texture": "#1"},
				"east": {"uv": [14, 4, 12, 6], "texture": "#1"},
				"south": {"uv": [14, 4, 12, 6], "texture": "#1"},
				"west": {"uv": [14, 4, 12, 6], "texture": "#1"},
				"up": {"uv": [14, 4, 12, 6], "texture": "#1"},
				"down": {"uv": [14, 4, 12, 6], "texture": "#1"}
			}
		},
		{
			"from": [20.68935, 23.11051, 12.9],
			"to": [19.38935, 21.81051, 11.6],
			"shade": false,
			"rotation": {"angle": 22.5, "axis": "z", "origin": [4, 10, 0.5]},
			"faces": {
				"north": {"uv": [16, 4, 14, 6], "texture": "#1"},
				"east": {"uv": [16, 4, 14, 6], "texture": "#1"},
				"south": {"uv": [16, 4, 14, 6], "texture": "#1"},
				"west": {"uv": [16, 4, 14, 6], "texture": "#1"},
				"up": {"uv": [16, 4, 14, 6], "texture": "#1"},
				"down": {"uv": [16, 4, 14, 6], "texture": "#1"}
			}
		},
		{
			"from": [14, 27.95, 11.95],
			"to": [14.6, 28.55, 12.55],
			"shade": false,
			"rotation": {"angle": 0, "axis": "y", "origin": [4, 10, 0.5]},
			"faces": {
				"north": {"uv": [14, 2, 12, 4], "texture": "#1"},
				"east": {"uv": [14, 2, 12, 4], "texture": "#1"},
				"south": {"uv": [14, 2, 12, 4], "texture": "#1"},
				"west": {"uv": [14, 2, 12, 4], "texture": "#1"},
				"up": {"uv": [14, 2, 12, 4], "texture": "#1"},
				"down": {"uv": [14, 2, 12, 4], "texture": "#1"}
			}
		},
		{
			"from": [14.85, 28.8, 12.8],
			"to": [13.75, 27.7, 11.7],
			"shade": false,
			"rotation": {"angle": 0, "axis": "y", "origin": [4, 10, 0.5]},
			"faces": {
				"north": {"uv": [16, 2, 14, 4], "texture": "#1"},
				"east": {"uv": [16, 2, 14, 4], "texture": "#1"},
				"south": {"uv": [16, 2, 14, 4], "texture": "#1"},
				"west": {"uv": [16, 2, 14, 4], "texture": "#1"},
				"up": {"uv": [16, 2, 14, 4], "texture": "#1"},
				"down": {"uv": [16, 2, 14, 4], "texture": "#1"}
			}
		},
		{
			"from": [7.55, 20.95, 11.95],
			"to": [8.15, 21.55, 12.55],
			"shade": false,
			"rotation": {"angle": 0, "axis": "y", "origin": [2, 9, 0.5]},
			"faces": {
				"north": {"uv": [8, 14, 10, 16], "texture": "#1"},
				"east": {"uv": [8, 14, 10, 16], "texture": "#1"},
				"south": {"uv": [8, 14, 10, 16], "texture": "#1"},
				"west": {"uv": [8, 14, 10, 16], "texture": "#1"},
				"up": {"uv": [8, 14, 10, 16], "texture": "#1"},
				"down": {"uv": [8, 14, 10, 16], "texture": "#1"}
			}
		},
		{
			"from": [8.4, 21.8, 12.8],
			"to": [7.3, 20.7, 11.7],
			"shade": false,
			"rotation": {"angle": 0, "axis": "y", "origin": [2, 9, 0.5]},
			"faces": {
				"north": {"uv": [10, 14, 12, 16], "texture": "#1"},
				"east": {"uv": [10, 14, 12, 16], "texture": "#1"},
				"south": {"uv": [10, 14, 12, 16], "texture": "#1"},
				"west": {"uv": [10, 14, 12, 16], "texture": "#1"},
				"up": {"uv": [10, 14, 12, 16], "texture": "#1"},
				"down": {"uv": [10, 14, 12, 16], "texture": "#1"}
			}
		},
		{
			"from": [11.56436, 18.34384, 11.9],
			"to": [12.26436, 19.04384, 12.6],
			"shade": false,
			"rotation": {"angle": 22.5, "axis": "z", "origin": [2, 9, 0.5]},
			"faces": {
				"north": {"uv": [8, 12, 10, 14], "texture": "#1"},
				"east": {"uv": [8, 12, 10, 14], "texture": "#1"},
				"south": {"uv": [8, 12, 10, 14], "texture": "#1"},
				"west": {"uv": [8, 12, 10, 14], "texture": "#1"},
				"up": {"uv": [8, 12, 10, 14], "texture": "#1"},
				"down": {"uv": [8, 12, 10, 14], "texture": "#1"}
			}
		},
		{
			"from": [12.56436, 19.34384, 12.9],
			"to": [11.26436, 18.04384, 11.6],
			"shade": false,
			"rotation": {"angle": 22.5, "axis": "z", "origin": [2, 9, 0.5]},
			"faces": {
				"north": {"uv": [10, 12, 12, 14], "texture": "#1"},
				"east": {"uv": [10, 12, 12, 14], "texture": "#1"},
				"south": {"uv": [10, 12, 12, 14], "texture": "#1"},
				"west": {"uv": [10, 12, 12, 14], "texture": "#1"},
				"up": {"uv": [10, 12, 12, 14], "texture": "#1"},
				"down": {"uv": [10, 12, 12, 14], "texture": "#1"}
			}
		},
		{
			"from": [14.65219, 14.51041, 11.75],
			"to": [15.65219, 15.51041, 12.75],
			"shade": false,
			"rotation": {"angle": 45, "axis": "z", "origin": [2, 9, 0.5]},
			"faces": {
				"north": {"uv": [8, 10, 10, 12], "texture": "#1"},
				"east": {"uv": [8, 10, 10, 12], "texture": "#1"},
				"south": {"uv": [8, 10, 10, 12], "texture": "#1"},
				"west": {"uv": [8, 10, 10, 12], "texture": "#1"},
				"up": {"uv": [8, 10, 10, 12], "texture": "#1"},
				"down": {"uv": [8, 10, 10, 12], "texture": "#1"}
			}
		},
		{
			"from": [15.90219, 15.76041, 13],
			"to": [14.40219, 14.26041, 11.5],
			"shade": false,
			"rotation": {"angle": 45, "axis": "z", "origin": [2, 9, 0.5]},
			"faces": {
				"north": {"uv": [10, 10, 12, 12], "texture": "#1"},
				"east": {"uv": [10, 10, 12, 12], "texture": "#1"},
				"south": {"uv": [10, 10, 12, 12], "texture": "#1"},
				"west": {"uv": [10, 10, 12, 12], "texture": "#1"},
				"up": {"uv": [10, 10, 12, 12], "texture": "#1"},
				"down": {"uv": [10, 10, 12, 12], "texture": "#1"}
			}
		},
		{
			"from": [1.26668, 23.82744, 11.75],
			"to": [2.26668, 24.82744, 12.75],
			"shade": false,
			"rotation": {"angle": -22.5, "axis": "z", "origin": [2, 9, 0.5]},
			"faces": {
				"north": {"uv": [8, 8, 10, 10], "rotation": 90, "texture": "#1"},
				"east": {"uv": [8, 8, 10, 10], "rotation": 270, "texture": "#1"},
				"south": {"uv": [8, 8, 10, 10], "rotation": 270, "texture": "#1"},
				"west": {"uv": [8, 8, 10, 10], "rotation": 270, "texture": "#1"},
				"up": {"uv": [8, 8, 10, 10], "rotation": 270, "texture": "#1"},
				"down": {"uv": [8, 8, 10, 10], "rotation": 270, "texture": "#1"}
			}
		},
		{
			"from": [2.51668, 25.07744, 13],
			"to": [1.01668, 23.57744, 11.5],
			"shade": false,
			"rotation": {"angle": -22.5, "axis": "z", "origin": [2, 9, 0.5]},
			"faces": {
				"north": {"uv": [10, 8, 12, 10], "rotation": 90, "texture": "#1"},
				"east": {"uv": [10, 8, 12, 10], "rotation": 270, "texture": "#1"},
				"south": {"uv": [10, 8, 12, 10], "rotation": 270, "texture": "#1"},
				"west": {"uv": [10, 8, 12, 10], "rotation": 270, "texture": "#1"},
				"up": {"uv": [10, 8, 12, 10], "rotation": 270, "texture": "#1"},
				"down": {"uv": [10, 8, 12, 10], "rotation": 270, "texture": "#1"}
			}
		},
		{
			"from": [7.65, 23.35, 11.75],
			"to": [8.65, 24.35, 12.75],
			"shade": false,
			"rotation": {"angle": 0, "axis": "y", "origin": [2, 9, 0.5]},
			"faces": {
				"north": {"uv": [8, 6, 10, 8], "texture": "#1"},
				"east": {"uv": [8, 6, 10, 8], "texture": "#1"},
				"south": {"uv": [8, 6, 10, 8], "texture": "#1"},
				"west": {"uv": [8, 6, 10, 8], "texture": "#1"},
				"up": {"uv": [8, 6, 10, 8], "texture": "#1"},
				"down": {"uv": [8, 6, 10, 8], "texture": "#1"}
			}
		},
		{
			"from": [8.9, 24.6, 13],
			"to": [7.4, 23.1, 11.5],
			"shade": false,
			"rotation": {"angle": 0, "axis": "y", "origin": [2, 9, 0.5]},
			"faces": {
				"north": {"uv": [10, 6, 12, 8], "texture": "#1"},
				"east": {"uv": [10, 6, 12, 8], "texture": "#1"},
				"south": {"uv": [10, 6, 12, 8], "texture": "#1"},
				"west": {"uv": [10, 6, 12, 8], "texture": "#1"},
				"up": {"uv": [10, 6, 12, 8], "texture": "#1"},
				"down": {"uv": [10, 6, 12, 8], "texture": "#1"}
			}
		},
		{
			"from": [1.15809, 25.38568, 11.9],
			"to": [1.85809, 26.08568, 12.6],
			"shade": false,
			"rotation": {"angle": -22.5, "axis": "z", "origin": [2, 9, 0.5]},
			"faces": {
				"north": {"uv": [8, 4, 10, 6], "texture": "#1"},
				"east": {"uv": [8, 4, 10, 6], "texture": "#1"},
				"south": {"uv": [8, 4, 10, 6], "texture": "#1"},
				"west": {"uv": [8, 4, 10, 6], "texture": "#1"},
				"up": {"uv": [8, 4, 10, 6], "texture": "#1"},
				"down": {"uv": [8, 4, 10, 6], "texture": "#1"}
			}
		},
		{
			"from": [2.15809, 26.38568, 12.9],
			"to": [0.85809, 25.08568, 11.6],
			"shade": false,
			"rotation": {"angle": -22.5, "axis": "z", "origin": [2, 9, 0.5]},
			"faces": {
				"north": {"uv": [10, 4, 12, 6], "texture": "#1"},
				"east": {"uv": [10, 4, 12, 6], "texture": "#1"},
				"south": {"uv": [10, 4, 12, 6], "texture": "#1"},
				"west": {"uv": [10, 4, 12, 6], "texture": "#1"},
				"up": {"uv": [10, 4, 12, 6], "texture": "#1"},
				"down": {"uv": [10, 4, 12, 6], "texture": "#1"}
			}
		},
		{
			"from": [7.4, 24.95, 11.95],
			"to": [8, 25.55, 12.55],
			"shade": false,
			"rotation": {"angle": 0, "axis": "y", "origin": [2, 9, 0.5]},
			"faces": {
				"north": {"uv": [8, 2, 10, 4], "texture": "#1"},
				"east": {"uv": [8, 2, 10, 4], "texture": "#1"},
				"south": {"uv": [8, 2, 10, 4], "texture": "#1"},
				"west": {"uv": [8, 2, 10, 4], "texture": "#1"},
				"up": {"uv": [8, 2, 10, 4], "texture": "#1"},
				"down": {"uv": [8, 2, 10, 4], "texture": "#1"}
			}
		},
		{
			"from": [8.25, 25.8, 12.8],
			"to": [7.15, 24.7, 11.7],
			"shade": false,
			"rotation": {"angle": 0, "axis": "y", "origin": [2, 9, 0.5]},
			"faces": {
				"north": {"uv": [10, 2, 12, 4], "texture": "#1"},
				"east": {"uv": [10, 2, 12, 4], "texture": "#1"},
				"south": {"uv": [10, 2, 12, 4], "texture": "#1"},
				"west": {"uv": [10, 2, 12, 4], "texture": "#1"},
				"up": {"uv": [10, 2, 12, 4], "texture": "#1"},
				"down": {"uv": [10, 2, 12, 4], "texture": "#1"}
			}
		},
		{
			"from": [10.85, 27.95, 11.95],
			"to": [11.45, 28.55, 12.55],
			"shade": false,
			"rotation": {"angle": 0, "axis": "y", "origin": [1, 14, 8.5]},
			"faces": {
				"north": {"uv": [6, 14, 4, 16], "texture": "#1"},
				"east": {"uv": [6, 14, 4, 16], "texture": "#1"},
				"south": {"uv": [6, 14, 4, 16], "texture": "#1"},
				"west": {"uv": [6, 14, 4, 16], "texture": "#1"},
				"up": {"uv": [6, 14, 4, 16], "texture": "#1"},
				"down": {"uv": [6, 14, 4, 16], "texture": "#1"}
			}
		},
		{
			"from": [11.7, 28.8, 12.8],
			"to": [10.6, 27.7, 11.7],
			"shade": false,
			"rotation": {"angle": 0, "axis": "y", "origin": [1, 14, 8.5]},
			"faces": {
				"north": {"uv": [8, 14, 6, 16], "texture": "#1"},
				"east": {"uv": [8, 14, 6, 16], "texture": "#1"},
				"south": {"uv": [8, 14, 6, 16], "texture": "#1"},
				"west": {"uv": [8, 14, 6, 16], "texture": "#1"},
				"up": {"uv": [8, 14, 6, 16], "texture": "#1"},
				"down": {"uv": [8, 14, 6, 16], "texture": "#1"}
			}
		},
		{
			"from": [4.75235, 31.31453, 11.9],
			"to": [5.45235, 32.01453, 12.6],
			"shade": false,
			"rotation": {"angle": -22.5, "axis": "z", "origin": [1, 14, 8.5]},
			"faces": {
				"north": {"uv": [6, 12, 4, 14], "texture": "#1"},
				"east": {"uv": [6, 12, 4, 14], "texture": "#1"},
				"south": {"uv": [6, 12, 4, 14], "texture": "#1"},
				"west": {"uv": [6, 12, 4, 14], "texture": "#1"},
				"up": {"uv": [6, 12, 4, 14], "texture": "#1"},
				"down": {"uv": [6, 12, 4, 14], "texture": "#1"}
			}
		},
		{
			"from": [5.75235, 32.31453, 12.9],
			"to": [4.45235, 31.01453, 11.6],
			"shade": false,
			"rotation": {"angle": -22.5, "axis": "z", "origin": [1, 14, 8.5]},
			"faces": {
				"north": {"uv": [8, 12, 6, 14], "texture": "#1"},
				"east": {"uv": [8, 12, 6, 14], "texture": "#1"},
				"south": {"uv": [8, 12, 6, 14], "texture": "#1"},
				"west": {"uv": [8, 12, 6, 14], "texture": "#1"},
				"up": {"uv": [8, 12, 6, 14], "texture": "#1"},
				"down": {"uv": [8, 12, 6, 14], "texture": "#1"}
			}
		},
		{
			"from": [-2.75269, 32.23833, 11.75],
			"to": [-1.75269, 33.23833, 12.75],
			"shade": false,
			"rotation": {"angle": -45, "axis": "z", "origin": [1, 14, 8.5]},
			"faces": {
				"north": {"uv": [6, 10, 4, 12], "texture": "#1"},
				"east": {"uv": [6, 10, 4, 12], "texture": "#1"},
				"south": {"uv": [6, 10, 4, 12], "texture": "#1"},
				"west": {"uv": [6, 10, 4, 12], "texture": "#1"},
				"up": {"uv": [6, 10, 4, 12], "texture": "#1"},
				"down": {"uv": [6, 10, 4, 12], "texture": "#1"}
			}
		},
		{
			"from": [-1.50269, 33.48833, 13],
			"to": [-3.00269, 31.98833, 11.5],
			"shade": false,
			"rotation": {"angle": -45, "axis": "z", "origin": [1, 14, 8.5]},
			"faces": {
				"north": {"uv": [8, 10, 6, 12], "texture": "#1"},
				"east": {"uv": [8, 10, 6, 12], "texture": "#1"},
				"south": {"uv": [8, 10, 6, 12], "texture": "#1"},
				"west": {"uv": [8, 10, 6, 12], "texture": "#1"},
				"up": {"uv": [8, 10, 6, 12], "texture": "#1"},
				"down": {"uv": [8, 10, 6, 12], "texture": "#1"}
			}
		},
		{
			"from": [16.28076, 24.55227, 11.75],
			"to": [17.28076, 25.55227, 12.75],
			"shade": false,
			"rotation": {"angle": 22.5, "axis": "z", "origin": [1, 14, 8.5]},
			"faces": {
				"north": {"uv": [4, 10, 6, 8], "rotation": 90, "texture": "#1"},
				"east": {"uv": [4, 10, 6, 8], "rotation": 270, "texture": "#1"},
				"south": {"uv": [4, 10, 6, 8], "rotation": 270, "texture": "#1"},
				"west": {"uv": [4, 10, 6, 8], "rotation": 270, "texture": "#1"},
				"up": {"uv": [4, 10, 6, 8], "rotation": 270, "texture": "#1"},
				"down": {"uv": [4, 10, 6, 8], "rotation": 270, "texture": "#1"}
			}
		},
		{
			"from": [17.53076, 25.80227, 13],
			"to": [16.03076, 24.30227, 11.5],
			"shade": false,
			"rotation": {"angle": 22.5, "axis": "z", "origin": [1, 14, 8.5]},
			"faces": {
				"north": {"uv": [6, 10, 8, 8], "rotation": 90, "texture": "#1"},
				"east": {"uv": [6, 10, 8, 8], "rotation": 270, "texture": "#1"},
				"south": {"uv": [6, 10, 8, 8], "rotation": 270, "texture": "#1"},
				"west": {"uv": [6, 10, 8, 8], "rotation": 270, "texture": "#1"},
				"up": {"uv": [6, 10, 8, 8], "rotation": 270, "texture": "#1"},
				"down": {"uv": [6, 10, 8, 8], "rotation": 270, "texture": "#1"}
			}
		},
		{
			"from": [10.35, 30.35, 11.75],
			"to": [11.35, 31.35, 12.75],
			"shade": false,
			"rotation": {"angle": 0, "axis": "y", "origin": [1, 14, 8.5]},
			"faces": {
				"north": {"uv": [6, 6, 4, 8], "texture": "#1"},
				"east": {"uv": [6, 6, 4, 8], "texture": "#1"},
				"south": {"uv": [6, 6, 4, 8], "texture": "#1"},
				"west": {"uv": [6, 6, 4, 8], "texture": "#1"},
				"up": {"uv": [6, 6, 4, 8], "texture": "#1"},
				"down": {"uv": [6, 6, 4, 8], "texture": "#1"}
			}
		},
		{
			"from": [11.6, 31.6, 13],
			"to": [10.1, 30.1, 11.5],
			"shade": false,
			"rotation": {"angle": 0, "axis": "y", "origin": [1, 14, 8.5]},
			"faces": {
				"north": {"uv": [8, 6, 6, 8], "texture": "#1"},
				"east": {"uv": [8, 6, 6, 8], "texture": "#1"},
				"south": {"uv": [8, 6, 6, 8], "texture": "#1"},
				"west": {"uv": [8, 6, 6, 8], "texture": "#1"},
				"up": {"uv": [8, 6, 6, 8], "texture": "#1"},
				"down": {"uv": [8, 6, 6, 8], "texture": "#1"}
			}
		},
		{
			"from": [16.68935, 26.11051, 11.9],
			"to": [17.38935, 26.81051, 12.6],
			"shade": false,
			"rotation": {"angle": 22.5, "axis": "z", "origin": [1, 14, 8.5]},
			"faces": {
				"north": {"uv": [6, 4, 4, 6], "texture": "#1"},
				"east": {"uv": [6, 4, 4, 6], "texture": "#1"},
				"south": {"uv": [6, 4, 4, 6], "texture": "#1"},
				"west": {"uv": [6, 4, 4, 6], "texture": "#1"},
				"up": {"uv": [6, 4, 4, 6], "texture": "#1"},
				"down": {"uv": [6, 4, 4, 6], "texture": "#1"}
			}
		},
		{
			"from": [17.68935, 27.11051, 12.9],
			"to": [16.38935, 25.81051, 11.6],
			"shade": false,
			"rotation": {"angle": 22.5, "axis": "z", "origin": [1, 14, 8.5]},
			"faces": {
				"north": {"uv": [8, 4, 6, 6], "texture": "#1"},
				"east": {"uv": [8, 4, 6, 6], "texture": "#1"},
				"south": {"uv": [8, 4, 6, 6], "texture": "#1"},
				"west": {"uv": [8, 4, 6, 6], "texture": "#1"},
				"up": {"uv": [8, 4, 6, 6], "texture": "#1"},
				"down": {"uv": [8, 4, 6, 6], "texture": "#1"}
			}
		},
		{
			"from": [11, 31.95, 11.95],
			"to": [11.6, 32.55, 12.55],
			"shade": false,
			"rotation": {"angle": 0, "axis": "y", "origin": [1, 14, 8.5]},
			"faces": {
				"north": {"uv": [6, 2, 4, 4], "texture": "#1"},
				"east": {"uv": [6, 2, 4, 4], "texture": "#1"},
				"south": {"uv": [6, 2, 4, 4], "texture": "#1"},
				"west": {"uv": [6, 2, 4, 4], "texture": "#1"},
				"up": {"uv": [6, 2, 4, 4], "texture": "#1"},
				"down": {"uv": [6, 2, 4, 4], "texture": "#1"}
			}
		},
		{
			"from": [11.85, 32.8, 12.8],
			"to": [10.75, 31.7, 11.7],
			"shade": false,
			"rotation": {"angle": 0, "axis": "y", "origin": [1, 14, 8.5]},
			"faces": {
				"north": {"uv": [8, 2, 6, 4], "texture": "#1"},
				"east": {"uv": [8, 2, 6, 4], "texture": "#1"},
				"south": {"uv": [8, 2, 6, 4], "texture": "#1"},
				"west": {"uv": [8, 2, 6, 4], "texture": "#1"},
				"up": {"uv": [8, 2, 6, 4], "texture": "#1"},
				"down": {"uv": [8, 2, 6, 4], "texture": "#1"}
			}
		}
	],
	"groups": [
		0,
		1,
		2,
		3,
		4,
		5,
		6,
		7,
		8,
		9,
		10,
		11,
		12,
		13,
		14,
		{
			"name": "crystal",
			"origin": [4.42183, 75.17614, -10.14],
			"color": 0,
			"children": [15, 16, 17, 18, 19, 20, 21, 22, 23]
		},
		{
			"name": "particles",
			"origin": [8, 8, 8],
			"color": 0,
			"children": [
				{
					"name": "particles1",
					"origin": [0, 0, 0],
					"color": 0,
					"children": [
						{
							"name": "particle1",
							"origin": [0, 0, 0],
							"color": 0,
							"children": [24, 25]
						},
						{
							"name": "particle2",
							"origin": [0, 0, 0],
							"color": 0,
							"children": [26, 27]
						},
						{
							"name": "particle3",
							"origin": [0, 0, 0],
							"color": 0,
							"children": [28, 29]
						},
						{
							"name": "particle4",
							"origin": [0, 0, 0],
							"color": 0,
							"children": [30, 31]
						},
						{
							"name": "particle5",
							"origin": [0, 0, 0],
							"color": 0,
							"children": [32, 33]
						},
						{
							"name": "particle6",
							"origin": [0, 0, 0],
							"color": 0,
							"children": [34, 35]
						},
						{
							"name": "particle7",
							"origin": [0, 0, 0],
							"color": 0,
							"children": [36, 37]
						}
					]
				},
				{
					"name": "particles2",
					"origin": [0, 0, 0],
					"color": 0,
					"children": [
						{
							"name": "particle1",
							"origin": [0, 0, 0],
							"color": 0,
							"children": [38, 39]
						},
						{
							"name": "particle2",
							"origin": [0, 0, 0],
							"color": 0,
							"children": [40, 41]
						},
						{
							"name": "particle3",
							"origin": [0, 0, 0],
							"color": 0,
							"children": [42, 43]
						},
						{
							"name": "particle4",
							"origin": [0, 0, 0],
							"color": 0,
							"children": [44, 45]
						},
						{
							"name": "particle5",
							"origin": [0, 0, 0],
							"color": 0,
							"children": [46, 47]
						},
						{
							"name": "particle6",
							"origin": [0, 0, 0],
							"color": 0,
							"children": [48, 49]
						},
						{
							"name": "particle7",
							"origin": [0, 0, 0],
							"color": 0,
							"children": [50, 51]
						}
					]
				},
				{
					"name": "particles3",
					"origin": [0, 0, 0],
					"color": 0,
					"children": [
						{
							"name": "particle1",
							"origin": [0, 0, 0],
							"color": 0,
							"children": [52, 53]
						},
						{
							"name": "particle2",
							"origin": [0, 0, 0],
							"color": 0,
							"children": [54, 55]
						},
						{
							"name": "particle3",
							"origin": [0, 0, 0],
							"color": 0,
							"children": [56, 57]
						},
						{
							"name": "particle4",
							"origin": [0, 0, 0],
							"color": 0,
							"children": [58, 59]
						},
						{
							"name": "particle5",
							"origin": [0, 0, 0],
							"color": 0,
							"children": [60, 61]
						},
						{
							"name": "particle6",
							"origin": [0, 0, 0],
							"color": 0,
							"children": [62, 63]
						},
						{
							"name": "particle7",
							"origin": [0, 0, 0],
							"color": 0,
							"children": [64, 65]
						}
					]
				},
				{
					"name": "particles4",
					"origin": [0, 0, 0],
					"color": 0,
					"children": [
						{
							"name": "particle1",
							"origin": [0, 0, 0],
							"color": 0,
							"children": [66, 67]
						},
						{
							"name": "particle2",
							"origin": [0, 0, 0],
							"color": 0,
							"children": [68, 69]
						},
						{
							"name": "particle3",
							"origin": [0, 0, 0],
							"color": 0,
							"children": [70, 71]
						},
						{
							"name": "particle4",
							"origin": [0, 0, 0],
							"color": 0,
							"children": [72, 73]
						},
						{
							"name": "particle5",
							"origin": [0, 0, 0],
							"color": 0,
							"children": [74, 75]
						},
						{
							"name": "particle6",
							"origin": [0, 0, 0],
							"color": 0,
							"children": [76, 77]
						},
						{
							"name": "particle7",
							"origin": [0, 0, 0],
							"color": 0,
							"children": [78, 79]
						}
					]
				},
				{
					"name": "particles5",
					"origin": [0, 0, 0],
					"color": 0,
					"children": [
						{
							"name": "particle1",
							"origin": [0, 0, 0],
							"color": 0,
							"children": [80, 81]
						},
						{
							"name": "particle2",
							"origin": [0, 0, 0],
							"color": 0,
							"children": [82, 83]
						},
						{
							"name": "particle3",
							"origin": [0, 0, 0],
							"color": 0,
							"children": [84, 85]
						},
						{
							"name": "particle4",
							"origin": [0, 0, 0],
							"color": 0,
							"children": [86, 87]
						},
						{
							"name": "particle5",
							"origin": [0, 0, 0],
							"color": 0,
							"children": [88, 89]
						},
						{
							"name": "particle6",
							"origin": [0, 0, 0],
							"color": 0,
							"children": [90, 91]
						},
						{
							"name": "particle7",
							"origin": [0, 0, 0],
							"color": 0,
							"children": [92, 93]
						}
					]
				},
				{
					"name": "particles6",
					"origin": [0, 0, 0],
					"color": 0,
					"children": [
						{
							"name": "particle1",
							"origin": [0, 0, 0],
							"color": 0,
							"children": [94, 95]
						},
						{
							"name": "particle2",
							"origin": [0, 0, 0],
							"color": 0,
							"children": [96, 97]
						},
						{
							"name": "particle3",
							"origin": [0, 0, 0],
							"color": 0,
							"children": [98, 99]
						},
						{
							"name": "particle4",
							"origin": [0, 0, 0],
							"color": 0,
							"children": [100, 101]
						},
						{
							"name": "particle5",
							"origin": [0, 0, 0],
							"color": 0,
							"children": [102, 103]
						},
						{
							"name": "particle6",
							"origin": [0, 0, 0],
							"color": 0,
							"children": [104, 105]
						},
						{
							"name": "particle7",
							"origin": [0, 0, 0],
							"color": 0,
							"children": [106, 107]
						}
					]
				}
			]
		}
	]
}