{
	"credit": "by w11shes",
	"textures": {
		"0": "item/dragon/dragonborn_key",
		"particle": "item/dragon/dragonborn_key"
	},
	"elements": [
		{
			"from": [1, 10.51893, 6.48],
			"to": [3.82843, 13.34736, 9.52],
			"rotation": {"angle": -45, "axis": "z", "origin": [6, 5.51893, 8]},
			"faces": {
				"north": {"uv": [7, 8, 10, 11], "texture": "#0"},
				"south": {"uv": [10, 8, 7, 11], "texture": "#0"},
				"west": {"uv": [10, 0, 13, 3], "texture": "#0"},
				"up": {"uv": [13, 6, 10, 3], "texture": "#0"}
			}
		},
		{
			"from": [1, 10.51893, 7.48],
			"to": [3.82843, 13.34736, 8.52],
			"rotation": {"angle": -45, "axis": "z", "origin": [6, 5.51893, 8]},
			"faces": {
				"north": {"uv": [13, 9, 16, 12], "texture": "#0"},
				"south": {"uv": [16, 9, 13, 12], "texture": "#0"}
			}
		},
		{
			"from": [13.8284, 17.48947, 9.52],
			"to": [11, 14.66107, 6.48],
			"rotation": {"angle": -45, "axis": "z", "origin": [6, 19.66107, 4.96]},
			"faces": {
				"north": {"uv": [10, 11, 7, 8], "texture": "#0"},
				"east": {"uv": [10, 3, 13, 0], "texture": "#0"},
				"south": {"uv": [7, 11, 10, 8], "texture": "#0"},
				"down": {"uv": [10, 6, 13, 3], "texture": "#0"}
			}
		},
		{
			"from": [6, 8.59, 6.5],
			"to": [10, 12.59, 9.5],
			"rotation": {"angle": 0, "axis": "y", "origin": [0, 0.59, 0]},
			"faces": {
				"north": {"uv": [3, 0, 7, 4], "texture": "#0"},
				"east": {"uv": [7, 0, 10, 4], "texture": "#0"},
				"south": {"uv": [3, 0, 7, 4], "texture": "#0"},
				"west": {"uv": [7, 4, 10, 8], "texture": "#0"}
			}
		},
		{
			"from": [6, 8.59, 7.5],
			"to": [10, 12.59, 8.5],
			"rotation": {"angle": 0, "axis": "y", "origin": [0, 0.59, 0]},
			"faces": {
				"north": {"uv": [12, 12, 16, 16], "texture": "#0"},
				"south": {"uv": [12, 12, 16, 16], "texture": "#0"}
			}
		},
		{
			"from": [10, 12.59, 9.5],
			"to": [6, 8.59, 6.5],
			"rotation": {"angle": 0, "axis": "y", "origin": [12, 16.59, 13]},
			"faces": {
				"north": {"uv": [3, 4, 7, 0], "texture": "#0"},
				"east": {"uv": [7, 8, 10, 4], "texture": "#0"},
				"south": {"uv": [3, 4, 7, 0], "texture": "#0"},
				"west": {"uv": [7, 4, 10, 0], "texture": "#0"}
			}
		},
		{
			"from": [3, 9.59, 7.5],
			"to": [6, 15.59, 7.55],
			"rotation": {"angle": 0, "axis": "y", "origin": [-4, 1.59, 0]},
			"faces": {
				"north": {"uv": [0, 0, 3, 6], "texture": "#0"},
				"south": {"uv": [3, 0, 0, 6], "texture": "#0"}
			}
		},
		{
			"from": [10, 9.59, 7.5],
			"to": [13, 15.59, 7.55],
			"rotation": {"angle": 0, "axis": "y", "origin": [20, 1.59, 0]},
			"faces": {
				"north": {"uv": [3, 0, 0, 6], "texture": "#0"},
				"south": {"uv": [0, 0, 3, 6], "texture": "#0"}
			}
		},
		{
			"from": [6, 5.76157, 6.48],
			"to": [8.82843, 8.59, 9.52],
			"rotation": {"angle": 45, "axis": "z", "origin": [6, 8.59, 8]},
			"faces": {
				"north": {"uv": [10, 6, 13, 9], "texture": "#0"},
				"south": {"uv": [13, 6, 10, 9], "texture": "#0"},
				"west": {"uv": [10, 9, 13, 12], "texture": "#0"},
				"down": {"uv": [3, 11, 0, 14], "texture": "#0"}
			}
		},
		{
			"from": [6, 5.76157, 7.48],
			"to": [8.82843, 8.59, 8.52],
			"rotation": {"angle": 45, "axis": "z", "origin": [6, 8.59, 8]},
			"faces": {
				"north": {"uv": [13, 6, 16, 9], "texture": "#0"},
				"south": {"uv": [16, 6, 13, 9], "texture": "#0"}
			}
		},
		{
			"from": [12.82838, 10.24685, 9.52],
			"to": [9.99998, 7.41845, 6.48],
			"rotation": {"angle": 45, "axis": "z", "origin": [9.99998, 4.59002, 4.96]},
			"faces": {
				"north": {"uv": [13, 9, 10, 6], "texture": "#0"},
				"east": {"uv": [10, 12, 13, 9], "texture": "#0"},
				"south": {"uv": [10, 9, 13, 6], "texture": "#0"},
				"up": {"uv": [0, 11, 3, 14], "texture": "#0"}
			}
		},
		{
			"from": [7, 0, 7],
			"to": [9, 8, 9],
			"rotation": {"angle": 45, "axis": "y", "origin": [8, 4, 8]},
			"faces": {
				"north": {"uv": [3, 4, 5, 12], "texture": "#0"},
				"east": {"uv": [5, 4, 7, 12], "texture": "#0"},
				"south": {"uv": [7, 4, 5, 12], "texture": "#0"},
				"west": {"uv": [5, 4, 3, 12], "texture": "#0"},
				"down": {"uv": [9, 11, 7, 13], "texture": "#0"}
			}
		},
		{
			"from": [9.41421, 0, 7.999],
			"to": [12.41421, 5, 8.049],
			"rotation": {"angle": 0, "axis": "y", "origin": [-0.58579, 1, -0.001]},
			"faces": {
				"north": {"uv": [0, 6, 3, 11], "texture": "#0"},
				"south": {"uv": [3, 6, 0, 11], "texture": "#0"}
			}
		}
	]
}