{
	"credit": "by w11shes",
	"texture_size": [64, 64],
	"textures": {
		"0": "item/dragon/dragonborn_hammer",
		"1": "item/dragon/dragonborn_particle",
		"particle": "item/dragon/dragonborn_hammer"
	},
	"elements": [
		{
			"from": [6.5, 6.7, 6.5],
			"to": [9.5, 12.7, 9.5],
			"rotation": {"angle": 0, "axis": "y", "origin": [8, 9.7, 8]},
			"faces": {
				"north": {"uv": [1.5, 5, 2.25, 6.5], "texture": "#0"},
				"east": {"uv": [1.5, 5, 2.25, 6.5], "texture": "#0"},
				"south": {"uv": [1.5, 5, 2.25, 6.5], "texture": "#0"},
				"west": {"uv": [1.5, 5, 2.25, 6.5], "texture": "#0"},
				"down": {"uv": [9, 3, 8.25, 3.75], "texture": "#0"}
			}
		},
		{
			"from": [7, -5.3, 7],
			"to": [9, 6.7, 9],
			"rotation": {"angle": -45, "axis": "y", "origin": [8, -1, 8]},
			"faces": {
				"north": {"uv": [7, 5.25, 7.5, 8.25], "texture": "#0"},
				"east": {"uv": [7.5, 5.25, 7, 8.25], "texture": "#0"},
				"south": {"uv": [7, 5.25, 7.5, 8.25], "texture": "#0"},
				"west": {"uv": [7.5, 5.25, 7, 8.25], "texture": "#0"}
			}
		},
		{
			"from": [6, -8.5, 6],
			"to": [10, -4.5, 10],
			"rotation": {"angle": -45, "axis": "z", "origin": [8, -6.5, 8]},
			"faces": {
				"north": {"uv": [7.25, 3.5, 8.25, 4.5], "texture": "#0"},
				"east": {"uv": [7.5, 4.5, 8.5, 5.5], "texture": "#0"},
				"south": {"uv": [8.25, 3.5, 7.25, 4.5], "texture": "#0"},
				"west": {"uv": [7.5, 5.5, 8.5, 6.5], "texture": "#0"},
				"up": {"uv": [8.5, 7.5, 7.5, 6.5], "texture": "#0"},
				"down": {"uv": [8.5, 7.5, 7.5, 8.5], "texture": "#0"}
			}
		},
		{
			"from": [3.5, -14.8, 8],
			"to": [10.5, -6.8, 8.05],
			"rotation": {"angle": 0, "axis": "y", "origin": [0, -6, 0]},
			"faces": {
				"north": {"uv": [10.25, 4.5, 8.5, 6.5], "texture": "#0"},
				"south": {"uv": [8.5, 4.5, 10.25, 6.5], "texture": "#0"}
			}
		},
		{
			"from": [5.5, -11.8, 7.5],
			"to": [10.5, -6.8, 8.5],
			"rotation": {"angle": 0, "axis": "y", "origin": [16, -6, 0]},
			"faces": {
				"north": {"uv": [10.25, 4.5, 9, 5.75], "texture": "#0"},
				"east": {"uv": [10.25, 4.5, 10, 5.75], "texture": "#0"},
				"south": {"uv": [9, 4.5, 10.25, 5.75], "texture": "#0"},
				"west": {"uv": [9.25, 4.5, 9, 5.75], "texture": "#0"},
				"down": {"uv": [9, 5.5, 10.25, 5.75], "texture": "#0"}
			}
		},
		{
			"from": [6.32843, 11.5, 4.48],
			"to": [9.86396, 15.03553, 11.52],
			"rotation": {"angle": -45, "axis": "z", "origin": [8.32843, 13.5, 8.5]},
			"faces": {
				"north": {"uv": [7.75, 0, 8.75, 1], "texture": "#0"},
				"east": {"uv": [6.5, 1.5, 8.25, 2.5], "texture": "#0"},
				"south": {"uv": [8.75, 0, 7.75, 1], "texture": "#0"},
				"down": {"uv": [3.5, 6.75, 2.5, 8.5], "texture": "#0"}
			}
		},
		{
			"from": [6.32843, 11.5, 5.48],
			"to": [9.86396, 15.03553, 10.52],
			"rotation": {"angle": -45, "axis": "z", "origin": [8.32843, 13.5, 8.5]},
			"faces": {
				"north": {"uv": [9, 2.75, 10, 3.75], "texture": "#0"},
				"south": {"uv": [10, 2.75, 9, 3.75], "texture": "#0"}
			}
		},
		{
			"from": [8.2071, 19.03548, 11.52],
			"to": [4.6716, 15.49998, 4.48],
			"rotation": {"angle": -45, "axis": "z", "origin": [2.6716, 13.49998, -10.54]},
			"faces": {
				"north": {"uv": [8.75, 1, 7.75, 0], "texture": "#0"},
				"south": {"uv": [7.75, 1, 8.75, 0], "texture": "#0"},
				"west": {"uv": [6.5, 2.5, 8.25, 1.5], "texture": "#0"},
				"up": {"uv": [2.5, 6.75, 3.5, 8.5], "texture": "#0"}
			}
		},
		{
			"from": [5.5, 13.5, 4.5],
			"to": [10.5, 20.5, 11.5],
			"rotation": {"angle": 0, "axis": "y", "origin": [0, 2.5, 0.5]},
			"faces": {
				"north": {"uv": [6, 3.5, 7.25, 5.25], "texture": "#0"},
				"east": {"uv": [4.25, 3.5, 6, 5.25], "texture": "#0"},
				"south": {"uv": [6, 3.5, 7.25, 5.25], "texture": "#0"},
				"west": {"uv": [2.25, 5, 4, 6.75], "texture": "#0"}
			}
		},
		{
			"from": [5.5, 13.5, 5.5],
			"to": [10.5, 20.5, 10.5],
			"rotation": {"angle": 0, "axis": "y", "origin": [0, 2.5, 0.5]},
			"faces": {
				"north": {"uv": [9, 0, 10.25, 1.75], "texture": "#0"},
				"south": {"uv": [9, 0, 10.25, 1.75], "texture": "#0"}
			}
		},
		{
			"from": [10.5, 20.5, 11.5],
			"to": [5.5, 13.5, 4.5],
			"rotation": {"angle": 0, "axis": "y", "origin": [11, 24.5, -5.5]},
			"faces": {
				"north": {"uv": [6, 5.25, 7.25, 3.5], "texture": "#0"},
				"east": {"uv": [2.25, 6.75, 4, 5], "texture": "#0"},
				"south": {"uv": [6, 5.25, 7.25, 3.5], "texture": "#0"},
				"west": {"uv": [4.25, 5.25, 6, 3.5], "texture": "#0"}
			}
		},
		{
			"from": [2.5, 14.5, 5.5],
			"to": [5.5, 19.5, 10.5],
			"rotation": {"angle": 0, "axis": "y", "origin": [0, 2.5, 0.5]},
			"faces": {
				"north": {"uv": [4.5, 8, 5.25, 9.25], "texture": "#0"},
				"south": {"uv": [5.25, 8, 4.5, 9.25], "texture": "#0"},
				"west": {"uv": [5.75, 6.75, 7, 8], "texture": "#0"},
				"up": {"uv": [6, 9.25, 5.25, 8], "texture": "#0"},
				"down": {"uv": [6.75, 8, 6, 9.25], "texture": "#0"}
			}
		},
		{
			"from": [-6.5, 14.5, 8],
			"to": [2.5, 24.5, 8.05],
			"rotation": {"angle": 0, "axis": "y", "origin": [0, 2.5, 0.5]},
			"faces": {
				"north": {"uv": [0, 2.5, 2.25, 5], "texture": "#0"},
				"south": {"uv": [2.25, 2.5, 0, 5], "texture": "#0"}
			}
		},
		{
			"from": [10.5, 14.5, 5.5],
			"to": [13.5, 19.5, 10.5],
			"rotation": {"angle": 0, "axis": "y", "origin": [16, 2.5, 0.5]},
			"faces": {
				"north": {"uv": [0, 8.25, 0.75, 9.5], "texture": "#0"},
				"south": {"uv": [0.75, 8.25, 0, 9.5], "texture": "#0"},
				"up": {"uv": [9, 2.25, 8.25, 1], "texture": "#0"},
				"down": {"uv": [3, 8.5, 2.25, 9.75], "texture": "#0"}
			}
		},
		{
			"from": [13.5, 13.5, 3.5],
			"to": [18.5, 20.5, 12.5],
			"rotation": {"angle": 0, "axis": "y", "origin": [16, 2.5, 0.5]},
			"faces": {
				"north": {"uv": [0, 6.5, 1.25, 8.25], "texture": "#0"},
				"east": {"uv": [2.75, 0, 5, 1.75], "texture": "#0"},
				"south": {"uv": [1.25, 6.5, 0, 8.25], "texture": "#0"},
				"west": {"uv": [4.25, 1.75, 6.5, 3.5], "texture": "#0"}
			}
		},
		{
			"from": [13.48, 20.5, 6.13604],
			"to": [18.52, 26.86396, 12.5],
			"rotation": {"angle": -45, "axis": "x", "origin": [13.5, 20.5, 12.5]},
			"faces": {
				"east": {"uv": [0, 5, 1.5, 6.5], "texture": "#0"},
				"south": {"uv": [7.75, 0, 6.5, 1.5], "texture": "#0"},
				"west": {"uv": [5, 0, 6.5, 1.5], "texture": "#0"},
				"up": {"uv": [7.75, 1.5, 6.5, 0], "texture": "#0"}
			}
		},
		{
			"from": [13.48, 7.13604, 6.13604],
			"to": [18.52, 13.5, 12.5],
			"rotation": {"angle": 45, "axis": "x", "origin": [13.5, 13.5, 12.5]},
			"faces": {
				"east": {"uv": [4, 5.25, 5.5, 6.75], "texture": "#0"},
				"south": {"uv": [2.5, 8.25, 1.25, 6.75], "texture": "#0"},
				"west": {"uv": [5.5, 5.25, 7, 6.75], "texture": "#0"},
				"down": {"uv": [2.5, 6.75, 1.25, 8.25], "texture": "#0"}
			}
		},
		{
			"from": [6.32843, 18.96447, 4.48],
			"to": [9.86396, 22.5, 11.52],
			"rotation": {"angle": 45, "axis": "z", "origin": [8.32843, 20.5, 8.5]},
			"faces": {
				"north": {"uv": [1.25, 8.25, 2.25, 9.25], "texture": "#0"},
				"east": {"uv": [6.5, 2.5, 8.25, 3.5], "texture": "#0"},
				"south": {"uv": [2.25, 8.25, 1.25, 9.25], "texture": "#0"},
				"up": {"uv": [4.5, 8.5, 3.5, 6.75], "texture": "#0"}
			}
		},
		{
			"from": [6.32843, 18.96447, 5.48],
			"to": [9.86396, 22.5, 10.52],
			"rotation": {"angle": 45, "axis": "z", "origin": [8.32843, 20.5, 8.5]},
			"faces": {
				"north": {"uv": [9, 1.75, 10, 2.75], "texture": "#0"},
				"south": {"uv": [10, 1.75, 9, 2.75], "texture": "#0"}
			}
		},
		{
			"from": [13.20707, 20.57108, 11.52],
			"to": [9.67157, 17.03558, 4.48],
			"rotation": {"angle": 45, "axis": "z", "origin": [7.67157, 15.50005, -13.54]},
			"faces": {
				"north": {"uv": [2.25, 9.25, 1.25, 8.25], "texture": "#0"},
				"south": {"uv": [1.25, 9.25, 2.25, 8.25], "texture": "#0"},
				"west": {"uv": [6.5, 3.5, 8.25, 2.5], "texture": "#0"},
				"down": {"uv": [3.5, 8.5, 4.5, 6.75], "texture": "#0"}
			}
		},
		{
			"from": [6.5, 21.5, 6.5],
			"to": [9.5, 24.5, 9.5],
			"rotation": {"angle": 0, "axis": "y", "origin": [8.5, 15.8, 8.5]},
			"faces": {
				"north": {"uv": [8.25, 3.75, 9, 4.5], "texture": "#0"},
				"east": {"uv": [8.25, 3.75, 9, 4.5], "texture": "#0"},
				"south": {"uv": [8.25, 3.75, 9, 4.5], "texture": "#0"},
				"west": {"uv": [8.25, 3.75, 9, 4.5], "texture": "#0"},
				"up": {"uv": [9, 3, 8.25, 2.25], "texture": "#0"}
			}
		},
		{
			"from": [2.5, 22.5, 8],
			"to": [13.5, 31.5, 8.05],
			"rotation": {"angle": 0, "axis": "y", "origin": [8.5, 17.8, 8]},
			"faces": {
				"north": {"uv": [0, 0, 2.75, 2.25], "texture": "#0"},
				"south": {"uv": [2.75, 0, 0, 2.25], "texture": "#0"}
			}
		},
		{
			"from": [-3.5, 12.5, 5.5],
			"to": [4.5, 23.5, 5.55],
			"rotation": {"angle": -22.5, "axis": "y", "origin": [2.5, 14.5, 5.5]},
			"faces": {
				"north": {"uv": [2.25, 2.25, 4.25, 5], "texture": "#0"},
				"south": {"uv": [4.25, 2.25, 2.25, 5], "texture": "#0"}
			}
		},
		{
			"from": [-3.5, 12.5, 10.45],
			"to": [4.5, 23.5, 10.5],
			"rotation": {"angle": 22.5, "axis": "y", "origin": [2.5, 14.5, 10.5]},
			"faces": {
				"north": {"uv": [2.25, 2.25, 4.25, 5], "texture": "#0"},
				"south": {"uv": [4.25, 2.25, 2.25, 5], "texture": "#0"}
			}
		},
		{
			"from": [-1.5, 16.5, 7.5],
			"to": [2.5, 19.5, 8.5],
			"rotation": {"angle": 0, "axis": "y", "origin": [0, -6, 0]},
			"faces": {
				"north": {"uv": [0, 3.75, 1, 4.5], "texture": "#0"},
				"south": {"uv": [1, 3.75, 0, 4.5], "texture": "#0"},
				"west": {"uv": [0.75, 3.75, 1, 4.5], "texture": "#0"},
				"up": {"uv": [1, 3.75, 0, 4], "texture": "#0"},
				"down": {"uv": [0, 4.25, 1, 4.5], "texture": "#0"}
			}
		},
		{
			"from": [5.55, 12.95, 2.45],
			"to": [6.15, 13.55, 3.05],
			"shade": false,
			"rotation": {"angle": 0, "axis": "y", "origin": [0, 1, -1]},
			"faces": {
				"north": {"uv": [0, 14, 2, 16], "texture": "#1"},
				"east": {"uv": [0, 14, 2, 16], "texture": "#1"},
				"south": {"uv": [0, 14, 2, 16], "texture": "#1"},
				"west": {"uv": [0, 14, 2, 16], "texture": "#1"},
				"up": {"uv": [0, 14, 2, 16], "texture": "#1"},
				"down": {"uv": [0, 14, 2, 16], "texture": "#1"}
			}
		},
		{
			"from": [6.4, 13.8, 3.3],
			"to": [5.3, 12.7, 2.2],
			"shade": false,
			"rotation": {"angle": 0, "axis": "y", "origin": [0, 1, -1]},
			"faces": {
				"north": {"uv": [2, 14, 4, 16], "texture": "#1"},
				"east": {"uv": [2, 14, 4, 16], "texture": "#1"},
				"south": {"uv": [2, 14, 4, 16], "texture": "#1"},
				"west": {"uv": [2, 14, 4, 16], "texture": "#1"},
				"up": {"uv": [2, 14, 4, 16], "texture": "#1"},
				"down": {"uv": [2, 14, 4, 16], "texture": "#1"}
			}
		},
		{
			"from": [9.56436, 10.34384, 2.4],
			"to": [10.26436, 11.04384, 3.1],
			"shade": false,
			"rotation": {"angle": 22.5, "axis": "z", "origin": [0, 1, -1]},
			"faces": {
				"north": {"uv": [0, 12, 2, 14], "texture": "#1"},
				"east": {"uv": [0, 12, 2, 14], "texture": "#1"},
				"south": {"uv": [0, 12, 2, 14], "texture": "#1"},
				"west": {"uv": [0, 12, 2, 14], "texture": "#1"},
				"up": {"uv": [0, 12, 2, 14], "texture": "#1"},
				"down": {"uv": [0, 12, 2, 14], "texture": "#1"}
			}
		},
		{
			"from": [10.56436, 11.34384, 3.4],
			"to": [9.26436, 10.04384, 2.1],
			"shade": false,
			"rotation": {"angle": 22.5, "axis": "z", "origin": [0, 1, -1]},
			"faces": {
				"north": {"uv": [2, 12, 4, 14], "texture": "#1"},
				"east": {"uv": [2, 12, 4, 14], "texture": "#1"},
				"south": {"uv": [2, 12, 4, 14], "texture": "#1"},
				"west": {"uv": [2, 12, 4, 14], "texture": "#1"},
				"up": {"uv": [2, 12, 4, 14], "texture": "#1"},
				"down": {"uv": [2, 12, 4, 14], "texture": "#1"}
			}
		},
		{
			"from": [12.65219, 6.51041, 2.25],
			"to": [13.65219, 7.51041, 3.25],
			"shade": false,
			"rotation": {"angle": 45, "axis": "z", "origin": [0, 1, -1]},
			"faces": {
				"north": {"uv": [0, 10, 2, 12], "texture": "#1"},
				"east": {"uv": [0, 10, 2, 12], "texture": "#1"},
				"south": {"uv": [0, 10, 2, 12], "texture": "#1"},
				"west": {"uv": [0, 10, 2, 12], "texture": "#1"},
				"up": {"uv": [0, 10, 2, 12], "texture": "#1"},
				"down": {"uv": [0, 10, 2, 12], "texture": "#1"}
			}
		},
		{
			"from": [13.90219, 7.76041, 3.5],
			"to": [12.40219, 6.26041, 2],
			"shade": false,
			"rotation": {"angle": 45, "axis": "z", "origin": [0, 1, -1]},
			"faces": {
				"north": {"uv": [2, 10, 4, 12], "texture": "#1"},
				"east": {"uv": [2, 10, 4, 12], "texture": "#1"},
				"south": {"uv": [2, 10, 4, 12], "texture": "#1"},
				"west": {"uv": [2, 10, 4, 12], "texture": "#1"},
				"up": {"uv": [2, 10, 4, 12], "texture": "#1"},
				"down": {"uv": [2, 10, 4, 12], "texture": "#1"}
			}
		},
		{
			"from": [-0.73332, 15.82744, 2.25],
			"to": [0.26668, 16.82744, 3.25],
			"shade": false,
			"rotation": {"angle": -22.5, "axis": "z", "origin": [0, 1, -1]},
			"faces": {
				"north": {"uv": [0, 8, 2, 10], "rotation": 90, "texture": "#1"},
				"east": {"uv": [0, 8, 2, 10], "rotation": 270, "texture": "#1"},
				"south": {"uv": [0, 8, 2, 10], "rotation": 270, "texture": "#1"},
				"west": {"uv": [0, 8, 2, 10], "rotation": 270, "texture": "#1"},
				"up": {"uv": [0, 8, 2, 10], "rotation": 270, "texture": "#1"},
				"down": {"uv": [0, 8, 2, 10], "rotation": 270, "texture": "#1"}
			}
		},
		{
			"from": [0.51668, 17.07744, 3.5],
			"to": [-0.98332, 15.57744, 2],
			"shade": false,
			"rotation": {"angle": -22.5, "axis": "z", "origin": [0, 1, -1]},
			"faces": {
				"north": {"uv": [2, 8, 4, 10], "rotation": 90, "texture": "#1"},
				"east": {"uv": [2, 8, 4, 10], "rotation": 270, "texture": "#1"},
				"south": {"uv": [2, 8, 4, 10], "rotation": 270, "texture": "#1"},
				"west": {"uv": [2, 8, 4, 10], "rotation": 270, "texture": "#1"},
				"up": {"uv": [2, 8, 4, 10], "rotation": 270, "texture": "#1"},
				"down": {"uv": [2, 8, 4, 10], "rotation": 270, "texture": "#1"}
			}
		},
		{
			"from": [5.65, 15.35, 2.25],
			"to": [6.65, 16.35, 3.25],
			"shade": false,
			"rotation": {"angle": 0, "axis": "y", "origin": [0, 1, -1]},
			"faces": {
				"north": {"uv": [0, 6, 2, 8], "texture": "#1"},
				"east": {"uv": [0, 6, 2, 8], "texture": "#1"},
				"south": {"uv": [0, 6, 2, 8], "texture": "#1"},
				"west": {"uv": [0, 6, 2, 8], "texture": "#1"},
				"up": {"uv": [0, 6, 2, 8], "texture": "#1"},
				"down": {"uv": [0, 6, 2, 8], "texture": "#1"}
			}
		},
		{
			"from": [6.9, 16.6, 3.5],
			"to": [5.4, 15.1, 2],
			"shade": false,
			"rotation": {"angle": 0, "axis": "y", "origin": [0, 1, -1]},
			"faces": {
				"north": {"uv": [2, 6, 4, 8], "texture": "#1"},
				"east": {"uv": [2, 6, 4, 8], "texture": "#1"},
				"south": {"uv": [2, 6, 4, 8], "texture": "#1"},
				"west": {"uv": [2, 6, 4, 8], "texture": "#1"},
				"up": {"uv": [2, 6, 4, 8], "texture": "#1"},
				"down": {"uv": [2, 6, 4, 8], "texture": "#1"}
			}
		},
		{
			"from": [-0.84191, 17.38568, 2.4],
			"to": [-0.14191, 18.08568, 3.1],
			"shade": false,
			"rotation": {"angle": -22.5, "axis": "z", "origin": [0, 1, -1]},
			"faces": {
				"north": {"uv": [0, 4, 2, 6], "texture": "#1"},
				"east": {"uv": [0, 4, 2, 6], "texture": "#1"},
				"south": {"uv": [0, 4, 2, 6], "texture": "#1"},
				"west": {"uv": [0, 4, 2, 6], "texture": "#1"},
				"up": {"uv": [0, 4, 2, 6], "texture": "#1"},
				"down": {"uv": [0, 4, 2, 6], "texture": "#1"}
			}
		},
		{
			"from": [0.15809, 18.38568, 3.4],
			"to": [-1.14191, 17.08568, 2.1],
			"shade": false,
			"rotation": {"angle": -22.5, "axis": "z", "origin": [0, 1, -1]},
			"faces": {
				"north": {"uv": [2, 4, 4, 6], "texture": "#1"},
				"east": {"uv": [2, 4, 4, 6], "texture": "#1"},
				"south": {"uv": [2, 4, 4, 6], "texture": "#1"},
				"west": {"uv": [2, 4, 4, 6], "texture": "#1"},
				"up": {"uv": [2, 4, 4, 6], "texture": "#1"},
				"down": {"uv": [2, 4, 4, 6], "texture": "#1"}
			}
		},
		{
			"from": [5.4, 16.95, 2.45],
			"to": [6, 17.55, 3.05],
			"shade": false,
			"rotation": {"angle": 0, "axis": "y", "origin": [0, 1, -1]},
			"faces": {
				"north": {"uv": [0, 2, 2, 4], "texture": "#1"},
				"east": {"uv": [0, 2, 2, 4], "texture": "#1"},
				"south": {"uv": [0, 2, 2, 4], "texture": "#1"},
				"west": {"uv": [0, 2, 2, 4], "texture": "#1"},
				"up": {"uv": [0, 2, 2, 4], "texture": "#1"},
				"down": {"uv": [0, 2, 2, 4], "texture": "#1"}
			}
		},
		{
			"from": [6.25, 17.8, 3.3],
			"to": [5.15, 16.7, 2.2],
			"shade": false,
			"rotation": {"angle": 0, "axis": "y", "origin": [0, 1, -1]},
			"faces": {
				"north": {"uv": [2, 2, 4, 4], "texture": "#1"},
				"east": {"uv": [2, 2, 4, 4], "texture": "#1"},
				"south": {"uv": [2, 2, 4, 4], "texture": "#1"},
				"west": {"uv": [2, 2, 4, 4], "texture": "#1"},
				"up": {"uv": [2, 2, 4, 4], "texture": "#1"},
				"down": {"uv": [2, 2, 4, 4], "texture": "#1"}
			}
		},
		{
			"from": [9.85, 15.95, 2.45],
			"to": [10.45, 16.55, 3.05],
			"shade": false,
			"rotation": {"angle": 0, "axis": "y", "origin": [0, 2, -1]},
			"faces": {
				"north": {"uv": [6, 14, 4, 16], "texture": "#1"},
				"east": {"uv": [6, 14, 4, 16], "texture": "#1"},
				"south": {"uv": [6, 14, 4, 16], "texture": "#1"},
				"west": {"uv": [6, 14, 4, 16], "texture": "#1"},
				"up": {"uv": [6, 14, 4, 16], "texture": "#1"},
				"down": {"uv": [6, 14, 4, 16], "texture": "#1"}
			}
		},
		{
			"from": [10.7, 16.8, 3.3],
			"to": [9.6, 15.7, 2.2],
			"shade": false,
			"rotation": {"angle": 0, "axis": "y", "origin": [0, 2, -1]},
			"faces": {
				"north": {"uv": [8, 14, 6, 16], "texture": "#1"},
				"east": {"uv": [8, 14, 6, 16], "texture": "#1"},
				"south": {"uv": [8, 14, 6, 16], "texture": "#1"},
				"west": {"uv": [8, 14, 6, 16], "texture": "#1"},
				"up": {"uv": [8, 14, 6, 16], "texture": "#1"},
				"down": {"uv": [8, 14, 6, 16], "texture": "#1"}
			}
		},
		{
			"from": [3.75235, 19.31453, 2.4],
			"to": [4.45235, 20.01453, 3.1],
			"shade": false,
			"rotation": {"angle": -22.5, "axis": "z", "origin": [0, 2, -1]},
			"faces": {
				"north": {"uv": [6, 12, 4, 14], "texture": "#1"},
				"east": {"uv": [6, 12, 4, 14], "texture": "#1"},
				"south": {"uv": [6, 12, 4, 14], "texture": "#1"},
				"west": {"uv": [6, 12, 4, 14], "texture": "#1"},
				"up": {"uv": [6, 12, 4, 14], "texture": "#1"},
				"down": {"uv": [6, 12, 4, 14], "texture": "#1"}
			}
		},
		{
			"from": [4.75235, 20.31453, 3.4],
			"to": [3.45235, 19.01453, 2.1],
			"shade": false,
			"rotation": {"angle": -22.5, "axis": "z", "origin": [0, 2, -1]},
			"faces": {
				"north": {"uv": [8, 12, 6, 14], "texture": "#1"},
				"east": {"uv": [8, 12, 6, 14], "texture": "#1"},
				"south": {"uv": [8, 12, 6, 14], "texture": "#1"},
				"west": {"uv": [8, 12, 6, 14], "texture": "#1"},
				"up": {"uv": [8, 12, 6, 14], "texture": "#1"},
				"down": {"uv": [8, 12, 6, 14], "texture": "#1"}
			}
		},
		{
			"from": [-3.75269, 20.23833, 2.25],
			"to": [-2.75269, 21.23833, 3.25],
			"shade": false,
			"rotation": {"angle": -45, "axis": "z", "origin": [0, 2, -1]},
			"faces": {
				"north": {"uv": [6, 10, 4, 12], "texture": "#1"},
				"east": {"uv": [6, 10, 4, 12], "texture": "#1"},
				"south": {"uv": [6, 10, 4, 12], "texture": "#1"},
				"west": {"uv": [6, 10, 4, 12], "texture": "#1"},
				"up": {"uv": [6, 10, 4, 12], "texture": "#1"},
				"down": {"uv": [6, 10, 4, 12], "texture": "#1"}
			}
		},
		{
			"from": [-2.50269, 21.48833, 3.5],
			"to": [-4.00269, 19.98833, 2],
			"shade": false,
			"rotation": {"angle": -45, "axis": "z", "origin": [0, 2, -1]},
			"faces": {
				"north": {"uv": [8, 10, 6, 12], "texture": "#1"},
				"east": {"uv": [8, 10, 6, 12], "texture": "#1"},
				"south": {"uv": [8, 10, 6, 12], "texture": "#1"},
				"west": {"uv": [8, 10, 6, 12], "texture": "#1"},
				"up": {"uv": [8, 10, 6, 12], "texture": "#1"},
				"down": {"uv": [8, 10, 6, 12], "texture": "#1"}
			}
		},
		{
			"from": [15.28076, 12.55227, 2.25],
			"to": [16.28076, 13.55227, 3.25],
			"shade": false,
			"rotation": {"angle": 22.5, "axis": "z", "origin": [0, 2, -1]},
			"faces": {
				"north": {"uv": [4, 10, 6, 8], "rotation": 90, "texture": "#1"},
				"east": {"uv": [4, 10, 6, 8], "rotation": 270, "texture": "#1"},
				"south": {"uv": [4, 10, 6, 8], "rotation": 270, "texture": "#1"},
				"west": {"uv": [4, 10, 6, 8], "rotation": 270, "texture": "#1"},
				"up": {"uv": [4, 10, 6, 8], "rotation": 270, "texture": "#1"},
				"down": {"uv": [4, 10, 6, 8], "rotation": 270, "texture": "#1"}
			}
		},
		{
			"from": [16.53076, 13.80227, 3.5],
			"to": [15.03076, 12.30227, 2],
			"shade": false,
			"rotation": {"angle": 22.5, "axis": "z", "origin": [0, 2, -1]},
			"faces": {
				"north": {"uv": [6, 10, 8, 8], "rotation": 90, "texture": "#1"},
				"east": {"uv": [6, 10, 8, 8], "rotation": 270, "texture": "#1"},
				"south": {"uv": [6, 10, 8, 8], "rotation": 270, "texture": "#1"},
				"west": {"uv": [6, 10, 8, 8], "rotation": 270, "texture": "#1"},
				"up": {"uv": [6, 10, 8, 8], "rotation": 270, "texture": "#1"},
				"down": {"uv": [6, 10, 8, 8], "rotation": 270, "texture": "#1"}
			}
		},
		{
			"from": [9.35, 18.35, 2.25],
			"to": [10.35, 19.35, 3.25],
			"shade": false,
			"rotation": {"angle": 0, "axis": "y", "origin": [0, 2, -1]},
			"faces": {
				"north": {"uv": [6, 6, 4, 8], "texture": "#1"},
				"east": {"uv": [6, 6, 4, 8], "texture": "#1"},
				"south": {"uv": [6, 6, 4, 8], "texture": "#1"},
				"west": {"uv": [6, 6, 4, 8], "texture": "#1"},
				"up": {"uv": [6, 6, 4, 8], "texture": "#1"},
				"down": {"uv": [6, 6, 4, 8], "texture": "#1"}
			}
		},
		{
			"from": [10.6, 19.6, 3.5],
			"to": [9.1, 18.1, 2],
			"shade": false,
			"rotation": {"angle": 0, "axis": "y", "origin": [0, 2, -1]},
			"faces": {
				"north": {"uv": [8, 6, 6, 8], "texture": "#1"},
				"east": {"uv": [8, 6, 6, 8], "texture": "#1"},
				"south": {"uv": [8, 6, 6, 8], "texture": "#1"},
				"west": {"uv": [8, 6, 6, 8], "texture": "#1"},
				"up": {"uv": [8, 6, 6, 8], "texture": "#1"},
				"down": {"uv": [8, 6, 6, 8], "texture": "#1"}
			}
		},
		{
			"from": [15.68935, 14.11051, 2.4],
			"to": [16.38935, 14.81051, 3.1],
			"shade": false,
			"rotation": {"angle": 22.5, "axis": "z", "origin": [0, 2, -1]},
			"faces": {
				"north": {"uv": [6, 4, 4, 6], "texture": "#1"},
				"east": {"uv": [6, 4, 4, 6], "texture": "#1"},
				"south": {"uv": [6, 4, 4, 6], "texture": "#1"},
				"west": {"uv": [6, 4, 4, 6], "texture": "#1"},
				"up": {"uv": [6, 4, 4, 6], "texture": "#1"},
				"down": {"uv": [6, 4, 4, 6], "texture": "#1"}
			}
		},
		{
			"from": [16.68935, 15.11051, 3.4],
			"to": [15.38935, 13.81051, 2.1],
			"shade": false,
			"rotation": {"angle": 22.5, "axis": "z", "origin": [0, 2, -1]},
			"faces": {
				"north": {"uv": [8, 4, 6, 6], "texture": "#1"},
				"east": {"uv": [8, 4, 6, 6], "texture": "#1"},
				"south": {"uv": [8, 4, 6, 6], "texture": "#1"},
				"west": {"uv": [8, 4, 6, 6], "texture": "#1"},
				"up": {"uv": [8, 4, 6, 6], "texture": "#1"},
				"down": {"uv": [8, 4, 6, 6], "texture": "#1"}
			}
		},
		{
			"from": [10, 19.95, 2.45],
			"to": [10.6, 20.55, 3.05],
			"shade": false,
			"rotation": {"angle": 0, "axis": "y", "origin": [0, 2, -1]},
			"faces": {
				"north": {"uv": [6, 2, 4, 4], "texture": "#1"},
				"east": {"uv": [6, 2, 4, 4], "texture": "#1"},
				"south": {"uv": [6, 2, 4, 4], "texture": "#1"},
				"west": {"uv": [6, 2, 4, 4], "texture": "#1"},
				"up": {"uv": [6, 2, 4, 4], "texture": "#1"},
				"down": {"uv": [6, 2, 4, 4], "texture": "#1"}
			}
		},
		{
			"from": [10.85, 20.8, 3.3],
			"to": [9.75, 19.7, 2.2],
			"shade": false,
			"rotation": {"angle": 0, "axis": "y", "origin": [0, 2, -1]},
			"faces": {
				"north": {"uv": [8, 2, 6, 4], "texture": "#1"},
				"east": {"uv": [8, 2, 6, 4], "texture": "#1"},
				"south": {"uv": [8, 2, 6, 4], "texture": "#1"},
				"west": {"uv": [8, 2, 6, 4], "texture": "#1"},
				"up": {"uv": [8, 2, 6, 4], "texture": "#1"},
				"down": {"uv": [8, 2, 6, 4], "texture": "#1"}
			}
		},
		{
			"from": [6.85, 19.95, 2.45],
			"to": [7.45, 20.55, 3.05],
			"shade": false,
			"rotation": {"angle": 0, "axis": "y", "origin": [-3, 6, -9]},
			"faces": {
				"north": {"uv": [14, 14, 12, 16], "texture": "#1"},
				"east": {"uv": [14, 14, 12, 16], "texture": "#1"},
				"south": {"uv": [14, 14, 12, 16], "texture": "#1"},
				"west": {"uv": [14, 14, 12, 16], "texture": "#1"},
				"up": {"uv": [14, 14, 12, 16], "texture": "#1"},
				"down": {"uv": [14, 14, 12, 16], "texture": "#1"}
			}
		},
		{
			"from": [7.7, 20.8, 3.3],
			"to": [6.6, 19.7, 2.2],
			"shade": false,
			"rotation": {"angle": 0, "axis": "y", "origin": [-3, 6, -9]},
			"faces": {
				"north": {"uv": [16, 14, 14, 16], "texture": "#1"},
				"east": {"uv": [16, 14, 14, 16], "texture": "#1"},
				"south": {"uv": [16, 14, 14, 16], "texture": "#1"},
				"west": {"uv": [16, 14, 14, 16], "texture": "#1"},
				"up": {"uv": [16, 14, 14, 16], "texture": "#1"},
				"down": {"uv": [16, 14, 14, 16], "texture": "#1"}
			}
		},
		{
			"from": [0.75235, 23.31453, 2.4],
			"to": [1.45235, 24.01453, 3.1],
			"shade": false,
			"rotation": {"angle": -22.5, "axis": "z", "origin": [-3, 6, -9]},
			"faces": {
				"north": {"uv": [14, 12, 12, 14], "texture": "#1"},
				"east": {"uv": [14, 12, 12, 14], "texture": "#1"},
				"south": {"uv": [14, 12, 12, 14], "texture": "#1"},
				"west": {"uv": [14, 12, 12, 14], "texture": "#1"},
				"up": {"uv": [14, 12, 12, 14], "texture": "#1"},
				"down": {"uv": [14, 12, 12, 14], "texture": "#1"}
			}
		},
		{
			"from": [1.75235, 24.31453, 3.4],
			"to": [0.45235, 23.01453, 2.1],
			"shade": false,
			"rotation": {"angle": -22.5, "axis": "z", "origin": [-3, 6, -9]},
			"faces": {
				"north": {"uv": [16, 12, 14, 14], "texture": "#1"},
				"east": {"uv": [16, 12, 14, 14], "texture": "#1"},
				"south": {"uv": [16, 12, 14, 14], "texture": "#1"},
				"west": {"uv": [16, 12, 14, 14], "texture": "#1"},
				"up": {"uv": [16, 12, 14, 14], "texture": "#1"},
				"down": {"uv": [16, 12, 14, 14], "texture": "#1"}
			}
		},
		{
			"from": [-6.75269, 24.23833, 2.25],
			"to": [-5.75269, 25.23833, 3.25],
			"shade": false,
			"rotation": {"angle": -45, "axis": "z", "origin": [-3, 6, -9]},
			"faces": {
				"north": {"uv": [14, 10, 12, 12], "texture": "#1"},
				"east": {"uv": [14, 10, 12, 12], "texture": "#1"},
				"south": {"uv": [14, 10, 12, 12], "texture": "#1"},
				"west": {"uv": [14, 10, 12, 12], "texture": "#1"},
				"up": {"uv": [14, 10, 12, 12], "texture": "#1"},
				"down": {"uv": [14, 10, 12, 12], "texture": "#1"}
			}
		},
		{
			"from": [-5.50269, 25.48833, 3.5],
			"to": [-7.00269, 23.98833, 2],
			"shade": false,
			"rotation": {"angle": -45, "axis": "z", "origin": [-3, 6, -9]},
			"faces": {
				"north": {"uv": [16, 10, 14, 12], "texture": "#1"},
				"east": {"uv": [16, 10, 14, 12], "texture": "#1"},
				"south": {"uv": [16, 10, 14, 12], "texture": "#1"},
				"west": {"uv": [16, 10, 14, 12], "texture": "#1"},
				"up": {"uv": [16, 10, 14, 12], "texture": "#1"},
				"down": {"uv": [16, 10, 14, 12], "texture": "#1"}
			}
		},
		{
			"from": [12.28076, 16.55227, 2.25],
			"to": [13.28076, 17.55227, 3.25],
			"shade": false,
			"rotation": {"angle": 22.5, "axis": "z", "origin": [-3, 6, -9]},
			"faces": {
				"north": {"uv": [12, 10, 14, 8], "rotation": 90, "texture": "#1"},
				"east": {"uv": [12, 10, 14, 8], "rotation": 270, "texture": "#1"},
				"south": {"uv": [12, 10, 14, 8], "rotation": 270, "texture": "#1"},
				"west": {"uv": [12, 10, 14, 8], "rotation": 270, "texture": "#1"},
				"up": {"uv": [12, 10, 14, 8], "rotation": 270, "texture": "#1"},
				"down": {"uv": [12, 10, 14, 8], "rotation": 270, "texture": "#1"}
			}
		},
		{
			"from": [13.53076, 17.80227, 3.5],
			"to": [12.03076, 16.30227, 2],
			"shade": false,
			"rotation": {"angle": 22.5, "axis": "z", "origin": [-3, 6, -9]},
			"faces": {
				"north": {"uv": [14, 10, 16, 8], "rotation": 90, "texture": "#1"},
				"east": {"uv": [14, 10, 16, 8], "rotation": 270, "texture": "#1"},
				"south": {"uv": [14, 10, 16, 8], "rotation": 270, "texture": "#1"},
				"west": {"uv": [14, 10, 16, 8], "rotation": 270, "texture": "#1"},
				"up": {"uv": [14, 10, 16, 8], "rotation": 270, "texture": "#1"},
				"down": {"uv": [14, 10, 16, 8], "rotation": 270, "texture": "#1"}
			}
		},
		{
			"from": [6.35, 22.35, 2.25],
			"to": [7.35, 23.35, 3.25],
			"shade": false,
			"rotation": {"angle": 0, "axis": "y", "origin": [-3, 6, -9]},
			"faces": {
				"north": {"uv": [14, 6, 12, 8], "texture": "#1"},
				"east": {"uv": [14, 6, 12, 8], "texture": "#1"},
				"south": {"uv": [14, 6, 12, 8], "texture": "#1"},
				"west": {"uv": [14, 6, 12, 8], "texture": "#1"},
				"up": {"uv": [14, 6, 12, 8], "texture": "#1"},
				"down": {"uv": [14, 6, 12, 8], "texture": "#1"}
			}
		},
		{
			"from": [7.6, 23.6, 3.5],
			"to": [6.1, 22.1, 2],
			"shade": false,
			"rotation": {"angle": 0, "axis": "y", "origin": [-3, 6, -9]},
			"faces": {
				"north": {"uv": [16, 6, 14, 8], "texture": "#1"},
				"east": {"uv": [16, 6, 14, 8], "texture": "#1"},
				"south": {"uv": [16, 6, 14, 8], "texture": "#1"},
				"west": {"uv": [16, 6, 14, 8], "texture": "#1"},
				"up": {"uv": [16, 6, 14, 8], "texture": "#1"},
				"down": {"uv": [16, 6, 14, 8], "texture": "#1"}
			}
		},
		{
			"from": [12.68935, 18.11051, 2.4],
			"to": [13.38935, 18.81051, 3.1],
			"shade": false,
			"rotation": {"angle": 22.5, "axis": "z", "origin": [-3, 6, -9]},
			"faces": {
				"north": {"uv": [14, 4, 12, 6], "texture": "#1"},
				"east": {"uv": [14, 4, 12, 6], "texture": "#1"},
				"south": {"uv": [14, 4, 12, 6], "texture": "#1"},
				"west": {"uv": [14, 4, 12, 6], "texture": "#1"},
				"up": {"uv": [14, 4, 12, 6], "texture": "#1"},
				"down": {"uv": [14, 4, 12, 6], "texture": "#1"}
			}
		},
		{
			"from": [13.68935, 19.11051, 3.4],
			"to": [12.38935, 17.81051, 2.1],
			"shade": false,
			"rotation": {"angle": 22.5, "axis": "z", "origin": [-3, 6, -9]},
			"faces": {
				"north": {"uv": [16, 4, 14, 6], "texture": "#1"},
				"east": {"uv": [16, 4, 14, 6], "texture": "#1"},
				"south": {"uv": [16, 4, 14, 6], "texture": "#1"},
				"west": {"uv": [16, 4, 14, 6], "texture": "#1"},
				"up": {"uv": [16, 4, 14, 6], "texture": "#1"},
				"down": {"uv": [16, 4, 14, 6], "texture": "#1"}
			}
		},
		{
			"from": [7, 23.95, 2.45],
			"to": [7.6, 24.55, 3.05],
			"shade": false,
			"rotation": {"angle": 0, "axis": "y", "origin": [-3, 6, -9]},
			"faces": {
				"north": {"uv": [14, 2, 12, 4], "texture": "#1"},
				"east": {"uv": [14, 2, 12, 4], "texture": "#1"},
				"south": {"uv": [14, 2, 12, 4], "texture": "#1"},
				"west": {"uv": [14, 2, 12, 4], "texture": "#1"},
				"up": {"uv": [14, 2, 12, 4], "texture": "#1"},
				"down": {"uv": [14, 2, 12, 4], "texture": "#1"}
			}
		},
		{
			"from": [7.85, 24.8, 3.3],
			"to": [6.75, 23.7, 2.2],
			"shade": false,
			"rotation": {"angle": 0, "axis": "y", "origin": [-3, 6, -9]},
			"faces": {
				"north": {"uv": [16, 2, 14, 4], "texture": "#1"},
				"east": {"uv": [16, 2, 14, 4], "texture": "#1"},
				"south": {"uv": [16, 2, 14, 4], "texture": "#1"},
				"west": {"uv": [16, 2, 14, 4], "texture": "#1"},
				"up": {"uv": [16, 2, 14, 4], "texture": "#1"},
				"down": {"uv": [16, 2, 14, 4], "texture": "#1"}
			}
		},
		{
			"from": [9.85, 15.95, 12.95],
			"to": [10.45, 16.55, 13.55],
			"shade": false,
			"rotation": {"angle": 0, "axis": "y", "origin": [0, 2, 1.5]},
			"faces": {
				"north": {"uv": [14, 14, 12, 16], "texture": "#1"},
				"east": {"uv": [14, 14, 12, 16], "texture": "#1"},
				"south": {"uv": [14, 14, 12, 16], "texture": "#1"},
				"west": {"uv": [14, 14, 12, 16], "texture": "#1"},
				"up": {"uv": [14, 14, 12, 16], "texture": "#1"},
				"down": {"uv": [14, 14, 12, 16], "texture": "#1"}
			}
		},
		{
			"from": [10.7, 16.8, 13.8],
			"to": [9.6, 15.7, 12.7],
			"shade": false,
			"rotation": {"angle": 0, "axis": "y", "origin": [0, 2, 1.5]},
			"faces": {
				"north": {"uv": [16, 14, 14, 16], "texture": "#1"},
				"east": {"uv": [16, 14, 14, 16], "texture": "#1"},
				"south": {"uv": [16, 14, 14, 16], "texture": "#1"},
				"west": {"uv": [16, 14, 14, 16], "texture": "#1"},
				"up": {"uv": [16, 14, 14, 16], "texture": "#1"},
				"down": {"uv": [16, 14, 14, 16], "texture": "#1"}
			}
		},
		{
			"from": [3.75235, 19.31453, 12.9],
			"to": [4.45235, 20.01453, 13.6],
			"shade": false,
			"rotation": {"angle": -22.5, "axis": "z", "origin": [0, 2, 1.5]},
			"faces": {
				"north": {"uv": [14, 12, 12, 14], "texture": "#1"},
				"east": {"uv": [14, 12, 12, 14], "texture": "#1"},
				"south": {"uv": [14, 12, 12, 14], "texture": "#1"},
				"west": {"uv": [14, 12, 12, 14], "texture": "#1"},
				"up": {"uv": [14, 12, 12, 14], "texture": "#1"},
				"down": {"uv": [14, 12, 12, 14], "texture": "#1"}
			}
		},
		{
			"from": [4.75235, 20.31453, 13.9],
			"to": [3.45235, 19.01453, 12.6],
			"shade": false,
			"rotation": {"angle": -22.5, "axis": "z", "origin": [0, 2, 1.5]},
			"faces": {
				"north": {"uv": [16, 12, 14, 14], "texture": "#1"},
				"east": {"uv": [16, 12, 14, 14], "texture": "#1"},
				"south": {"uv": [16, 12, 14, 14], "texture": "#1"},
				"west": {"uv": [16, 12, 14, 14], "texture": "#1"},
				"up": {"uv": [16, 12, 14, 14], "texture": "#1"},
				"down": {"uv": [16, 12, 14, 14], "texture": "#1"}
			}
		},
		{
			"from": [-3.75269, 20.23833, 12.75],
			"to": [-2.75269, 21.23833, 13.75],
			"shade": false,
			"rotation": {"angle": -45, "axis": "z", "origin": [0, 2, 1.5]},
			"faces": {
				"north": {"uv": [14, 10, 12, 12], "texture": "#1"},
				"east": {"uv": [14, 10, 12, 12], "texture": "#1"},
				"south": {"uv": [14, 10, 12, 12], "texture": "#1"},
				"west": {"uv": [14, 10, 12, 12], "texture": "#1"},
				"up": {"uv": [14, 10, 12, 12], "texture": "#1"},
				"down": {"uv": [14, 10, 12, 12], "texture": "#1"}
			}
		},
		{
			"from": [-2.50269, 21.48833, 14],
			"to": [-4.00269, 19.98833, 12.5],
			"shade": false,
			"rotation": {"angle": -45, "axis": "z", "origin": [0, 2, 1.5]},
			"faces": {
				"north": {"uv": [16, 10, 14, 12], "texture": "#1"},
				"east": {"uv": [16, 10, 14, 12], "texture": "#1"},
				"south": {"uv": [16, 10, 14, 12], "texture": "#1"},
				"west": {"uv": [16, 10, 14, 12], "texture": "#1"},
				"up": {"uv": [16, 10, 14, 12], "texture": "#1"},
				"down": {"uv": [16, 10, 14, 12], "texture": "#1"}
			}
		},
		{
			"from": [15.28076, 12.55227, 12.75],
			"to": [16.28076, 13.55227, 13.75],
			"shade": false,
			"rotation": {"angle": 22.5, "axis": "z", "origin": [0, 2, 1.5]},
			"faces": {
				"north": {"uv": [12, 10, 14, 8], "rotation": 90, "texture": "#1"},
				"east": {"uv": [12, 10, 14, 8], "rotation": 270, "texture": "#1"},
				"south": {"uv": [12, 10, 14, 8], "rotation": 270, "texture": "#1"},
				"west": {"uv": [12, 10, 14, 8], "rotation": 270, "texture": "#1"},
				"up": {"uv": [12, 10, 14, 8], "rotation": 270, "texture": "#1"},
				"down": {"uv": [12, 10, 14, 8], "rotation": 270, "texture": "#1"}
			}
		},
		{
			"from": [16.53076, 13.80227, 14],
			"to": [15.03076, 12.30227, 12.5],
			"shade": false,
			"rotation": {"angle": 22.5, "axis": "z", "origin": [0, 2, 1.5]},
			"faces": {
				"north": {"uv": [14, 10, 16, 8], "rotation": 90, "texture": "#1"},
				"east": {"uv": [14, 10, 16, 8], "rotation": 270, "texture": "#1"},
				"south": {"uv": [14, 10, 16, 8], "rotation": 270, "texture": "#1"},
				"west": {"uv": [14, 10, 16, 8], "rotation": 270, "texture": "#1"},
				"up": {"uv": [14, 10, 16, 8], "rotation": 270, "texture": "#1"},
				"down": {"uv": [14, 10, 16, 8], "rotation": 270, "texture": "#1"}
			}
		},
		{
			"from": [9.35, 18.35, 12.75],
			"to": [10.35, 19.35, 13.75],
			"shade": false,
			"rotation": {"angle": 0, "axis": "y", "origin": [0, 2, 1.5]},
			"faces": {
				"north": {"uv": [14, 6, 12, 8], "texture": "#1"},
				"east": {"uv": [14, 6, 12, 8], "texture": "#1"},
				"south": {"uv": [14, 6, 12, 8], "texture": "#1"},
				"west": {"uv": [14, 6, 12, 8], "texture": "#1"},
				"up": {"uv": [14, 6, 12, 8], "texture": "#1"},
				"down": {"uv": [14, 6, 12, 8], "texture": "#1"}
			}
		},
		{
			"from": [10.6, 19.6, 14],
			"to": [9.1, 18.1, 12.5],
			"shade": false,
			"rotation": {"angle": 0, "axis": "y", "origin": [0, 2, 1.5]},
			"faces": {
				"north": {"uv": [16, 6, 14, 8], "texture": "#1"},
				"east": {"uv": [16, 6, 14, 8], "texture": "#1"},
				"south": {"uv": [16, 6, 14, 8], "texture": "#1"},
				"west": {"uv": [16, 6, 14, 8], "texture": "#1"},
				"up": {"uv": [16, 6, 14, 8], "texture": "#1"},
				"down": {"uv": [16, 6, 14, 8], "texture": "#1"}
			}
		},
		{
			"from": [15.68935, 14.11051, 12.9],
			"to": [16.38935, 14.81051, 13.6],
			"shade": false,
			"rotation": {"angle": 22.5, "axis": "z", "origin": [0, 2, 1.5]},
			"faces": {
				"north": {"uv": [14, 4, 12, 6], "texture": "#1"},
				"east": {"uv": [14, 4, 12, 6], "texture": "#1"},
				"south": {"uv": [14, 4, 12, 6], "texture": "#1"},
				"west": {"uv": [14, 4, 12, 6], "texture": "#1"},
				"up": {"uv": [14, 4, 12, 6], "texture": "#1"},
				"down": {"uv": [14, 4, 12, 6], "texture": "#1"}
			}
		},
		{
			"from": [16.68935, 15.11051, 13.9],
			"to": [15.38935, 13.81051, 12.6],
			"shade": false,
			"rotation": {"angle": 22.5, "axis": "z", "origin": [0, 2, 1.5]},
			"faces": {
				"north": {"uv": [16, 4, 14, 6], "texture": "#1"},
				"east": {"uv": [16, 4, 14, 6], "texture": "#1"},
				"south": {"uv": [16, 4, 14, 6], "texture": "#1"},
				"west": {"uv": [16, 4, 14, 6], "texture": "#1"},
				"up": {"uv": [16, 4, 14, 6], "texture": "#1"},
				"down": {"uv": [16, 4, 14, 6], "texture": "#1"}
			}
		},
		{
			"from": [10, 19.95, 12.95],
			"to": [10.6, 20.55, 13.55],
			"shade": false,
			"rotation": {"angle": 0, "axis": "y", "origin": [0, 2, 1.5]},
			"faces": {
				"north": {"uv": [14, 2, 12, 4], "texture": "#1"},
				"east": {"uv": [14, 2, 12, 4], "texture": "#1"},
				"south": {"uv": [14, 2, 12, 4], "texture": "#1"},
				"west": {"uv": [14, 2, 12, 4], "texture": "#1"},
				"up": {"uv": [14, 2, 12, 4], "texture": "#1"},
				"down": {"uv": [14, 2, 12, 4], "texture": "#1"}
			}
		},
		{
			"from": [10.85, 20.8, 13.8],
			"to": [9.75, 19.7, 12.7],
			"shade": false,
			"rotation": {"angle": 0, "axis": "y", "origin": [0, 2, 1.5]},
			"faces": {
				"north": {"uv": [16, 2, 14, 4], "texture": "#1"},
				"east": {"uv": [16, 2, 14, 4], "texture": "#1"},
				"south": {"uv": [16, 2, 14, 4], "texture": "#1"},
				"west": {"uv": [16, 2, 14, 4], "texture": "#1"},
				"up": {"uv": [16, 2, 14, 4], "texture": "#1"},
				"down": {"uv": [16, 2, 14, 4], "texture": "#1"}
			}
		},
		{
			"from": [5.55, 12.95, 12.95],
			"to": [6.15, 13.55, 13.55],
			"shade": false,
			"rotation": {"angle": 0, "axis": "y", "origin": [0, 1, 1.5]},
			"faces": {
				"north": {"uv": [8, 14, 10, 16], "texture": "#1"},
				"east": {"uv": [8, 14, 10, 16], "texture": "#1"},
				"south": {"uv": [8, 14, 10, 16], "texture": "#1"},
				"west": {"uv": [8, 14, 10, 16], "texture": "#1"},
				"up": {"uv": [8, 14, 10, 16], "texture": "#1"},
				"down": {"uv": [8, 14, 10, 16], "texture": "#1"}
			}
		},
		{
			"from": [6.4, 13.8, 13.8],
			"to": [5.3, 12.7, 12.7],
			"shade": false,
			"rotation": {"angle": 0, "axis": "y", "origin": [0, 1, 1.5]},
			"faces": {
				"north": {"uv": [10, 14, 12, 16], "texture": "#1"},
				"east": {"uv": [10, 14, 12, 16], "texture": "#1"},
				"south": {"uv": [10, 14, 12, 16], "texture": "#1"},
				"west": {"uv": [10, 14, 12, 16], "texture": "#1"},
				"up": {"uv": [10, 14, 12, 16], "texture": "#1"},
				"down": {"uv": [10, 14, 12, 16], "texture": "#1"}
			}
		},
		{
			"from": [9.56436, 10.34384, 12.9],
			"to": [10.26436, 11.04384, 13.6],
			"shade": false,
			"rotation": {"angle": 22.5, "axis": "z", "origin": [0, 1, 1.5]},
			"faces": {
				"north": {"uv": [8, 12, 10, 14], "texture": "#1"},
				"east": {"uv": [8, 12, 10, 14], "texture": "#1"},
				"south": {"uv": [8, 12, 10, 14], "texture": "#1"},
				"west": {"uv": [8, 12, 10, 14], "texture": "#1"},
				"up": {"uv": [8, 12, 10, 14], "texture": "#1"},
				"down": {"uv": [8, 12, 10, 14], "texture": "#1"}
			}
		},
		{
			"from": [10.56436, 11.34384, 13.9],
			"to": [9.26436, 10.04384, 12.6],
			"shade": false,
			"rotation": {"angle": 22.5, "axis": "z", "origin": [0, 1, 1.5]},
			"faces": {
				"north": {"uv": [10, 12, 12, 14], "texture": "#1"},
				"east": {"uv": [10, 12, 12, 14], "texture": "#1"},
				"south": {"uv": [10, 12, 12, 14], "texture": "#1"},
				"west": {"uv": [10, 12, 12, 14], "texture": "#1"},
				"up": {"uv": [10, 12, 12, 14], "texture": "#1"},
				"down": {"uv": [10, 12, 12, 14], "texture": "#1"}
			}
		},
		{
			"from": [12.65219, 6.51041, 12.75],
			"to": [13.65219, 7.51041, 13.75],
			"shade": false,
			"rotation": {"angle": 45, "axis": "z", "origin": [0, 1, 1.5]},
			"faces": {
				"north": {"uv": [8, 10, 10, 12], "texture": "#1"},
				"east": {"uv": [8, 10, 10, 12], "texture": "#1"},
				"south": {"uv": [8, 10, 10, 12], "texture": "#1"},
				"west": {"uv": [8, 10, 10, 12], "texture": "#1"},
				"up": {"uv": [8, 10, 10, 12], "texture": "#1"},
				"down": {"uv": [8, 10, 10, 12], "texture": "#1"}
			}
		},
		{
			"from": [13.90219, 7.76041, 14],
			"to": [12.40219, 6.26041, 12.5],
			"shade": false,
			"rotation": {"angle": 45, "axis": "z", "origin": [0, 1, 1.5]},
			"faces": {
				"north": {"uv": [10, 10, 12, 12], "texture": "#1"},
				"east": {"uv": [10, 10, 12, 12], "texture": "#1"},
				"south": {"uv": [10, 10, 12, 12], "texture": "#1"},
				"west": {"uv": [10, 10, 12, 12], "texture": "#1"},
				"up": {"uv": [10, 10, 12, 12], "texture": "#1"},
				"down": {"uv": [10, 10, 12, 12], "texture": "#1"}
			}
		},
		{
			"from": [-0.73332, 15.82744, 12.75],
			"to": [0.26668, 16.82744, 13.75],
			"shade": false,
			"rotation": {"angle": -22.5, "axis": "z", "origin": [0, 1, 1.5]},
			"faces": {
				"north": {"uv": [8, 8, 10, 10], "rotation": 90, "texture": "#1"},
				"east": {"uv": [8, 8, 10, 10], "rotation": 270, "texture": "#1"},
				"south": {"uv": [8, 8, 10, 10], "rotation": 270, "texture": "#1"},
				"west": {"uv": [8, 8, 10, 10], "rotation": 270, "texture": "#1"},
				"up": {"uv": [8, 8, 10, 10], "rotation": 270, "texture": "#1"},
				"down": {"uv": [8, 8, 10, 10], "rotation": 270, "texture": "#1"}
			}
		},
		{
			"from": [0.51668, 17.07744, 14],
			"to": [-0.98332, 15.57744, 12.5],
			"shade": false,
			"rotation": {"angle": -22.5, "axis": "z", "origin": [0, 1, 1.5]},
			"faces": {
				"north": {"uv": [10, 8, 12, 10], "rotation": 90, "texture": "#1"},
				"east": {"uv": [10, 8, 12, 10], "rotation": 270, "texture": "#1"},
				"south": {"uv": [10, 8, 12, 10], "rotation": 270, "texture": "#1"},
				"west": {"uv": [10, 8, 12, 10], "rotation": 270, "texture": "#1"},
				"up": {"uv": [10, 8, 12, 10], "rotation": 270, "texture": "#1"},
				"down": {"uv": [10, 8, 12, 10], "rotation": 270, "texture": "#1"}
			}
		},
		{
			"from": [5.65, 15.35, 12.75],
			"to": [6.65, 16.35, 13.75],
			"shade": false,
			"rotation": {"angle": 0, "axis": "y", "origin": [0, 1, 1.5]},
			"faces": {
				"north": {"uv": [8, 6, 10, 8], "texture": "#1"},
				"east": {"uv": [8, 6, 10, 8], "texture": "#1"},
				"south": {"uv": [8, 6, 10, 8], "texture": "#1"},
				"west": {"uv": [8, 6, 10, 8], "texture": "#1"},
				"up": {"uv": [8, 6, 10, 8], "texture": "#1"},
				"down": {"uv": [8, 6, 10, 8], "texture": "#1"}
			}
		},
		{
			"from": [6.9, 16.6, 14],
			"to": [5.4, 15.1, 12.5],
			"shade": false,
			"rotation": {"angle": 0, "axis": "y", "origin": [0, 1, 1.5]},
			"faces": {
				"north": {"uv": [10, 6, 12, 8], "texture": "#1"},
				"east": {"uv": [10, 6, 12, 8], "texture": "#1"},
				"south": {"uv": [10, 6, 12, 8], "texture": "#1"},
				"west": {"uv": [10, 6, 12, 8], "texture": "#1"},
				"up": {"uv": [10, 6, 12, 8], "texture": "#1"},
				"down": {"uv": [10, 6, 12, 8], "texture": "#1"}
			}
		},
		{
			"from": [-0.84191, 17.38568, 12.9],
			"to": [-0.14191, 18.08568, 13.6],
			"shade": false,
			"rotation": {"angle": -22.5, "axis": "z", "origin": [0, 1, 1.5]},
			"faces": {
				"north": {"uv": [8, 4, 10, 6], "texture": "#1"},
				"east": {"uv": [8, 4, 10, 6], "texture": "#1"},
				"south": {"uv": [8, 4, 10, 6], "texture": "#1"},
				"west": {"uv": [8, 4, 10, 6], "texture": "#1"},
				"up": {"uv": [8, 4, 10, 6], "texture": "#1"},
				"down": {"uv": [8, 4, 10, 6], "texture": "#1"}
			}
		},
		{
			"from": [0.15809, 18.38568, 13.9],
			"to": [-1.14191, 17.08568, 12.6],
			"shade": false,
			"rotation": {"angle": -22.5, "axis": "z", "origin": [0, 1, 1.5]},
			"faces": {
				"north": {"uv": [10, 4, 12, 6], "texture": "#1"},
				"east": {"uv": [10, 4, 12, 6], "texture": "#1"},
				"south": {"uv": [10, 4, 12, 6], "texture": "#1"},
				"west": {"uv": [10, 4, 12, 6], "texture": "#1"},
				"up": {"uv": [10, 4, 12, 6], "texture": "#1"},
				"down": {"uv": [10, 4, 12, 6], "texture": "#1"}
			}
		},
		{
			"from": [5.4, 16.95, 12.95],
			"to": [6, 17.55, 13.55],
			"shade": false,
			"rotation": {"angle": 0, "axis": "y", "origin": [0, 1, 1.5]},
			"faces": {
				"north": {"uv": [8, 2, 10, 4], "texture": "#1"},
				"east": {"uv": [8, 2, 10, 4], "texture": "#1"},
				"south": {"uv": [8, 2, 10, 4], "texture": "#1"},
				"west": {"uv": [8, 2, 10, 4], "texture": "#1"},
				"up": {"uv": [8, 2, 10, 4], "texture": "#1"},
				"down": {"uv": [8, 2, 10, 4], "texture": "#1"}
			}
		},
		{
			"from": [6.25, 17.8, 13.8],
			"to": [5.15, 16.7, 12.7],
			"shade": false,
			"rotation": {"angle": 0, "axis": "y", "origin": [0, 1, 1.5]},
			"faces": {
				"north": {"uv": [10, 2, 12, 4], "texture": "#1"},
				"east": {"uv": [10, 2, 12, 4], "texture": "#1"},
				"south": {"uv": [10, 2, 12, 4], "texture": "#1"},
				"west": {"uv": [10, 2, 12, 4], "texture": "#1"},
				"up": {"uv": [10, 2, 12, 4], "texture": "#1"},
				"down": {"uv": [10, 2, 12, 4], "texture": "#1"}
			}
		},
		{
			"from": [7.85, 19.95, 12.95],
			"to": [8.45, 20.55, 13.55],
			"shade": false,
			"rotation": {"angle": 0, "axis": "y", "origin": [-2, 6, 9.5]},
			"faces": {
				"north": {"uv": [6, 14, 4, 16], "texture": "#1"},
				"east": {"uv": [6, 14, 4, 16], "texture": "#1"},
				"south": {"uv": [6, 14, 4, 16], "texture": "#1"},
				"west": {"uv": [6, 14, 4, 16], "texture": "#1"},
				"up": {"uv": [6, 14, 4, 16], "texture": "#1"},
				"down": {"uv": [6, 14, 4, 16], "texture": "#1"}
			}
		},
		{
			"from": [8.7, 20.8, 13.8],
			"to": [7.6, 19.7, 12.7],
			"shade": false,
			"rotation": {"angle": 0, "axis": "y", "origin": [-2, 6, 9.5]},
			"faces": {
				"north": {"uv": [8, 14, 6, 16], "texture": "#1"},
				"east": {"uv": [8, 14, 6, 16], "texture": "#1"},
				"south": {"uv": [8, 14, 6, 16], "texture": "#1"},
				"west": {"uv": [8, 14, 6, 16], "texture": "#1"},
				"up": {"uv": [8, 14, 6, 16], "texture": "#1"},
				"down": {"uv": [8, 14, 6, 16], "texture": "#1"}
			}
		},
		{
			"from": [1.75235, 23.31453, 12.9],
			"to": [2.45235, 24.01453, 13.6],
			"shade": false,
			"rotation": {"angle": -22.5, "axis": "z", "origin": [-2, 6, 9.5]},
			"faces": {
				"north": {"uv": [6, 12, 4, 14], "texture": "#1"},
				"east": {"uv": [6, 12, 4, 14], "texture": "#1"},
				"south": {"uv": [6, 12, 4, 14], "texture": "#1"},
				"west": {"uv": [6, 12, 4, 14], "texture": "#1"},
				"up": {"uv": [6, 12, 4, 14], "texture": "#1"},
				"down": {"uv": [6, 12, 4, 14], "texture": "#1"}
			}
		},
		{
			"from": [2.75235, 24.31453, 13.9],
			"to": [1.45235, 23.01453, 12.6],
			"shade": false,
			"rotation": {"angle": -22.5, "axis": "z", "origin": [-2, 6, 9.5]},
			"faces": {
				"north": {"uv": [8, 12, 6, 14], "texture": "#1"},
				"east": {"uv": [8, 12, 6, 14], "texture": "#1"},
				"south": {"uv": [8, 12, 6, 14], "texture": "#1"},
				"west": {"uv": [8, 12, 6, 14], "texture": "#1"},
				"up": {"uv": [8, 12, 6, 14], "texture": "#1"},
				"down": {"uv": [8, 12, 6, 14], "texture": "#1"}
			}
		},
		{
			"from": [-5.75269, 24.23833, 12.75],
			"to": [-4.75269, 25.23833, 13.75],
			"shade": false,
			"rotation": {"angle": -45, "axis": "z", "origin": [-2, 6, 9.5]},
			"faces": {
				"north": {"uv": [6, 10, 4, 12], "texture": "#1"},
				"east": {"uv": [6, 10, 4, 12], "texture": "#1"},
				"south": {"uv": [6, 10, 4, 12], "texture": "#1"},
				"west": {"uv": [6, 10, 4, 12], "texture": "#1"},
				"up": {"uv": [6, 10, 4, 12], "texture": "#1"},
				"down": {"uv": [6, 10, 4, 12], "texture": "#1"}
			}
		},
		{
			"from": [-4.50269, 25.48833, 14],
			"to": [-6.00269, 23.98833, 12.5],
			"shade": false,
			"rotation": {"angle": -45, "axis": "z", "origin": [-2, 6, 9.5]},
			"faces": {
				"north": {"uv": [8, 10, 6, 12], "texture": "#1"},
				"east": {"uv": [8, 10, 6, 12], "texture": "#1"},
				"south": {"uv": [8, 10, 6, 12], "texture": "#1"},
				"west": {"uv": [8, 10, 6, 12], "texture": "#1"},
				"up": {"uv": [8, 10, 6, 12], "texture": "#1"},
				"down": {"uv": [8, 10, 6, 12], "texture": "#1"}
			}
		},
		{
			"from": [13.28076, 16.55227, 12.75],
			"to": [14.28076, 17.55227, 13.75],
			"shade": false,
			"rotation": {"angle": 22.5, "axis": "z", "origin": [-2, 6, 9.5]},
			"faces": {
				"north": {"uv": [4, 10, 6, 8], "rotation": 90, "texture": "#1"},
				"east": {"uv": [4, 10, 6, 8], "rotation": 270, "texture": "#1"},
				"south": {"uv": [4, 10, 6, 8], "rotation": 270, "texture": "#1"},
				"west": {"uv": [4, 10, 6, 8], "rotation": 270, "texture": "#1"},
				"up": {"uv": [4, 10, 6, 8], "rotation": 270, "texture": "#1"},
				"down": {"uv": [4, 10, 6, 8], "rotation": 270, "texture": "#1"}
			}
		},
		{
			"from": [14.53076, 17.80227, 14],
			"to": [13.03076, 16.30227, 12.5],
			"shade": false,
			"rotation": {"angle": 22.5, "axis": "z", "origin": [-2, 6, 9.5]},
			"faces": {
				"north": {"uv": [6, 10, 8, 8], "rotation": 90, "texture": "#1"},
				"east": {"uv": [6, 10, 8, 8], "rotation": 270, "texture": "#1"},
				"south": {"uv": [6, 10, 8, 8], "rotation": 270, "texture": "#1"},
				"west": {"uv": [6, 10, 8, 8], "rotation": 270, "texture": "#1"},
				"up": {"uv": [6, 10, 8, 8], "rotation": 270, "texture": "#1"},
				"down": {"uv": [6, 10, 8, 8], "rotation": 270, "texture": "#1"}
			}
		},
		{
			"from": [7.35, 22.35, 12.75],
			"to": [8.35, 23.35, 13.75],
			"shade": false,
			"rotation": {"angle": 0, "axis": "y", "origin": [-2, 6, 9.5]},
			"faces": {
				"north": {"uv": [6, 6, 4, 8], "texture": "#1"},
				"east": {"uv": [6, 6, 4, 8], "texture": "#1"},
				"south": {"uv": [6, 6, 4, 8], "texture": "#1"},
				"west": {"uv": [6, 6, 4, 8], "texture": "#1"},
				"up": {"uv": [6, 6, 4, 8], "texture": "#1"},
				"down": {"uv": [6, 6, 4, 8], "texture": "#1"}
			}
		},
		{
			"from": [8.6, 23.6, 14],
			"to": [7.1, 22.1, 12.5],
			"shade": false,
			"rotation": {"angle": 0, "axis": "y", "origin": [-2, 6, 9.5]},
			"faces": {
				"north": {"uv": [8, 6, 6, 8], "texture": "#1"},
				"east": {"uv": [8, 6, 6, 8], "texture": "#1"},
				"south": {"uv": [8, 6, 6, 8], "texture": "#1"},
				"west": {"uv": [8, 6, 6, 8], "texture": "#1"},
				"up": {"uv": [8, 6, 6, 8], "texture": "#1"},
				"down": {"uv": [8, 6, 6, 8], "texture": "#1"}
			}
		},
		{
			"from": [13.68935, 18.11051, 12.9],
			"to": [14.38935, 18.81051, 13.6],
			"shade": false,
			"rotation": {"angle": 22.5, "axis": "z", "origin": [-2, 6, 9.5]},
			"faces": {
				"north": {"uv": [6, 4, 4, 6], "texture": "#1"},
				"east": {"uv": [6, 4, 4, 6], "texture": "#1"},
				"south": {"uv": [6, 4, 4, 6], "texture": "#1"},
				"west": {"uv": [6, 4, 4, 6], "texture": "#1"},
				"up": {"uv": [6, 4, 4, 6], "texture": "#1"},
				"down": {"uv": [6, 4, 4, 6], "texture": "#1"}
			}
		},
		{
			"from": [14.68935, 19.11051, 13.9],
			"to": [13.38935, 17.81051, 12.6],
			"shade": false,
			"rotation": {"angle": 22.5, "axis": "z", "origin": [-2, 6, 9.5]},
			"faces": {
				"north": {"uv": [8, 4, 6, 6], "texture": "#1"},
				"east": {"uv": [8, 4, 6, 6], "texture": "#1"},
				"south": {"uv": [8, 4, 6, 6], "texture": "#1"},
				"west": {"uv": [8, 4, 6, 6], "texture": "#1"},
				"up": {"uv": [8, 4, 6, 6], "texture": "#1"},
				"down": {"uv": [8, 4, 6, 6], "texture": "#1"}
			}
		},
		{
			"from": [8, 23.95, 12.95],
			"to": [8.6, 24.55, 13.55],
			"shade": false,
			"rotation": {"angle": 0, "axis": "y", "origin": [-2, 6, 9.5]},
			"faces": {
				"north": {"uv": [6, 2, 4, 4], "texture": "#1"},
				"east": {"uv": [6, 2, 4, 4], "texture": "#1"},
				"south": {"uv": [6, 2, 4, 4], "texture": "#1"},
				"west": {"uv": [6, 2, 4, 4], "texture": "#1"},
				"up": {"uv": [6, 2, 4, 4], "texture": "#1"},
				"down": {"uv": [6, 2, 4, 4], "texture": "#1"}
			}
		},
		{
			"from": [8.85, 24.8, 13.8],
			"to": [7.75, 23.7, 12.7],
			"shade": false,
			"rotation": {"angle": 0, "axis": "y", "origin": [-2, 6, 9.5]},
			"faces": {
				"north": {"uv": [8, 2, 6, 4], "texture": "#1"},
				"east": {"uv": [8, 2, 6, 4], "texture": "#1"},
				"south": {"uv": [8, 2, 6, 4], "texture": "#1"},
				"west": {"uv": [8, 2, 6, 4], "texture": "#1"},
				"up": {"uv": [8, 2, 6, 4], "texture": "#1"},
				"down": {"uv": [8, 2, 6, 4], "texture": "#1"}
			}
		}
	],
	"groups": [
		0,
		1,
		2,
		3,
		4,
		5,
		6,
		7,
		8,
		9,
		10,
		11,
		12,
		13,
		14,
		15,
		16,
		17,
		18,
		19,
		20,
		21,
		22,
		23,
		24,
		{
			"name": "particles",
			"origin": [8, 8, 8],
			"color": 0,
			"children": [
				{
					"name": "particles1",
					"origin": [0, 0, 0],
					"color": 0,
					"children": [
						{
							"name": "particle1",
							"origin": [0, 0, 0],
							"color": 0,
							"children": [25, 26]
						},
						{
							"name": "particle2",
							"origin": [0, 0, 0],
							"color": 0,
							"children": [27, 28]
						},
						{
							"name": "particle3",
							"origin": [0, 0, 0],
							"color": 0,
							"children": [29, 30]
						},
						{
							"name": "particle4",
							"origin": [0, 0, 0],
							"color": 0,
							"children": [31, 32]
						},
						{
							"name": "particle5",
							"origin": [0, 0, 0],
							"color": 0,
							"children": [33, 34]
						},
						{
							"name": "particle6",
							"origin": [0, 0, 0],
							"color": 0,
							"children": [35, 36]
						},
						{
							"name": "particle7",
							"origin": [0, 0, 0],
							"color": 0,
							"children": [37, 38]
						}
					]
				},
				{
					"name": "particles2",
					"origin": [0, 0, 0],
					"color": 0,
					"children": [
						{
							"name": "particle1",
							"origin": [0, 0, 0],
							"color": 0,
							"children": [39, 40]
						},
						{
							"name": "particle2",
							"origin": [0, 0, 0],
							"color": 0,
							"children": [41, 42]
						},
						{
							"name": "particle3",
							"origin": [0, 0, 0],
							"color": 0,
							"children": [43, 44]
						},
						{
							"name": "particle4",
							"origin": [0, 0, 0],
							"color": 0,
							"children": [45, 46]
						},
						{
							"name": "particle5",
							"origin": [0, 0, 0],
							"color": 0,
							"children": [47, 48]
						},
						{
							"name": "particle6",
							"origin": [0, 0, 0],
							"color": 0,
							"children": [49, 50]
						},
						{
							"name": "particle7",
							"origin": [0, 0, 0],
							"color": 0,
							"children": [51, 52]
						}
					]
				},
				{
					"name": "particles3",
					"origin": [0, 0, 0],
					"color": 0,
					"children": [
						{
							"name": "particle1",
							"origin": [0, 0, 0],
							"color": 0,
							"children": [53, 54]
						},
						{
							"name": "particle2",
							"origin": [0, 0, 0],
							"color": 0,
							"children": [55, 56]
						},
						{
							"name": "particle3",
							"origin": [0, 0, 0],
							"color": 0,
							"children": [57, 58]
						},
						{
							"name": "particle4",
							"origin": [0, 0, 0],
							"color": 0,
							"children": [59, 60]
						},
						{
							"name": "particle5",
							"origin": [0, 0, 0],
							"color": 0,
							"children": [61, 62]
						},
						{
							"name": "particle6",
							"origin": [0, 0, 0],
							"color": 0,
							"children": [63, 64]
						},
						{
							"name": "particle7",
							"origin": [0, 0, 0],
							"color": 0,
							"children": [65, 66]
						}
					]
				},
				{
					"name": "particles4",
					"origin": [0, 0, 0],
					"color": 0,
					"children": [
						{
							"name": "particle1",
							"origin": [0, 0, 0],
							"color": 0,
							"children": [67, 68]
						},
						{
							"name": "particle2",
							"origin": [0, 0, 0],
							"color": 0,
							"children": [69, 70]
						},
						{
							"name": "particle3",
							"origin": [0, 0, 0],
							"color": 0,
							"children": [71, 72]
						},
						{
							"name": "particle4",
							"origin": [0, 0, 0],
							"color": 0,
							"children": [73, 74]
						},
						{
							"name": "particle5",
							"origin": [0, 0, 0],
							"color": 0,
							"children": [75, 76]
						},
						{
							"name": "particle6",
							"origin": [0, 0, 0],
							"color": 0,
							"children": [77, 78]
						},
						{
							"name": "particle7",
							"origin": [0, 0, 0],
							"color": 0,
							"children": [79, 80]
						}
					]
				},
				{
					"name": "particles5",
					"origin": [0, 0, 0],
					"color": 0,
					"children": [
						{
							"name": "particle1",
							"origin": [0, 0, 0],
							"color": 0,
							"children": [81, 82]
						},
						{
							"name": "particle2",
							"origin": [0, 0, 0],
							"color": 0,
							"children": [83, 84]
						},
						{
							"name": "particle3",
							"origin": [0, 0, 0],
							"color": 0,
							"children": [85, 86]
						},
						{
							"name": "particle4",
							"origin": [0, 0, 0],
							"color": 0,
							"children": [87, 88]
						},
						{
							"name": "particle5",
							"origin": [0, 0, 0],
							"color": 0,
							"children": [89, 90]
						},
						{
							"name": "particle6",
							"origin": [0, 0, 0],
							"color": 0,
							"children": [91, 92]
						},
						{
							"name": "particle7",
							"origin": [0, 0, 0],
							"color": 0,
							"children": [93, 94]
						}
					]
				},
				{
					"name": "particles6",
					"origin": [0, 0, 0],
					"color": 0,
					"children": [
						{
							"name": "particle1",
							"origin": [0, 0, 0],
							"color": 0,
							"children": [95, 96]
						},
						{
							"name": "particle2",
							"origin": [0, 0, 0],
							"color": 0,
							"children": [97, 98]
						},
						{
							"name": "particle3",
							"origin": [0, 0, 0],
							"color": 0,
							"children": [99, 100]
						},
						{
							"name": "particle4",
							"origin": [0, 0, 0],
							"color": 0,
							"children": [101, 102]
						},
						{
							"name": "particle5",
							"origin": [0, 0, 0],
							"color": 0,
							"children": [103, 104]
						},
						{
							"name": "particle6",
							"origin": [0, 0, 0],
							"color": 0,
							"children": [105, 106]
						},
						{
							"name": "particle7",
							"origin": [0, 0, 0],
							"color": 0,
							"children": [107, 108]
						}
					]
				}
			]
		}
	]
}