{
	"credit": "by w11shes",
	"texture_size": [8, 8],
	"textures": {
		"0": "item/dragon/dragonborn_chest",
		"1": "item/dragon/dragonborn_particle",
		"particle": "item/dragon/dragonborn_chest"
	},
	"elements": [
		{
			"from": [-3, 10, -1],
			"to": [19, 13, 17],
			"rotation": {"angle": 0, "axis": "y", "origin": [0, -26, 0]},
			"faces": {
				"north": {"uv": [9.5, 5.5, 15, 6.25], "texture": "#0"},
				"east": {"uv": [11.5, 9.25, 16, 10], "texture": "#0"},
				"south": {"uv": [10, 1.25, 15.5, 2], "texture": "#0"},
				"west": {"uv": [11.5, 9.25, 16, 10], "texture": "#0"},
				"up": {"uv": [5.5, 4.5, 0, 0], "texture": "#0"},
				"down": {"uv": [5.5, 4.5, 0, 9], "texture": "#0"}
			}
		},
		{
			"from": [5.5, 8, -3],
			"to": [10.5, 15, 2],
			"faces": {
				"north": {"uv": [6.5, 9.75, 7.75, 11.5], "texture": "#0"},
				"east": {"uv": [7.75, 11.25, 9, 13], "texture": "#0"},
				"south": {"uv": [9, 11.25, 10.25, 13], "texture": "#0"},
				"west": {"uv": [0, 11.5, 1.25, 13.25], "texture": "#0"}
			}
		},
		{
			"from": [10.5, 15, -2],
			"to": [5.5, 8, -3],
			"rotation": {"angle": 0, "axis": "y", "origin": [11, 16, 24]},
			"faces": {
				"north": {"uv": [14, 5, 15.25, 3.25], "texture": "#0"},
				"east": {"uv": [0, 13.25, 0.25, 11.5], "texture": "#0"},
				"south": {"uv": [6.5, 11.5, 7.75, 9.75], "texture": "#0"},
				"west": {"uv": [8.75, 13, 9, 11.25], "texture": "#0"}
			}
		},
		{
			"from": [5.5, 15, -3.02],
			"to": [9.03553, 18.53553, 1.98],
			"rotation": {"angle": -45, "axis": "z", "origin": [5.5, 15, -3]},
			"faces": {
				"north": {"uv": [8.25, 13, 9.25, 14], "texture": "#0"},
				"west": {"uv": [14.75, 0, 16, 1], "texture": "#0"},
				"up": {"uv": [13.25, 14, 12.25, 12.75], "texture": "#0"}
			}
		},
		{
			"from": [9.0355, 18.5355, -2.02],
			"to": [5.5, 15, -3.02],
			"rotation": {"angle": -45, "axis": "z", "origin": [5.5, 15, 26.96]},
			"faces": {
				"north": {"uv": [15, 7, 16, 6], "texture": "#0"},
				"east": {"uv": [14.75, 1, 15, 0], "texture": "#0"},
				"south": {"uv": [8.25, 14, 9.25, 13], "texture": "#0"},
				"down": {"uv": [12.25, 14, 13.25, 13.75], "texture": "#0"}
			}
		},
		{
			"from": [0.55025, 6.51472, -3.02],
			"to": [4.08579, 10.05025, 1.98],
			"rotation": {"angle": 45, "axis": "z", "origin": [5.5, 15, -3]},
			"faces": {
				"north": {"uv": [9.25, 13, 10.25, 14], "texture": "#0"},
				"south": {"uv": [13, 11.5, 14, 12.5], "texture": "#0"},
				"west": {"uv": [13, 2, 14.25, 3], "texture": "#0"},
				"down": {"uv": [6, 13, 5, 14.25], "texture": "#0"}
			}
		},
		{
			"from": [18.98522, 8.02081, -2.02],
			"to": [15.44972, 4.48531, -3.02],
			"rotation": {"angle": 45, "axis": "z", "origin": [10.49998, -3.99998, 30.96]},
			"faces": {
				"north": {"uv": [15, 6, 16, 5], "texture": "#0"},
				"east": {"uv": [14, 3, 14.25, 2], "texture": "#0"},
				"south": {"uv": [9.25, 14, 10.25, 13], "texture": "#0"},
				"up": {"uv": [5, 13, 6, 13.25], "texture": "#0"}
			}
		},
		{
			"from": [-2.02, 13, 0.9],
			"to": [1.02, 18, 3.9],
			"rotation": {"angle": 0, "axis": "y", "origin": [0, 0, -0.1]},
			"faces": {
				"north": {"uv": [3.5, 13.5, 4.25, 14.75], "texture": "#0"},
				"east": {"uv": [4.25, 13.5, 5, 14.75], "texture": "#0"},
				"south": {"uv": [10.25, 13.5, 11, 14.75], "texture": "#0"},
				"west": {"uv": [4.25, 14.75, 5, 16], "texture": "#0"}
			}
		},
		{
			"from": [-2.02, 13, 12.04214],
			"to": [1.02, 18, 15.04214],
			"rotation": {"angle": 0, "axis": "y", "origin": [0, 0, 0.04214]},
			"faces": {
				"north": {"uv": [13.25, 13.75, 14, 15], "texture": "#0"},
				"east": {"uv": [14, 0, 14.75, 1.25], "texture": "#0"},
				"south": {"uv": [0.75, 14, 1.5, 15.25], "texture": "#0"},
				"west": {"uv": [1.5, 14, 2.25, 15.25], "texture": "#0"}
			}
		},
		{
			"from": [-2, 14.65685, 6.97107],
			"to": [1, 24.65685, 9.97107],
			"rotation": {"angle": 45, "axis": "x", "origin": [-0.5, 23.65685, 7.97107]},
			"faces": {
				"north": {"uv": [1.25, 11.5, 2, 14], "texture": "#0"},
				"east": {"uv": [2, 11.5, 2.75, 14], "texture": "#0"},
				"south": {"uv": [2.75, 11.5, 3.5, 14], "texture": "#0"},
				"west": {"uv": [6.5, 11.5, 7.25, 14], "texture": "#0"},
				"up": {"uv": [0.75, 15.25, 0, 14.5], "texture": "#0"}
			}
		},
		{
			"from": [-2, 21.65685, 9.97107],
			"to": [1, 24.65685, 16.97107],
			"rotation": {"angle": 45, "axis": "x", "origin": [-0.5, 23.65685, 7.97107]},
			"faces": {
				"east": {"uv": [3.5, 9, 5.25, 9.75], "texture": "#0"},
				"west": {"uv": [10.25, 11.5, 12, 12.25], "texture": "#0"},
				"up": {"uv": [4.25, 13.5, 3.5, 11.75], "texture": "#0"},
				"down": {"uv": [5, 11.75, 4.25, 13.5], "texture": "#0"}
			}
		},
		{
			"from": [15, 14.65685, 6.97107],
			"to": [18, 24.65685, 9.97107],
			"rotation": {"angle": 45, "axis": "x", "origin": [16.5, 23.65685, 7.97107]},
			"faces": {
				"north": {"uv": [2, 11.5, 1.25, 14], "texture": "#0"},
				"east": {"uv": [7.25, 11.5, 6.5, 14], "texture": "#0"},
				"south": {"uv": [3.5, 11.5, 2.75, 14], "texture": "#0"},
				"west": {"uv": [2.75, 11.5, 2, 14], "texture": "#0"},
				"up": {"uv": [0, 15.25, 0.75, 14.5], "texture": "#0"}
			}
		},
		{
			"from": [14.98, 13, 0.9],
			"to": [18.02, 18, 3.9],
			"rotation": {"angle": 0, "axis": "y", "origin": [16, 0, -0.1]},
			"faces": {
				"north": {"uv": [4.25, 13.5, 3.5, 14.75], "texture": "#0"},
				"east": {"uv": [5, 14.75, 4.25, 16], "texture": "#0"},
				"south": {"uv": [11, 13.5, 10.25, 14.75], "texture": "#0"},
				"west": {"uv": [5, 13.5, 4.25, 14.75], "texture": "#0"}
			}
		},
		{
			"from": [15, 21.65685, 9.97107],
			"to": [18, 24.65685, 16.97107],
			"rotation": {"angle": 45, "axis": "x", "origin": [16.5, 23.65685, 7.97107]},
			"faces": {
				"east": {"uv": [12, 11.5, 10.25, 12.25], "texture": "#0"},
				"west": {"uv": [5.25, 9, 3.5, 9.75], "texture": "#0"},
				"up": {"uv": [3.5, 13.5, 4.25, 11.75], "texture": "#0"},
				"down": {"uv": [4.25, 11.75, 5, 13.5], "texture": "#0"}
			}
		},
		{
			"from": [14.98, 13, 12.04214],
			"to": [18.02, 18, 15.04214],
			"rotation": {"angle": 0, "axis": "y", "origin": [16, 0, 0.04214]},
			"faces": {
				"north": {"uv": [14, 13.75, 13.25, 15], "texture": "#0"},
				"east": {"uv": [2.25, 14, 1.5, 15.25], "texture": "#0"},
				"south": {"uv": [1.5, 14, 0.75, 15.25], "texture": "#0"},
				"west": {"uv": [14.75, 0, 14, 1.25], "texture": "#0"}
			}
		},
		{
			"from": [1, 21.65685, 6.97107],
			"to": [15, 24.65685, 9.97107],
			"rotation": {"angle": 45, "axis": "x", "origin": [16.5, 23.65685, 7.97107]},
			"faces": {
				"north": {"uv": [11.5, 10, 15, 10.75], "texture": "#0"},
				"south": {"uv": [15, 11.5, 11.5, 10.75], "texture": "#0"},
				"up": {"uv": [11.5, 10, 15, 10.75], "texture": "#0"},
				"down": {"uv": [15, 10.75, 11.5, 11.5], "texture": "#0"}
			}
		},
		{
			"from": [-8, 21.07107, 7.97107],
			"to": [1, 32.07107, 8.02107],
			"rotation": {"angle": 0, "axis": "y", "origin": [7, 14.07107, 7.97107]},
			"faces": {
				"north": {"uv": [9.25, 8.5, 11.5, 11.25], "texture": "#0"},
				"south": {"uv": [11.5, 8.5, 9.25, 11.25], "texture": "#0"}
			}
		},
		{
			"from": [-7, 23.07107, 7.47107],
			"to": [-2, 27.07107, 8.47107],
			"rotation": {"angle": 0, "axis": "y", "origin": [7, 14.07107, 7.97107]},
			"faces": {
				"north": {"uv": [10, 9.75, 11.25, 10.75], "texture": "#0"},
				"east": {"uv": [10, 9.75, 10.25, 10.75], "texture": "#0"},
				"south": {"uv": [11.25, 9.75, 10, 10.75], "texture": "#0"},
				"west": {"uv": [11, 9.75, 11.25, 10.75], "texture": "#0"},
				"up": {"uv": [11.25, 9.75, 10, 10], "texture": "#0"},
				"down": {"uv": [11.25, 10.5, 10, 10.75], "texture": "#0"}
			}
		},
		{
			"from": [18, 23.07107, 7.47107],
			"to": [23, 27.07107, 8.47107],
			"rotation": {"angle": 0, "axis": "y", "origin": [9, 14.07107, 7.97107]},
			"faces": {
				"north": {"uv": [11.25, 9.75, 10, 10.75], "texture": "#0"},
				"east": {"uv": [11.25, 9.75, 11, 10.75], "texture": "#0"},
				"south": {"uv": [10, 9.75, 11.25, 10.75], "texture": "#0"},
				"west": {"uv": [10.25, 9.75, 10, 10.75], "texture": "#0"},
				"up": {"uv": [10, 9.75, 11.25, 10], "texture": "#0"},
				"down": {"uv": [10, 10.5, 11.25, 10.75], "texture": "#0"}
			}
		},
		{
			"from": [15, 21.07107, 7.97107],
			"to": [24, 32.07107, 8.02107],
			"rotation": {"angle": 0, "axis": "y", "origin": [9, 14.07107, 7.97107]},
			"faces": {
				"north": {"uv": [11.5, 8.5, 9.25, 11.25], "texture": "#0"},
				"south": {"uv": [9.25, 8.5, 11.5, 11.25], "texture": "#0"}
			}
		},
		{
			"from": [-1, 13, 1.9],
			"to": [17, 21, 14.1],
			"rotation": {"angle": 0, "axis": "y", "origin": [0, 0, -0.1]},
			"faces": {
				"north": {"uv": [9.5, 6.5, 14, 8.5], "texture": "#0"},
				"east": {"uv": [3.5, 9.75, 6.5, 11.75], "texture": "#0"},
				"south": {"uv": [9.5, 3.5, 14, 5.5], "texture": "#0"},
				"west": {"uv": [3.5, 9.75, 6.5, 11.75], "texture": "#0"}
			}
		},
		{
			"from": [1, 17, 1.9],
			"to": [15, 17, 8.9],
			"rotation": {"angle": -45, "axis": "x", "origin": [1, 17, 1.9]},
			"faces": {
				"up": {"uv": [3.5, 10.75, 0, 9], "texture": "#0"}
			}
		},
		{
			"from": [1, 17, 7.1],
			"to": [15, 17, 14.1],
			"rotation": {"angle": 45, "axis": "x", "origin": [1, 17, 14.1]},
			"faces": {
				"up": {"uv": [3.5, 9, 0, 10.75], "texture": "#0"}
			}
		},
		{
			"from": [1, 25.07107, 7.97107],
			"to": [15, 38.07107, 8.02107],
			"rotation": {"angle": 0, "axis": "y", "origin": [-2, -0.92893, 7.97107]},
			"faces": {
				"north": {"uv": [5.5, 6.5, 9, 9.75], "texture": "#0"},
				"south": {"uv": [5.5, 6.5, 9, 9.75], "texture": "#0"}
			}
		},
		{
			"from": [20.20086, 10, 1.89914],
			"to": [24.20086, 15, 1.94914],
			"rotation": {"angle": 45, "axis": "y", "origin": [16.10086, 5.5, 1.89914]},
			"faces": {
				"north": {"uv": [3.25, 14.75, 4.25, 16], "texture": "#0"},
				"south": {"uv": [4.25, 14.75, 3.25, 16], "texture": "#0"}
			}
		},
		{
			"from": [-8.20086, 10, 1.89914],
			"to": [-4.20086, 15, 1.94914],
			"rotation": {"angle": -45, "axis": "y", "origin": [-0.10086, 5.5, 1.89914]},
			"faces": {
				"north": {"uv": [4.25, 14.75, 3.25, 16], "texture": "#0"},
				"south": {"uv": [3.25, 14.75, 4.25, 16], "texture": "#0"}
			}
		},
		{
			"from": [-8.20086, 10, 14.05086],
			"to": [-4.20086, 15, 14.10086],
			"rotation": {"angle": 45, "axis": "y", "origin": [-0.10086, 5.5, 14.10086]},
			"faces": {
				"north": {"uv": [4.25, 14.75, 3.25, 16], "texture": "#0"},
				"south": {"uv": [3.25, 14.75, 4.25, 16], "texture": "#0"}
			}
		},
		{
			"from": [20.20086, 10, 14.05086],
			"to": [24.20086, 15, 14.10086],
			"rotation": {"angle": -45, "axis": "y", "origin": [16.10086, 5.5, 14.10086]},
			"faces": {
				"north": {"uv": [3.25, 14.75, 4.25, 16], "texture": "#0"},
				"south": {"uv": [4.25, 14.75, 3.25, 16], "texture": "#0"}
			}
		},
		{
			"from": [-1, 2, 1],
			"to": [17, 5, 15],
			"rotation": {"angle": 0, "axis": "y", "origin": [0, -26, 0]},
			"faces": {
				"north": {"uv": [11.5, 8.5, 16, 9.25], "texture": "#0"},
				"east": {"uv": [0, 10.75, 3.5, 11.5], "texture": "#0"},
				"south": {"uv": [11.5, 8.5, 16, 9.25], "texture": "#0"},
				"west": {"uv": [0, 10.75, 3.5, 11.5], "texture": "#0"},
				"up": {"uv": [10, 3.5, 5.5, 0], "texture": "#0"},
				"down": {"uv": [10, 3.5, 5.5, 0], "texture": "#0"}
			}
		},
		{
			"from": [-2.1, 0, -1],
			"to": [1.9, 5, 3],
			"rotation": {"angle": -45, "axis": "y", "origin": [-1, 2.5, 1]},
			"faces": {
				"north": {"uv": [5, 11.75, 6, 13], "texture": "#0"},
				"east": {"uv": [12, 11.5, 13, 12.75], "texture": "#0"},
				"south": {"uv": [10.25, 12.25, 11.25, 13.5], "texture": "#0"},
				"west": {"uv": [15.25, 2, 14.25, 3.25], "texture": "#0"},
				"up": {"uv": [8.25, 14, 7.25, 13], "texture": "#0"},
				"down": {"uv": [3.25, 14.75, 2.25, 15.75], "texture": "#0"}
			}
		},
		{
			"from": [-6.1, 0, 1],
			"to": [-2.1, 5, 1.05],
			"rotation": {"angle": -45, "axis": "y", "origin": [-1, 2.5, 1]},
			"faces": {
				"north": {"uv": [11.25, 12.75, 12.25, 14], "texture": "#0"},
				"south": {"uv": [12.25, 12.75, 11.25, 14], "texture": "#0"}
			}
		},
		{
			"from": [-2.1, 0, 13],
			"to": [1.9, 5, 17],
			"rotation": {"angle": 45, "axis": "y", "origin": [-1, 2.5, 15]},
			"faces": {
				"north": {"uv": [11.25, 12.25, 10.25, 13.5], "texture": "#0"},
				"east": {"uv": [13, 11.5, 12, 12.75], "texture": "#0"},
				"south": {"uv": [6, 11.75, 5, 13], "texture": "#0"},
				"west": {"uv": [15.25, 2, 14.25, 3.25], "texture": "#0"},
				"up": {"uv": [8.25, 13, 7.25, 14], "texture": "#0"},
				"down": {"uv": [3.25, 15.75, 2.25, 14.75], "texture": "#0"}
			}
		},
		{
			"from": [-6.1, 0, 14.95],
			"to": [-2.1, 5, 15],
			"rotation": {"angle": 45, "axis": "y", "origin": [-1, 2.5, 15]},
			"faces": {
				"north": {"uv": [11.25, 12.75, 12.25, 14], "texture": "#0"},
				"south": {"uv": [12.25, 12.75, 11.25, 14], "texture": "#0"}
			}
		},
		{
			"from": [-1, 5, 1],
			"to": [2, 10, 4],
			"faces": {
				"north": {"uv": [7.75, 9.75, 8.5, 11], "texture": "#0"},
				"east": {"uv": [0, 13.25, 0.75, 14.5], "texture": "#0"},
				"south": {"uv": [13.25, 12.5, 14, 13.75], "texture": "#0"},
				"west": {"uv": [16, 2, 15.25, 3.25], "texture": "#0"},
				"up": {"uv": [3, 14.75, 2.25, 14], "texture": "#0"}
			}
		},
		{
			"from": [-1, 5, 12],
			"to": [2, 10, 15],
			"rotation": {"angle": 0, "axis": "y", "origin": [0, 0, 16]},
			"faces": {
				"north": {"uv": [14, 12.5, 13.25, 13.75], "texture": "#0"},
				"east": {"uv": [0.75, 13.25, 0, 14.5], "texture": "#0"},
				"south": {"uv": [8.5, 9.75, 7.75, 11], "texture": "#0"},
				"west": {"uv": [16, 2, 15.25, 3.25], "texture": "#0"},
				"up": {"uv": [3, 14, 2.25, 14.75], "texture": "#0"}
			}
		},
		{
			"from": [14.1, 0, -1],
			"to": [18.1, 5, 3],
			"rotation": {"angle": 45, "axis": "y", "origin": [17, 2.5, 1]},
			"faces": {
				"north": {"uv": [6, 11.75, 5, 13], "texture": "#0"},
				"east": {"uv": [15.25, 2, 14.25, 3.25], "texture": "#0"},
				"south": {"uv": [11.25, 12.25, 10.25, 13.5], "texture": "#0"},
				"west": {"uv": [13, 11.5, 12, 12.75], "texture": "#0"},
				"up": {"uv": [7.25, 14, 8.25, 13], "texture": "#0"},
				"down": {"uv": [2.25, 14.75, 3.25, 15.75], "texture": "#0"}
			}
		},
		{
			"from": [18.1, 0, 1],
			"to": [22.1, 5, 1.05],
			"rotation": {"angle": 45, "axis": "y", "origin": [17, 2.5, 1]},
			"faces": {
				"north": {"uv": [12.25, 12.75, 11.25, 14], "texture": "#0"},
				"south": {"uv": [11.25, 12.75, 12.25, 14], "texture": "#0"}
			}
		},
		{
			"from": [14.1, 0, 13],
			"to": [18.1, 5, 17],
			"rotation": {"angle": -45, "axis": "y", "origin": [17, 2.5, 15]},
			"faces": {
				"north": {"uv": [10.25, 12.25, 11.25, 13.5], "texture": "#0"},
				"east": {"uv": [15.25, 2, 14.25, 3.25], "texture": "#0"},
				"south": {"uv": [5, 11.75, 6, 13], "texture": "#0"},
				"west": {"uv": [12, 11.5, 13, 12.75], "texture": "#0"},
				"up": {"uv": [7.25, 13, 8.25, 14], "texture": "#0"},
				"down": {"uv": [2.25, 15.75, 3.25, 14.75], "texture": "#0"}
			}
		},
		{
			"from": [18.1, 0, 14.95],
			"to": [22.1, 5, 15],
			"rotation": {"angle": -45, "axis": "y", "origin": [17, 2.5, 15]},
			"faces": {
				"north": {"uv": [12.25, 12.75, 11.25, 14], "texture": "#0"},
				"south": {"uv": [11.25, 12.75, 12.25, 14], "texture": "#0"}
			}
		},
		{
			"from": [14, 5, 1],
			"to": [17, 10, 4],
			"rotation": {"angle": 0, "axis": "y", "origin": [16, 0, 0]},
			"faces": {
				"north": {"uv": [8.5, 9.75, 7.75, 11], "texture": "#0"},
				"east": {"uv": [16, 2, 15.25, 3.25], "texture": "#0"},
				"south": {"uv": [14, 12.5, 13.25, 13.75], "texture": "#0"},
				"west": {"uv": [0.75, 13.25, 0, 14.5], "texture": "#0"},
				"up": {"uv": [2.25, 14.75, 3, 14], "texture": "#0"}
			}
		},
		{
			"from": [14, 5, 12],
			"to": [17, 10, 15],
			"rotation": {"angle": 0, "axis": "y", "origin": [16, 0, 16]},
			"faces": {
				"north": {"uv": [13.25, 12.5, 14, 13.75], "texture": "#0"},
				"east": {"uv": [16, 2, 15.25, 3.25], "texture": "#0"},
				"south": {"uv": [7.75, 9.75, 8.5, 11], "texture": "#0"},
				"west": {"uv": [0, 13.25, 0.75, 14.5], "texture": "#0"},
				"up": {"uv": [2.25, 14, 3, 14.75], "texture": "#0"}
			}
		},
		{
			"from": [0, 5, 2],
			"to": [16, 10, 14],
			"rotation": {"angle": 0, "axis": "y", "origin": [0, -26, 0]},
			"faces": {
				"north": {"uv": [10, 0, 14, 1.25], "texture": "#0"},
				"east": {"uv": [10, 2, 13, 3.25], "texture": "#0"},
				"south": {"uv": [10, 0, 14, 1.25], "texture": "#0"},
				"west": {"uv": [10, 2, 13, 3.25], "texture": "#0"},
				"up": {"uv": [9.5, 6.5, 5.5, 3.5], "texture": "#0"}
			}
		},
		{
			"from": [9.35, 7.95, -5.55],
			"to": [9.95, 8.55, -4.95],
			"shade": false,
			"rotation": {"angle": 0, "axis": "y", "origin": [15.5, -4, -1.5]},
			"faces": {
				"north": {"uv": [0, 14, 2, 16], "texture": "#1"},
				"east": {"uv": [0, 14, 2, 16], "texture": "#1"},
				"south": {"uv": [0, 14, 2, 16], "texture": "#1"},
				"west": {"uv": [0, 14, 2, 16], "texture": "#1"},
				"up": {"uv": [0, 14, 2, 16], "rotation": 180, "texture": "#1"},
				"down": {"uv": [0, 14, 2, 16], "rotation": 180, "texture": "#1"}
			}
		},
		{
			"from": [10.2, 8.8, -4.7],
			"to": [9.1, 7.7, -5.8],
			"shade": false,
			"rotation": {"angle": 0, "axis": "y", "origin": [15.5, -4, -1.5]},
			"faces": {
				"north": {"uv": [2, 14, 4, 16], "texture": "#1"},
				"east": {"uv": [2, 14, 4, 16], "texture": "#1"},
				"south": {"uv": [2, 14, 4, 16], "texture": "#1"},
				"west": {"uv": [2, 14, 4, 16], "texture": "#1"},
				"up": {"uv": [2, 14, 4, 16], "rotation": 180, "texture": "#1"},
				"down": {"uv": [2, 14, 4, 16], "rotation": 180, "texture": "#1"}
			}
		},
		{
			"from": [5.23564, 5.34384, -5.6],
			"to": [5.93564, 6.04384, -4.9],
			"shade": false,
			"rotation": {"angle": -22.5, "axis": "z", "origin": [15.5, -4, -1.5]},
			"faces": {
				"north": {"uv": [0, 12, 2, 14], "texture": "#1"},
				"east": {"uv": [0, 12, 2, 14], "texture": "#1"},
				"south": {"uv": [0, 12, 2, 14], "texture": "#1"},
				"west": {"uv": [0, 12, 2, 14], "texture": "#1"},
				"up": {"uv": [0, 12, 2, 14], "rotation": 180, "texture": "#1"},
				"down": {"uv": [0, 12, 2, 14], "rotation": 180, "texture": "#1"}
			}
		},
		{
			"from": [6.23564, 6.34384, -4.6],
			"to": [4.93564, 5.04384, -5.9],
			"shade": false,
			"rotation": {"angle": -22.5, "axis": "z", "origin": [15.5, -4, -1.5]},
			"faces": {
				"north": {"uv": [2, 12, 4, 14], "texture": "#1"},
				"east": {"uv": [2, 12, 4, 14], "texture": "#1"},
				"south": {"uv": [2, 12, 4, 14], "texture": "#1"},
				"west": {"uv": [2, 12, 4, 14], "texture": "#1"},
				"up": {"uv": [2, 12, 4, 14], "rotation": 180, "texture": "#1"},
				"down": {"uv": [2, 12, 4, 14], "rotation": 180, "texture": "#1"}
			}
		},
		{
			"from": [1.84781, 1.51041, -5.75],
			"to": [2.84781, 2.51041, -4.75],
			"shade": false,
			"rotation": {"angle": -45, "axis": "z", "origin": [15.5, -4, -1.5]},
			"faces": {
				"north": {"uv": [0, 10, 2, 12], "texture": "#1"},
				"east": {"uv": [0, 10, 2, 12], "texture": "#1"},
				"south": {"uv": [0, 10, 2, 12], "texture": "#1"},
				"west": {"uv": [0, 10, 2, 12], "texture": "#1"},
				"up": {"uv": [0, 10, 2, 12], "rotation": 180, "texture": "#1"},
				"down": {"uv": [0, 10, 2, 12], "rotation": 180, "texture": "#1"}
			}
		},
		{
			"from": [3.09781, 2.76041, -4.5],
			"to": [1.59781, 1.26041, -6],
			"shade": false,
			"rotation": {"angle": -45, "axis": "z", "origin": [15.5, -4, -1.5]},
			"faces": {
				"north": {"uv": [2, 10, 4, 12], "texture": "#1"},
				"east": {"uv": [2, 10, 4, 12], "texture": "#1"},
				"south": {"uv": [2, 10, 4, 12], "texture": "#1"},
				"west": {"uv": [2, 10, 4, 12], "texture": "#1"},
				"up": {"uv": [2, 10, 4, 12], "rotation": 180, "texture": "#1"},
				"down": {"uv": [2, 10, 4, 12], "rotation": 180, "texture": "#1"}
			}
		},
		{
			"from": [15.23332, 10.82744, -5.75],
			"to": [16.23332, 11.82744, -4.75],
			"shade": false,
			"rotation": {"angle": 22.5, "axis": "z", "origin": [15.5, -4, -1.5]},
			"faces": {
				"north": {"uv": [0, 8, 2, 10], "rotation": 270, "texture": "#1"},
				"east": {"uv": [0, 8, 2, 10], "rotation": 270, "texture": "#1"},
				"south": {"uv": [0, 8, 2, 10], "rotation": 90, "texture": "#1"},
				"west": {"uv": [0, 8, 2, 10], "rotation": 270, "texture": "#1"},
				"up": {"uv": [0, 8, 2, 10], "rotation": 90, "texture": "#1"},
				"down": {"uv": [0, 8, 2, 10], "rotation": 90, "texture": "#1"}
			}
		},
		{
			"from": [16.48332, 12.07744, -4.5],
			"to": [14.98332, 10.57744, -6],
			"shade": false,
			"rotation": {"angle": 22.5, "axis": "z", "origin": [15.5, -4, -1.5]},
			"faces": {
				"north": {"uv": [2, 8, 4, 10], "rotation": 270, "texture": "#1"},
				"east": {"uv": [2, 8, 4, 10], "rotation": 270, "texture": "#1"},
				"south": {"uv": [2, 8, 4, 10], "rotation": 90, "texture": "#1"},
				"west": {"uv": [2, 8, 4, 10], "rotation": 270, "texture": "#1"},
				"up": {"uv": [2, 8, 4, 10], "rotation": 90, "texture": "#1"},
				"down": {"uv": [2, 8, 4, 10], "rotation": 90, "texture": "#1"}
			}
		},
		{
			"from": [8.85, 10.35, -5.75],
			"to": [9.85, 11.35, -4.75],
			"shade": false,
			"rotation": {"angle": 0, "axis": "y", "origin": [15.5, -4, -1.5]},
			"faces": {
				"north": {"uv": [0, 6, 2, 8], "texture": "#1"},
				"east": {"uv": [0, 6, 2, 8], "texture": "#1"},
				"south": {"uv": [0, 6, 2, 8], "texture": "#1"},
				"west": {"uv": [0, 6, 2, 8], "texture": "#1"},
				"up": {"uv": [0, 6, 2, 8], "rotation": 180, "texture": "#1"},
				"down": {"uv": [0, 6, 2, 8], "rotation": 180, "texture": "#1"}
			}
		},
		{
			"from": [10.1, 11.6, -4.5],
			"to": [8.6, 10.1, -6],
			"shade": false,
			"rotation": {"angle": 0, "axis": "y", "origin": [15.5, -4, -1.5]},
			"faces": {
				"north": {"uv": [2, 6, 4, 8], "texture": "#1"},
				"east": {"uv": [2, 6, 4, 8], "texture": "#1"},
				"south": {"uv": [2, 6, 4, 8], "texture": "#1"},
				"west": {"uv": [2, 6, 4, 8], "texture": "#1"},
				"up": {"uv": [2, 6, 4, 8], "rotation": 180, "texture": "#1"},
				"down": {"uv": [2, 6, 4, 8], "rotation": 180, "texture": "#1"}
			}
		},
		{
			"from": [15.64191, 12.38568, -5.6],
			"to": [16.34191, 13.08568, -4.9],
			"shade": false,
			"rotation": {"angle": 22.5, "axis": "z", "origin": [15.5, -4, -1.5]},
			"faces": {
				"north": {"uv": [0, 4, 2, 6], "texture": "#1"},
				"east": {"uv": [0, 4, 2, 6], "texture": "#1"},
				"south": {"uv": [0, 4, 2, 6], "texture": "#1"},
				"west": {"uv": [0, 4, 2, 6], "texture": "#1"},
				"up": {"uv": [0, 4, 2, 6], "rotation": 180, "texture": "#1"},
				"down": {"uv": [0, 4, 2, 6], "rotation": 180, "texture": "#1"}
			}
		},
		{
			"from": [16.64191, 13.38568, -4.6],
			"to": [15.34191, 12.08568, -5.9],
			"shade": false,
			"rotation": {"angle": 22.5, "axis": "z", "origin": [15.5, -4, -1.5]},
			"faces": {
				"north": {"uv": [2, 4, 4, 6], "texture": "#1"},
				"east": {"uv": [2, 4, 4, 6], "texture": "#1"},
				"south": {"uv": [2, 4, 4, 6], "texture": "#1"},
				"west": {"uv": [2, 4, 4, 6], "texture": "#1"},
				"up": {"uv": [2, 4, 4, 6], "rotation": 180, "texture": "#1"},
				"down": {"uv": [2, 4, 4, 6], "rotation": 180, "texture": "#1"}
			}
		},
		{
			"from": [9.5, 11.95, -5.55],
			"to": [10.1, 12.55, -4.95],
			"shade": false,
			"rotation": {"angle": 0, "axis": "y", "origin": [15.5, -4, -1.5]},
			"faces": {
				"north": {"uv": [0, 2, 2, 4], "texture": "#1"},
				"east": {"uv": [0, 2, 2, 4], "texture": "#1"},
				"south": {"uv": [0, 2, 2, 4], "texture": "#1"},
				"west": {"uv": [0, 2, 2, 4], "texture": "#1"},
				"up": {"uv": [0, 2, 2, 4], "rotation": 180, "texture": "#1"},
				"down": {"uv": [0, 2, 2, 4], "rotation": 180, "texture": "#1"}
			}
		},
		{
			"from": [10.35, 12.8, -4.7],
			"to": [9.25, 11.7, -5.8],
			"shade": false,
			"rotation": {"angle": 0, "axis": "y", "origin": [15.5, -4, -1.5]},
			"faces": {
				"north": {"uv": [2, 2, 4, 4], "texture": "#1"},
				"east": {"uv": [2, 2, 4, 4], "texture": "#1"},
				"south": {"uv": [2, 2, 4, 4], "texture": "#1"},
				"west": {"uv": [2, 2, 4, 4], "texture": "#1"},
				"up": {"uv": [2, 2, 4, 4], "rotation": 180, "texture": "#1"},
				"down": {"uv": [2, 2, 4, 4], "rotation": 180, "texture": "#1"}
			}
		},
		{
			"from": [5.05, 10.95, -5.55],
			"to": [5.65, 11.55, -4.95],
			"shade": false,
			"rotation": {"angle": 0, "axis": "y", "origin": [15.5, -3, -1.5]},
			"faces": {
				"north": {"uv": [6, 14, 4, 16], "texture": "#1"},
				"east": {"uv": [6, 14, 4, 16], "texture": "#1"},
				"south": {"uv": [6, 14, 4, 16], "texture": "#1"},
				"west": {"uv": [6, 14, 4, 16], "texture": "#1"},
				"up": {"uv": [6, 14, 4, 16], "rotation": 180, "texture": "#1"},
				"down": {"uv": [6, 14, 4, 16], "rotation": 180, "texture": "#1"}
			}
		},
		{
			"from": [5.9, 11.8, -4.7],
			"to": [4.8, 10.7, -5.8],
			"shade": false,
			"rotation": {"angle": 0, "axis": "y", "origin": [15.5, -3, -1.5]},
			"faces": {
				"north": {"uv": [8, 14, 6, 16], "texture": "#1"},
				"east": {"uv": [8, 14, 6, 16], "texture": "#1"},
				"south": {"uv": [8, 14, 6, 16], "texture": "#1"},
				"west": {"uv": [8, 14, 6, 16], "texture": "#1"},
				"up": {"uv": [8, 14, 6, 16], "rotation": 180, "texture": "#1"},
				"down": {"uv": [8, 14, 6, 16], "rotation": 180, "texture": "#1"}
			}
		},
		{
			"from": [11.04765, 14.31453, -5.6],
			"to": [11.74765, 15.01453, -4.9],
			"shade": false,
			"rotation": {"angle": 22.5, "axis": "z", "origin": [15.5, -3, -1.5]},
			"faces": {
				"north": {"uv": [6, 12, 4, 14], "texture": "#1"},
				"east": {"uv": [6, 12, 4, 14], "texture": "#1"},
				"south": {"uv": [6, 12, 4, 14], "texture": "#1"},
				"west": {"uv": [6, 12, 4, 14], "texture": "#1"},
				"up": {"uv": [6, 12, 4, 14], "rotation": 180, "texture": "#1"},
				"down": {"uv": [6, 12, 4, 14], "rotation": 180, "texture": "#1"}
			}
		},
		{
			"from": [12.04765, 15.31453, -4.6],
			"to": [10.74765, 14.01453, -5.9],
			"shade": false,
			"rotation": {"angle": 22.5, "axis": "z", "origin": [15.5, -3, -1.5]},
			"faces": {
				"north": {"uv": [8, 12, 6, 14], "texture": "#1"},
				"east": {"uv": [8, 12, 6, 14], "texture": "#1"},
				"south": {"uv": [8, 12, 6, 14], "texture": "#1"},
				"west": {"uv": [8, 12, 6, 14], "texture": "#1"},
				"up": {"uv": [8, 12, 6, 14], "rotation": 180, "texture": "#1"},
				"down": {"uv": [8, 12, 6, 14], "rotation": 180, "texture": "#1"}
			}
		},
		{
			"from": [18.25269, 15.23833, -5.75],
			"to": [19.25269, 16.23833, -4.75],
			"shade": false,
			"rotation": {"angle": 45, "axis": "z", "origin": [15.5, -3, -1.5]},
			"faces": {
				"north": {"uv": [6, 10, 4, 12], "texture": "#1"},
				"east": {"uv": [6, 10, 4, 12], "texture": "#1"},
				"south": {"uv": [6, 10, 4, 12], "texture": "#1"},
				"west": {"uv": [6, 10, 4, 12], "texture": "#1"},
				"up": {"uv": [6, 10, 4, 12], "rotation": 180, "texture": "#1"},
				"down": {"uv": [6, 10, 4, 12], "rotation": 180, "texture": "#1"}
			}
		},
		{
			"from": [19.50269, 16.48833, -4.5],
			"to": [18.00269, 14.98833, -6],
			"shade": false,
			"rotation": {"angle": 45, "axis": "z", "origin": [15.5, -3, -1.5]},
			"faces": {
				"north": {"uv": [8, 10, 6, 12], "texture": "#1"},
				"east": {"uv": [8, 10, 6, 12], "texture": "#1"},
				"south": {"uv": [8, 10, 6, 12], "texture": "#1"},
				"west": {"uv": [8, 10, 6, 12], "texture": "#1"},
				"up": {"uv": [8, 10, 6, 12], "rotation": 180, "texture": "#1"},
				"down": {"uv": [8, 10, 6, 12], "rotation": 180, "texture": "#1"}
			}
		},
		{
			"from": [-0.78076, 7.55227, -5.75],
			"to": [0.21924, 8.55227, -4.75],
			"shade": false,
			"rotation": {"angle": -22.5, "axis": "z", "origin": [15.5, -3, -1.5]},
			"faces": {
				"north": {"uv": [4, 10, 6, 8], "rotation": 270, "texture": "#1"},
				"east": {"uv": [4, 10, 6, 8], "rotation": 270, "texture": "#1"},
				"south": {"uv": [4, 10, 6, 8], "rotation": 90, "texture": "#1"},
				"west": {"uv": [4, 10, 6, 8], "rotation": 270, "texture": "#1"},
				"up": {"uv": [4, 10, 6, 8], "rotation": 90, "texture": "#1"},
				"down": {"uv": [4, 10, 6, 8], "rotation": 90, "texture": "#1"}
			}
		},
		{
			"from": [0.46924, 8.80227, -4.5],
			"to": [-1.03076, 7.30227, -6],
			"shade": false,
			"rotation": {"angle": -22.5, "axis": "z", "origin": [15.5, -3, -1.5]},
			"faces": {
				"north": {"uv": [6, 10, 8, 8], "rotation": 270, "texture": "#1"},
				"east": {"uv": [6, 10, 8, 8], "rotation": 270, "texture": "#1"},
				"south": {"uv": [6, 10, 8, 8], "rotation": 90, "texture": "#1"},
				"west": {"uv": [6, 10, 8, 8], "rotation": 270, "texture": "#1"},
				"up": {"uv": [6, 10, 8, 8], "rotation": 90, "texture": "#1"},
				"down": {"uv": [6, 10, 8, 8], "rotation": 90, "texture": "#1"}
			}
		},
		{
			"from": [5.15, 13.35, -5.75],
			"to": [6.15, 14.35, -4.75],
			"shade": false,
			"rotation": {"angle": 0, "axis": "y", "origin": [15.5, -3, -1.5]},
			"faces": {
				"north": {"uv": [6, 6, 4, 8], "texture": "#1"},
				"east": {"uv": [6, 6, 4, 8], "texture": "#1"},
				"south": {"uv": [6, 6, 4, 8], "texture": "#1"},
				"west": {"uv": [6, 6, 4, 8], "texture": "#1"},
				"up": {"uv": [6, 6, 4, 8], "rotation": 180, "texture": "#1"},
				"down": {"uv": [6, 6, 4, 8], "rotation": 180, "texture": "#1"}
			}
		},
		{
			"from": [6.4, 14.6, -4.5],
			"to": [4.9, 13.1, -6],
			"shade": false,
			"rotation": {"angle": 0, "axis": "y", "origin": [15.5, -3, -1.5]},
			"faces": {
				"north": {"uv": [8, 6, 6, 8], "texture": "#1"},
				"east": {"uv": [8, 6, 6, 8], "texture": "#1"},
				"south": {"uv": [8, 6, 6, 8], "texture": "#1"},
				"west": {"uv": [8, 6, 6, 8], "texture": "#1"},
				"up": {"uv": [8, 6, 6, 8], "rotation": 180, "texture": "#1"},
				"down": {"uv": [8, 6, 6, 8], "rotation": 180, "texture": "#1"}
			}
		},
		{
			"from": [-0.88935, 9.11051, -5.6],
			"to": [-0.18935, 9.81051, -4.9],
			"shade": false,
			"rotation": {"angle": -22.5, "axis": "z", "origin": [15.5, -3, -1.5]},
			"faces": {
				"north": {"uv": [6, 4, 4, 6], "texture": "#1"},
				"east": {"uv": [6, 4, 4, 6], "texture": "#1"},
				"south": {"uv": [6, 4, 4, 6], "texture": "#1"},
				"west": {"uv": [6, 4, 4, 6], "texture": "#1"},
				"up": {"uv": [6, 4, 4, 6], "rotation": 180, "texture": "#1"},
				"down": {"uv": [6, 4, 4, 6], "rotation": 180, "texture": "#1"}
			}
		},
		{
			"from": [0.11065, 10.11051, -4.6],
			"to": [-1.18935, 8.81051, -5.9],
			"shade": false,
			"rotation": {"angle": -22.5, "axis": "z", "origin": [15.5, -3, -1.5]},
			"faces": {
				"north": {"uv": [8, 4, 6, 6], "texture": "#1"},
				"east": {"uv": [8, 4, 6, 6], "texture": "#1"},
				"south": {"uv": [8, 4, 6, 6], "texture": "#1"},
				"west": {"uv": [8, 4, 6, 6], "texture": "#1"},
				"up": {"uv": [8, 4, 6, 6], "rotation": 180, "texture": "#1"},
				"down": {"uv": [8, 4, 6, 6], "rotation": 180, "texture": "#1"}
			}
		},
		{
			"from": [4.9, 14.95, -5.55],
			"to": [5.5, 15.55, -4.95],
			"shade": false,
			"rotation": {"angle": 0, "axis": "y", "origin": [15.5, -3, -1.5]},
			"faces": {
				"north": {"uv": [6, 2, 4, 4], "texture": "#1"},
				"east": {"uv": [6, 2, 4, 4], "texture": "#1"},
				"south": {"uv": [6, 2, 4, 4], "texture": "#1"},
				"west": {"uv": [6, 2, 4, 4], "texture": "#1"},
				"up": {"uv": [6, 2, 4, 4], "rotation": 180, "texture": "#1"},
				"down": {"uv": [6, 2, 4, 4], "rotation": 180, "texture": "#1"}
			}
		},
		{
			"from": [5.75, 15.8, -4.7],
			"to": [4.65, 14.7, -5.8],
			"shade": false,
			"rotation": {"angle": 0, "axis": "y", "origin": [15.5, -3, -1.5]},
			"faces": {
				"north": {"uv": [8, 2, 6, 4], "texture": "#1"},
				"east": {"uv": [8, 2, 6, 4], "texture": "#1"},
				"south": {"uv": [8, 2, 6, 4], "texture": "#1"},
				"west": {"uv": [8, 2, 6, 4], "texture": "#1"},
				"up": {"uv": [8, 2, 6, 4], "rotation": 180, "texture": "#1"},
				"down": {"uv": [8, 2, 6, 4], "rotation": 180, "texture": "#1"}
			}
		},
		{
			"from": [8.05, 14.95, -5.55],
			"to": [8.65, 15.55, -4.95],
			"shade": false,
			"rotation": {"angle": 0, "axis": "y", "origin": [18.5, 1, 6.5]},
			"faces": {
				"north": {"uv": [14, 14, 12, 16], "texture": "#1"},
				"east": {"uv": [14, 14, 12, 16], "texture": "#1"},
				"south": {"uv": [14, 14, 12, 16], "texture": "#1"},
				"west": {"uv": [14, 14, 12, 16], "texture": "#1"},
				"up": {"uv": [14, 14, 12, 16], "rotation": 180, "texture": "#1"},
				"down": {"uv": [14, 14, 12, 16], "rotation": 180, "texture": "#1"}
			}
		},
		{
			"from": [8.9, 15.8, -4.7],
			"to": [7.8, 14.7, -5.8],
			"shade": false,
			"rotation": {"angle": 0, "axis": "y", "origin": [18.5, 1, 6.5]},
			"faces": {
				"north": {"uv": [16, 14, 14, 16], "texture": "#1"},
				"east": {"uv": [16, 14, 14, 16], "texture": "#1"},
				"south": {"uv": [16, 14, 14, 16], "texture": "#1"},
				"west": {"uv": [16, 14, 14, 16], "texture": "#1"},
				"up": {"uv": [16, 14, 14, 16], "rotation": 180, "texture": "#1"},
				"down": {"uv": [16, 14, 14, 16], "rotation": 180, "texture": "#1"}
			}
		},
		{
			"from": [14.04765, 18.31453, -5.6],
			"to": [14.74765, 19.01453, -4.9],
			"shade": false,
			"rotation": {"angle": 22.5, "axis": "z", "origin": [18.5, 1, 6.5]},
			"faces": {
				"north": {"uv": [14, 12, 12, 14], "texture": "#1"},
				"east": {"uv": [14, 12, 12, 14], "texture": "#1"},
				"south": {"uv": [14, 12, 12, 14], "texture": "#1"},
				"west": {"uv": [14, 12, 12, 14], "texture": "#1"},
				"up": {"uv": [14, 12, 12, 14], "rotation": 180, "texture": "#1"},
				"down": {"uv": [14, 12, 12, 14], "rotation": 180, "texture": "#1"}
			}
		},
		{
			"from": [15.04765, 19.31453, -4.6],
			"to": [13.74765, 18.01453, -5.9],
			"shade": false,
			"rotation": {"angle": 22.5, "axis": "z", "origin": [18.5, 1, 6.5]},
			"faces": {
				"north": {"uv": [16, 12, 14, 14], "texture": "#1"},
				"east": {"uv": [16, 12, 14, 14], "texture": "#1"},
				"south": {"uv": [16, 12, 14, 14], "texture": "#1"},
				"west": {"uv": [16, 12, 14, 14], "texture": "#1"},
				"up": {"uv": [16, 12, 14, 14], "rotation": 180, "texture": "#1"},
				"down": {"uv": [16, 12, 14, 14], "rotation": 180, "texture": "#1"}
			}
		},
		{
			"from": [21.25269, 19.23833, -5.75],
			"to": [22.25269, 20.23833, -4.75],
			"shade": false,
			"rotation": {"angle": 45, "axis": "z", "origin": [18.5, 1, 6.5]},
			"faces": {
				"north": {"uv": [14, 10, 12, 12], "texture": "#1"},
				"east": {"uv": [14, 10, 12, 12], "texture": "#1"},
				"south": {"uv": [14, 10, 12, 12], "texture": "#1"},
				"west": {"uv": [14, 10, 12, 12], "texture": "#1"},
				"up": {"uv": [14, 10, 12, 12], "rotation": 180, "texture": "#1"},
				"down": {"uv": [14, 10, 12, 12], "rotation": 180, "texture": "#1"}
			}
		},
		{
			"from": [22.50269, 20.48833, -4.5],
			"to": [21.00269, 18.98833, -6],
			"shade": false,
			"rotation": {"angle": 45, "axis": "z", "origin": [18.5, 1, 6.5]},
			"faces": {
				"north": {"uv": [16, 10, 14, 12], "texture": "#1"},
				"east": {"uv": [16, 10, 14, 12], "texture": "#1"},
				"south": {"uv": [16, 10, 14, 12], "texture": "#1"},
				"west": {"uv": [16, 10, 14, 12], "texture": "#1"},
				"up": {"uv": [16, 10, 14, 12], "rotation": 180, "texture": "#1"},
				"down": {"uv": [16, 10, 14, 12], "rotation": 180, "texture": "#1"}
			}
		},
		{
			"from": [2.21924, 11.55227, -5.75],
			"to": [3.21924, 12.55227, -4.75],
			"shade": false,
			"rotation": {"angle": -22.5, "axis": "z", "origin": [18.5, 1, 6.5]},
			"faces": {
				"north": {"uv": [12, 10, 14, 8], "rotation": 270, "texture": "#1"},
				"east": {"uv": [12, 10, 14, 8], "rotation": 270, "texture": "#1"},
				"south": {"uv": [12, 10, 14, 8], "rotation": 90, "texture": "#1"},
				"west": {"uv": [12, 10, 14, 8], "rotation": 270, "texture": "#1"},
				"up": {"uv": [12, 10, 14, 8], "rotation": 90, "texture": "#1"},
				"down": {"uv": [12, 10, 14, 8], "rotation": 90, "texture": "#1"}
			}
		},
		{
			"from": [3.46924, 12.80227, -4.5],
			"to": [1.96924, 11.30227, -6],
			"shade": false,
			"rotation": {"angle": -22.5, "axis": "z", "origin": [18.5, 1, 6.5]},
			"faces": {
				"north": {"uv": [14, 10, 16, 8], "rotation": 270, "texture": "#1"},
				"east": {"uv": [14, 10, 16, 8], "rotation": 270, "texture": "#1"},
				"south": {"uv": [14, 10, 16, 8], "rotation": 90, "texture": "#1"},
				"west": {"uv": [14, 10, 16, 8], "rotation": 270, "texture": "#1"},
				"up": {"uv": [14, 10, 16, 8], "rotation": 90, "texture": "#1"},
				"down": {"uv": [14, 10, 16, 8], "rotation": 90, "texture": "#1"}
			}
		},
		{
			"from": [8.15, 17.35, -5.75],
			"to": [9.15, 18.35, -4.75],
			"shade": false,
			"rotation": {"angle": 0, "axis": "y", "origin": [18.5, 1, 6.5]},
			"faces": {
				"north": {"uv": [14, 6, 12, 8], "texture": "#1"},
				"east": {"uv": [14, 6, 12, 8], "texture": "#1"},
				"south": {"uv": [14, 6, 12, 8], "texture": "#1"},
				"west": {"uv": [14, 6, 12, 8], "texture": "#1"},
				"up": {"uv": [14, 6, 12, 8], "rotation": 180, "texture": "#1"},
				"down": {"uv": [14, 6, 12, 8], "rotation": 180, "texture": "#1"}
			}
		},
		{
			"from": [9.4, 18.6, -4.5],
			"to": [7.9, 17.1, -6],
			"shade": false,
			"rotation": {"angle": 0, "axis": "y", "origin": [18.5, 1, 6.5]},
			"faces": {
				"north": {"uv": [16, 6, 14, 8], "texture": "#1"},
				"east": {"uv": [16, 6, 14, 8], "texture": "#1"},
				"south": {"uv": [16, 6, 14, 8], "texture": "#1"},
				"west": {"uv": [16, 6, 14, 8], "texture": "#1"},
				"up": {"uv": [16, 6, 14, 8], "rotation": 180, "texture": "#1"},
				"down": {"uv": [16, 6, 14, 8], "rotation": 180, "texture": "#1"}
			}
		},
		{
			"from": [2.11065, 13.11051, -5.6],
			"to": [2.81065, 13.81051, -4.9],
			"shade": false,
			"rotation": {"angle": -22.5, "axis": "z", "origin": [18.5, 1, 6.5]},
			"faces": {
				"north": {"uv": [14, 4, 12, 6], "texture": "#1"},
				"east": {"uv": [14, 4, 12, 6], "texture": "#1"},
				"south": {"uv": [14, 4, 12, 6], "texture": "#1"},
				"west": {"uv": [14, 4, 12, 6], "texture": "#1"},
				"up": {"uv": [14, 4, 12, 6], "rotation": 180, "texture": "#1"},
				"down": {"uv": [14, 4, 12, 6], "rotation": 180, "texture": "#1"}
			}
		},
		{
			"from": [3.11065, 14.11051, -4.6],
			"to": [1.81065, 12.81051, -5.9],
			"shade": false,
			"rotation": {"angle": -22.5, "axis": "z", "origin": [18.5, 1, 6.5]},
			"faces": {
				"north": {"uv": [16, 4, 14, 6], "texture": "#1"},
				"east": {"uv": [16, 4, 14, 6], "texture": "#1"},
				"south": {"uv": [16, 4, 14, 6], "texture": "#1"},
				"west": {"uv": [16, 4, 14, 6], "texture": "#1"},
				"up": {"uv": [16, 4, 14, 6], "rotation": 180, "texture": "#1"},
				"down": {"uv": [16, 4, 14, 6], "rotation": 180, "texture": "#1"}
			}
		},
		{
			"from": [7.9, 18.95, -5.55],
			"to": [8.5, 19.55, -4.95],
			"shade": false,
			"rotation": {"angle": 0, "axis": "y", "origin": [18.5, 1, 6.5]},
			"faces": {
				"north": {"uv": [14, 2, 12, 4], "texture": "#1"},
				"east": {"uv": [14, 2, 12, 4], "texture": "#1"},
				"south": {"uv": [14, 2, 12, 4], "texture": "#1"},
				"west": {"uv": [14, 2, 12, 4], "texture": "#1"},
				"up": {"uv": [14, 2, 12, 4], "rotation": 180, "texture": "#1"},
				"down": {"uv": [14, 2, 12, 4], "rotation": 180, "texture": "#1"}
			}
		},
		{
			"from": [8.75, 19.8, -4.7],
			"to": [7.65, 18.7, -5.8],
			"shade": false,
			"rotation": {"angle": 0, "axis": "y", "origin": [18.5, 1, 6.5]},
			"faces": {
				"north": {"uv": [16, 2, 14, 4], "texture": "#1"},
				"east": {"uv": [16, 2, 14, 4], "texture": "#1"},
				"south": {"uv": [16, 2, 14, 4], "texture": "#1"},
				"west": {"uv": [16, 2, 14, 4], "texture": "#1"},
				"up": {"uv": [16, 2, 14, 4], "rotation": 180, "texture": "#1"},
				"down": {"uv": [16, 2, 14, 4], "rotation": 180, "texture": "#1"}
			}
		}
	],
	"groups": [
		{
			"name": "top",
			"origin": [16.10086, 5.5, 1.89914],
			"color": 0,
			"children": [0, 1, 2, 3, 4, 5, 6, 7, 8, 9, 10, 11, 12, 13, 14, 15, 16, 17, 18, 19, 20, 21, 22, 23, 23, 24, 25, 26, 27]
		},
		{
			"name": "bottom",
			"origin": [0, 0, 0],
			"color": 0,
			"children": [28, 29, 30, 31, 32, 33, 34, 35, 36, 37, 38, 39, 40, 41]
		},
		{
			"name": "particles",
			"origin": [8, 8, 8],
			"color": 0,
			"children": [
				{
					"name": "particles1",
					"origin": [0, 0, 0],
					"color": 0,
					"children": [
						{
							"name": "particle1",
							"origin": [0, 0, 0],
							"color": 0,
							"children": [42, 43]
						},
						{
							"name": "particle2",
							"origin": [0, 0, 0],
							"color": 0,
							"children": [44, 45]
						},
						{
							"name": "particle3",
							"origin": [0, 0, 0],
							"color": 0,
							"children": [46, 47]
						},
						{
							"name": "particle4",
							"origin": [0, 0, 0],
							"color": 0,
							"children": [48, 49]
						},
						{
							"name": "particle5",
							"origin": [0, 0, 0],
							"color": 0,
							"children": [50, 51]
						},
						{
							"name": "particle6",
							"origin": [0, 0, 0],
							"color": 0,
							"children": [52, 53]
						},
						{
							"name": "particle7",
							"origin": [0, 0, 0],
							"color": 0,
							"children": [54, 55]
						}
					]
				},
				{
					"name": "particles2",
					"origin": [0, 0, 0],
					"color": 0,
					"children": [
						{
							"name": "particle1",
							"origin": [0, 0, 0],
							"color": 0,
							"children": [56, 57]
						},
						{
							"name": "particle2",
							"origin": [0, 0, 0],
							"color": 0,
							"children": [58, 59]
						},
						{
							"name": "particle3",
							"origin": [0, 0, 0],
							"color": 0,
							"children": [60, 61]
						},
						{
							"name": "particle4",
							"origin": [0, 0, 0],
							"color": 0,
							"children": [62, 63]
						},
						{
							"name": "particle5",
							"origin": [0, 0, 0],
							"color": 0,
							"children": [64, 65]
						},
						{
							"name": "particle6",
							"origin": [0, 0, 0],
							"color": 0,
							"children": [66, 67]
						},
						{
							"name": "particle7",
							"origin": [0, 0, 0],
							"color": 0,
							"children": [68, 69]
						}
					]
				},
				{
					"name": "particles3",
					"origin": [0, 0, 0],
					"color": 0,
					"children": [
						{
							"name": "particle1",
							"origin": [0, 0, 0],
							"color": 0,
							"children": [70, 71]
						},
						{
							"name": "particle2",
							"origin": [0, 0, 0],
							"color": 0,
							"children": [72, 73]
						},
						{
							"name": "particle3",
							"origin": [0, 0, 0],
							"color": 0,
							"children": [74, 75]
						},
						{
							"name": "particle4",
							"origin": [0, 0, 0],
							"color": 0,
							"children": [76, 77]
						},
						{
							"name": "particle5",
							"origin": [0, 0, 0],
							"color": 0,
							"children": [78, 79]
						},
						{
							"name": "particle6",
							"origin": [0, 0, 0],
							"color": 0,
							"children": [80, 81]
						},
						{
							"name": "particle7",
							"origin": [0, 0, 0],
							"color": 0,
							"children": [82, 83]
						}
					]
				}
			]
		}
	]
}