{
	"credit": "by w11shes",
	"texture_size": [64, 64],
	"textures": {
		"0": "item/dragon/dragonborn_bow",
		"1": "item/dragon/dragonborn_particle",
		"particle": "item/dragon/dragonborn_bow"
	},
	"elements": [
		{
			"from": [7, 4, 5],
			"to": [9, 12, 7],
			"rotation": {"angle": 45, "axis": "y", "origin": [8, 8, 6]},
			"faces": {
				"north": {"uv": [7.25, 7, 6.75, 9], "texture": "#0"},
				"east": {"uv": [6.75, 7, 7.25, 9], "texture": "#0"},
				"south": {"uv": [7.25, 7, 6.75, 9], "texture": "#0"},
				"west": {"uv": [6.75, 7, 7.25, 9], "texture": "#0"}
			}
		},
		{
			"from": [5.5, 12, 3.5],
			"to": [10.5, 14, 8.5],
			"faces": {
				"north": {"uv": [8.25, 7.5, 9.5, 8], "texture": "#0"},
				"south": {"uv": [8.25, 7.5, 9.5, 8], "texture": "#0"},
				"west": {"uv": [8.25, 7.5, 9.5, 8], "texture": "#0"},
				"up": {"uv": [4, 7.5, 2.75, 6.25], "texture": "#0"},
				"down": {"uv": [7.5, 4.5, 6.25, 5.75], "texture": "#0"}
			}
		},
		{
			"from": [10.5, 2, 3.5],
			"to": [13.5, 14, 8.5],
			"rotation": {"angle": 0, "axis": "y", "origin": [20.5, -4, -2]},
			"faces": {
				"north": {"uv": [2, 5.25, 2.75, 8.25], "texture": "#0"},
				"east": {"uv": [5, 0, 6.25, 3], "texture": "#0"},
				"south": {"uv": [5, 6, 5.75, 9], "texture": "#0"},
				"west": {"uv": [5, 3, 6.25, 6], "texture": "#0"}
			}
		},
		{
			"from": [13.5, 14, 8.5],
			"to": [12.5, 2, 3.5],
			"rotation": {"angle": 0, "axis": "y", "origin": [-11.5, 19, 9]},
			"faces": {
				"north": {"uv": [5, 9, 5.25, 6], "texture": "#0"},
				"east": {"uv": [9, 3, 10.25, 0], "texture": "#0"},
				"south": {"uv": [2, 8.25, 2.25, 5.25], "texture": "#0"},
				"west": {"uv": [5, 3, 6.25, 0], "texture": "#0"}
			}
		},
		{
			"from": [12, 0, -5.5],
			"to": [12.05, 16, 3.5],
			"rotation": {"angle": 0, "axis": "y", "origin": [20.5, -4, -2]},
			"faces": {
				"east": {"uv": [2.75, 0, 5, 4], "texture": "#0"},
				"west": {"uv": [5, 0, 2.75, 4], "texture": "#0"}
			}
		},
		{
			"from": [11.5, 10, -0.5],
			"to": [12.5, 13, 3.5],
			"rotation": {"angle": 0, "axis": "y", "origin": [20.5, -4, -2]},
			"faces": {
				"north": {"uv": [3.5, 0.75, 3.75, 1.5], "texture": "#0"},
				"east": {"uv": [2.75, 0.75, 3.75, 1.5], "texture": "#0"},
				"west": {"uv": [3.75, 0.75, 2.75, 1.5], "texture": "#0"},
				"up": {"uv": [3.75, 0.75, 2.75, 1], "rotation": 90, "texture": "#0"},
				"down": {"uv": [2.75, 1.25, 3.75, 1.5], "rotation": 90, "texture": "#0"}
			}
		},
		{
			"from": [11.5, 3, -0.5],
			"to": [12.5, 6, 3.5],
			"rotation": {"angle": 0, "axis": "y", "origin": [20.5, -4, -2]},
			"faces": {
				"north": {"uv": [3.5, 2.5, 3.75, 3.25], "texture": "#0"},
				"east": {"uv": [2.75, 2.5, 3.75, 3.25], "texture": "#0"},
				"west": {"uv": [3.75, 2.5, 2.75, 3.25], "texture": "#0"},
				"up": {"uv": [3.75, 2.5, 2.75, 2.75], "rotation": 90, "texture": "#0"},
				"down": {"uv": [2.75, 3, 3.75, 3.25], "rotation": 90, "texture": "#0"}
			}
		},
		{
			"from": [12, 3.5, 8.5],
			"to": [12.05, 12.5, 17.5],
			"rotation": {"angle": 0, "axis": "y", "origin": [20.5, -4, -2]},
			"faces": {
				"east": {"uv": [2.75, 4, 5, 6.25], "texture": "#0"},
				"west": {"uv": [5, 4, 2.75, 6.25], "texture": "#0"}
			}
		},
		{
			"from": [11.5, 6.5, 8.5],
			"to": [12.5, 9.5, 13.5],
			"rotation": {"angle": 0, "axis": "y", "origin": [20.5, -4, -2]},
			"faces": {
				"east": {"uv": [3.75, 4.75, 5, 5.5], "texture": "#0"},
				"south": {"uv": [3.75, 4.75, 4, 5.5], "texture": "#0"},
				"west": {"uv": [3.75, 4.75, 5, 5.5], "texture": "#0"},
				"up": {"uv": [3.75, 4.75, 5, 5], "rotation": 90, "texture": "#0"},
				"down": {"uv": [3.75, 5.25, 5, 5.5], "rotation": 90, "texture": "#0"}
			}
		},
		{
			"from": [10.48, 0, 4.32843],
			"to": [13.52, 3.53553, 7.86396],
			"rotation": {"angle": 45, "axis": "x", "origin": [12.5, 2, 6.32843]},
			"faces": {
				"east": {"uv": [7.25, 0, 8.25, 1], "texture": "#0"},
				"south": {"uv": [1, 8.25, 1.75, 9.25], "texture": "#0"},
				"west": {"uv": [7.25, 1, 8.25, 2], "texture": "#0"},
				"down": {"uv": [2.5, 8.25, 1.75, 9.25], "texture": "#0"}
			}
		},
		{
			"from": [13.52, 7.5355, 6.20707],
			"to": [12.54, 4, 2.67157],
			"rotation": {"angle": 45, "axis": "x", "origin": [-3.54, 2, 0.67157]},
			"faces": {
				"north": {"uv": [1, 9.25, 1.25, 8.25], "texture": "#0"},
				"east": {"uv": [8.5, 5, 9.5, 4], "texture": "#0"},
				"west": {"uv": [7.25, 1, 8.25, 0], "texture": "#0"},
				"up": {"uv": [1.75, 8.25, 2, 9.25], "texture": "#0"}
			}
		},
		{
			"from": [10.48, 12.46447, 4.32843],
			"to": [13.52, 16, 7.86396],
			"rotation": {"angle": -45, "axis": "x", "origin": [12.5, 14, 6.32843]},
			"faces": {
				"east": {"uv": [7.25, 2, 8.25, 3], "texture": "#0"},
				"south": {"uv": [8.25, 1.75, 9, 2.75], "texture": "#0"},
				"west": {"uv": [7.25, 3, 8.25, 4], "texture": "#0"},
				"up": {"uv": [9, 3.75, 8.25, 2.75], "texture": "#0"}
			}
		},
		{
			"from": [13.52, 14.07106, 11.20705],
			"to": [12.54, 10.53556, 7.67155],
			"rotation": {"angle": -45, "axis": "x", "origin": [-6.54, 9.00002, 5.67155]},
			"faces": {
				"north": {"uv": [8.25, 2.75, 8.5, 1.75], "texture": "#0"},
				"east": {"uv": [9, 4, 10, 3], "texture": "#0"},
				"west": {"uv": [7.25, 3, 8.25, 2], "texture": "#0"},
				"down": {"uv": [8.25, 3.75, 8.5, 2.75], "texture": "#0"}
			}
		},
		{
			"from": [7, 14, 4],
			"to": [9, 21, 7],
			"rotation": {"angle": -22.5, "axis": "x", "origin": [8, 14, 7]},
			"faces": {
				"north": {"uv": [4.25, 8, 4.75, 9.75], "texture": "#0"},
				"east": {"uv": [4.25, 6.25, 5, 8], "texture": "#0"},
				"south": {"uv": [8.25, 0, 8.75, 1.75], "texture": "#0"},
				"west": {"uv": [5, 6.25, 4.25, 8], "texture": "#0"}
			}
		},
		{
			"from": [6, 19, 5],
			"to": [10, 23, 14],
			"rotation": {"angle": -45, "axis": "x", "origin": [8, 14, 7]},
			"faces": {
				"east": {"uv": [5.75, 6, 8, 7], "texture": "#0"},
				"south": {"uv": [7.25, 8, 8.25, 9], "texture": "#0"},
				"west": {"uv": [8, 6, 5.75, 7], "texture": "#0"},
				"up": {"uv": [7.25, 2.25, 6.25, 0], "texture": "#0"},
				"down": {"uv": [7.25, 2.25, 6.25, 4.5], "texture": "#0"}
			}
		},
		{
			"from": [8, 7, -8.6],
			"to": [8.05, 28, 2.4],
			"rotation": {"angle": 22.5, "axis": "x", "origin": [8, 14, 7]},
			"faces": {
				"east": {"uv": [0, 0, 2.75, 5.25], "texture": "#0"},
				"west": {"uv": [2.75, 0, 0, 5.25], "texture": "#0"}
			}
		},
		{
			"from": [7.5, 9, -1.6],
			"to": [8.5, 15, 1.4],
			"rotation": {"angle": 22.5, "axis": "x", "origin": [8, 14, 7]},
			"faces": {
				"north": {"uv": [0.75, 3.25, 1, 4.75], "texture": "#0"},
				"east": {"uv": [0.25, 3.25, 1, 4.75], "texture": "#0"},
				"south": {"uv": [0.25, 3.25, 0.5, 4.75], "texture": "#0"},
				"west": {"uv": [1, 3.25, 0.25, 4.75], "texture": "#0"},
				"down": {"uv": [0.25, 4.75, 1, 4.5], "rotation": 90, "texture": "#0"}
			}
		},
		{
			"from": [7.5, 1, -1.6],
			"to": [8.5, 7, 1.4],
			"rotation": {"angle": -22.5, "axis": "x", "origin": [8, 2, 7]},
			"faces": {
				"north": {"uv": [0.75, 4.75, 1, 3.25], "texture": "#0"},
				"east": {"uv": [0.25, 4.75, 1, 3.25], "texture": "#0"},
				"south": {"uv": [0.25, 4.75, 0.5, 3.25], "texture": "#0"},
				"west": {"uv": [1, 4.75, 0.25, 3.25], "texture": "#0"},
				"up": {"uv": [1, 4.75, 0.25, 4.5], "rotation": 90, "texture": "#0"}
			}
		},
		{
			"from": [7.5, 16, -4.6],
			"to": [8.55, 19, -0.6],
			"rotation": {"angle": 22.5, "axis": "x", "origin": [8, 14, 7]},
			"faces": {
				"north": {"uv": [1.5, 2.25, 1.75, 3], "texture": "#0"},
				"east": {"uv": [0.75, 2.25, 1.75, 3], "texture": "#0"},
				"west": {"uv": [1.75, 2.25, 0.75, 3], "texture": "#0"},
				"up": {"uv": [1.75, 2.25, 0.75, 2.5], "rotation": 90, "texture": "#0"},
				"down": {"uv": [1.75, 2.75, 0.75, 3], "rotation": 90, "texture": "#0"}
			}
		},
		{
			"from": [7.5, -3, -4.6],
			"to": [8.55, 0, -0.6],
			"rotation": {"angle": -22.5, "axis": "x", "origin": [8, 2, 7]},
			"faces": {
				"north": {"uv": [1.5, 3, 1.75, 2.25], "texture": "#0"},
				"east": {"uv": [0.75, 3, 1.75, 2.25], "texture": "#0"},
				"west": {"uv": [1.75, 3, 0.75, 2.25], "texture": "#0"},
				"up": {"uv": [0.75, 2.75, 1.75, 3], "rotation": 90, "texture": "#0"},
				"down": {"uv": [0.75, 2.25, 1.75, 2.5], "rotation": 90, "texture": "#0"}
			}
		},
		{
			"from": [7.5, 21, -0.6],
			"to": [8.5, 25, 2.4],
			"rotation": {"angle": 22.5, "axis": "x", "origin": [8, 14, 7]},
			"faces": {
				"north": {"uv": [0.5, 0.75, 0.75, 1.75], "texture": "#0"},
				"east": {"uv": [0, 0.75, 0.75, 1.75], "texture": "#0"},
				"south": {"uv": [0, 0.75, 0.25, 1.75], "texture": "#0"},
				"west": {"uv": [0.75, 0.75, 0, 1.75], "texture": "#0"},
				"up": {"uv": [0.75, 0.75, 0, 1], "rotation": 90, "texture": "#0"},
				"down": {"uv": [0, 1.5, 0.75, 1.75], "rotation": 90, "texture": "#0"}
			}
		},
		{
			"from": [7.5, -9, -0.6],
			"to": [8.5, -5, 2.4],
			"rotation": {"angle": -22.5, "axis": "x", "origin": [8, 2, 7]},
			"faces": {
				"north": {"uv": [0.5, 1.75, 0.75, 0.75], "texture": "#0"},
				"east": {"uv": [0, 1.75, 0.75, 0.75], "texture": "#0"},
				"south": {"uv": [0, 1.75, 0.25, 0.75], "texture": "#0"},
				"west": {"uv": [0.75, 1.75, 0, 0.75], "texture": "#0"},
				"up": {"uv": [0.75, 1.5, 0, 1.75], "rotation": 90, "texture": "#0"},
				"down": {"uv": [0, 0.75, 0.75, 1], "rotation": 90, "texture": "#0"}
			}
		},
		{
			"from": [8, -12, -8.6],
			"to": [8.05, 9, 2.4],
			"rotation": {"angle": -22.5, "axis": "x", "origin": [8, 2, 7]},
			"faces": {
				"east": {"uv": [0, 5.25, 2.75, 0], "texture": "#0"},
				"west": {"uv": [2.75, 5.25, 0, 0], "texture": "#0"}
			}
		},
		{
			"from": [7, 18.6194, 5.08658],
			"to": [9, 20.6194, 11.08658],
			"rotation": {"angle": -22.5, "axis": "x", "origin": [7, 18.6194, 5.08658]},
			"faces": {
				"east": {"uv": [8.25, 7, 9.75, 7.5], "texture": "#0"},
				"west": {"uv": [9.75, 7, 8.25, 7.5], "texture": "#0"},
				"up": {"uv": [6.25, 9.75, 5.75, 8.25], "texture": "#0"},
				"down": {"uv": [6.75, 8.25, 6.25, 9.75], "texture": "#0"}
			}
		},
		{
			"from": [7.95, 17.29948, 12.67099],
			"to": [8, 24.29948, 20.67099],
			"rotation": {"angle": -22.5, "axis": "x", "origin": [8.95, 18.77791, 5.46927]},
			"faces": {
				"east": {"uv": [0, 5.25, 2, 7], "texture": "#0"},
				"west": {"uv": [2, 5.25, 0, 7], "texture": "#0"}
			}
		},
		{
			"from": [7.45, 17.29948, 12.67099],
			"to": [8.45, 22.29948, 17.67099],
			"rotation": {"angle": -22.5, "axis": "x", "origin": [8.95, 18.77791, 5.46927]},
			"faces": {
				"east": {"uv": [0.75, 5.75, 2, 7], "texture": "#0"},
				"south": {"uv": [1, 5.75, 0.75, 7], "texture": "#0"},
				"west": {"uv": [2, 5.75, 0.75, 7], "texture": "#0"},
				"up": {"uv": [2, 6, 0.75, 5.75], "rotation": 90, "texture": "#0"},
				"down": {"uv": [0.75, 7, 2, 6.75], "rotation": 90, "texture": "#0"}
			}
		},
		{
			"from": [7.45, -6.29948, 12.67099],
			"to": [8.45, -1.29948, 17.67099],
			"rotation": {"angle": 22.5, "axis": "x", "origin": [8.95, -2.77791, 5.46927]},
			"faces": {
				"east": {"uv": [0.75, 7, 2, 5.75], "texture": "#0"},
				"south": {"uv": [1, 7, 0.75, 5.75], "texture": "#0"},
				"west": {"uv": [2, 7, 0.75, 5.75], "texture": "#0"},
				"up": {"uv": [2, 7, 0.75, 6.75], "rotation": 90, "texture": "#0"},
				"down": {"uv": [0.75, 6, 2, 5.75], "rotation": 90, "texture": "#0"}
			}
		},
		{
			"from": [7.95, -8.29948, 12.67099],
			"to": [8, -1.29948, 20.67099],
			"rotation": {"angle": 22.5, "axis": "x", "origin": [8.95, -2.77791, 5.46927]},
			"faces": {
				"east": {"uv": [0, 7, 2, 5.25], "texture": "#0"},
				"west": {"uv": [2, 7, 0, 5.25], "texture": "#0"}
			}
		},
		{
			"from": [6, 22.71179, 7.76476],
			"to": [10, 26.71179, 11.76476],
			"rotation": {"angle": 22.5, "axis": "x", "origin": [7, 18.6194, 5.08658]},
			"faces": {
				"north": {"uv": [7.25, 7, 8.25, 8], "texture": "#0"},
				"east": {"uv": [2.75, 7.5, 3.75, 8.5], "texture": "#0"},
				"south": {"uv": [7.5, 4, 8.5, 5], "texture": "#0"},
				"west": {"uv": [3.75, 7.5, 2.75, 8.5], "texture": "#0"},
				"up": {"uv": [8.5, 6, 7.5, 5], "texture": "#0"},
				"down": {"uv": [9, 6, 8, 7], "texture": "#0"}
			}
		},
		{
			"from": [8, -5.01209, 10],
			"to": [8.05, 20.98791, 11],
			"rotation": {"angle": 0, "axis": "y", "origin": [8, 24.78791, 10.14744]},
			"faces": {
				"east": {"uv": [10.25, 0, 10.5, 6.5], "texture": "#0"},
				"west": {"uv": [10.25, 0, 10.5, 6.5], "texture": "#0"}
			}
		},
		{
			"from": [5.98, 13.94975, -0.77817],
			"to": [10.02, 18.94975, 3.22183],
			"rotation": {"angle": 0, "axis": "y", "origin": [6, 13.94975, 1.22183]},
			"faces": {
				"north": {"uv": [0, 7, 1, 8.25], "texture": "#0"},
				"east": {"uv": [1, 7, 2, 8.25], "texture": "#0"},
				"south": {"uv": [5.75, 7, 6.75, 8.25], "texture": "#0"},
				"west": {"uv": [2, 7, 1, 8.25], "texture": "#0"},
				"down": {"uv": [1, 8.25, 0, 9.25], "texture": "#0"}
			}
		},
		{
			"from": [5.5, 2, 3.5],
			"to": [10.5, 4, 8.5],
			"faces": {
				"north": {"uv": [8.25, 7.5, 9.5, 8], "texture": "#0"},
				"south": {"uv": [8.25, 7.5, 9.5, 8], "texture": "#0"},
				"west": {"uv": [8.25, 7.5, 9.5, 8], "texture": "#0"},
				"up": {"uv": [4, 7.5, 2.75, 6.25], "texture": "#0"},
				"down": {"uv": [7.5, 4.5, 6.25, 5.75], "texture": "#0"}
			}
		},
		{
			"from": [7, -5, 4],
			"to": [9, 2, 7],
			"rotation": {"angle": 22.5, "axis": "x", "origin": [8, 2, 7]},
			"faces": {
				"north": {"uv": [4.25, 9.75, 4.75, 8], "texture": "#0"},
				"east": {"uv": [4.25, 8, 5, 6.25], "texture": "#0"},
				"south": {"uv": [8.25, 1.75, 8.75, 0], "texture": "#0"},
				"west": {"uv": [5, 8, 4.25, 6.25], "texture": "#0"}
			}
		},
		{
			"from": [5.98, -2.94975, -0.77817],
			"to": [10.02, 2.05025, 3.22183],
			"rotation": {"angle": 0, "axis": "y", "origin": [6, 2.05025, 1.22183]},
			"faces": {
				"north": {"uv": [0, 8.25, 1, 7], "texture": "#0"},
				"east": {"uv": [1, 8.25, 2, 7], "texture": "#0"},
				"south": {"uv": [5.75, 8.25, 6.75, 7], "texture": "#0"},
				"west": {"uv": [2, 8.25, 1, 7], "texture": "#0"},
				"up": {"uv": [1, 9.25, 0, 8.25], "texture": "#0"}
			}
		},
		{
			"from": [6, -7, 5],
			"to": [10, -3, 14],
			"rotation": {"angle": 45, "axis": "x", "origin": [8, 2, 7]},
			"faces": {
				"east": {"uv": [5.75, 7, 8, 6], "texture": "#0"},
				"south": {"uv": [7.25, 9, 8.25, 8], "texture": "#0"},
				"west": {"uv": [8, 7, 5.75, 6], "texture": "#0"},
				"up": {"uv": [7.25, 4.5, 6.25, 2.25], "texture": "#0"},
				"down": {"uv": [7.25, 0, 6.25, 2.25], "texture": "#0"}
			}
		},
		{
			"from": [7, -4.6194, 5.08658],
			"to": [9, -2.6194, 11.08658],
			"rotation": {"angle": 22.5, "axis": "x", "origin": [7, -2.6194, 5.08658]},
			"faces": {
				"east": {"uv": [8.25, 7.5, 9.75, 7], "texture": "#0"},
				"west": {"uv": [9.75, 7.5, 8.25, 7], "texture": "#0"},
				"up": {"uv": [6.75, 9.75, 6.25, 8.25], "texture": "#0"},
				"down": {"uv": [6.25, 8.25, 5.75, 9.75], "texture": "#0"}
			}
		},
		{
			"from": [6, -10.71179, 7.76476],
			"to": [10, -6.71179, 11.76476],
			"rotation": {"angle": -22.5, "axis": "x", "origin": [7, -2.6194, 5.08658]},
			"faces": {
				"north": {"uv": [7.25, 8, 8.25, 7], "texture": "#0"},
				"east": {"uv": [2.75, 8.5, 3.75, 7.5], "texture": "#0"},
				"south": {"uv": [7.5, 5, 8.5, 4], "texture": "#0"},
				"west": {"uv": [3.75, 8.5, 2.75, 7.5], "texture": "#0"},
				"up": {"uv": [9, 7, 8, 6], "texture": "#0"},
				"down": {"uv": [8.5, 5, 7.5, 6], "texture": "#0"}
			}
		},
		{
			"from": [14.95, 3.95, 4.05],
			"to": [15.55, 4.55, 4.65],
			"shade": false,
			"rotation": {"angle": 0, "axis": "y", "origin": [19, -8, -1.5]},
			"faces": {
				"north": {"uv": [0, 14, 2, 16], "texture": "#1"},
				"east": {"uv": [0, 14, 2, 16], "texture": "#1"},
				"south": {"uv": [0, 14, 2, 16], "texture": "#1"},
				"west": {"uv": [0, 14, 2, 16], "texture": "#1"},
				"up": {"uv": [0, 14, 2, 16], "rotation": 90, "texture": "#1"},
				"down": {"uv": [0, 14, 2, 16], "rotation": 270, "texture": "#1"}
			}
		},
		{
			"from": [15.8, 4.8, 4.9],
			"to": [14.7, 3.7, 3.8],
			"shade": false,
			"rotation": {"angle": 0, "axis": "y", "origin": [19, -8, -1.5]},
			"faces": {
				"north": {"uv": [2, 14, 4, 16], "texture": "#1"},
				"east": {"uv": [2, 14, 4, 16], "texture": "#1"},
				"south": {"uv": [2, 14, 4, 16], "texture": "#1"},
				"west": {"uv": [2, 14, 4, 16], "texture": "#1"},
				"up": {"uv": [2, 14, 4, 16], "rotation": 90, "texture": "#1"},
				"down": {"uv": [2, 14, 4, 16], "rotation": 270, "texture": "#1"}
			}
		},
		{
			"from": [14.9, 1.34384, 8.06436],
			"to": [15.6, 2.04384, 8.76436],
			"shade": false,
			"rotation": {"angle": -22.5, "axis": "x", "origin": [19, -8, -1.5]},
			"faces": {
				"north": {"uv": [0, 12, 2, 14], "texture": "#1"},
				"east": {"uv": [0, 12, 2, 14], "texture": "#1"},
				"south": {"uv": [0, 12, 2, 14], "texture": "#1"},
				"west": {"uv": [0, 12, 2, 14], "texture": "#1"},
				"up": {"uv": [0, 12, 2, 14], "rotation": 90, "texture": "#1"},
				"down": {"uv": [0, 12, 2, 14], "rotation": 270, "texture": "#1"}
			}
		},
		{
			"from": [15.9, 2.34384, 9.06436],
			"to": [14.6, 1.04384, 7.76436],
			"shade": false,
			"rotation": {"angle": -22.5, "axis": "x", "origin": [19, -8, -1.5]},
			"faces": {
				"north": {"uv": [2, 12, 4, 14], "texture": "#1"},
				"east": {"uv": [2, 12, 4, 14], "texture": "#1"},
				"south": {"uv": [2, 12, 4, 14], "texture": "#1"},
				"west": {"uv": [2, 12, 4, 14], "texture": "#1"},
				"up": {"uv": [2, 12, 4, 14], "rotation": 90, "texture": "#1"},
				"down": {"uv": [2, 12, 4, 14], "rotation": 270, "texture": "#1"}
			}
		},
		{
			"from": [14.75, -2.48959, 11.15219],
			"to": [15.75, -1.48959, 12.15219],
			"shade": false,
			"rotation": {"angle": -45, "axis": "x", "origin": [19, -8, -1.5]},
			"faces": {
				"north": {"uv": [0, 10, 2, 12], "texture": "#1"},
				"east": {"uv": [0, 10, 2, 12], "texture": "#1"},
				"south": {"uv": [0, 10, 2, 12], "texture": "#1"},
				"west": {"uv": [0, 10, 2, 12], "texture": "#1"},
				"up": {"uv": [0, 10, 2, 12], "rotation": 90, "texture": "#1"},
				"down": {"uv": [0, 10, 2, 12], "rotation": 270, "texture": "#1"}
			}
		},
		{
			"from": [16, -1.23959, 12.40219],
			"to": [14.5, -2.73959, 10.90219],
			"shade": false,
			"rotation": {"angle": -45, "axis": "x", "origin": [19, -8, -1.5]},
			"faces": {
				"north": {"uv": [2, 10, 4, 12], "texture": "#1"},
				"east": {"uv": [2, 10, 4, 12], "texture": "#1"},
				"south": {"uv": [2, 10, 4, 12], "texture": "#1"},
				"west": {"uv": [2, 10, 4, 12], "texture": "#1"},
				"up": {"uv": [2, 10, 4, 12], "rotation": 90, "texture": "#1"},
				"down": {"uv": [2, 10, 4, 12], "rotation": 270, "texture": "#1"}
			}
		},
		{
			"from": [14.75, 6.82744, -2.23332],
			"to": [15.75, 7.82744, -1.23332],
			"shade": false,
			"rotation": {"angle": 22.5, "axis": "x", "origin": [19, -8, -1.5]},
			"faces": {
				"north": {"uv": [0, 8, 2, 10], "rotation": 270, "texture": "#1"},
				"east": {"uv": [0, 8, 2, 10], "rotation": 90, "texture": "#1"},
				"south": {"uv": [0, 8, 2, 10], "rotation": 270, "texture": "#1"},
				"west": {"uv": [0, 8, 2, 10], "rotation": 270, "texture": "#1"},
				"up": {"uv": [0, 8, 2, 10], "texture": "#1"},
				"down": {"uv": [0, 8, 2, 10], "rotation": 180, "texture": "#1"}
			}
		},
		{
			"from": [16, 8.07744, -0.98332],
			"to": [14.5, 6.57744, -2.48332],
			"shade": false,
			"rotation": {"angle": 22.5, "axis": "x", "origin": [19, -8, -1.5]},
			"faces": {
				"north": {"uv": [2, 8, 4, 10], "rotation": 270, "texture": "#1"},
				"east": {"uv": [2, 8, 4, 10], "rotation": 90, "texture": "#1"},
				"south": {"uv": [2, 8, 4, 10], "rotation": 270, "texture": "#1"},
				"west": {"uv": [2, 8, 4, 10], "rotation": 270, "texture": "#1"},
				"up": {"uv": [2, 8, 4, 10], "texture": "#1"},
				"down": {"uv": [2, 8, 4, 10], "rotation": 180, "texture": "#1"}
			}
		},
		{
			"from": [14.75, 6.35, 4.15],
			"to": [15.75, 7.35, 5.15],
			"shade": false,
			"rotation": {"angle": 0, "axis": "y", "origin": [19, -8, -1.5]},
			"faces": {
				"north": {"uv": [0, 6, 2, 8], "texture": "#1"},
				"east": {"uv": [0, 6, 2, 8], "texture": "#1"},
				"south": {"uv": [0, 6, 2, 8], "texture": "#1"},
				"west": {"uv": [0, 6, 2, 8], "texture": "#1"},
				"up": {"uv": [0, 6, 2, 8], "rotation": 90, "texture": "#1"},
				"down": {"uv": [0, 6, 2, 8], "rotation": 270, "texture": "#1"}
			}
		},
		{
			"from": [16, 7.6, 5.4],
			"to": [14.5, 6.1, 3.9],
			"shade": false,
			"rotation": {"angle": 0, "axis": "y", "origin": [19, -8, -1.5]},
			"faces": {
				"north": {"uv": [2, 6, 4, 8], "texture": "#1"},
				"east": {"uv": [2, 6, 4, 8], "texture": "#1"},
				"south": {"uv": [2, 6, 4, 8], "texture": "#1"},
				"west": {"uv": [2, 6, 4, 8], "texture": "#1"},
				"up": {"uv": [2, 6, 4, 8], "rotation": 90, "texture": "#1"},
				"down": {"uv": [2, 6, 4, 8], "rotation": 270, "texture": "#1"}
			}
		},
		{
			"from": [14.9, 8.38568, -2.34191],
			"to": [15.6, 9.08568, -1.64191],
			"shade": false,
			"rotation": {"angle": 22.5, "axis": "x", "origin": [19, -8, -1.5]},
			"faces": {
				"north": {"uv": [0, 4, 2, 6], "texture": "#1"},
				"east": {"uv": [0, 4, 2, 6], "texture": "#1"},
				"south": {"uv": [0, 4, 2, 6], "texture": "#1"},
				"west": {"uv": [0, 4, 2, 6], "texture": "#1"},
				"up": {"uv": [0, 4, 2, 6], "rotation": 90, "texture": "#1"},
				"down": {"uv": [0, 4, 2, 6], "rotation": 270, "texture": "#1"}
			}
		},
		{
			"from": [15.9, 9.38568, -1.34191],
			"to": [14.6, 8.08568, -2.64191],
			"shade": false,
			"rotation": {"angle": 22.5, "axis": "x", "origin": [19, -8, -1.5]},
			"faces": {
				"north": {"uv": [2, 4, 4, 6], "texture": "#1"},
				"east": {"uv": [2, 4, 4, 6], "texture": "#1"},
				"south": {"uv": [2, 4, 4, 6], "texture": "#1"},
				"west": {"uv": [2, 4, 4, 6], "texture": "#1"},
				"up": {"uv": [2, 4, 4, 6], "rotation": 90, "texture": "#1"},
				"down": {"uv": [2, 4, 4, 6], "rotation": 270, "texture": "#1"}
			}
		},
		{
			"from": [14.95, 7.95, 3.9],
			"to": [15.55, 8.55, 4.5],
			"shade": false,
			"rotation": {"angle": 0, "axis": "y", "origin": [19, -8, -1.5]},
			"faces": {
				"north": {"uv": [0, 2, 2, 4], "texture": "#1"},
				"east": {"uv": [0, 2, 2, 4], "texture": "#1"},
				"south": {"uv": [0, 2, 2, 4], "texture": "#1"},
				"west": {"uv": [0, 2, 2, 4], "texture": "#1"},
				"up": {"uv": [0, 2, 2, 4], "rotation": 90, "texture": "#1"},
				"down": {"uv": [0, 2, 2, 4], "rotation": 270, "texture": "#1"}
			}
		},
		{
			"from": [15.8, 8.8, 4.75],
			"to": [14.7, 7.7, 3.65],
			"shade": false,
			"rotation": {"angle": 0, "axis": "y", "origin": [19, -8, -1.5]},
			"faces": {
				"north": {"uv": [2, 2, 4, 4], "texture": "#1"},
				"east": {"uv": [2, 2, 4, 4], "texture": "#1"},
				"south": {"uv": [2, 2, 4, 4], "texture": "#1"},
				"west": {"uv": [2, 2, 4, 4], "texture": "#1"},
				"up": {"uv": [2, 2, 4, 4], "rotation": 90, "texture": "#1"},
				"down": {"uv": [2, 2, 4, 4], "rotation": 270, "texture": "#1"}
			}
		},
		{
			"from": [14.95, 6.95, 8.35],
			"to": [15.55, 7.55, 8.95],
			"shade": false,
			"rotation": {"angle": 0, "axis": "y", "origin": [19, -7, -1.5]},
			"faces": {
				"north": {"uv": [6, 14, 4, 16], "texture": "#1"},
				"east": {"uv": [6, 14, 4, 16], "texture": "#1"},
				"south": {"uv": [6, 14, 4, 16], "texture": "#1"},
				"west": {"uv": [6, 14, 4, 16], "texture": "#1"},
				"up": {"uv": [6, 14, 4, 16], "rotation": 90, "texture": "#1"},
				"down": {"uv": [6, 14, 4, 16], "rotation": 270, "texture": "#1"}
			}
		},
		{
			"from": [15.8, 7.8, 9.2],
			"to": [14.7, 6.7, 8.1],
			"shade": false,
			"rotation": {"angle": 0, "axis": "y", "origin": [19, -7, -1.5]},
			"faces": {
				"north": {"uv": [8, 14, 6, 16], "texture": "#1"},
				"east": {"uv": [8, 14, 6, 16], "texture": "#1"},
				"south": {"uv": [8, 14, 6, 16], "texture": "#1"},
				"west": {"uv": [8, 14, 6, 16], "texture": "#1"},
				"up": {"uv": [8, 14, 6, 16], "rotation": 90, "texture": "#1"},
				"down": {"uv": [8, 14, 6, 16], "rotation": 270, "texture": "#1"}
			}
		},
		{
			"from": [14.9, 10.31453, 2.25235],
			"to": [15.6, 11.01453, 2.95235],
			"shade": false,
			"rotation": {"angle": 22.5, "axis": "x", "origin": [19, -7, -1.5]},
			"faces": {
				"north": {"uv": [6, 12, 4, 14], "texture": "#1"},
				"east": {"uv": [6, 12, 4, 14], "texture": "#1"},
				"south": {"uv": [6, 12, 4, 14], "texture": "#1"},
				"west": {"uv": [6, 12, 4, 14], "texture": "#1"},
				"up": {"uv": [6, 12, 4, 14], "rotation": 90, "texture": "#1"},
				"down": {"uv": [6, 12, 4, 14], "rotation": 270, "texture": "#1"}
			}
		},
		{
			"from": [15.9, 11.31453, 3.25235],
			"to": [14.6, 10.01453, 1.95235],
			"shade": false,
			"rotation": {"angle": 22.5, "axis": "x", "origin": [19, -7, -1.5]},
			"faces": {
				"north": {"uv": [8, 12, 6, 14], "texture": "#1"},
				"east": {"uv": [8, 12, 6, 14], "texture": "#1"},
				"south": {"uv": [8, 12, 6, 14], "texture": "#1"},
				"west": {"uv": [8, 12, 6, 14], "texture": "#1"},
				"up": {"uv": [8, 12, 6, 14], "rotation": 90, "texture": "#1"},
				"down": {"uv": [8, 12, 6, 14], "rotation": 270, "texture": "#1"}
			}
		},
		{
			"from": [14.75, 11.23833, -5.25269],
			"to": [15.75, 12.23833, -4.25269],
			"shade": false,
			"rotation": {"angle": 45, "axis": "x", "origin": [19, -7, -1.5]},
			"faces": {
				"north": {"uv": [6, 10, 4, 12], "texture": "#1"},
				"east": {"uv": [6, 10, 4, 12], "texture": "#1"},
				"south": {"uv": [6, 10, 4, 12], "texture": "#1"},
				"west": {"uv": [6, 10, 4, 12], "texture": "#1"},
				"up": {"uv": [6, 10, 4, 12], "rotation": 90, "texture": "#1"},
				"down": {"uv": [6, 10, 4, 12], "rotation": 270, "texture": "#1"}
			}
		},
		{
			"from": [16, 12.48833, -4.00269],
			"to": [14.5, 10.98833, -5.50269],
			"shade": false,
			"rotation": {"angle": 45, "axis": "x", "origin": [19, -7, -1.5]},
			"faces": {
				"north": {"uv": [8, 10, 6, 12], "texture": "#1"},
				"east": {"uv": [8, 10, 6, 12], "texture": "#1"},
				"south": {"uv": [8, 10, 6, 12], "texture": "#1"},
				"west": {"uv": [8, 10, 6, 12], "texture": "#1"},
				"up": {"uv": [8, 10, 6, 12], "rotation": 90, "texture": "#1"},
				"down": {"uv": [8, 10, 6, 12], "rotation": 270, "texture": "#1"}
			}
		},
		{
			"from": [14.75, 3.55227, 13.78076],
			"to": [15.75, 4.55227, 14.78076],
			"shade": false,
			"rotation": {"angle": -22.5, "axis": "x", "origin": [19, -7, -1.5]},
			"faces": {
				"north": {"uv": [4, 10, 6, 8], "rotation": 270, "texture": "#1"},
				"east": {"uv": [4, 10, 6, 8], "rotation": 90, "texture": "#1"},
				"south": {"uv": [4, 10, 6, 8], "rotation": 270, "texture": "#1"},
				"west": {"uv": [4, 10, 6, 8], "rotation": 270, "texture": "#1"},
				"up": {"uv": [4, 10, 6, 8], "texture": "#1"},
				"down": {"uv": [4, 10, 6, 8], "rotation": 180, "texture": "#1"}
			}
		},
		{
			"from": [16, 4.80227, 15.03076],
			"to": [14.5, 3.30227, 13.53076],
			"shade": false,
			"rotation": {"angle": -22.5, "axis": "x", "origin": [19, -7, -1.5]},
			"faces": {
				"north": {"uv": [6, 10, 8, 8], "rotation": 270, "texture": "#1"},
				"east": {"uv": [6, 10, 8, 8], "rotation": 90, "texture": "#1"},
				"south": {"uv": [6, 10, 8, 8], "rotation": 270, "texture": "#1"},
				"west": {"uv": [6, 10, 8, 8], "rotation": 270, "texture": "#1"},
				"up": {"uv": [6, 10, 8, 8], "texture": "#1"},
				"down": {"uv": [6, 10, 8, 8], "rotation": 180, "texture": "#1"}
			}
		},
		{
			"from": [14.75, 9.35, 7.85],
			"to": [15.75, 10.35, 8.85],
			"shade": false,
			"rotation": {"angle": 0, "axis": "y", "origin": [19, -7, -1.5]},
			"faces": {
				"north": {"uv": [6, 6, 4, 8], "texture": "#1"},
				"east": {"uv": [6, 6, 4, 8], "texture": "#1"},
				"south": {"uv": [6, 6, 4, 8], "texture": "#1"},
				"west": {"uv": [6, 6, 4, 8], "texture": "#1"},
				"up": {"uv": [6, 6, 4, 8], "rotation": 90, "texture": "#1"},
				"down": {"uv": [6, 6, 4, 8], "rotation": 270, "texture": "#1"}
			}
		},
		{
			"from": [16, 10.6, 9.1],
			"to": [14.5, 9.1, 7.6],
			"shade": false,
			"rotation": {"angle": 0, "axis": "y", "origin": [19, -7, -1.5]},
			"faces": {
				"north": {"uv": [8, 6, 6, 8], "texture": "#1"},
				"east": {"uv": [8, 6, 6, 8], "texture": "#1"},
				"south": {"uv": [8, 6, 6, 8], "texture": "#1"},
				"west": {"uv": [8, 6, 6, 8], "texture": "#1"},
				"up": {"uv": [8, 6, 6, 8], "rotation": 90, "texture": "#1"},
				"down": {"uv": [8, 6, 6, 8], "rotation": 270, "texture": "#1"}
			}
		},
		{
			"from": [14.9, 5.11051, 14.18935],
			"to": [15.6, 5.81051, 14.88935],
			"shade": false,
			"rotation": {"angle": -22.5, "axis": "x", "origin": [19, -7, -1.5]},
			"faces": {
				"north": {"uv": [6, 4, 4, 6], "texture": "#1"},
				"east": {"uv": [6, 4, 4, 6], "texture": "#1"},
				"south": {"uv": [6, 4, 4, 6], "texture": "#1"},
				"west": {"uv": [6, 4, 4, 6], "texture": "#1"},
				"up": {"uv": [6, 4, 4, 6], "rotation": 90, "texture": "#1"},
				"down": {"uv": [6, 4, 4, 6], "rotation": 270, "texture": "#1"}
			}
		},
		{
			"from": [15.9, 6.11051, 15.18935],
			"to": [14.6, 4.81051, 13.88935],
			"shade": false,
			"rotation": {"angle": -22.5, "axis": "x", "origin": [19, -7, -1.5]},
			"faces": {
				"north": {"uv": [8, 4, 6, 6], "texture": "#1"},
				"east": {"uv": [8, 4, 6, 6], "texture": "#1"},
				"south": {"uv": [8, 4, 6, 6], "texture": "#1"},
				"west": {"uv": [8, 4, 6, 6], "texture": "#1"},
				"up": {"uv": [8, 4, 6, 6], "rotation": 90, "texture": "#1"},
				"down": {"uv": [8, 4, 6, 6], "rotation": 270, "texture": "#1"}
			}
		},
		{
			"from": [14.95, 10.95, 8.5],
			"to": [15.55, 11.55, 9.1],
			"shade": false,
			"rotation": {"angle": 0, "axis": "y", "origin": [19, -7, -1.5]},
			"faces": {
				"north": {"uv": [6, 2, 4, 4], "texture": "#1"},
				"east": {"uv": [6, 2, 4, 4], "texture": "#1"},
				"south": {"uv": [6, 2, 4, 4], "texture": "#1"},
				"west": {"uv": [6, 2, 4, 4], "texture": "#1"},
				"up": {"uv": [6, 2, 4, 4], "rotation": 90, "texture": "#1"},
				"down": {"uv": [6, 2, 4, 4], "rotation": 270, "texture": "#1"}
			}
		},
		{
			"from": [15.8, 11.8, 9.35],
			"to": [14.7, 10.7, 8.25],
			"shade": false,
			"rotation": {"angle": 0, "axis": "y", "origin": [19, -7, -1.5]},
			"faces": {
				"north": {"uv": [8, 2, 6, 4], "texture": "#1"},
				"east": {"uv": [8, 2, 6, 4], "texture": "#1"},
				"south": {"uv": [8, 2, 6, 4], "texture": "#1"},
				"west": {"uv": [8, 2, 6, 4], "texture": "#1"},
				"up": {"uv": [8, 2, 6, 4], "rotation": 90, "texture": "#1"},
				"down": {"uv": [8, 2, 6, 4], "rotation": 270, "texture": "#1"}
			}
		},
		{
			"from": [14.95, 10.95, 5.35],
			"to": [15.55, 11.55, 5.95],
			"shade": false,
			"rotation": {"angle": 0, "axis": "y", "origin": [27, -3, -4.5]},
			"faces": {
				"north": {"uv": [14, 14, 12, 16], "texture": "#1"},
				"east": {"uv": [14, 14, 12, 16], "texture": "#1"},
				"south": {"uv": [14, 14, 12, 16], "texture": "#1"},
				"west": {"uv": [14, 14, 12, 16], "texture": "#1"},
				"up": {"uv": [14, 14, 12, 16], "rotation": 90, "texture": "#1"},
				"down": {"uv": [14, 14, 12, 16], "rotation": 270, "texture": "#1"}
			}
		},
		{
			"from": [15.8, 11.8, 6.2],
			"to": [14.7, 10.7, 5.1],
			"shade": false,
			"rotation": {"angle": 0, "axis": "y", "origin": [27, -3, -4.5]},
			"faces": {
				"north": {"uv": [16, 14, 14, 16], "texture": "#1"},
				"east": {"uv": [16, 14, 14, 16], "texture": "#1"},
				"south": {"uv": [16, 14, 14, 16], "texture": "#1"},
				"west": {"uv": [16, 14, 14, 16], "texture": "#1"},
				"up": {"uv": [16, 14, 14, 16], "rotation": 90, "texture": "#1"},
				"down": {"uv": [16, 14, 14, 16], "rotation": 270, "texture": "#1"}
			}
		},
		{
			"from": [14.9, 14.31453, -0.74765],
			"to": [15.6, 15.01453, -0.04765],
			"shade": false,
			"rotation": {"angle": 22.5, "axis": "x", "origin": [27, -3, -4.5]},
			"faces": {
				"north": {"uv": [14, 12, 12, 14], "texture": "#1"},
				"east": {"uv": [14, 12, 12, 14], "texture": "#1"},
				"south": {"uv": [14, 12, 12, 14], "texture": "#1"},
				"west": {"uv": [14, 12, 12, 14], "texture": "#1"},
				"up": {"uv": [14, 12, 12, 14], "rotation": 90, "texture": "#1"},
				"down": {"uv": [14, 12, 12, 14], "rotation": 270, "texture": "#1"}
			}
		},
		{
			"from": [15.9, 15.31453, 0.25235],
			"to": [14.6, 14.01453, -1.04765],
			"shade": false,
			"rotation": {"angle": 22.5, "axis": "x", "origin": [27, -3, -4.5]},
			"faces": {
				"north": {"uv": [16, 12, 14, 14], "texture": "#1"},
				"east": {"uv": [16, 12, 14, 14], "texture": "#1"},
				"south": {"uv": [16, 12, 14, 14], "texture": "#1"},
				"west": {"uv": [16, 12, 14, 14], "texture": "#1"},
				"up": {"uv": [16, 12, 14, 14], "rotation": 90, "texture": "#1"},
				"down": {"uv": [16, 12, 14, 14], "rotation": 270, "texture": "#1"}
			}
		},
		{
			"from": [14.75, 15.23833, -8.25269],
			"to": [15.75, 16.23833, -7.25269],
			"shade": false,
			"rotation": {"angle": 45, "axis": "x", "origin": [27, -3, -4.5]},
			"faces": {
				"north": {"uv": [14, 10, 12, 12], "texture": "#1"},
				"east": {"uv": [14, 10, 12, 12], "texture": "#1"},
				"south": {"uv": [14, 10, 12, 12], "texture": "#1"},
				"west": {"uv": [14, 10, 12, 12], "texture": "#1"},
				"up": {"uv": [14, 10, 12, 12], "rotation": 90, "texture": "#1"},
				"down": {"uv": [14, 10, 12, 12], "rotation": 270, "texture": "#1"}
			}
		},
		{
			"from": [16, 16.48833, -7.00269],
			"to": [14.5, 14.98833, -8.50269],
			"shade": false,
			"rotation": {"angle": 45, "axis": "x", "origin": [27, -3, -4.5]},
			"faces": {
				"north": {"uv": [16, 10, 14, 12], "texture": "#1"},
				"east": {"uv": [16, 10, 14, 12], "texture": "#1"},
				"south": {"uv": [16, 10, 14, 12], "texture": "#1"},
				"west": {"uv": [16, 10, 14, 12], "texture": "#1"},
				"up": {"uv": [16, 10, 14, 12], "rotation": 90, "texture": "#1"},
				"down": {"uv": [16, 10, 14, 12], "rotation": 270, "texture": "#1"}
			}
		},
		{
			"from": [14.75, 7.55227, 10.78076],
			"to": [15.75, 8.55227, 11.78076],
			"shade": false,
			"rotation": {"angle": -22.5, "axis": "x", "origin": [27, -3, -4.5]},
			"faces": {
				"north": {"uv": [12, 10, 14, 8], "rotation": 270, "texture": "#1"},
				"east": {"uv": [12, 10, 14, 8], "rotation": 90, "texture": "#1"},
				"south": {"uv": [12, 10, 14, 8], "rotation": 270, "texture": "#1"},
				"west": {"uv": [12, 10, 14, 8], "rotation": 270, "texture": "#1"},
				"up": {"uv": [12, 10, 14, 8], "texture": "#1"},
				"down": {"uv": [12, 10, 14, 8], "rotation": 180, "texture": "#1"}
			}
		},
		{
			"from": [16, 8.80227, 12.03076],
			"to": [14.5, 7.30227, 10.53076],
			"shade": false,
			"rotation": {"angle": -22.5, "axis": "x", "origin": [27, -3, -4.5]},
			"faces": {
				"north": {"uv": [14, 10, 16, 8], "rotation": 270, "texture": "#1"},
				"east": {"uv": [14, 10, 16, 8], "rotation": 90, "texture": "#1"},
				"south": {"uv": [14, 10, 16, 8], "rotation": 270, "texture": "#1"},
				"west": {"uv": [14, 10, 16, 8], "rotation": 270, "texture": "#1"},
				"up": {"uv": [14, 10, 16, 8], "texture": "#1"},
				"down": {"uv": [14, 10, 16, 8], "rotation": 180, "texture": "#1"}
			}
		},
		{
			"from": [14.75, 13.35, 4.85],
			"to": [15.75, 14.35, 5.85],
			"shade": false,
			"rotation": {"angle": 0, "axis": "y", "origin": [27, -3, -4.5]},
			"faces": {
				"north": {"uv": [14, 6, 12, 8], "texture": "#1"},
				"east": {"uv": [14, 6, 12, 8], "texture": "#1"},
				"south": {"uv": [14, 6, 12, 8], "texture": "#1"},
				"west": {"uv": [14, 6, 12, 8], "texture": "#1"},
				"up": {"uv": [14, 6, 12, 8], "rotation": 90, "texture": "#1"},
				"down": {"uv": [14, 6, 12, 8], "rotation": 270, "texture": "#1"}
			}
		},
		{
			"from": [16, 14.6, 6.1],
			"to": [14.5, 13.1, 4.6],
			"shade": false,
			"rotation": {"angle": 0, "axis": "y", "origin": [27, -3, -4.5]},
			"faces": {
				"north": {"uv": [16, 6, 14, 8], "texture": "#1"},
				"east": {"uv": [16, 6, 14, 8], "texture": "#1"},
				"south": {"uv": [16, 6, 14, 8], "texture": "#1"},
				"west": {"uv": [16, 6, 14, 8], "texture": "#1"},
				"up": {"uv": [16, 6, 14, 8], "rotation": 90, "texture": "#1"},
				"down": {"uv": [16, 6, 14, 8], "rotation": 270, "texture": "#1"}
			}
		},
		{
			"from": [14.9, 9.11051, 11.18935],
			"to": [15.6, 9.81051, 11.88935],
			"shade": false,
			"rotation": {"angle": -22.5, "axis": "x", "origin": [27, -3, -4.5]},
			"faces": {
				"north": {"uv": [14, 4, 12, 6], "texture": "#1"},
				"east": {"uv": [14, 4, 12, 6], "texture": "#1"},
				"south": {"uv": [14, 4, 12, 6], "texture": "#1"},
				"west": {"uv": [14, 4, 12, 6], "texture": "#1"},
				"up": {"uv": [14, 4, 12, 6], "rotation": 90, "texture": "#1"},
				"down": {"uv": [14, 4, 12, 6], "rotation": 270, "texture": "#1"}
			}
		},
		{
			"from": [15.9, 10.11051, 12.18935],
			"to": [14.6, 8.81051, 10.88935],
			"shade": false,
			"rotation": {"angle": -22.5, "axis": "x", "origin": [27, -3, -4.5]},
			"faces": {
				"north": {"uv": [16, 4, 14, 6], "texture": "#1"},
				"east": {"uv": [16, 4, 14, 6], "texture": "#1"},
				"south": {"uv": [16, 4, 14, 6], "texture": "#1"},
				"west": {"uv": [16, 4, 14, 6], "texture": "#1"},
				"up": {"uv": [16, 4, 14, 6], "rotation": 90, "texture": "#1"},
				"down": {"uv": [16, 4, 14, 6], "rotation": 270, "texture": "#1"}
			}
		},
		{
			"from": [14.95, 14.95, 5.5],
			"to": [15.55, 15.55, 6.1],
			"shade": false,
			"rotation": {"angle": 0, "axis": "y", "origin": [27, -3, -4.5]},
			"faces": {
				"north": {"uv": [14, 2, 12, 4], "texture": "#1"},
				"east": {"uv": [14, 2, 12, 4], "texture": "#1"},
				"south": {"uv": [14, 2, 12, 4], "texture": "#1"},
				"west": {"uv": [14, 2, 12, 4], "texture": "#1"},
				"up": {"uv": [14, 2, 12, 4], "rotation": 90, "texture": "#1"},
				"down": {"uv": [14, 2, 12, 4], "rotation": 270, "texture": "#1"}
			}
		},
		{
			"from": [15.8, 15.8, 6.35],
			"to": [14.7, 14.7, 5.25],
			"shade": false,
			"rotation": {"angle": 0, "axis": "y", "origin": [27, -3, -4.5]},
			"faces": {
				"north": {"uv": [16, 2, 14, 4], "texture": "#1"},
				"east": {"uv": [16, 2, 14, 4], "texture": "#1"},
				"south": {"uv": [16, 2, 14, 4], "texture": "#1"},
				"west": {"uv": [16, 2, 14, 4], "texture": "#1"},
				"up": {"uv": [16, 2, 14, 4], "rotation": 90, "texture": "#1"},
				"down": {"uv": [16, 2, 14, 4], "rotation": 270, "texture": "#1"}
			}
		}
	],
	"groups": [
		0,
		1,
		2,
		3,
		4,
		5,
		6,
		7,
		8,
		9,
		10,
		11,
		12,
		13,
		14,
		15,
		16,
		17,
		18,
		19,
		20,
		21,
		22,
		23,
		24,
		25,
		26,
		27,
		28,
		29,
		30,
		31,
		32,
		33,
		34,
		35,
		36,
		{
			"name": "particles",
			"origin": [8, 8, 8],
			"color": 0,
			"children": [
				{
					"name": "particles1",
					"origin": [0, 0, 0],
					"color": 0,
					"children": [
						{
							"name": "particle1",
							"origin": [0, 0, 0],
							"color": 0,
							"children": [37, 38]
						},
						{
							"name": "particle2",
							"origin": [0, 0, 0],
							"color": 0,
							"children": [39, 40]
						},
						{
							"name": "particle3",
							"origin": [0, 0, 0],
							"color": 0,
							"children": [41, 42]
						},
						{
							"name": "particle4",
							"origin": [0, 0, 0],
							"color": 0,
							"children": [43, 44]
						},
						{
							"name": "particle5",
							"origin": [0, 0, 0],
							"color": 0,
							"children": [45, 46]
						},
						{
							"name": "particle6",
							"origin": [0, 0, 0],
							"color": 0,
							"children": [47, 48]
						},
						{
							"name": "particle7",
							"origin": [0, 0, 0],
							"color": 0,
							"children": [49, 50]
						}
					]
				},
				{
					"name": "particles2",
					"origin": [0, 0, 0],
					"color": 0,
					"children": [
						{
							"name": "particle1",
							"origin": [0, 0, 0],
							"color": 0,
							"children": [51, 52]
						},
						{
							"name": "particle2",
							"origin": [0, 0, 0],
							"color": 0,
							"children": [53, 54]
						},
						{
							"name": "particle3",
							"origin": [0, 0, 0],
							"color": 0,
							"children": [55, 56]
						},
						{
							"name": "particle4",
							"origin": [0, 0, 0],
							"color": 0,
							"children": [57, 58]
						},
						{
							"name": "particle5",
							"origin": [0, 0, 0],
							"color": 0,
							"children": [59, 60]
						},
						{
							"name": "particle6",
							"origin": [0, 0, 0],
							"color": 0,
							"children": [61, 62]
						},
						{
							"name": "particle7",
							"origin": [0, 0, 0],
							"color": 0,
							"children": [63, 64]
						}
					]
				},
				{
					"name": "particles3",
					"origin": [0, 0, 0],
					"color": 0,
					"children": [
						{
							"name": "particle1",
							"origin": [0, 0, 0],
							"color": 0,
							"children": [65, 66]
						},
						{
							"name": "particle2",
							"origin": [0, 0, 0],
							"color": 0,
							"children": [67, 68]
						},
						{
							"name": "particle3",
							"origin": [0, 0, 0],
							"color": 0,
							"children": [69, 70]
						},
						{
							"name": "particle4",
							"origin": [0, 0, 0],
							"color": 0,
							"children": [71, 72]
						},
						{
							"name": "particle5",
							"origin": [0, 0, 0],
							"color": 0,
							"children": [73, 74]
						},
						{
							"name": "particle6",
							"origin": [0, 0, 0],
							"color": 0,
							"children": [75, 76]
						},
						{
							"name": "particle7",
							"origin": [0, 0, 0],
							"color": 0,
							"children": [77, 78]
						}
					]
				}
			]
		}
	]
}